fr24_id,flight,callsign,operating_as,painted_as,type,reg,orig_icao,orig_iata,datetime_takeoff,runway_takeoff,dest_icao,dest_iata,dest_icao_actual,dest_iata_actual,datetime_landed,runway_landed,flight_time,actual_distance,circle_distance,category,hex,first_seen,last_seen,flight_ended
38ab59d7,RB112,SYR112,SYR,SYR,A320,YK-AKH,OSAP,ALP,2025-01-10T12:56:44Z,09R,OSDI,DAM,OSDI,DAM,2025-01-10T13:39:22Z,,2558.0,313.55,285.82,Passenger,778568,2025-01-10T13:01:25Z,2025-01-10T13:30:06Z,True
3984a5bf,RB115,SYR115,SYR,SYR,A320,YK-AKH,OSDI,DAM,2025-03-18T07:13:54Z,,OSAP,ALP,OSAP,ALP,2025-03-18T07:52:17Z,27L,2303.0,419.041,323.56,Passenger,778568,2025-03-18T07:18:11Z,2025-03-18T07:48:32Z,True
3995abba,SAW641,SAW641,SAW,SAW,A320,YK-BAA,OSDI,DAM,2025-03-23T04:00:35Z,,OSAP,ALP,OSAP,ALP,,,,272.593,222.909,Passenger,778821,2025-03-23T04:04:32Z,2025-03-23T04:37:08Z,True
3995af97,RJ431,RJA431,RJA,RJA,E75S,JY-EMC,OJAI,AMM,2025-03-23T04:15:47Z,26L,OSAP,ALP,OSAP,ALP,2025-03-23T05:21:03Z,,3916.0,606.512,472.939,Passenger,7415A3,2025-03-23T04:15:47Z,2025-03-23T05:12:13Z,True
3995ec66,SAW642,SAW642,SAW,SAW,A320,YK-BAA,OSAP,ALP,,,OSDI,DAM,OSDI,DAM,2025-03-23T07:23:48Z,,,257.305,234.316,Passenger,778821,2025-03-23T06:55:58Z,2025-03-23T07:16:07Z,True
3996003e,RJ432,RJA432,RJA,RJA,E75S,JY-EMC,OSAP,ALP,,,OJAI,AMM,OJAI,AMM,2025-03-23T08:34:59Z,26L,,518.619,415.37,Passenger,7415A3,2025-03-23T07:50:22Z,2025-03-23T08:35:10Z,True
399f8327,RJ431,RJA431,RJA,RJA,E75S,JY-EMC,OJAI,AMM,2025-03-26T03:48:36Z,26R,OSAP,ALP,OSAP,ALP,,,,599.963,469.822,Passenger,7415A3,2025-03-26T03:47:17Z,2025-03-26T04:48:16Z,True
399fb50a,RJ432,RJA432,RJA,RJA,E75S,JY-EMC,OSAP,ALP,2025-03-26T05:46:56Z,,OJAI,AMM,OJAI,AMM,2025-03-26T06:43:03Z,26L,3367.0,665.531,503.977,Passenger,7415A3,2025-03-26T05:48:23Z,2025-03-26T06:40:22Z,True
39a442af,SAW641,SAW641,SAW,SAW,A320,YK-BAB,OSDI,DAM,2025-03-27T13:04:30Z,,OSAP,ALP,OSAP,ALP,,,,288.677,230.629,Passenger,778822,2025-03-27T13:08:06Z,2025-03-27T13:39:47Z,True
39a48f09,SAW642,SAW642,SAW,SAW,A320,YK-BAB,OSAP,ALP,,,OSDI,DAM,OSDI,DAM,2025-03-27T15:06:19Z,,,329.16,273.22,Passenger,778822,2025-03-27T14:31:48Z,2025-03-27T14:58:38Z,True
39addced,SAW641,SAW641,SAW,SAW,A320,YK-BAA,OSDI,DAM,2025-03-30T11:26:47Z,,OSAP,ALP,OSAP,ALP,,,,332.945,277.158,Passenger,778821,2025-03-30T11:30:12Z,2025-03-30T12:07:12Z,True
39bb3609,SAW641,SAW641,SAW,SAW,A320,YK-BAE,OSDI,DAM,2025-04-03T12:03:53Z,,OSAP,ALP,OSAP,ALP,,,,286.057,237.101,Passenger,778825,2025-04-03T12:07:50Z,2025-04-03T12:36:26Z,True
39bb9492,SAW642,SAW642,SAW,SAW,A320,YK-BAE,OSAP,ALP,,,OSDI,DAM,OSDI,DAM,2025-04-03T14:37:09Z,,,320.864,265.563,Passenger,778825,2025-04-03T14:01:18Z,2025-04-03T14:27:26Z,True
39c4e059,SAW641,SAW641,SAW,SAW,A320,YK-BAB,OSDI,DAM,2025-04-06T05:49:36Z,,OSAP,ALP,OSAP,ALP,,,,276.322,222.372,Passenger,778822,2025-04-06T05:52:46Z,2025-04-06T06:24:57Z,True
39c61ca4,SAW642,SAW642,SAW,SAW,A320,YK-BAB,OSAP,ALP,,,OSDI,DAM,OSDI,DAM,2025-04-06T15:11:44Z,,,269.629,245.328,Passenger,778822,2025-04-06T14:39:10Z,2025-04-06T15:03:11Z,True
39d59fe2,SAW642,SAW642,SAW,SAW,A320,YK-BAA,OSAP,ALP,,,OSDI,DAM,OSDI,DAM,2025-04-10T15:58:16Z,,,318.553,262.292,Passenger,778821,2025-04-10T15:22:44Z,2025-04-10T15:49:58Z,True
39df6276,SAW641,SAW641,SAW,SAW,A320,YK-BAC,OSDI,DAM,2025-04-13T05:47:42Z,,OSAP,ALP,OSAP,ALP,2025-04-13T06:28:30Z,,2448.0,393.272,313.934,Passenger,778823,2025-04-13T05:52:18Z,2025-04-13T06:24:49Z,True
39df9d27,SAW721,SAW721,SAW,SAW,A320,YK-BAC,OSAP,ALP,2025-04-13T08:01:25Z,,OKKK,KWI,OKKK,KWI,2025-04-13T09:58:31Z,33R,7026.0,1493.77,1267.85,Passenger,778823,2025-04-13T08:02:37Z,2025-04-13T10:01:00Z,True
39e01063,SAW722,SAW722,SAW,SAW,A320,YK-BAC,OKKK,KWI,2025-04-13T11:36:29Z,33L,OSAP,ALP,OSAP,ALP,2025-04-13T13:37:10Z,,7241.0,1403.93,1258.3,Passenger,778823,2025-04-13T11:24:59Z,2025-04-13T13:33:33Z,True
39e0a20d,SAW642,SAW642,SAW,SAW,A320,YK-BAC,OSAP,ALP,2025-04-13T14:35:20Z,,OSDI,DAM,OSDI,DAM,2025-04-13T15:15:00Z,,2380.0,325.937,292.905,Passenger,778823,2025-04-13T14:36:46Z,2025-04-13T15:06:04Z,True
39ee597f,SAW641,SAW641,SAW,SAW,A320,YK-BAA,OSDI,DAM,2025-04-17T05:56:25Z,,OSAP,ALP,OSAP,ALP,2025-04-17T06:38:42Z,,2537.0,357.841,303.478,Passenger,778821,2025-04-17T05:59:12Z,2025-04-17T06:35:27Z,True
39eea927,SAW721,SAW721,SAW,SAW,A320,YK-BAA,OSAP,ALP,,,OKKK,KWI,OKKK,KWI,2025-04-17T09:51:56Z,33R,,1369.56,1186.41,Passenger,778821,2025-04-17T08:18:15Z,2025-04-17T09:57:14Z,True
39ef22d8,SAW722,SAW722,SAW,SAW,A320,YK-BAA,OKKK,KWI,2025-04-17T11:41:18Z,33L,OSAP,ALP,OSAP,ALP,2025-04-17T13:42:44Z,,7286.0,1393.48,1257.78,Passenger,778821,2025-04-17T11:30:10Z,2025-04-17T13:39:28Z,True
39efcbeb,SAW642,SAW642,SAW,SAW,A320,YK-BAA,OSAP,ALP,2025-04-17T14:32:05Z,,OSDI,DAM,OSDI,DAM,2025-04-17T15:08:14Z,,2169.0,350.493,317.007,Passenger,778821,2025-04-17T14:33:35Z,2025-04-17T15:00:39Z,True
39f95669,SAW641,SAW641,SAW,SAW,A320,YK-BAB,OSDI,DAM,2025-04-20T06:38:55Z,,OSAP,ALP,OSAP,ALP,,,,284.803,239.273,Passenger,778822,2025-04-20T06:42:11Z,2025-04-20T07:03:48Z,True
39f98c1a,SAW721,SAW721,SAW,SAW,A320,YK-BAB,OSAP,ALP,2025-04-20T08:30:23Z,,OKKK,KWI,OKKK,KWI,2025-04-20T10:26:50Z,33R,6987.0,1474.09,1250.32,Passenger,778822,2025-04-20T08:36:10Z,2025-04-20T10:30:56Z,True
39f9fad1,SAW722,SAW722,SAW,SAW,A320,YK-BAB,OKKK,KWI,2025-04-20T11:54:15Z,33L,OSAP,ALP,OSAP,ALP,,,,1340.87,1207.38,Passenger,778822,2025-04-20T11:44:18Z,2025-04-20T13:49:42Z,True
39fa7daa,SAW642,SAW642,SAW,SAW,A320,YK-BAB,OSAP,ALP,,,OSDI,DAM,OSDI,DAM,2025-04-20T15:33:19Z,,,308.268,288.606,Passenger,778822,2025-04-20T14:59:35Z,2025-04-20T15:25:23Z,True
3a085266,SAW641,SAW641,SAW,SAW,A320,YK-BAC,OSDI,DAM,2025-04-24T05:55:51Z,,OSAP,ALP,OSAP,ALP,2025-04-24T06:32:45Z,,2214.0,391.616,313.217,Passenger,778823,2025-04-24T05:57:30Z,2025-04-24T06:29:04Z,True
3a088fd5,SAW721,SAW721,SAW,SAW,A320,YK-BAC,OSAP,ALP,2025-04-24T07:53:48Z,,OKKK,KWI,OKKK,KWI,2025-04-24T09:47:11Z,33R,6803.0,1534.82,1269.05,Passenger,778823,2025-04-24T07:55:12Z,2025-04-24T09:49:54Z,True
3a090bb7,SAW722,SAW722,SAW,SAW,A320,YK-BAC,OKKK,KWI,2025-04-24T11:19:29Z,33L,OSAP,ALP,OSAP,ALP,2025-04-24T13:15:03Z,,6934.0,1462.13,1259.12,Passenger,778823,2025-04-24T11:17:54Z,2025-04-24T13:11:24Z,True
3a09937a,SAW642,SAW642,SAW,SAW,A320,YK-BAC,OSAP,ALP,2025-04-24T13:54:07Z,,OSDI,DAM,OSDI,DAM,2025-04-24T14:37:03Z,,2576.0,316.166,297.857,Passenger,778823,2025-04-24T13:55:28Z,2025-04-24T14:29:47Z,True
3a138e56,SAW641,SAW641,SAW,SAW,A320,YK-BAA,OSDI,DAM,2025-04-27T05:52:49Z,,OSAP,ALP,OSAP,ALP,2025-04-27T06:29:45Z,27L,2216.0,370.145,309.646,Passenger,778821,2025-04-27T05:54:02Z,2025-04-27T06:26:19Z,True
3a13c400,SAW721,SAW721,SAW,SAW,A320,YK-BAA,OSAP,ALP,2025-04-27T07:45:11Z,,OKKK,KWI,OKKK,KWI,2025-04-27T09:42:26Z,15R,7035.0,1511.23,1268.08,Passenger,778821,2025-04-27T07:46:54Z,2025-04-27T09:49:22Z,True
3a14165e,SAW722,SAW722,SAW,SAW,A320,YK-BAA,OKKK,KWI,2025-04-27T11:11:18Z,15L,OSAP,ALP,OSAP,ALP,2025-04-27T13:06:06Z,,6888.0,1387.19,1255.02,Passenger,778821,2025-04-27T09:57:33Z,2025-04-27T13:02:20Z,True
3a14cbec,SAW642,SAW642,SAW,SAW,A320,YK-BAA,OSAP,ALP,2025-04-27T13:52:21Z,,OSDI,DAM,OSDI,DAM,2025-04-27T14:31:23Z,,2342.0,321.731,302.702,Passenger,778821,2025-04-27T13:53:33Z,2025-04-27T14:22:12Z,True
3a230b3b,SAW641,SAW641,SAW,SAW,A320,YK-BAA,OSDI,DAM,2025-05-01T05:56:30Z,,OSAP,ALP,OSAP,ALP,,,,278.496,242.085,Passenger,778821,2025-05-01T05:57:50Z,2025-05-01T06:31:15Z,True
3a2352ca,SAW721,SAW721,SAW,SAW,A320,YK-BAA,OSAP,ALP,,,OKKK,KWI,OKKK,KWI,2025-05-01T09:54:34Z,33L,,1426.4,1208.93,Passenger,778821,2025-05-01T08:02:35Z,2025-05-01T09:56:52Z,True
3a23d514,SAW722,SAW722,SAW,SAW,A320,YK-BAA,OKKK,KWI,2025-05-01T11:17:37Z,33L,OSAP,ALP,OSAP,ALP,,,,1626.67,1207.37,Passenger,778821,2025-05-01T11:04:46Z,2025-05-01T13:36:00Z,True
3a249b71,SAW642,SAW642,SAW,SAW,A320,YK-BAA,OSAP,ALP,,,OSDI,DAM,OSDI,DAM,2025-05-01T15:16:43Z,,,391.041,235.55,Passenger,778821,2025-05-01T14:41:29Z,2025-05-01T15:08:55Z,True
3a2e4c6a,SAW641,SAW641,SAW,SAW,A320,YK-BAC,OSDI,DAM,2025-05-04T05:52:11Z,,OSAP,ALP,OSAP,ALP,2025-05-04T06:30:45Z,,2314.0,395.174,321.336,Passenger,778823,2025-05-04T05:53:52Z,2025-05-04T06:27:04Z,True
3a2e883c,SAW721,SAW721,SAW,SAW,A320,YK-BAC,OSAP,ALP,2025-05-04T08:01:18Z,,OKKK,KWI,OKKK,KWI,2025-05-04T09:54:21Z,15R,6783.0,1475.26,1267.9,Passenger,778823,2025-05-04T08:02:30Z,2025-05-04T09:59:12Z,True
3a2ef4af,SAW722,SAW722,SAW,SAW,A320,YK-BAC,OKKK,KWI,2025-05-04T11:17:22Z,15R,OSAP,ALP,OSAP,ALP,2025-05-04T13:10:54Z,,6812.0,1409.27,1257.04,Passenger,778823,2025-05-04T11:15:59Z,2025-05-04T13:07:17Z,True
3a2f81c3,SAW642,SAW642,SAW,SAW,A320,YK-BAC,OSAP,ALP,2025-05-04T14:27:28Z,,OSDI,DAM,OSDI,DAM,2025-05-04T15:10:11Z,,2563.0,465.719,309.092,Passenger,778823,2025-05-04T14:28:46Z,2025-05-04T15:02:38Z,True
3a34d260,RJ431,RJA431,RJA,RJA,E295,JY-REA,OJAI,AMM,2025-05-06T02:29:08Z,26L,OSAP,ALP,OSAP,ALP,,,,588.073,455.627,Passenger,7448A1,2025-05-06T02:27:18Z,2025-05-06T03:32:08Z,True
3a352fcb,RJ432,RJA432,RJA,RJA,E295,JY-REA,OSAP,ALP,,,OJAI,AMM,OJAI,AMM,2025-05-06T06:20:06Z,26L,,551.234,449.734,Passenger,7448A1,2025-05-06T05:32:31Z,2025-05-06T06:20:19Z,True
3a35d9ef,,LHOB258,,,C17,A7-MAO,OSAP,ALP,,,OTBH,XJD,OTBH,XJD,2025-05-06T13:08:47Z,34R,,2124.38,1818.8,Military_and_government,06A27C,2025-05-06T10:39:08Z,2025-05-06T13:08:47Z,True
3a3c572b,RJ431,RJA431,RJA,RJA,A321,JY-AYT,OJAI,AMM,2025-05-08T02:55:52Z,26L,OSAP,ALP,OSAP,ALP,,,,611.372,460.955,Passenger,740734,2025-05-08T02:26:26Z,2025-05-08T03:55:44Z,True
3a3cb282,RJ432,RJA432,RJA,RJA,A321,JY-AYT,OSAP,ALP,,,OJAI,AMM,OJAI,AMM,2025-05-08T06:18:34Z,26L,,575.822,470.436,Passenger,740734,2025-05-08T05:29:00Z,2025-05-08T06:19:02Z,True
3a3cbd28,SAW641,SAW641,SAW,SAW,A320,YK-BAA,OSDI,DAM,2025-05-08T05:47:45Z,,OSAP,ALP,OSAP,ALP,,,,317.84,255.019,Passenger,778821,2025-05-08T05:51:14Z,2025-05-08T06:26:22Z,True
3a3cfdbf,SAW721,SAW721,SAW,SAW,A320,YK-BAA,OSAP,ALP,,,OKKK,KWI,OKKK,KWI,2025-05-08T09:46:16Z,33L,,1452.29,1228.69,Passenger,778821,2025-05-08T07:59:15Z,2025-05-08T09:48:43Z,True
3a3d3525,,UNO501H,IGC,IGC,CRJ2,YI-BAK,OSAP,ALP,2025-05-08T09:25:06Z,,OJAI,AMM,OJAI,AMM,2025-05-08T11:30:40Z,08L,7534.0,671.579,504.907,Business_jets,72882B,2025-05-08T09:26:42Z,2025-05-08T11:31:35Z,True
3a3d44b6,SAW722,SAW722,SAW,SAW,A320,YK-BAA,OKKK,KWI,2025-05-08T11:23:34Z,33L,OSAP,ALP,OSAP,ALP,2025-05-08T13:23:13Z,,7179.0,1384.59,1250.14,Passenger,778821,2025-05-08T09:51:36Z,2025-05-08T13:19:42Z,True
3a3e1855,SAW642,SAW642,SAW,SAW,A320,YK-BAA,OSAP,ALP,2025-05-08T14:12:21Z,,OSDI,DAM,OSDI,DAM,2025-05-08T14:52:41Z,,2420.0,374.959,316.144,Passenger,778821,2025-05-08T14:13:37Z,2025-05-08T14:45:21Z,True
3a446b46,RJ431,RJA431,RJA,RJA,A320,JY-AZD,OJAI,AMM,2025-05-10T02:30:40Z,26L,OSAP,ALP,OSAP,ALP,,,,553.149,448.796,,740744,2025-05-10T02:20:02Z,2025-05-10T03:25:58Z,True
3a44bafb,RJ432,RJA432,RJA,RJA,A320,JY-AZD,OSAP,ALP,,,OJAI,AMM,OJAI,AMM,2025-05-10T05:47:39Z,26R,,572.702,464.526,,740744,2025-05-10T04:58:15Z,2025-05-10T05:54:18Z,True
3a48931b,SAW641,SAW641,SAW,SAW,A320,YK-BAA,OSDI,DAM,2025-05-11T05:54:19Z,,OSAP,ALP,OSAP,ALP,2025-05-11T06:33:57Z,,2378.0,328.425,299.938,Passenger,778821,2025-05-11T05:56:59Z,2025-05-11T06:30:26Z,True
3a48d6bd,SAW721,SAW721,SAW,SAW,A320,YK-BAA,OSAP,ALP,,,OKKK,KWI,OKKK,KWI,2025-05-11T09:55:16Z,33L,,1396.86,1194.66,Passenger,778821,2025-05-11T08:12:47Z,2025-05-11T09:59:33Z,True
3a49484d,SAW722,SAW722,SAW,SAW,A320,YK-BAA,OKKK,KWI,2025-05-11T11:10:18Z,33L,OSAP,ALP,OSAP,ALP,,,,1356.99,1223.99,Passenger,778821,2025-05-11T11:05:22Z,2025-05-11T13:03:39Z,True
3a49dcd1,SAW642,SAW642,SAW,SAW,A320,YK-BAA,OSAP,ALP,2025-05-11T14:12:12Z,09R,OSDI,DAM,OSDI,DAM,2025-05-11T14:53:16Z,,2464.0,332.637,291.619,Passenger,778821,2025-05-11T14:16:07Z,2025-05-11T14:44:16Z,True
3a4f6460,RJ431,RJA431,RJA,RJA,A321,JY-AYV,OJAI,AMM,2025-05-13T02:24:32Z,26L,OSAP,ALP,OSAP,ALP,2025-05-13T03:20:52Z,,3380.0,638.997,502.649,,740736,2025-05-13T02:14:01Z,2025-05-13T03:17:13Z,True
3a4fb270,RJ432,RJA432,RJA,RJA,A321,JY-AYV,OSAP,ALP,2025-05-13T04:53:29Z,,OJAI,AMM,OJAI,AMM,2025-05-13T05:56:34Z,26L,3785.0,659.771,505.668,,740736,2025-05-13T04:54:51Z,2025-05-13T05:59:30Z,True
3a5718ee,RJ431,RJA431,RJA,RJA,A321,JY-AYV,OJAI,AMM,2025-05-15T02:30:08Z,08R,OSAP,ALP,OSAP,ALP,2025-05-15T03:20:27Z,,3019.0,579.536,509.46,,740736,2025-05-15T02:19:54Z,2025-05-15T03:20:27Z,True
3a577884,RJ432,RJA432,RJA,RJA,A321,JY-AYV,OSAP,ALP,,,OJAI,AMM,OJAI,AMM,2025-05-15T06:13:51Z,26L,,681.177,395.853,,740736,2025-05-15T05:21:51Z,2025-05-15T06:16:48Z,True
3a578d22,SAW641,SAW641,SAW,SAW,A320,YK-BAA,OSDI,DAM,2025-05-15T05:59:51Z,,OSAP,ALP,OSAP,ALP,,,,341.135,273.125,Passenger,778821,2025-05-15T06:02:46Z,2025-05-15T06:44:19Z,True
3a5809cb,SAW721,SAW721,SAW,SAW,A320,YK-BAA,OSAP,ALP,2025-05-15T09:38:53Z,,OKKK,KWI,OKKK,KWI,2025-05-15T11:28:16Z,15R,6563.0,1493.66,1267.82,Passenger,778821,2025-05-15T09:40:14Z,2025-05-15T11:34:58Z,True
3a58ade3,SAW722,SAW722,SAW,SAW,A320,YK-BAA,OKKK,KWI,2025-05-15T13:15:53Z,15R,OSAP,ALP,OSAP,ALP,,,,1343.33,1220.4,Passenger,778821,2025-05-15T13:09:06Z,2025-05-15T15:23:43Z,True
3a5974b3,SAW642,SAW642,SAW,SAW,A320,YK-BAA,OSAP,ALP,2025-05-15T16:35:02Z,,OSDI,DAM,OSDI,DAM,2025-05-15T17:10:45Z,,2143.0,328.05,301.896,Passenger,778821,2025-05-15T16:36:32Z,2025-05-15T17:04:08Z,True
3a5ef3bc,RJ431,RJA431,RJA,RJA,A321,JY-AYV,OJAI,AMM,2025-05-17T02:19:16Z,08R,OSAP,ALP,OSAP,ALP,2025-05-17T03:10:37Z,,3081.0,567.024,509.469,,740736,2025-05-17T02:09:40Z,2025-05-17T03:07:09Z,True
3a5f473b,RJ432,RJA432,RJA,RJA,A321,JY-AYV,OSAP,ALP,2025-05-17T05:03:14Z,09R,OJAI,AMM,OJAI,AMM,2025-05-17T06:03:40Z,08L,3626.0,683.043,506.489,,740736,2025-05-17T05:04:40Z,2025-05-17T06:09:17Z,True
3a636473,SAW722,SAW722,SAW,SAW,A320,YK-BAC,OKKK,KWI,2025-05-18T11:16:38Z,33L,OSAP,ALP,OSAP,ALP,2025-05-18T13:11:08Z,,6870.0,1408.71,1257.88,Passenger,778823,2025-05-18T11:14:54Z,2025-05-18T13:08:01Z,True
3a6414b7,SAW721,SAW721,SAW,SAW,A320,YK-BAC,OSAP,ALP,2025-05-18T14:57:38Z,,OKKK,KWI,OKKK,KWI,2025-05-18T16:50:36Z,15R,6778.0,1481.42,1268.56,Passenger,778823,2025-05-18T14:58:59Z,2025-05-18T17:01:58Z,True
3a698f18,RJ431,RJA431,RJA,RJA,A321,JY-AYT,OJAI,AMM,2025-05-20T02:24:01Z,26L,OSAP,ALP,OSAP,ALP,,,,625.852,468.438,Passenger,740734,2025-05-20T02:12:43Z,2025-05-20T03:19:25Z,True
3a69df16,RJ432,RJA432,RJA,RJA,A321,JY-AYT,OSAP,ALP,,,OJAI,AMM,OJAI,AMM,2025-05-20T05:35:19Z,26L,,532.064,429.781,Passenger,740734,2025-05-20T04:50:35Z,2025-05-20T05:40:50Z,True
3a7171f4,RJ431,RJA431,RJA,RJA,A321,JY-AYT,OJAI,AMM,2025-05-22T02:27:49Z,26L,OSAP,ALP,OSAP,ALP,,,,512.919,442.189,Passenger,740734,2025-05-22T02:15:42Z,2025-05-22T03:19:34Z,True
3a71cc7b,RJ432,RJA432,RJA,RJA,A321,JY-AYT,OSAP,ALP,,,OJAI,AMM,OJAI,AMM,2025-05-22T05:50:37Z,26L,,568.299,458.42,Passenger,740734,2025-05-22T05:00:51Z,2025-05-22T05:54:31Z,True
3a725018,,UNO501H,IGC,IGC,CRJ2,YI-BAK,OSAP,ALP,2025-05-22T08:58:48Z,,OSDI,DAM,OSDI,DAM,2025-05-22T09:55:46Z,,3418.0,708.925,506.45,Business_jets,72882B,2025-05-22T09:00:22Z,2025-05-22T11:01:26Z,True
3a72919e,SAW722,SAW722,SAW,SAW,A320,YK-BAC,OKKK,KWI,2025-05-22T10:52:44Z,33L,OSAP,ALP,OSAP,ALP,2025-05-22T12:47:18Z,27L,6874.0,1436.72,1259.65,Passenger,778823,2025-05-22T10:44:33Z,2025-05-22T12:44:00Z,True
3a7375b6,SAW721,SAW721,SAW,SAW,A320,YK-BAC,OSAP,ALP,2025-05-22T15:03:05Z,,OKKK,KWI,OKKK,KWI,2025-05-22T16:53:30Z,33R,6625.0,1499.83,1269.48,Passenger,778823,2025-05-22T15:04:16Z,2025-05-22T16:58:01Z,True
3a799af6,RJ431,RJA431,RJA,RJA,A321,JY-AYV,OJAI,AMM,2025-05-24T02:22:04Z,26L,OSAP,ALP,OSAP,ALP,2025-05-24T03:18:51Z,,3407.0,599.272,490.389,,740736,2025-05-24T02:11:05Z,2025-05-24T03:15:51Z,True
3a79e909,RJ432,RJA432,RJA,RJA,A321,JY-AYV,OSAP,ALP,2025-05-24T04:46:35Z,09R,OJAI,AMM,OJAI,AMM,2025-05-24T05:41:27Z,26R,3292.0,602.795,490.623,,740736,2025-05-24T04:50:29Z,2025-05-24T05:46:33Z,True
3a7e3ef4,SAW722,SAW722,SAW,SAW,A320,YK-BAC,OKKK,KWI,2025-05-25T11:07:49Z,33L,OSAP,ALP,OSAP,ALP,2025-05-25T13:09:32Z,27L,7303.0,1430.6,1259.16,Passenger,778823,2025-05-25T10:59:42Z,2025-05-25T13:05:57Z,True
3a7eee00,SAW721,SAW721,SAW,SAW,A320,YK-BAC,OSAP,ALP,2025-05-25T14:55:54Z,,OKKK,KWI,OKKK,KWI,2025-05-25T16:39:45Z,33R,6231.0,1451.34,1268.65,Passenger,778823,2025-05-25T14:57:12Z,2025-05-25T16:44:58Z,True
3a815de5,,UNO501H,IGC,IGC,CRJ2,YI-BAK,OSAP,ALP,2025-05-26T09:08:19Z,,OSDI,DAM,OSDI,DAM,2025-05-26T09:54:43Z,,2784.0,635.703,506.656,Business_jets,72882B,2025-05-26T09:09:44Z,2025-05-26T11:09:07Z,True
3a843f4f,RJ431,RJA431,RJA,RJA,A320,JY-AYS,OJAI,AMM,2025-05-27T02:46:49Z,26R,OSAP,ALP,OSAP,ALP,2025-05-27T03:45:06Z,27L,3497.0,677.303,508.072,Passenger,740733,2025-05-27T02:35:47Z,2025-05-27T03:42:10Z,True
3a848538,RJ432,RJA432,RJA,RJA,A320,JY-AYS,OSAP,ALP,2025-05-27T05:00:57Z,27L,OJAI,AMM,OJAI,AMM,2025-05-27T05:56:23Z,26R,3326.0,614.421,507.015,Passenger,740733,2025-05-27T05:02:23Z,2025-05-27T06:00:23Z,True
3a8bebda,RJ431,RJA431,RJA,RJA,A321,JY-AYV,OJAI,AMM,2025-05-29T02:23:27Z,26L,OSAP,ALP,OSAP,ALP,2025-05-29T03:20:30Z,,3423.0,633.855,508.825,,740736,2025-05-29T02:12:05Z,2025-05-29T03:17:15Z,True
3a8c3a40,RJ432,RJA432,RJA,RJA,A321,JY-AYV,OSAP,ALP,2025-05-29T04:45:30Z,,OJAI,AMM,OJAI,AMM,2025-05-29T05:42:48Z,26L,3438.0,607.649,504.899,,740736,2025-05-29T04:46:54Z,2025-05-29T05:45:16Z,True
3a8cc615,,UNO501H,IGC,IGC,CRJ2,YI-BAK,OSAP,ALP,2025-05-29T09:00:07Z,,OSDI,DAM,OSDI,DAM,2025-05-29T09:45:40Z,,2733.0,401.64,307.152,Business_jets,72882B,2025-05-29T09:01:44Z,2025-05-29T09:37:54Z,True
3a8d0b69,SAW722,SAW722,SAW,SAW,A320,YK-BAC,OKKK,KWI,2025-05-29T10:47:17Z,33L,OSAP,ALP,OSAP,ALP,2025-05-29T12:45:05Z,27L,7068.0,1433.62,1262.63,Passenger,778823,2025-05-29T10:45:07Z,2025-05-29T12:41:41Z,True
3a8de39b,SAW721,SAW721,SAW,SAW,A320,YK-BAC,OSAP,ALP,2025-05-29T14:56:38Z,,OKKK,KWI,OKKK,KWI,2025-05-29T16:56:53Z,33L,7215.0,1528.03,1267.38,Passenger,778823,2025-05-29T14:58:16Z,2025-05-29T16:57:40Z,True
3a940a6e,RJ431,RJA431,RJA,RJA,E295,JY-REA,OJAI,AMM,2025-05-31T02:22:22Z,08R,OSAP,ALP,OSAP,ALP,,,,534.753,460.452,Passenger,7448A1,2025-05-31T02:21:30Z,2025-05-31T03:14:58Z,True
3a945602,RJ432,RJA432,RJA,RJA,E295,JY-REA,OSAP,ALP,,,OJAI,AMM,OJAI,AMM,2025-05-31T05:50:22Z,08L,,594.266,443.014,Passenger,7448A1,2025-05-31T04:55:01Z,2025-05-31T05:51:03Z,True
3a98d0db,SAW722,SAW722,SAW,SAW,A320,YK-BAC,OKKK,KWI,2025-06-01T10:55:31Z,33L,OSAP,ALP,OSAP,ALP,,,,1343.9,1223.75,Passenger,778823,2025-06-01T10:52:50Z,2025-06-01T12:36:27Z,True
3a998a27,SAW721,SAW721,SAW,SAW,A320,YK-BAC,OSAP,ALP,,,OKKK,KWI,OKKK,KWI,2025-06-01T16:35:20Z,33R,,1461.77,1236.64,Passenger,778823,2025-06-01T14:46:42Z,2025-06-01T16:43:26Z,True
3a9b4e24,RJ431,RJA431,RJA,RJA,A321,JY-AYV,OJAI,AMM,2025-06-02T02:07:53Z,26R,OSAP,ALP,OSAP,ALP,2025-06-02T02:58:28Z,,3035.0,565.882,505.037,,740736,2025-06-02T01:56:33Z,2025-06-02T02:55:13Z,True
3a9b9a7e,RJ432,RJA432,RJA,RJA,A321,JY-AYV,OSAP,ALP,2025-06-02T04:37:06Z,09R,OJAI,AMM,OJAI,AMM,2025-06-02T05:36:30Z,26L,3564.0,621.67,504.445,,740736,2025-06-02T04:38:38Z,2025-06-02T05:40:08Z,True
3a9bfcea,,UNO501H,IGC,IGC,CRJ2,YI-BAK,OSAP,ALP,2025-06-02T07:50:10Z,,OSDI,DAM,OSDI,DAM,2025-06-02T08:29:37Z,,2367.0,342.386,298.161,Business_jets,72882B,2025-06-02T07:51:38Z,2025-06-02T08:20:56Z,True
3a9f2a92,RJ431,RJA431,RJA,RJA,A320,JY-AYW,OJAI,AMM,2025-06-03T02:08:48Z,26L,OSAP,ALP,OSAP,ALP,,,,504.101,438.835,Passenger,740737,2025-06-03T01:57:25Z,2025-06-03T03:09:41Z,True
3a9f819e,RJ432,RJA432,RJA,RJA,A320,JY-AYW,OSAP,ALP,,,OJAI,AMM,OJAI,AMM,2025-06-03T05:34:37Z,26L,,566.428,460.337,Passenger,740737,2025-06-03T04:44:19Z,2025-06-03T05:37:07Z,True
3aa70fc4,RJ431,RJA431,RJA,RJA,A321,JY-AYT,OJAI,AMM,2025-06-05T02:09:55Z,26L,OSAP,ALP,OSAP,ALP,,,,537.761,444.34,Passenger,740734,2025-06-05T01:57:02Z,2025-06-05T03:05:02Z,True
3aa7625b,RJ432,RJA432,RJA,RJA,A321,JY-AYT,OSAP,ALP,,,OJAI,AMM,OJAI,AMM,2025-06-05T05:14:14Z,26L,,553.478,425.72,Passenger,740734,2025-06-05T04:29:34Z,2025-06-05T05:16:56Z,True
3aa8482d,SAW722,FYC722,SAW,SAW,A320,YK-BAA,OKKK,KWI,2025-06-05T11:25:46Z,33L,OSAP,ALP,OSAP,ALP,2025-06-05T13:26:49Z,,7263.0,1379.85,1250.39,Passenger,778821,2025-06-05T10:59:39Z,2025-06-05T13:23:29Z,True
3aa911cf,SAW721,FYC721,SAW,SAW,A320,YK-BAA,OSAP,ALP,2025-06-05T14:46:16Z,,OKKK,KWI,OKKK,KWI,2025-06-05T16:35:49Z,33R,6573.0,1491.6,1267.42,Passenger,778821,2025-06-05T14:47:31Z,2025-06-05T16:44:21Z,True
3aaf224f,RJ431,RJA431,RJA,RJA,A321,JY-AYT,OJAI,AMM,2025-06-07T02:13:41Z,26L,OSAP,ALP,OSAP,ALP,,,,664.991,509.26,Passenger,740734,2025-06-07T02:00:53Z,2025-06-07T03:11:33Z,True
3aaf74c0,RJ432,RJA432,RJA,RJA,A321,JY-AYT,OSAP,ALP,2025-06-07T04:47:34Z,,OJAI,AMM,OJAI,AMM,2025-06-07T05:44:14Z,26R,3400.0,638.041,506.978,Passenger,740734,2025-06-07T04:49:33Z,2025-06-07T05:53:03Z,True
3ab29216,RJ431,RJA431,RJA,RJA,E295,JY-REB,OJAI,AMM,2025-06-08T02:02:50Z,26L,OSAP,ALP,OSAP,ALP,,,,576.545,456.963,Passenger,7448A2,2025-06-08T02:01:29Z,2025-06-08T03:02:19Z,True
3ab2ce6c,RJ432,RJA432,RJA,RJA,E295,JY-REB,OSAP,ALP,2025-06-08T04:14:16Z,,OJAI,AMM,OJAI,AMM,2025-06-08T05:10:30Z,26R,3374.0,610.307,506.049,Passenger,7448A2,2025-06-08T04:15:07Z,2025-06-08T05:13:45Z,True
3ab38957,SAW722,FYC722,SAW,SAW,A320,YK-BAA,OKKK,KWI,2025-06-08T10:48:15Z,15L,OSAP,ALP,OSAP,ALP,2025-06-08T12:55:10Z,27L,7615.0,1410.91,1260.6,Passenger,778821,2025-06-08T10:30:32Z,2025-06-08T12:51:48Z,True
3ab44fba,SAW721,FYC721,SAW,SAW,A320,YK-BAA,OSAP,ALP,2025-06-08T14:55:56Z,,OKKK,KWI,OKKK,KWI,2025-06-08T16:39:31Z,15R,6215.0,1474.61,1268.04,Passenger,778821,2025-06-08T14:57:11Z,2025-06-08T16:47:37Z,True
3ab5f3f7,RJ431,RJA431,RJA,RJA,A321,JY-AYT,OJAI,AMM,2025-06-09T01:58:02Z,26L,OSAP,ALP,OSAP,ALP,2025-06-09T02:56:38Z,27L,3516.0,620.211,508.187,Passenger,740734,2025-06-09T01:46:53Z,2025-06-09T02:54:25Z,True
3ab642a1,RJ432,RJA432,RJA,RJA,A321,JY-AYT,OSAP,ALP,,,OJAI,AMM,OJAI,AMM,2025-06-09T05:22:25Z,26L,,543.887,470.806,Passenger,740734,2025-06-09T04:35:57Z,2025-06-09T05:25:32Z,True
3ab9ca2c,RJ431,RJA431,RJA,RJA,A321,JY-AYV,OJAI,AMM,2025-06-10T01:57:22Z,26L,OSAP,ALP,OSAP,ALP,,,,577.202,491.07,,740736,2025-06-10T01:44:49Z,2025-06-10T02:50:23Z,True
3aba1dd4,RJ432,RJA432,RJA,RJA,A321,JY-AYV,OSAP,ALP,2025-06-10T04:21:40Z,,OJAI,AMM,OJAI,AMM,2025-06-10T05:10:42Z,26L,2942.0,633.901,444.534,,740736,2025-06-10T04:24:55Z,2025-06-10T05:14:07Z,True
3abddb21,RJ431,RJA431,RJA,RJA,E295,JY-REA,OJAI,AMM,2025-06-11T02:02:45Z,26R,OSAP,ALP,OSAP,ALP,,,,580.504,458.479,Passenger,7448A1,2025-06-11T02:02:02Z,2025-06-11T03:01:57Z,True
3abe2384,RJ432,RJA432,RJA,RJA,E295,JY-REA,OSAP,ALP,,,OJAI,AMM,OJAI,AMM,2025-06-11T05:10:26Z,26L,,576.189,476.239,Passenger,7448A1,2025-06-11T04:18:39Z,2025-06-11T05:10:44Z,True
3ac23a8d,RJ431,RJA431,RJA,RJA,A321,JY-AYT,OJAI,AMM,2025-06-12T02:10:27Z,26L,OSAP,ALP,OSAP,ALP,,,,599.626,456.942,Passenger,740734,2025-06-12T01:59:52Z,2025-06-12T03:06:01Z,True
3ac28eac,RJ432,RJA432,RJA,RJA,A321,JY-AYT,OSAP,ALP,2025-06-12T04:30:19Z,09R,OJAI,AMM,OJAI,AMM,2025-06-12T05:30:05Z,26L,3586.0,645.783,505.299,Passenger,740734,2025-06-12T04:31:35Z,2025-06-12T05:33:08Z,True
3ac2fec2,,UNO501H,IGC,IGC,CRJ2,YI-BAK,OSAP,ALP,2025-06-12T07:39:16Z,,OSDI,DAM,OSDI,DAM,2025-06-12T08:20:59Z,,2503.0,395.397,309.372,Business_jets,72882B,2025-06-12T07:41:07Z,2025-06-12T08:13:48Z,True
3ac37544,6Q722,FYC722,SAW,SAW,A320,YK-BAA,OKKK,KWI,2025-06-12T10:43:34Z,33L,OSAP,ALP,OSAP,ALP,2025-06-12T12:40:18Z,,7004.0,1390.77,1258.04,Passenger,778821,2025-06-12T10:35:47Z,2025-06-12T12:37:00Z,True
3ac47f21,6Q721,FYC721,SAW,SAW,A320,YK-BAA,OSAP,ALP,2025-06-12T15:13:27Z,,OKKK,KWI,OKKK,KWI,2025-06-12T17:10:32Z,33R,7025.0,1539.86,1269.33,Passenger,778821,2025-06-12T15:14:40Z,2025-06-12T17:17:28Z,True
3ac677ca,RJ431,RJA431,RJA,RJA,E295,JY-REA,OJAI,AMM,2025-06-13T02:15:44Z,26L,OSAP,ALP,OSAP,ALP,,,,568.993,454.591,Passenger,7448A1,2025-06-13T02:06:01Z,2025-06-13T03:15:14Z,True
3ac6ca6b,RJ432,RJA432,RJA,RJA,E295,JY-REA,OSAP,ALP,,,OJAI,AMM,OLBA,BEY,,,,404.639,286.566,Passenger,7448A1,2025-06-13T04:40:02Z,2025-06-13T05:22:36Z,True
3acb5923,RB444,SYR444,SYR,SYR,A320,YK-BAG,OSAP,ALP,2025-06-14T08:30:08Z,09R,,,,,,,,268.889,259.871,Passenger,778827,2025-06-14T08:35:05Z,2025-06-14T08:55:34Z,True
3adccfba,6Q730,FYC730,SAW,SAW,A320,YK-BAC,OKKK,KWI,2025-06-18T21:32:29Z,33L,OSAP,ALP,OSAP,ALP,2025-06-19T00:40:35Z,,11286.0,2486.82,1260.32,Passenger,778823,2025-06-18T21:27:11Z,2025-06-19T00:37:47Z,True
3ade97b8,RB121,SYR121,SYR,SYR,A320,YK-BAG,,,,,OSAP,ALP,OSAP,ALP,2025-06-19T10:35:19Z,,,351.905,313.988,Passenger,778827,2025-06-19T10:02:36Z,2025-06-19T10:31:51Z,True
3adf7685,6Q729,FYC729,SAW,SAW,A320,YK-BAC,OSAP,ALP,2025-06-19T14:11:28Z,,OMDW,DWC,OMDW,DWC,2025-06-19T18:51:53Z,,16825.0,3700.61,2126.13,Passenger,778823,2025-06-19T14:12:47Z,2025-06-19T18:51:12Z,True
3adfd723,6Q705,FYC705,SAW,SAW,A320,YK-BAE,OSAP,ALP,2025-06-19T15:47:46Z,09R,OKKK,KWI,OKKK,KWI,2025-06-19T19:18:40Z,33R,12654.0,2792.27,1262.7,Passenger,778825,2025-06-19T15:48:57Z,2025-06-19T19:25:09Z,True
3adfdf5e,RB502,SYR502,SYR,SYR,A320,YK-AKH,OSAP,ALP,2025-06-19T15:55:54Z,09R,OSAP,ALP,OSAP,ALP,2025-06-20T01:55:10Z,,35956.0,7174.45,15.7505,Passenger,778568,2025-06-19T15:57:36Z,2025-06-20T01:51:59Z,True
3ae03f2e,6Q721,FYC721,SAW,SAW,A320,YK-BAA,OSAP,ALP,,,OKKK,KWI,OKKK,KWI,,,,2636.38,1243.15,Passenger,778821,2025-06-19T17:40:06Z,2025-06-19T21:03:06Z,True
3ae20b3e,6Q703,FYC703,SAW,SAW,A320,YK-BAA,OSAP,ALP,,,OKKK,KWI,OKKK,KWI,2025-06-20T09:01:50Z,33R,,2800.1,1240.02,Passenger,778821,2025-06-20T05:34:48Z,2025-06-20T09:06:05Z,True
3ae26a1e,DN542,DNA542,DNA,DNA,A320,YR-JUL,OSAP,ALP,2025-06-20T08:07:47Z,09R,LROP,OTP,LROP,OTP,2025-06-20T10:44:58Z,08R,9431.0,1854.14,1338.52,Passenger,4A2AAC,2025-06-20T08:11:52Z,2025-06-20T10:48:21Z,True
3ae315be,6Q729,FYC729,SAW,SAW,A320,YK-BAC,OSAP,ALP,2025-06-20T12:02:08Z,,OMDW,DWC,OMDW,DWC,2025-06-20T16:37:55Z,,16547.0,3644.39,2121.29,Passenger,778823,2025-06-20T12:03:18Z,2025-06-20T16:37:55Z,True
3ae3b92f,RB443,SYR443,SYR,SYR,A320,YK-BAG,OSAP,ALP,2025-06-20T14:38:10Z,,LTFM,IST,LTFM,IST,2025-06-20T16:19:41Z,35R,6091.0,1079.67,928.961,Passenger,778827,2025-06-20T14:42:28Z,2025-06-20T16:31:18Z,True
3ae46dd1,RB501,SYR501,SYR,SYR,A320,YK-AKG,OSAP,ALP,2025-06-20T17:52:05Z,09R,OMSJ,SHJ,OMSJ,SHJ,,,,3591.04,2134.14,Passenger,778567,2025-06-20T17:54:19Z,2025-06-20T22:16:08Z,True
3ae47436,RB444,SYR444,SYR,SYR,A320,YK-BAG,LTFM,IST,2025-06-20T18:18:29Z,36,OSAP,ALP,OSAP,ALP,2025-06-20T19:39:24Z,,4855.0,1011.98,919.014,Passenger,778827,2025-06-20T18:01:42Z,2025-06-20T19:36:30Z,True
3ae61a5e,RB515,SYR515,SYR,SYR,A320,YK-AKH,OSAP,ALP,2025-06-21T05:02:04Z,09R,,,,,,,,3637.54,2063.47,Passenger,778568,2025-06-21T05:03:09Z,2025-06-21T09:24:09Z,True
3ae6cd7f,6Q753,FYC753,SAW,SAW,A320,YK-BAC,OSAP,ALP,2025-06-21T10:02:29Z,,OMDW,DWC,OMDW,DWC,2025-06-21T14:17:20Z,,15291.0,3394.53,2118.86,Passenger,778823,2025-06-21T10:04:15Z,2025-06-21T14:24:09Z,True
3ae8110f,6Q756,FYC756,SAW,SAW,A320,YK-BAC,OMDW,DWC,2025-06-21T16:14:00Z,30,OSAP,ALP,OSAP,ALP,2025-06-21T20:01:39Z,,13659.0,3251.32,2111.06,Passenger,778823,2025-06-21T16:01:59Z,2025-06-21T19:58:43Z,True
3ae8426b,RB501,SYR501,SYR,SYR,A320,YK-AKG,OSAP,ALP,2025-06-21T16:58:52Z,09R,OMSJ,SHJ,OMSJ,SHJ,2025-06-21T21:15:00Z,,15368.0,3439.26,2127.79,Passenger,778567,2025-06-21T17:00:52Z,2025-06-21T21:14:31Z,True
3ae85d1c,RB521,SYR521,SYR,SYR,A320,YK-AKH,OSAP,ALP,2025-06-21T17:33:37Z,09R,OTHH,DOH,OTHH,DOH,2025-06-21T21:35:16Z,34L,14499.0,3220.82,1827.31,Passenger,778568,2025-06-21T17:35:01Z,2025-06-21T21:42:46Z,True
3ae943b3,6Q707,FYC707,SAW,SAW,A320,YK-BAC,OSAP,ALP,2025-06-21T23:43:54Z,,OKKK,KWI,OKKK,KWI,2025-06-22T02:52:03Z,33L,11289.0,2582.8,1267.89,Passenger,778823,2025-06-21T23:45:30Z,2025-06-22T02:52:34Z,True
3ae9d549,6Q755,FYC755,SAW,SAW,A320,YK-BAA,OSAP,ALP,2025-06-22T04:38:24Z,,OMDW,DWC,OMDW,DWC,2025-06-22T08:47:10Z,30,14926.0,3415.32,2130.37,Passenger,778821,2025-06-22T04:39:21Z,2025-06-22T08:46:29Z,True
3ae9e709,RB505,SYR505,SYR,SYR,A320,YK-BAG,OSAP,ALP,2025-06-22T05:15:03Z,09R,OMSJ,SHJ,OMSJ,SHJ,2025-06-22T09:46:11Z,30,16268.0,3609.86,2121.3,Passenger,778827,2025-06-22T05:16:14Z,2025-06-22T09:47:48Z,True
3ae9eddd,RB515,SYR515,SYR,SYR,A320,YK-AKH,OSAP,ALP,2025-06-22T05:29:04Z,,,,,,,,,3613.64,2112.16,Passenger,778568,2025-06-22T05:30:04Z,2025-06-22T09:47:18Z,True
3aea2e10,DN542,DNA542,DNA,DNA,A320,YR-JUL,OSAP,ALP,2025-06-22T07:36:14Z,27L,LROP,OTP,LROP,OTP,2025-06-22T10:07:27Z,26L,9073.0,1839.37,1321.71,Passenger,4A2AAC,2025-06-22T07:37:40Z,2025-06-22T10:11:48Z,True
3aea8466,6Q705,FYC705,SAW,SAW,A320,YK-BAC,OSAP,ALP,2025-06-22T09:55:50Z,,OKKK,KWI,OKKK,KWI,2025-06-22T13:06:44Z,33R,11454.0,2546.51,1266.91,Passenger,778823,2025-06-22T09:57:07Z,2025-06-22T13:10:15Z,True
3aea9bda,6Q754,FYC754,SAW,SAW,A320,YK-BAA,OMDW,DWC,2025-06-22T10:33:17Z,30,OSAP,ALP,OSAP,ALP,2025-06-22T14:23:56Z,,13839.0,3231.92,2121.24,Passenger,778821,2025-06-22T10:33:59Z,2025-06-22T14:20:23Z,True
3aeaec43,RB501,SYR501,SYR,SYR,A320,YK-AKG,OSAP,ALP,2025-06-22T12:19:15Z,,OMSJ,SHJ,OMSJ,SHJ,2025-06-22T16:40:39Z,,15684.0,3552.82,2112.06,Passenger,778567,2025-06-22T12:20:34Z,2025-06-22T16:39:53Z,True
3aebe646,RB443,SYR443,SYR,SYR,A320,YK-BAG,OSAP,ALP,2025-06-22T17:13:29Z,,LTFM,IST,LTFM,IST,2025-06-22T18:44:42Z,34L,5473.0,1065.15,924.262,Passenger,778827,2025-06-22T17:14:30Z,2025-06-22T19:04:46Z,True
3aebea8c,RB517,SYR517,SYR,SYR,A320,YK-AKH,OSAP,ALP,2025-06-22T17:19:03Z,,OMDB,DXB,OMDB,DXB,2025-06-22T21:30:44Z,,15101.0,3338.59,2101.09,Passenger,778568,2025-06-22T17:20:08Z,2025-06-22T21:36:50Z,True
3aec493e,RB444,SYR444,SYR,SYR,A320,YK-BAG,LTFM,IST,2025-06-22T20:30:52Z,35L,OSAP,ALP,OSAP,ALP,,,,1022.36,915.988,Passenger,778827,2025-06-22T19:24:22Z,2025-06-22T21:43:13Z,True
3aec4c26,6Q731,FYC731,SAW,SAW,A320,YK-BAA,OSAP,ALP,2025-06-22T19:27:30Z,,OMAA,AUH,OMAA,AUH,2025-06-22T23:38:47Z,31R,15077.0,3290.25,2118.12,Passenger,778821,2025-06-22T19:28:39Z,2025-06-22T23:41:51Z,True
3aed4e33,6Q729,FYC729,SAW,SAW,A320,YK-BAC,OSAP,ALP,2025-06-23T02:19:15Z,09R,OMDW,DWC,OMDW,DWC,2025-06-23T06:27:02Z,,14867.0,3370.52,2108.28,Passenger,778823,2025-06-23T02:25:16Z,2025-06-23T06:27:02Z,True
3aed8a9f,RB515,SYR515,SYR,SYR,A320,YK-AKG,OSAP,ALP,2025-06-23T04:22:40Z,09R,,,,,2025-06-23T08:36:43Z,,15243.0,3477.44,2289.02,Passenger,778567,2025-06-23T04:23:36Z,2025-06-23T08:43:11Z,True
3aed8ee3,RB443,SYR443,SYR,SYR,A320,YK-BAG,OSAP,ALP,2025-06-23T04:30:19Z,,LTFM,IST,LTFM,IST,2025-06-23T06:03:27Z,35R,5588.0,1061.16,922.976,Passenger,778827,2025-06-23T04:31:48Z,2025-06-23T06:54:42Z,True
3aed9b75,RB389,SYR389,SYR,SYR,A320,YK-AKH,OSAP,ALP,2025-06-23T04:54:47Z,,OERK,RUH,OERK,RUH,2025-06-23T07:56:25Z,33L,10898.0,2521.08,1539.7,Passenger,778568,2025-06-23T04:55:44Z,2025-06-23T07:59:04Z,True
3aedfe2e,RB444,RYR444,SYR,SYR,A320,YK-BAG,LTFM,IST,2025-06-23T08:01:04Z,35L,OSAP,ALP,OSAP,ALP,,,,996.563,906.914,Passenger,778827,2025-06-23T07:54:03Z,2025-06-23T09:21:42Z,True
3aee1716,6Q701,FYC701,SAW,SAW,A320,YK-BAA,OSAP,ALP,2025-06-23T08:37:29Z,09R,,,,,,,,2463.24,1293.96,Passenger,778821,2025-06-23T08:38:37Z,2025-06-23T11:48:16Z,True
3aeec5bf,6Q730,FYC730,SAW,SAW,A320,YK-BAC,,,,,OSAP,ALP,OSAP,ALP,2025-06-23T14:28:14Z,,,1555.18,808.985,Passenger,778823,2025-06-23T12:38:23Z,2025-06-23T14:24:50Z,True
3aef33de,RB517,SYR517,SYR,SYR,A320,YK-AKH,OSAP,ALP,2025-06-23T14:29:10Z,,,,,,,,,3953.37,2201.15,Passenger,778568,2025-06-23T14:31:07Z,2025-06-23T19:24:16Z,True
3aef9bc5,RB505,SYR505,SYR,SYR,A320,YK-AKG,OSAP,ALP,,,OMSJ,SHJ,OMSJ,SHJ,2025-06-23T21:09:49Z,,,3862.92,2092.27,Passenger,778567,2025-06-23T16:16:30Z,2025-06-23T21:09:06Z,True
3af1408d,RJ431,RJA431,RJA,RJA,A20N,JY-RAE,OJAI,AMM,2025-06-24T01:38:38Z,26L,OSAP,ALP,OSAP,ALP,2025-06-24T03:20:41Z,,6123.0,1325.24,494.807,Passenger,744825,2025-06-24T01:26:55Z,2025-06-24T03:17:06Z,True
3af196bc,RB515,SYR515,SYR,SYR,A320,YK-BAG,OSAP,ALP,2025-06-24T03:59:27Z,09R,OMDB,DXB,OMDB,DXB,2025-06-24T08:32:33Z,,16386.0,3602.86,2112.33,Passenger,778827,2025-06-24T04:01:10Z,2025-06-24T08:36:15Z,True
3af1ae57,RJ432,RJA432,RJA,RJA,A20N,JY-RAE,OSAP,ALP,2025-06-24T04:42:30Z,,OJAI,AMM,OJAI,AMM,2025-06-24T06:31:17Z,,6527.0,1331.0,507.071,Passenger,744825,2025-06-24T04:43:42Z,2025-06-24T06:34:46Z,True
3af1bfff,RB381,SYR381,SYR,SYR,A320,YK-AKH,OSAP,ALP,2025-06-24T05:13:26Z,09R,,,,,,,,1538.34,1076.32,Passenger,778568,2025-06-24T05:14:15Z,2025-06-24T07:09:18Z,True
3af1c64a,RB341,SYR341,SYR,SYR,A320,YK-AKG,OSAP,ALP,2025-06-24T05:24:54Z,,OKKK,KWI,OKKK,KWI,2025-06-24T08:53:45Z,33R,12531.0,2867.03,1269.9,Passenger,778567,2025-06-24T05:25:58Z,2025-06-24T08:57:32Z,True
3af20c2d,DN542,DNA542,DNA,DNA,A320,YR-JUL,OSAP,ALP,2025-06-24T07:27:01Z,09R,LROP,OTP,LROP,OTP,2025-06-24T09:53:53Z,26L,8812.0,1829.94,1332.02,Passenger,4A2AAC,2025-06-24T07:29:36Z,2025-06-24T10:01:59Z,True
3af28262,6Q755,FYC755,SAW,SAW,A320,YK-BAA,OSAP,ALP,,,OMDW,DWC,OMDW,DWC,2025-06-24T13:24:53Z,30,,2378.45,2071.11,Passenger,778821,2025-06-24T10:32:46Z,2025-06-24T13:24:53Z,True
3af2b637,6Q13,FYC013,SAW,SAW,A320,YK-BAC,OSAP,ALP,2025-06-24T11:36:16Z,,OSDI,DAM,OSDI,DAM,2025-06-24T12:13:08Z,,2212.0,327.229,289.371,Passenger,778823,2025-06-24T11:38:17Z,2025-06-24T12:04:46Z,True
3af33624,RB503,SYR503,SYR,SYR,A320,YK-AKH,OSAP,ALP,2025-06-24T13:47:05Z,09R,OMAA,AUH,OMAA,AUH,2025-06-24T17:03:34Z,31R,11789.0,2576.95,2118.3,Passenger,778568,2025-06-24T13:48:21Z,2025-06-24T17:03:40Z,True
3af38bfd,RB501,SYR501,SYR,SYR,A320,YK-AKG,OSAP,ALP,2025-06-24T15:09:41Z,,OMSJ,SHJ,OMSJ,SHJ,2025-06-24T18:24:22Z,,11681.0,2540.38,2109.92,Passenger,778567,2025-06-24T15:11:32Z,2025-06-24T18:23:04Z,True
3af3ccab,RB443,SYR443,SYR,SYR,A320,YK-BAG,OSAP,ALP,,,LTFM,IST,LTFM,IST,2025-06-24T17:41:22Z,34L,,1010.72,913.15,Passenger,778827,2025-06-24T16:18:30Z,2025-06-24T18:07:57Z,True
3af433e2,RB444,SYR444,SYR,SYR,A320,YK-BAG,LTFM,IST,2025-06-24T19:51:01Z,35L,OSAP,ALP,OSAP,ALP,2025-06-24T21:10:55Z,27L,4794.0,1062.63,933.261,Passenger,778827,2025-06-24T18:08:08Z,2025-06-24T21:08:09Z,True
3af56310,RJ431,RJA431,RJA,RJA,A320,JY-AYR,OJAI,AMM,2025-06-25T01:04:26Z,,OSAP,ALP,OSAP,ALP,,,,1267.76,484.016,Passenger,740732,2025-06-25T01:05:21Z,2025-06-25T02:45:28Z,True
3af5a51f,RB515,SYR515,SYR,SYR,A320,YK-BAG,OSAP,ALP,2025-06-25T03:02:46Z,,OMSJ,SHJ,OMSJ,SHJ,2025-06-25T06:03:29Z,,10843.0,2368.19,2126.47,Passenger,778827,2025-06-25T03:03:53Z,2025-06-25T06:02:33Z,True
3af5be56,RB506,SYR506,SYR,SYR,A320,YK-AKH,OSAP,ALP,2025-06-25T03:53:06Z,,OSDI,DAM,OSDI,DAM,,,,4812.99,17.6674,Passenger,778568,2025-06-25T03:54:02Z,2025-06-25T12:24:40Z,True
3af5c300,RB389,SYR389,SYR,SYR,A320,YK-AKG,OSAP,ALP,2025-06-25T04:01:36Z,,OERK,RUH,OERK,RUH,2025-06-25T06:08:52Z,33L,7636.0,1674.97,1541.58,Passenger,778567,2025-06-25T04:02:25Z,2025-06-25T06:15:05Z,True
3af5c767,RJ432,RJA432,RJA,RJA,A320,JY-AYR,OSAP,ALP,2025-06-25T04:09:06Z,,OJAI,AMM,OJAI,AMM,2025-06-25T05:52:15Z,26R,6189.0,1295.75,505.752,Passenger,740732,2025-06-25T04:10:16Z,2025-06-25T05:57:44Z,True
3af70588,RB501,SYR501,SYR,SYR,A320,YK-AKG,OSAP,ALP,2025-06-25T12:28:40Z,,OMSJ,SHJ,OMSJ,SHJ,2025-06-25T15:19:46Z,,10266.0,2352.95,2116.97,Passenger,778567,2025-06-25T12:29:59Z,2025-06-25T15:21:33Z,True
3af76dd4,RB443,SYR443,SYR,SYR,A320,YK-BAG,OSAP,ALP,,,LTFM,IST,LTFM,IST,2025-06-25T15:41:31Z,,,1065.8,921.341,Passenger,778827,2025-06-25T14:11:24Z,2025-06-25T16:06:24Z,True
3af79ee7,RB521,SYR521,SYR,SYR,A320,YK-AKH,OSAP,ALP,2025-06-25T14:54:52Z,09R,OTHH,DOH,OTHH,DOH,2025-06-25T17:31:31Z,34L,9399.0,2056.19,1821.71,Passenger,778568,2025-06-25T14:58:27Z,2025-06-25T17:38:49Z,True
3af91391,6Q754,FYC754,SAW,SAW,A320,YK-BAA,OMDW,DWC,2025-06-25T22:30:55Z,30,OSAP,ALP,OSAP,ALP,,,,2079.35,1993.6,Passenger,778821,2025-06-25T22:27:07Z,2025-06-26T00:55:39Z,True
3af9a18f,RJ431,RJA431,RJA,RJA,A320,JY-AZD,OJAI,AMM,2025-06-26T02:28:43Z,26L,OSAP,ALP,OSAP,ALP,2025-06-26T03:21:56Z,27L,3193.0,608.709,508.187,,740744,2025-06-26T02:18:09Z,2025-06-26T03:19:25Z,True
3af9e925,RJ432,RJA432,RJA,RJA,A320,JY-AZD,OSAP,ALP,2025-06-26T04:32:17Z,,OJAI,AMM,OJAI,AMM,2025-06-26T05:29:01Z,26R,3404.0,597.497,506.614,,740744,2025-06-26T04:33:20Z,2025-06-26T05:35:36Z,True
3afaacb6,FYC722,FYC722,SAW,,A320,YK-BAA,OKKK,KWI,2025-06-26T10:54:27Z,33L,OSAP,ALP,OSAP,ALP,2025-06-26T12:44:22Z,,6595.0,1394.52,1257.9,Passenger,778821,2025-06-26T10:15:45Z,2025-06-26T12:40:43Z,True
3afb9d35,6Q721,FYC721,SAW,SAW,A320,YK-BAA,OSAP,ALP,2025-06-26T14:39:34Z,,OKKK,KWI,OKKK,KWI,2025-06-26T16:32:03Z,33R,6749.0,1471.92,1268.16,Passenger,778821,2025-06-26T14:40:46Z,2025-06-26T16:35:07Z,True
3afda203,RJ431,RJA431,RJA,RJA,E195,JY-EMA,OJAI,AMM,2025-06-27T02:05:20Z,26L,OSAP,ALP,OSAP,ALP,2025-06-27T03:01:41Z,27L,3381.0,687.981,507.604,Passenger,7415A1,2025-06-27T02:05:11Z,2025-06-27T02:59:23Z,True
3afde194,RJ432,RJA432,RJA,RJA,E195,JY-EMA,OSAP,ALP,2025-06-27T04:07:19Z,,OJAI,AMM,OJAI,AMM,2025-06-27T05:03:02Z,26L,3343.0,606.236,507.559,Passenger,7415A1,2025-06-27T04:08:17Z,2025-06-27T05:03:04Z,True
3b017e64,RJ431,RJA431,RJA,RJA,A321,JY-AYT,OJAI,AMM,2025-06-28T02:02:20Z,26L,OSAP,ALP,OSAP,ALP,2025-06-28T02:54:09Z,27L,3109.0,613.713,508.298,Passenger,740734,2025-06-28T01:49:24Z,2025-06-28T02:51:19Z,True
3b018971,6Q756,FYC756,SAW,SAW,A320,YK-BAC,OMDW,DWC,2025-06-28T02:13:22Z,12,OSAP,ALP,OSAP,ALP,2025-06-28T04:58:28Z,,9906.0,2275.18,2118.49,Passenger,778823,2025-06-28T02:13:57Z,2025-06-28T05:01:32Z,True
3b01cbb8,RJ432,RJA432,RJA,RJA,A321,JY-AYT,OSAP,ALP,2025-06-28T04:28:43Z,,OJAI,AMM,OJAI,AMM,2025-06-28T05:21:24Z,26L,3161.0,576.613,505.848,Passenger,740734,2025-06-28T04:30:06Z,2025-06-28T05:24:22Z,True
3b020fcd,6Q755,FYC755,SAW,SAW,A320,YK-BAC,OSAP,ALP,2025-06-28T06:50:42Z,,OMDW,DWC,OMDW,DWC,2025-06-28T09:43:37Z,30,10375.0,2359.87,2124.07,Passenger,778823,2025-06-28T06:51:47Z,2025-06-28T09:44:02Z,True
3b02b6a9,6Q754,FYC754,SAW,SAW,A320,YK-BAC,OMDW,DWC,2025-06-28T11:20:50Z,30,OSAP,ALP,OSAP,ALP,,,,2091.12,2016.6,Passenger,778823,2025-06-28T11:21:23Z,2025-06-28T13:52:42Z,True
3b0508cd,RJ431,RJA431,RJA,RJA,E295,JY-REB,OJAI,AMM,2025-06-29T01:31:50Z,26L,OSAP,ALP,OSAP,ALP,2025-06-29T02:32:10Z,,3620.0,653.138,512.682,Passenger,7448A2,2025-06-29T01:31:21Z,2025-06-29T02:29:24Z,True
3b0512c4,6Q756,FYC756,SAW,SAW,A320,YK-BAC,OMDW,DWC,2025-06-29T01:57:43Z,30,OSAP,ALP,OSAP,ALP,,,,2103.53,2026.01,Passenger,778823,2025-06-29T01:53:56Z,2025-06-29T04:30:47Z,True
3b054b89,RJ432,RJA432,RJA,RJA,E295,JY-REB,OSAP,ALP,2025-06-29T04:02:30Z,,OJAI,AMM,OJAI,AMM,2025-06-29T04:58:31Z,26L,3361.0,607.72,499.66,Passenger,7448A2,2025-06-29T04:05:26Z,2025-06-29T04:58:47Z,True
3b0622f1,FYC722,FYC722,SAW,,A320,YK-BAA,OKKK,KWI,2025-06-29T10:47:17Z,33L,OSAP,ALP,OSAP,ALP,2025-06-29T12:39:28Z,,6731.0,1409.61,1257.59,Passenger,778821,2025-06-29T10:40:21Z,2025-06-29T12:35:55Z,True
3b06facb,6Q721,FYC721,SAW,SAW,A320,YK-BAA,OSAP,ALP,2025-06-29T15:02:58Z,,OKKK,KWI,OKKK,KWI,2025-06-29T17:03:20Z,33R,7222.0,1543.39,1268.35,Passenger,778821,2025-06-29T15:04:12Z,2025-06-29T17:08:10Z,True
3b082344,6Q754,FYC754,SAW,SAW,A320,YK-BAC,OMDW,DWC,2025-06-29T21:51:34Z,30,OSAP,ALP,OSAP,ALP,,,,2100.49,2024.3,Passenger,778823,2025-06-29T21:50:24Z,2025-06-30T00:25:48Z,True
3b08b2a5,RJ431,RJA431,RJA,RJA,A320,JY-AYW,OJAI,AMM,2025-06-30T02:25:37Z,26L,OSAP,ALP,OSAP,ALP,2025-06-30T03:22:37Z,27L,3420.0,649.383,508.666,Passenger,740737,2025-06-30T02:13:04Z,2025-06-30T03:22:37Z,True
3b08f806,RJ432,RJA432,RJA,RJA,A320,JY-AYW,OSAP,ALP,,,OJAI,AMM,OJAI,AMM,2025-06-30T05:36:54Z,26L,,559.357,459.948,Passenger,740737,2025-06-30T04:46:56Z,2025-06-30T05:41:13Z,True
3b0c8973,RJ431,RJA431,RJA,RJA,A320,JY-AYR,OJAI,AMM,2025-07-01T02:26:56Z,,OSAP,ALP,OSAP,ALP,,,,583.267,473.25,Passenger,740732,2025-07-01T02:29:08Z,2025-07-01T03:21:35Z,True
3b0cda9a,RJ432,RJA432,RJA,RJA,A320,JY-AYR,OSAP,ALP,,,OJAI,AMM,OJAI,AMM,2025-07-01T05:55:58Z,,,627.999,458.287,Passenger,740732,2025-07-01T05:04:38Z,2025-07-01T05:52:57Z,True
3b0d02f3,6Q756,FYC756,SAW,SAW,A320,YK-BAC,OMDW,DWC,2025-07-01T06:20:25Z,12,OSAP,ALP,OSAP,ALP,2025-07-01T09:08:52Z,,10107.0,2307.88,2115.34,Passenger,778823,2025-07-01T06:21:14Z,2025-07-01T09:05:22Z,True
3b0d98b2,6Q755,FYC755,SAW,SAW,A320,YK-BAC,OSAP,ALP,2025-07-01T10:28:15Z,,OMDW,DWC,OMDW,DWC,2025-07-01T13:21:07Z,30,10372.0,2325.95,2122.86,Passenger,778823,2025-07-01T10:29:34Z,2025-07-01T13:23:57Z,True
3b0e8403,6Q754,FYC754,SAW,SAW,A320,YK-BAC,OMDW,DWC,2025-07-01T15:04:05Z,30,OSAP,ALP,OSAP,ALP,,,,2194.88,2024.74,Passenger,778823,2025-07-01T14:56:35Z,2025-07-01T17:36:28Z,True
3b1061b7,6Q756,FYC756,SAW,SAW,A320,YK-BAA,OMDW,DWC,2025-07-02T02:13:35Z,12,OSAP,ALP,OSAP,ALP,,,,2134.24,2023.55,Passenger,778821,2025-07-02T02:02:11Z,2025-07-02T04:49:27Z,True
3b10683e,RJ431,RJA431,RJA,RJA,A320,JY-AYS,OJAI,AMM,2025-07-02T02:29:05Z,26L,OSAP,ALP,OSAP,ALP,,,,584.421,493.941,Passenger,740733,2025-07-02T02:14:15Z,2025-07-02T03:21:50Z,True
3b10b4d5,RJ432,RJA432,RJA,RJA,A320,JY-AYS,OSAP,ALP,2025-07-02T04:38:58Z,09R,OJAI,AMM,OJAI,AMM,2025-07-02T05:35:14Z,26R,3376.0,594.92,500.019,Passenger,740733,2025-07-02T04:41:00Z,2025-07-02T05:41:52Z,True
3b1465fd,RJ431,RJA431,RJA,RJA,A320,JY-AYS,OJAI,AMM,2025-07-03T02:24:51Z,26R,OSAP,ALP,OSAP,ALP,,,,555.314,463.907,Passenger,740733,2025-07-03T02:12:18Z,2025-07-03T03:18:43Z,True
3b14b3fe,RJ432,RJA432,RJA,RJA,A320,JY-AYS,OSAP,ALP,2025-07-03T04:40:16Z,,OJAI,AMM,OJAI,AMM,2025-07-03T05:32:31Z,26L,3135.0,571.805,495.629,Passenger,740733,2025-07-03T04:43:31Z,2025-07-03T05:35:24Z,True
3b186e4c,RJ431,RJA431,RJA,RJA,A321,JY-AYT,OJAI,AMM,2025-07-04T02:24:10Z,26L,OSAP,ALP,OSAP,ALP,2025-07-04T03:16:13Z,,3123.0,591.038,508.566,Passenger,740734,2025-07-04T02:11:51Z,2025-07-04T03:11:55Z,True
3b18bb4e,RJ432,RJA432,RJA,RJA,A321,JY-AYT,OSAP,ALP,,,OJAI,AMM,OJAI,AMM,2025-07-04T05:32:51Z,26L,,541.576,444.412,Passenger,740734,2025-07-04T04:43:21Z,2025-07-04T05:35:50Z,True
3b1bc6d6,6Q756,FYC756,SAW,SAW,A320,YK-BAA,OMDW,DWC,2025-07-05T02:01:06Z,30,OSAP,ALP,OSAP,ALP,,,,2156.12,2055.2,Passenger,778821,2025-07-05T00:41:11Z,2025-07-05T04:33:26Z,True
3b1bf40f,RJ431,RJA431,RJA,RJA,A320,JY-AYW,OJAI,AMM,2025-07-05T02:26:29Z,26L,OSAP,ALP,OSAP,ALP,2025-07-05T03:23:44Z,,3435.0,590.678,503.866,Passenger,740737,2025-07-05T02:19:31Z,2025-07-05T03:19:48Z,True
3b1c3af8,RJ432,RJA432,RJA,RJA,A320,JY-AYW,OSAP,ALP,,,OJAI,AMM,OJAI,AMM,2025-07-05T05:46:11Z,26L,,561.353,469.416,Passenger,740737,2025-07-05T04:57:58Z,2025-07-05T05:50:37Z,True
3b1d0e95,6Q754,FYC754,SAW,SAW,A320,YK-BAA,OMDW,DWC,2025-07-05T11:18:14Z,30,OSAP,ALP,OSAP,ALP,,,,2112.2,2024.63,Passenger,778821,2025-07-05T11:05:26Z,2025-07-05T13:54:35Z,True
3b1f65f7,RJ431,RJA431,RJA,RJA,A320,JY-AZD,OJAI,AMM,2025-07-06T02:15:04Z,26L,OSAP,ALP,OSAP,ALP,2025-07-06T03:11:15Z,,3371.0,565.081,504.254,,740744,2025-07-06T02:04:01Z,2025-07-06T03:07:36Z,True
3b1fab87,RJ432,RJA432,RJA,RJA,A320,JY-AZD,OSAP,ALP,,,OJAI,AMM,OJAI,AMM,2025-07-06T05:22:56Z,26R,,482.182,454.199,,740744,2025-07-06T04:40:16Z,2025-07-06T05:31:06Z,True
3b22e94c,RJ431,RJA431,RJA,RJA,A320,JY-AYU,OJAI,AMM,2025-07-07T02:16:40Z,26L,OSAP,ALP,OSAP,ALP,2025-07-07T03:16:12Z,27L,3572.0,629.997,508.401,,740735,2025-07-07T02:12:52Z,2025-07-07T03:12:56Z,True
3b232d2e,RJ432,RJA432,RJA,RJA,A320,JY-AYU,OSAP,ALP,2025-07-07T04:31:34Z,,OJAI,AMM,OJAI,AMM,2025-07-07T05:21:15Z,26L,2981.0,583.536,495.307,,740735,2025-07-07T04:34:28Z,2025-07-07T05:24:54Z,True
3b23833b,RB444,SYR444,SYR,SYR,A320,YK-BAG,LTFM,IST,2025-07-07T08:00:23Z,35L,OSAP,ALP,OSAP,ALP,,,,1101.24,950.436,Passenger,778827,2025-07-07T07:25:15Z,2025-07-07T09:18:22Z,True
3b25fc62,RB445,SYR445,SYR,SYR,A320,YK-BAG,OSAP,ALP,,,LTFM,IST,LTFM,IST,2025-07-07T23:11:24Z,36,,996.655,925.682,Passenger,778827,2025-07-07T21:45:48Z,2025-07-07T23:18:49Z,True
3b269c33,6Q756,FYC756,SAW,SAW,A320,YK-BAC,OMDW,DWC,2025-07-08T01:59:24Z,12,OSAP,ALP,OSAP,ALP,2025-07-08T04:55:11Z,,10547.0,2305.53,2128.18,Passenger,778823,2025-07-08T01:59:53Z,2025-07-08T04:53:06Z,True
3b26a6c9,RJ431,RJA431,RJA,RJA,A321,JY-AYV,OJAI,AMM,2025-07-08T02:31:43Z,26L,OSAP,ALP,OSAP,ALP,2025-07-08T03:28:04Z,,3381.0,618.445,510.393,,740736,2025-07-08T02:19:23Z,2025-07-08T03:24:27Z,True
3b26efe5,RJ432,RJA432,RJA,RJA,A321,JY-AYV,OSAP,ALP,2025-07-08T04:40:17Z,,OJAI,AMM,OJAI,AMM,2025-07-08T05:31:40Z,26L,3083.0,572.937,504.36,,740736,2025-07-08T04:41:44Z,2025-07-08T05:53:50Z,True
3b272f5d,6Q755,FYC755,SAW,SAW,A320,YK-BAC,OSAP,ALP,2025-07-08T06:41:02Z,,OMDW,DWC,OMDW,DWC,2025-07-08T09:31:52Z,30,10250.0,2333.72,2127.4,Passenger,778823,2025-07-08T06:42:08Z,2025-07-08T09:30:54Z,True
3b274cb2,RJ433,RJA433,RJA,RJA,E75S,JY-EMD,OJAI,AMM,2025-07-08T07:37:46Z,26R,OSAP,ALP,OSAP,ALP,2025-07-08T08:41:25Z,27L,3819.0,657.485,507.28,Passenger,7415A4,2025-07-08T07:37:08Z,2025-07-08T08:37:42Z,True
3b279046,RJ434,RJA434,RJA,RJA,E75S,JY-EMD,OSAP,ALP,2025-07-08T09:32:49Z,27L,OJAI,AMM,OJAI,AMM,2025-07-08T10:28:40Z,26L,3351.0,615.584,507.283,Passenger,7415A4,2025-07-08T09:34:19Z,2025-07-08T10:28:40Z,True
3b27cec9,6Q754,FYC754,SAW,SAW,A320,YK-BAC,OMDW,DWC,2025-07-08T11:15:46Z,30,OSAP,ALP,OSAP,ALP,,,,2104.02,2020.75,Passenger,778823,2025-07-08T11:16:18Z,2025-07-08T13:50:38Z,True
3b2a8b43,6Q756,FYC756,SAW,SAW,A320,YK-BAA,OMDW,DWC,2025-07-09T02:27:04Z,12,OSAP,ALP,OSDI,DAM,,,,2170.52,2039.28,Passenger,778821,2025-07-09T01:21:46Z,2025-07-09T05:09:35Z,True
3b2aa7ef,RJ431,RJA431,RJA,RJA,A320,JY-AYS,OJAI,AMM,2025-07-09T02:20:30Z,26L,OSAP,ALP,OSAP,ALP,2025-07-09T03:15:58Z,27L,3328.0,664.735,507.935,Passenger,740733,2025-07-09T02:08:02Z,2025-07-09T03:13:55Z,True
3b2af642,RJ432,RJA432,RJA,RJA,A320,JY-AYS,OSAP,ALP,2025-07-09T04:29:48Z,,OJAI,AMM,OJAI,AMM,2025-07-09T05:20:18Z,26L,3030.0,578.154,507.45,Passenger,740733,2025-07-09T04:30:38Z,2025-07-09T05:22:42Z,True
3b2afd5f,,7,,,T134,YK-AYB,OSDI,DAM,,,OSAP,ALP,OSAP,ALP,2025-07-09T05:26:38Z,,,846.133,29.5264,,778722,2025-07-09T04:43:08Z,2025-07-09T14:20:38Z,True
3b2ebf81,RJ431,RJA431,RJA,RJA,A321,JY-AYT,OJAI,AMM,2025-07-10T02:24:16Z,26L,OSAP,ALP,OSAP,ALP,2025-07-10T03:22:01Z,27L,3465.0,580.572,508.205,Passenger,740734,2025-07-10T02:13:18Z,2025-07-10T03:19:41Z,True
3b2f161c,RJ432,RJA432,RJA,RJA,A321,JY-AYT,OSAP,ALP,2025-07-10T04:50:36Z,,OJAI,AMM,OJAI,AMM,2025-07-10T05:44:09Z,26L,3213.0,555.377,506.262,Passenger,740734,2025-07-10T04:52:23Z,2025-07-10T05:47:49Z,True
3b2f69f8,RJ433,RJA433,RJA,RJA,E75S,JY-EMC,OJAI,AMM,2025-07-10T07:26:25Z,26R,OSAP,ALP,OSAP,ALP,2025-07-10T08:27:24Z,,3659.0,614.69,512.943,Passenger,7415A3,2025-07-10T07:25:10Z,2025-07-10T08:23:21Z,True
3b2fbcc9,RJ434,RJA434,RJA,RJA,E75S,JY-EMC,OSAP,ALP,2025-07-10T09:31:34Z,,OJAI,AMM,OJAI,AMM,2025-07-10T10:25:03Z,26R,3209.0,576.815,501.245,Passenger,7415A3,2025-07-10T09:33:42Z,2025-07-10T10:25:27Z,True
3b32ecfe,RJ431,RJA431,RJA,RJA,E75S,JY-EMD,OJAI,AMM,2025-07-11T02:20:05Z,26R,OSAP,ALP,OSAP,ALP,2025-07-11T03:18:00Z,27L,3475.0,609.802,506.377,Passenger,7415A4,2025-07-11T02:19:26Z,2025-07-11T03:15:57Z,True
3b332f11,RJ432,RJA432,RJA,RJA,E75S,JY-EMD,OSAP,ALP,2025-07-11T04:24:22Z,27L,OJAI,AMM,OJAI,AMM,2025-07-11T05:18:24Z,26L,3242.0,665.465,507.729,Passenger,7415A4,2025-07-11T04:25:22Z,2025-07-11T05:18:27Z,True
3b36a147,,LHOB297,,,C17,A7-MAB,OTBH,XJD,2025-07-12T00:45:07Z,16L,OSAP,ALP,OSAP,ALP,2025-07-12T03:19:24Z,27L,9257.0,2069.77,1816.98,Military_and_government,06A249,2025-07-12T00:41:51Z,2025-07-12T03:17:04Z,True
3b36e8b4,6Q756,FYC756,SAW,SAW,A320,YK-BAC,OMDW,DWC,2025-07-12T01:43:12Z,12,OSAP,ALP,OSAP,ALP,2025-07-12T04:32:45Z,27L,10173.0,2305.75,2121.23,Passenger,778823,2025-07-12T01:44:12Z,2025-07-12T04:30:32Z,True
3b36f532,,LHOB295,,,C17,A7-MAO,OTBH,XJD,2025-07-12T02:14:10Z,16L,OSAP,ALP,OSAP,ALP,2025-07-12T04:49:15Z,,9305.0,2072.88,1815.22,Military_and_government,06A27C,2025-07-12T02:09:47Z,2025-07-12T04:46:14Z,True
3b36f5e8,RJ431,RJA431,RJA,RJA,A321,JY-AYV,OJAI,AMM,2025-07-12T02:19:43Z,26L,OSAP,ALP,OSAP,ALP,2025-07-12T03:07:53Z,,2890.0,619.88,505.456,,740736,2025-07-12T02:10:22Z,2025-07-12T03:07:53Z,True
3b3705c8,,LHOB292,,,C17,A7-MAP,OTBH,XJD,2025-07-12T02:47:17Z,16L,OSAP,ALP,OSAP,ALP,2025-07-12T05:22:01Z,,9284.0,2082.64,1810.81,Military_and_government,06A27D,2025-07-12T02:43:15Z,2025-07-12T05:18:13Z,True
3b374562,RJ432,RJA432,RJA,RJA,A321,JY-AYV,OSAP,ALP,,,OJAI,AMM,OJAI,AMM,2025-07-12T05:41:37Z,26R,,528.933,456.302,,740736,2025-07-12T04:56:52Z,2025-07-12T05:46:33Z,True
3b375485,,LHOB295,,,C17,A7-MAO,OSAP,ALP,2025-07-12T05:27:02Z,09L,OTBH,XJD,OTBH,XJD,2025-07-12T08:07:00Z,16L,9598.0,2117.34,1820.78,Military_and_government,06A27C,2025-07-12T05:27:46Z,2025-07-12T08:06:08Z,True
3b377f5d,6Q755,FYC755,SAW,SAW,A320,YK-BAC,OSAP,ALP,2025-07-12T06:55:32Z,,OMDW,DWC,OMDW,DWC,2025-07-12T09:50:50Z,30,10518.0,2325.06,2128.3,Passenger,778823,2025-07-12T06:56:51Z,2025-07-12T09:49:58Z,True
3b378522,,LHOB297,,,C17,A7-MAB,OSAP,ALP,2025-07-12T07:05:05Z,09L,OTBH,XJD,OTBH,XJD,2025-07-12T09:42:47Z,34R,9462.0,2113.99,1822.42,Military_and_government,06A249,2025-07-12T07:08:55Z,2025-07-12T09:42:04Z,True
3b378852,,LHOB293,,,C17,A7-MAP,OSAP,ALP,2025-07-12T07:09:36Z,09L,OTBH,XJD,OTBH,XJD,2025-07-12T09:59:54Z,34R,10218.0,4082.66,27.4285,Military_and_government,06A27D,2025-07-12T07:15:50Z,2025-07-12T14:51:58Z,True
3b37f4e7,,LHOB296,,,C17,A7-MAO,OTBH,XJD,2025-07-12T10:07:29Z,34R,OSAP,ALP,OSAP,ALP,2025-07-12T12:41:43Z,,9254.0,4259.7,4.43513,Military_and_government,06A27C,2025-07-12T10:07:57Z,2025-07-12T16:39:25Z,True
3b38272d,6Q754,FYC754,SAW,SAW,A320,YK-BAC,OMDW,DWC,2025-07-12T11:24:57Z,30,OSAP,ALP,OSAP,ALP,,,,2095.55,2020.23,Passenger,778823,2025-07-12T11:25:29Z,2025-07-12T13:55:43Z,True
3b3a96f8,RJ431,RJA431,RJA,RJA,E75S,JY-EMC,OJAI,AMM,2025-07-13T02:23:25Z,26R,OSAP,ALP,OSAP,ALP,2025-07-13T03:22:44Z,27L,3559.0,606.603,507.272,Passenger,7415A3,2025-07-13T02:22:00Z,2025-07-13T03:19:29Z,True
3b3acb91,RJ432,RJA432,RJA,RJA,E75S,JY-EMC,OSAP,ALP,2025-07-13T04:18:21Z,,OJAI,AMM,OJAI,AMM,2025-07-13T05:17:07Z,26L,3526.0,590.132,505.116,Passenger,7415A3,2025-07-13T04:20:46Z,2025-07-13T05:14:13Z,True
3b3e1807,RJ431,RJA431,RJA,RJA,A320,JY-AYU,OJAI,AMM,2025-07-14T02:13:33Z,26R,OSAP,ALP,OSAP,ALP,2025-07-14T03:15:16Z,27L,3703.0,654.156,508.054,,740735,2025-07-14T02:04:54Z,2025-07-14T03:12:20Z,True
3b3e6158,RJ432,RJA432,RJA,RJA,A320,JY-AYU,OSAP,ALP,2025-07-14T04:33:53Z,09L,OJAI,AMM,OJAI,AMM,2025-07-14T05:28:12Z,26L,3259.0,612.767,508.578,,740735,2025-07-14T04:34:55Z,2025-07-14T05:31:08Z,True
3b3ea29f,,UNO501H,IGC,IGC,CRJ2,YI-BAK,OSDI,DAM,2025-07-14T06:40:38Z,,OSAP,ALP,OSAP,ALP,2025-07-14T07:20:34Z,,2396.0,765.801,7.41219,Business_jets,72882B,2025-07-14T06:41:38Z,2025-07-14T08:15:33Z,True
3b3eba2c,RB444,SYR444,SYR,SYR,A320,YK-BAG,LTFM,IST,2025-07-14T07:38:25Z,35L,OSAP,ALP,OSAP,ALP,2025-07-14T09:00:13Z,,4908.0,1075.27,935.807,Passenger,778827,2025-07-14T07:25:14Z,2025-07-14T08:56:43Z,True
3b3f68ea,RB517,SYR517,SYR,SYR,A320,YK-BAG,OSAP,ALP,2025-07-14T11:52:17Z,,OMDB,DXB,OMDB,DXB,2025-07-14T14:36:22Z,30L,9845.0,2292.67,2098.85,Passenger,778827,2025-07-14T11:57:15Z,2025-07-14T14:36:58Z,True
3b414d59,RB445,SYR445,SYR,SYR,A320,YK-BAG,OSAP,ALP,,,LTFM,IST,LTFM,IST,2025-07-14T23:04:04Z,35R,,1003.94,913.531,Passenger,778827,2025-07-14T21:42:35Z,2025-07-14T23:18:20Z,True
3b41ddaf,RJ431,RJA431,RJA,RJA,A20N,JY-RAH,OJAI,AMM,2025-07-15T02:24:45Z,26L,OSAP,ALP,OSAP,ALP,,,,540.835,467.255,Passenger,744828,2025-07-15T01:34:32Z,2025-07-15T03:05:38Z,True
3b41e713,FCY756,FYC756,FYC,FYC,A320,YK-BAC,OMDW,DWC,2025-07-15T02:02:45Z,12,OSAP,ALP,OSAP,ALP,2025-07-15T04:52:17Z,27L,10172.0,2290.99,2115.51,Passenger,778823,2025-07-15T01:51:40Z,2025-07-15T04:48:49Z,True
3b424351,RJ432,RJA432,RJA,RJA,A20N,JY-RAH,OSAP,ALP,,,OJAI,AMM,OJAI,AMM,2025-07-15T05:42:31Z,,,632.664,470.159,Passenger,744828,2025-07-15T04:47:15Z,2025-07-15T05:50:12Z,True
3b428b07,FCY755,FYC755,FYC,FYC,A320,YK-BAC,OSAP,ALP,2025-07-15T06:59:37Z,,OMDW,DWC,OMDW,DWC,2025-07-15T09:51:19Z,30,10302.0,2359.59,2129.1,Passenger,778823,2025-07-15T07:00:46Z,2025-07-15T09:50:33Z,True
3b43366c,FCY754,FYC754,FYC,FYC,A320,YK-BAC,OMDW,DWC,2025-07-15T11:30:14Z,30,OSAP,ALP,OSAP,ALP,,,,2077.63,1999.1,Passenger,778823,2025-07-15T11:30:46Z,2025-07-15T14:02:33Z,True
3b43b930,RJ433,RJA433,RJA,RJA,E290,JY-REE,OJAI,AMM,2025-07-15T13:54:31Z,26R,OSAP,ALP,OSAP,ALP,,,,578.448,497.395,Passenger,7448A5,2025-07-15T13:53:32Z,2025-07-15T14:38:35Z,True
3b442acc,RJ434,RJA434,RJA,RJA,E290,JY-REE,OSAP,ALP,2025-07-15T15:47:31Z,09L,OJAI,AMM,OJAI,AMM,2025-07-15T16:38:53Z,26R,3082.0,532.928,501.536,Passenger,7448A5,2025-07-15T15:51:31Z,2025-07-15T16:39:06Z,True
3b45eb6e,RJ431,RJA431,RJA,RJA,A321,JY-AYV,OJAI,AMM,2025-07-16T02:21:47Z,26L,OSAP,ALP,OSAP,ALP,2025-07-16T03:18:03Z,,3376.0,647.121,509.516,,740736,2025-07-16T02:10:12Z,2025-07-16T03:13:58Z,True
3b463d5c,RJ432,RJA432,RJA,RJA,A321,JY-AYV,OSAP,ALP,2025-07-16T04:31:52Z,09L,OJAI,AMM,OJAI,AMM,2025-07-16T05:29:39Z,26R,3467.0,593.967,487.298,,740736,2025-07-16T04:36:38Z,2025-07-16T05:34:25Z,True
3b49eefe,RJ431,RJA431,RJA,RJA,A321,JY-AYT,OJAI,AMM,2025-07-17T02:28:41Z,26L,OSAP,ALP,OSAP,ALP,2025-07-17T03:29:09Z,27L,3628.0,674.443,508.617,Passenger,740734,2025-07-17T02:16:48Z,2025-07-17T03:26:21Z,True
3b4a41c7,RJ432,RJA432,RJA,RJA,A321,JY-AYT,OSAP,ALP,2025-07-17T04:50:15Z,,OJAI,AMM,OJAI,AMM,2025-07-17T05:52:32Z,26L,3737.0,649.53,507.646,Passenger,740734,2025-07-17T04:52:45Z,2025-07-17T05:56:18Z,True
3b4a445f,,LHOB295,,,C17,A7-MAC,OTBH,XJD,2025-07-17T04:55:12Z,16L,OSAP,ALP,OSAP,ALP,2025-07-17T07:39:10Z,,9838.0,4250.66,7.64128,Military_and_government,06A255,2025-07-17T04:56:34Z,2025-07-17T13:34:26Z,True
3b4a834d,,UNO501H,IGC,IGC,CRJ2,YI-BAK,OSDI,DAM,2025-07-17T06:52:06Z,,OSAP,ALP,OSAP,ALP,2025-07-17T07:31:56Z,,2390.0,690.59,22.7892,Business_jets,72882B,2025-07-17T06:56:42Z,2025-07-17T08:16:56Z,True
3b4a9634,RJ433,RJA433,RJA,RJA,E75S,JY-EMC,OJAI,AMM,2025-07-17T07:31:50Z,26R,OSAP,ALP,OSAP,ALP,2025-07-17T08:34:09Z,,3739.0,638.033,507.372,Passenger,7415A3,2025-07-17T07:30:24Z,2025-07-17T08:30:28Z,True
3b4ae685,RJ434,RJA434,RJA,RJA,E75S,JY-EMC,OSAP,ALP,2025-07-17T09:42:36Z,09L,OJAI,AMM,OJAI,AMM,2025-07-17T10:41:28Z,26R,3532.0,600.889,500.913,Passenger,7415A3,2025-07-17T09:44:08Z,2025-07-17T10:41:35Z,True
3b4e156b,RJ431,RJA431,RJA,RJA,E295,JY-REB,OJAI,AMM,2025-07-18T02:31:52Z,26R,OSAP,ALP,OSAP,ALP,,,,659.467,483.737,Passenger,7448A2,2025-07-18T02:30:29Z,2025-07-18T03:23:10Z,True
3b4e2df8,,LHOB296,,,C17,A7-MAP,OTBH,XJD,2025-07-18T05:59:59Z,34R,OSAP,ALP,OSAP,ALP,2025-07-18T08:40:49Z,27L,9650.0,2096.67,1815.03,Military_and_government,06A27D,2025-07-18T03:17:43Z,2025-07-18T08:37:44Z,True
3b4e42fd,,LHOB295,,,C17,A7-MAC,OTBH,XJD,2025-07-18T06:38:05Z,34R,OSAP,ALP,OSAP,ALP,,,,2013.77,1820.21,Military_and_government,06A255,2025-07-18T04:05:42Z,2025-07-18T09:02:35Z,True
3b4e5dec,RJ432,RJA432,RJA,RJA,E295,JY-REB,OSAP,ALP,,,OJAI,AMM,OJAI,AMM,2025-07-18T05:38:56Z,26L,,612.946,481.395,Passenger,7448A2,2025-07-18T04:48:03Z,2025-07-18T05:41:45Z,True
3b523a2b,FCY756,FYC756,FYC,FYC,A320,YK-BAC,OMDW,DWC,2025-07-19T01:55:52Z,,OSAP,ALP,OSAP,ALP,2025-07-19T04:51:56Z,27R,10564.0,2327.72,2114.73,Passenger,778823,2025-07-19T01:49:01Z,2025-07-19T04:48:38Z,True
3b52473f,RJ431,RJA431,RJA,RJA,A321,JY-AYT,OJAI,AMM,2025-07-19T02:28:50Z,26L,OSAP,ALP,OSAP,ALP,,,,566.309,447.046,Passenger,740734,2025-07-19T02:14:18Z,2025-07-19T03:11:03Z,True
3b52965f,RJ432,RJA432,RJA,RJA,A321,JY-AYT,OSAP,ALP,,,OJAI,AMM,OJAI,AMM,2025-07-19T05:43:12Z,26L,,549.781,445.256,Passenger,740734,2025-07-19T04:56:37Z,2025-07-19T05:46:26Z,True
3b52cdf1,FCY755,FYC755,FYC,FYC,A320,YK-BAC,OSAP,ALP,2025-07-19T06:50:34Z,,OMDW,DWC,OMDW,DWC,2025-07-19T09:42:02Z,30,10288.0,2334.79,2127.39,Passenger,778823,2025-07-19T06:51:38Z,2025-07-19T09:41:02Z,True
3b536c62,FCY754,FYC754,FYC,FYC,A320,YK-BAC,OMDW,DWC,2025-07-19T11:10:22Z,30,OSAP,ALP,OSAP,ALP,,,,2094.23,2021.13,Passenger,778823,2025-07-19T11:10:49Z,2025-07-19T13:46:44Z,True
3b55df2e,RJ431,RJA431,RJA,RJA,A321,JY-AYV,OJAI,AMM,2025-07-20T02:23:57Z,26L,OSAP,ALP,OSAP,ALP,2025-07-20T03:19:51Z,,3354.0,580.533,491.479,,740736,2025-07-20T01:44:01Z,2025-07-20T03:10:59Z,True
3b56367c,RJ432,RJA432,RJA,RJA,A321,JY-AYV,OSAP,ALP,,,OJAI,AMM,OJAI,AMM,2025-07-20T05:41:44Z,26L,,566.357,469.948,,740736,2025-07-20T04:49:53Z,2025-07-20T05:44:05Z,True
3b5968df,RJ431,RJA431,RJA,RJA,A320,JY-AYS,OJAI,AMM,2025-07-21T02:20:27Z,26L,OSAP,ALP,OSAP,ALP,2025-07-21T03:14:50Z,27L,3263.0,607.671,508.589,Passenger,740733,2025-07-21T02:08:29Z,2025-07-21T03:11:30Z,True
3b59b10a,RJ432,RJA432,RJA,RJA,A320,JY-AYS,OSAP,ALP,2025-07-21T04:40:59Z,,OJAI,AMM,OJAI,AMM,2025-07-21T05:34:04Z,26L,3185.0,583.272,507.221,Passenger,740733,2025-07-21T04:42:07Z,2025-07-21T05:36:51Z,True
3b59f66d,RB444,SYR444,SYR,SYR,A320,YK-BAG,LTFM,IST,2025-07-21T07:33:31Z,34L,OSAP,ALP,OSAP,ALP,2025-07-21T09:11:58Z,,5907.0,1121.65,938.448,Passenger,778827,2025-07-21T07:02:47Z,2025-07-21T08:54:13Z,True
3b5a0df9,,UNO501H,IGC,IGC,CRJ2,YI-BAK,OSDI,DAM,2025-07-21T07:44:51Z,,OSAP,ALP,OSAP,ALP,2025-07-21T08:27:37Z,,2566.0,363.356,303.838,Business_jets,72882B,2025-07-21T07:48:20Z,2025-07-21T08:20:11Z,True
3b5a2bcb,,UNO501H,IGC,IGC,CRJ2,YI-BAK,OSAP,ALP,2025-07-21T08:43:54Z,27R,OSDI,DAM,OSDI,DAM,2025-07-21T09:22:36Z,,2322.0,331.491,296.227,Business_jets,72882B,2025-07-21T08:45:39Z,2025-07-21T09:15:29Z,True
3b5ab894,RB517,SYR517,SYR,SYR,A320,YK-BAG,OSAP,ALP,,,OMDB,DXB,OMDB,DXB,2025-07-21T15:04:57Z,30L,,2270.59,2093.44,Passenger,778827,2025-07-21T12:15:26Z,2025-07-21T15:04:57Z,True
3b5c9357,RB445,SYR445,SYR,SYR,A320,YK-BAG,OSAP,ALP,2025-07-21T21:54:39Z,,LTFM,IST,LTFM,IST,2025-07-21T23:26:51Z,35R,5532.0,1096.02,928.105,Passenger,778827,2025-07-21T21:56:14Z,2025-07-21T23:43:58Z,True
3b5d289d,FCY756,FYC756,FYC,FYC,A320,YK-BAA,OMDW,DWC,2025-07-22T01:54:28Z,12,OSAP,ALP,OSAP,ALP,2025-07-22T04:43:09Z,,10121.0,2289.44,2119.78,Passenger,778821,2025-07-22T01:53:10Z,2025-07-22T04:40:49Z,True
3b5d37c3,RJ431,RJA431,RJA,RJA,A320,JY-AYR,OJAI,AMM,2025-07-22T02:19:29Z,26L,OSAP,ALP,OSAP,ALP,2025-07-22T03:11:35Z,,3126.0,593.001,522.037,Passenger,740732,2025-07-22T02:20:18Z,2025-07-22T03:08:30Z,True
3b5d7bf2,RJ432,RJA432,RJA,RJA,A320,JY-AYR,OSAP,ALP,2025-07-22T04:33:56Z,27R,OJAI,AMM,OJAI,AMM,2025-07-22T05:20:03Z,26L,2767.0,552.558,507.676,Passenger,740732,2025-07-22T04:34:18Z,2025-07-22T05:23:36Z,True
3b5dc18d,FCY755,FYC755,FYC,FYC,A320,YK-BAA,OSAP,ALP,2025-07-22T06:51:32Z,,OMDW,DWC,OMDW,DWC,2025-07-22T09:44:26Z,30,10374.0,2315.27,2124.65,Passenger,778821,2025-07-22T06:52:09Z,2025-07-22T09:48:34Z,True
3b5dd713,RJ433,RJA433,RJA,RJA,E75S,JY-EMC,OJAI,AMM,2025-07-22T07:34:11Z,26R,OSAP,ALP,OSAP,ALP,2025-07-22T08:36:06Z,,3715.0,632.703,508.633,Passenger,7415A3,2025-07-22T07:33:19Z,2025-07-22T08:32:12Z,True
3b5e1d1a,RJ434,RJA434,RJA,RJA,E75S,JY-EMC,OSAP,ALP,2025-07-22T09:36:44Z,,OJAI,AMM,OJAI,AMM,2025-07-22T10:33:56Z,26R,3432.0,583.882,502.821,Passenger,7415A3,2025-07-22T09:38:55Z,2025-07-22T10:34:16Z,True
3b5e572f,FCY754,FYC754,FYC,FYC,A320,YK-BAA,OMDW,DWC,2025-07-22T11:11:42Z,30,OSAP,ALP,OSAP,ALP,,,,2094.52,2022.93,Passenger,778821,2025-07-22T11:06:28Z,2025-07-22T13:43:42Z,True
3b613a70,RJ431,RJA431,RJA,RJA,A320,JY-AYU,OJAI,AMM,2025-07-23T02:26:39Z,26L,OSAP,ALP,OSAP,ALP,2025-07-23T03:24:30Z,27L,3471.0,679.555,507.982,,740735,2025-07-23T02:14:13Z,2025-07-23T03:22:15Z,True
3b618779,RJ432,RJA432,RJA,RJA,A320,JY-AYU,OSAP,ALP,2025-07-23T04:40:05Z,,OJAI,AMM,OJAI,AMM,2025-07-23T05:41:05Z,26L,3660.0,635.536,507.428,,740735,2025-07-23T04:40:41Z,2025-07-23T05:45:01Z,True
3b6560b1,RJ431,RJA431,RJA,RJA,A320,JY-AYW,OJAI,AMM,2025-07-24T02:19:53Z,26L,OSAP,ALP,OSAP,ALP,2025-07-24T03:19:48Z,,3595.0,634.442,508.123,Passenger,740737,2025-07-24T02:09:29Z,2025-07-24T03:15:41Z,True
3b65b785,RJ432,RJA432,RJA,RJA,A320,JY-AYW,OSAP,ALP,2025-07-24T04:47:39Z,,OJAI,AMM,OJAI,AMM,2025-07-24T05:44:23Z,26L,3404.0,623.424,507.756,Passenger,740737,2025-07-24T04:48:48Z,2025-07-24T05:47:44Z,True
3b65fadd,,UNO501H,IGC,IGC,CRJ2,YI-BAK,OSDI,DAM,2025-07-24T06:49:14Z,,OSAP,ALP,OSAP,ALP,,,,314.439,276.78,Business_jets,72882B,2025-07-24T06:52:19Z,2025-07-24T07:19:41Z,True
3b660839,RJ433,RJA433,RJA,RJA,E290,JY-REE,OJAI,AMM,2025-07-24T07:35:09Z,26R,OSAP,ALP,OSAP,ALP,,,,544.102,467.462,Passenger,7448A5,2025-07-24T07:18:15Z,2025-07-24T08:20:20Z,True
3b661b57,,UNO501H,IGC,IGC,CRJ2,YI-BAK,OSAP,ALP,2025-07-24T07:48:21Z,,OSDI,DAM,OSDI,DAM,2025-07-24T08:30:47Z,,2546.0,367.49,314.552,Business_jets,72882B,2025-07-24T07:49:56Z,2025-07-24T08:24:12Z,True
3b665f74,RJ434,RJA434,RJA,RJA,E290,JY-REE,OSAP,ALP,,,OJAI,AMM,OJAI,AMM,2025-07-24T10:31:19Z,26L,,556.64,481.749,Passenger,7448A5,2025-07-24T09:43:05Z,2025-07-24T10:31:25Z,True
3b699fac,RJ431,RJA431,RJA,RJA,E295,JY-REA,OJAI,AMM,2025-07-25T02:29:10Z,26R,OSAP,ALP,OSAP,ALP,,,,634.467,453.619,Passenger,7448A1,2025-07-25T02:25:09Z,2025-07-25T03:15:04Z,True
3b69cd6a,FCY723,FYC723,FYC,FYC,A320,YK-BAA,OSAP,ALP,2025-07-25T03:49:39Z,,OMDB,DXB,OMDB,DXB,2025-07-25T06:36:13Z,12L,9994.0,2327.28,2114.4,Passenger,778821,2025-07-25T03:50:50Z,2025-07-25T06:36:36Z,True
3b69eb0c,RJ432,RJA432,RJA,RJA,E295,JY-REA,OSAP,ALP,,,OJAI,AMM,OJAI,AMM,2025-07-25T05:32:00Z,26R,,581.71,474.485,Passenger,7448A1,2025-07-25T04:43:04Z,2025-07-25T05:32:19Z,True
3b6d8d58,FCY756,FYC756,FYC,FYC,A320,YK-BAC,OMDW,DWC,2025-07-26T01:43:47Z,12,OSAP,ALP,OSAP,ALP,2025-07-26T04:34:25Z,,10238.0,2278.41,2122.05,Passenger,778823,2025-07-26T01:44:28Z,2025-07-26T04:32:09Z,True
3b6da3c0,RJ431,RJA431,RJA,RJA,A321,JY-AYV,OJAI,AMM,2025-07-26T02:27:13Z,26L,OSAP,ALP,OSAP,ALP,,,,568.708,470.68,,740736,2025-07-26T02:24:10Z,2025-07-26T03:09:23Z,True
3b6e240d,FCY755,FYC755,FYC,FYC,A320,YK-BAC,OSAP,ALP,2025-07-26T06:51:26Z,,OMDW,DWC,OMDW,DWC,2025-07-26T09:47:30Z,30,10564.0,2311.17,2121.13,Passenger,778823,2025-07-26T06:53:59Z,2025-07-26T09:47:30Z,True
3b6ec645,FCY754,FYC754,FYC,FYC,A320,YK-BAC,OMDW,DWC,2025-07-26T11:21:39Z,30,OSAP,ALP,OSAP,ALP,,,,2094.96,2025.14,Passenger,778823,2025-07-26T11:22:43Z,2025-07-26T13:53:33Z,True
3b714043,RJ431,RJA431,RJA,RJA,A321,JY-AYT,OJAI,AMM,2025-07-27T02:26:22Z,26L,OSAP,ALP,OSAP,ALP,2025-07-27T03:24:41Z,,3499.0,635.38,515.315,Passenger,740734,2025-07-27T02:15:49Z,2025-07-27T03:20:36Z,True
3b7182e9,RJ432,RJA432,RJA,RJA,A321,JY-AYT,OSAP,ALP,,,OJAI,AMM,OJAI,AMM,2025-07-27T05:40:30Z,26L,,600.535,462.517,Passenger,740734,2025-07-27T04:46:02Z,2025-07-27T05:42:47Z,True
3b74cabf,RJ431,RJA431,RJA,RJA,A321,JY-AYV,OJAI,AMM,2025-07-28T02:25:36Z,26L,OSAP,ALP,OSAP,ALP,,,,535.301,448.815,,740736,2025-07-28T02:14:53Z,2025-07-28T03:07:21Z,True
3b75051b,,J14,,,BTB2,TC-J14,OSAP,ALP,,,,,,,,,,115.282,31.2275,Military_and_government,4B8334,2025-07-28T04:10:54Z,2025-07-28T04:55:11Z,True
3b751952,RJ432,RJA432,RJA,RJA,A321,JY-AYV,OSAP,ALP,,,OJAI,AMM,OJAI,AMM,2025-07-28T05:40:28Z,26L,,573.106,471.084,,740736,2025-07-28T04:51:15Z,2025-07-28T05:43:59Z,True
3b753f35,RB444,SYR444,SYR,SYR,A320,YK-BAG,LTFM,IST,2025-07-28T07:31:58Z,36,OSAP,ALP,OSAP,ALP,2025-07-28T08:54:05Z,,4927.0,1039.82,927.223,Passenger,778827,2025-07-28T06:07:47Z,2025-07-28T08:47:00Z,True
3b7558f8,,UNO501H,IGC,IGC,CRJ2,YI-BAK,OSDI,DAM,2025-07-28T06:56:50Z,,OSAP,ALP,OSAP,ALP,,,,330.509,273.088,Business_jets,72882B,2025-07-28T06:59:49Z,2025-07-28T07:28:36Z,True
3b75764b,,UNO501H,IGC,IGC,CRJ2,YI-BAK,OSAP,ALP,2025-07-28T07:55:24Z,,OSDI,DAM,OSDI,DAM,2025-07-28T08:39:46Z,,2662.0,395.831,313.782,Business_jets,72882B,2025-07-28T07:57:14Z,2025-07-28T08:33:01Z,True
3b7816ec,RB445,SYR445,SYR,SYR,A320,YK-BAG,OSAP,ALP,,,LTFM,IST,LTFM,IST,2025-07-28T23:11:41Z,35R,,996.995,912.038,Passenger,778827,2025-07-28T21:49:04Z,2025-07-28T23:25:14Z,True
3b78b998,RJ431,RJA431,RJA,RJA,A320,JY-AYU,OJAI,AMM,2025-07-29T02:18:06Z,26R,OSAP,ALP,OSAP,ALP,2025-07-29T03:16:40Z,,3514.0,629.162,511.187,,740735,2025-07-29T02:05:09Z,2025-07-29T03:14:05Z,True
3b78bbbd,FCY756,FYC756,FYC,FYC,A320,YK-BAC,OMDW,DWC,2025-07-29T02:08:20Z,12,OSAP,ALP,OSAP,ALP,2025-07-29T04:57:40Z,27R,10160.0,2297.59,2121.68,Passenger,778823,2025-07-29T02:09:18Z,2025-07-29T04:55:14Z,True
3b7908f0,RJ432,RJA432,RJA,RJA,A320,JY-AYU,OSAP,ALP,2025-07-29T04:33:23Z,,OJAI,AMM,OJAI,AMM,2025-07-29T05:24:16Z,26L,3053.0,582.945,507.676,,740735,2025-07-29T04:34:33Z,2025-07-29T05:27:13Z,True
3b795739,FCY755,FYC755,FYC,FYC,A320,YK-BAC,OSAP,ALP,2025-07-29T07:01:27Z,,OMDW,DWC,OMDW,DWC,2025-07-29T10:00:37Z,30,10750.0,2349.25,2125.44,Passenger,778823,2025-07-29T07:02:25Z,2025-07-29T10:00:37Z,True
3b796c25,RJ433,RJA433,RJA,RJA,E75S,JY-EMD,OJAI,AMM,2025-07-29T07:41:41Z,26R,OSAP,ALP,OSAP,ALP,2025-07-29T08:39:50Z,,3489.0,598.785,504.178,Passenger,7415A4,2025-07-29T07:41:07Z,2025-07-29T08:34:56Z,True
3b79b422,RJ434,RJA434,RJA,RJA,E75S,JY-EMD,OSAP,ALP,2025-07-29T09:44:30Z,,OJAI,AMM,OJAI,AMM,2025-07-29T10:39:36Z,26R,3306.0,578.434,502.746,Passenger,7415A4,2025-07-29T09:46:03Z,2025-07-29T10:39:39Z,True
3b79fe9c,FCY754,FYC754,FYC,FYC,A320,YK-BAC,OMDW,DWC,2025-07-29T11:30:06Z,30,OSAP,ALP,OSAP,ALP,,,,2095.78,2020.28,Passenger,778823,2025-07-29T11:30:36Z,2025-07-29T13:59:33Z,True
3b7cd488,RJ431,RJA431,RJA,RJA,A20N,JY-RAK,OJAI,AMM,2025-07-30T02:26:00Z,26L,OSAP,ALP,OSAP,ALP,2025-07-30T03:22:52Z,,3412.0,623.383,508.075,Passenger,74482B,2025-07-30T02:12:11Z,2025-07-30T03:19:52Z,True
3b7d2010,RJ432,RJA432,RJA,RJA,A20N,JY-RAK,OSAP,ALP,2025-07-30T04:34:37Z,27L,OJAI,AMM,OJAI,AMM,2025-07-30T05:27:09Z,26L,3152.0,588.648,507.577,Passenger,74482B,2025-07-30T04:34:58Z,2025-07-30T05:30:25Z,True
3b80febc,RJ431,RJA431,RJA,RJA,A321,JY-AYV,OJAI,AMM,2025-07-31T02:36:27Z,26L,OSAP,ALP,OSAP,ALP,2025-07-31T03:28:59Z,,3152.0,566.8,490.185,,740736,2025-07-31T02:23:39Z,2025-07-31T03:22:56Z,True
3b8155a3,RJ432,RJA432,RJA,RJA,A321,JY-AYV,OSAP,ALP,,,OJAI,AMM,OJAI,AMM,2025-07-31T05:55:54Z,26L,,568.985,437.546,,740736,2025-07-31T05:08:43Z,2025-07-31T06:00:26Z,True
3b818f40,,UNO501H,IGC,IGC,CRJ2,YI-BAK,OSDI,DAM,2025-07-31T06:58:22Z,,OSAP,ALP,OSAP,ALP,,,,317.994,255.228,Business_jets,72882B,2025-07-31T06:59:17Z,2025-07-31T07:28:35Z,True
3b81aa77,RJ433,RJA433,RJA,RJA,A20N,JY-RAE,OJAI,AMM,2025-07-31T07:59:59Z,26R,OSAP,ALP,OSAP,ALP,2025-07-31T08:52:56Z,,3177.0,643.618,494.775,Passenger,744825,2025-07-31T07:46:44Z,2025-07-31T08:46:40Z,True
3b81b506,,UNO501H,IGC,IGC,CRJ2,YI-BAK,OSAP,ALP,2025-07-31T08:00:41Z,27L,OSDI,DAM,OSDI,DAM,2025-07-31T08:37:57Z,,2236.0,324.732,294.555,Business_jets,72882B,2025-07-31T08:04:55Z,2025-07-31T08:33:37Z,True
3b81fd47,RJ434,RJA434,RJA,RJA,A20N,JY-RAE,OSAP,ALP,2025-07-31T09:59:58Z,09L,OJAI,AMM,OJAI,AMM,2025-07-31T10:53:15Z,26L,3197.0,581.859,507.286,Passenger,744825,2025-07-31T10:01:37Z,2025-07-31T10:59:03Z,True
3b852a3b,RJ431,RJA431,RJA,RJA,E295,JY-REF,OJAI,AMM,2025-08-01T02:53:13Z,26R,OSAP,ALP,OSAP,ALP,,,,606.025,488.921,Passenger,7448A6,2025-08-01T02:52:38Z,2025-08-01T03:43:25Z,True
3b856e8f,TK844,THY844,THY,THY,B739,TC-JYB,LTFM,IST,2025-08-01T05:29:39Z,35L,OSAP,ALP,OSAP,ALP,,,,1086.68,914.404,Passenger,4BAB22,2025-08-01T04:57:14Z,2025-08-01T06:50:06Z,True
3b857426,RJ432,RJA432,RJA,RJA,E295,JY-REF,OSAP,ALP,2025-08-01T05:02:23Z,,OJAI,AMM,OJAI,AMM,2025-08-01T06:07:18Z,26R,3895.0,650.467,497.758,Passenger,7448A6,2025-08-01T05:07:10Z,2025-08-01T06:07:26Z,True
3b860634,TK845,THY845,THY,THY,B739,TC-JYB,OSAP,ALP,2025-08-01T09:28:11Z,,LTFM,IST,LTFM,IST,2025-08-01T10:56:15Z,35R,5284.0,1027.21,923.998,Passenger,4BAB22,2025-08-01T09:29:51Z,2025-08-01T11:03:56Z,True
3b891b7c,FCY756,FYC756,FYC,FYC,A320,YK-BAC,OMDW,DWC,2025-08-02T01:45:52Z,12,OSAP,ALP,OSAP,ALP,2025-08-02T04:35:54Z,27R,10202.0,2277.19,2116.33,Passenger,778823,2025-08-02T01:46:21Z,2025-08-02T04:32:43Z,True
3b893a63,RJ431,RJA431,RJA,RJA,A321,JY-AYT,OJAI,AMM,2025-08-02T02:52:50Z,26L,OSAP,ALP,OSAP,ALP,2025-08-02T03:47:06Z,,3256.0,571.555,490.603,Passenger,740734,2025-08-02T02:43:09Z,2025-08-02T03:38:46Z,True
3b894a66,VF340,TKJ340,TKJ,TKJ,B738,TC-JHA,LTFJ,SAW,2025-08-02T03:38:34Z,06L,OSAP,ALP,OSAP,ALP,,,,958.536,841.305,Passenger,4BA901,2025-08-02T03:15:35Z,2025-08-02T04:52:37Z,True
3b89824c,RJ432,RJA432,RJA,RJA,A321,JY-AYT,OSAP,ALP,,,OJAI,AMM,OJAI,AMM,2025-08-02T05:57:47Z,26L,,536.999,443.624,Passenger,740734,2025-08-02T05:09:22Z,2025-08-02T06:00:36Z,True
3b89b6c2,FCY755,FYC755,FYC,FYC,A320,YK-BAC,OSAP,ALP,2025-08-02T07:01:22Z,,OMDW,DWC,OMDW,DWC,2025-08-02T09:55:02Z,30,10420.0,2355.65,2125.28,Passenger,778823,2025-08-02T07:02:36Z,2025-08-02T09:54:19Z,True
3b8a019d,VF341,TKJ341,TKJ,TKJ,B738,TC-JHA,OSAP,ALP,,,LTFJ,SAW,LTFJ,SAW,2025-08-02T10:40:05Z,06L,,1111.94,853.824,Passenger,4BA901,2025-08-02T09:19:02Z,2025-08-02T10:38:50Z,True
3b8a5486,FCY754,FYC754,FYC,FYC,A320,YK-BAC,OMDW,DWC,2025-08-02T11:24:52Z,30,OSAP,ALP,OSAP,ALP,,,,2095.15,2026.28,Passenger,778823,2025-08-02T11:25:19Z,2025-08-02T13:54:24Z,True
3b8ca1a9,FCY755,FYC755,FYC,FYC,A320,YK-BAA,OSAP,ALP,,,OMDW,DWC,OMDW,DWC,2025-08-03T02:59:36Z,12,,2215.02,2069.06,Passenger,778821,2025-08-03T00:15:23Z,2025-08-03T03:03:00Z,True
3b8ced54,RJ431,RJA431,RJA,RJA,A320,JY-AYS,OJAI,AMM,2025-08-03T02:50:51Z,26L,OSAP,ALP,OSAP,ALP,,,,558.665,436.695,Passenger,740733,2025-08-03T02:41:14Z,2025-08-03T03:31:34Z,True
3b8d222a,FCY754,FYC754,FYC,FYC,A320,YK-BAA,OMDW,DWC,2025-08-03T04:35:15Z,12,OSAP,ALP,OSAP,ALP,,,,2226.76,1979.99,Passenger,778821,2025-08-03T04:35:54Z,2025-08-03T07:11:16Z,True
3b8d2728,TK844,THY844,THY,THY,B739,TC-JYF,LTFM,IST,2025-08-03T05:20:42Z,36,OSAP,ALP,OSAP,ALP,,,,1075.6,928.657,Passenger,4BAB26,2025-08-03T04:47:04Z,2025-08-03T06:39:59Z,True
3b8d2fb3,RJ432,RJA432,RJA,RJA,A320,JY-AYS,OSAP,ALP,2025-08-03T05:02:48Z,,OJAI,AMM,OJAI,AMM,2025-08-03T05:58:59Z,26R,3371.0,606.127,490.823,Passenger,740733,2025-08-03T05:06:58Z,2025-08-03T06:02:33Z,True
3b8da75c,TK845,THY845,THY,THY,B739,TC-JYF,OSAP,ALP,2025-08-03T09:01:57Z,,LTFM,IST,LTFM,IST,2025-08-03T10:38:58Z,35R,5821.0,1081.45,927.682,Passenger,4BAB26,2025-08-03T09:08:25Z,2025-08-03T10:48:29Z,True
3b9096b6,RJ431,RJA431,RJA,RJA,A321,JY-AYT,OJAI,AMM,2025-08-04T03:05:21Z,26L,OSAP,ALP,OSAP,ALP,2025-08-04T04:03:37Z,27L,3496.0,619.904,508.833,Passenger,740734,2025-08-04T02:56:10Z,2025-08-04T04:00:51Z,True
3b90ad8b,VF340,TKJ340,TKJ,TKJ,B738,TC-JHA,LTFJ,SAW,2025-08-04T04:11:15Z,06L,OSAP,ALP,OSAP,ALP,,,,954.109,846.901,Passenger,4BA901,2025-08-04T03:46:27Z,2025-08-04T05:23:19Z,True
3b90df7a,RJ432,RJA432,RJA,RJA,A321,JY-AYT,OSAP,ALP,,,OJAI,AMM,OJAI,AMM,2025-08-04T06:11:11Z,26L,,517.237,460.866,Passenger,740734,2025-08-04T05:23:51Z,2025-08-04T06:27:56Z,True
3b90f86c,RB444,SYR444,SYR,SYR,A320,YK-BAG,LTFM,IST,2025-08-04T06:20:03Z,35L,OSAP,ALP,OSAP,ALP,,,,1020.48,913.499,Passenger,778827,2025-08-04T06:14:38Z,2025-08-04T07:34:05Z,True
3b910ada,,UNO501H,IGC,IGC,CRJ2,YI-BAK,OSDI,DAM,2025-08-04T06:51:20Z,,OSAP,ALP,OSAP,ALP,,,,301.056,277.414,Business_jets,72882B,2025-08-04T06:51:32Z,2025-08-04T07:18:52Z,True
3b911936,VF341,TKJ341,TKJ,TKJ,B738,TC-JHA,OSAP,ALP,,,LTFJ,SAW,LTFJ,SAW,2025-08-04T08:36:48Z,06R,,954.651,851.839,Passenger,4BA901,2025-08-04T07:18:58Z,2025-08-04T08:47:29Z,True
3b91286f,,UNO501H,IGC,IGC,CRJ2,YI-BAK,OSAP,ALP,2025-08-04T07:44:50Z,09R,OSDI,DAM,OSDI,DAM,2025-08-04T08:26:31Z,,2501.0,370.812,310.879,Business_jets,72882B,2025-08-04T07:46:35Z,2025-08-04T08:20:07Z,True
3b916b0c,RB517,SYR517,SYR,SYR,A320,YK-BAG,OSAP,ALP,2025-08-04T09:43:13Z,,OMDB,DXB,OMDB,DXB,2025-08-04T12:36:13Z,30L,10380.0,2324.27,2119.16,Passenger,778827,2025-08-04T09:44:34Z,2025-08-04T12:35:23Z,True
3b937f2d,RB445,SYR445,SYR,SYR,A320,YK-BAG,OSAP,ALP,,,LTFM,IST,LTFM,IST,2025-08-04T21:38:17Z,35R,,1004.94,913.356,Passenger,778827,2025-08-04T20:18:40Z,2025-08-04T21:53:18Z,True
3b94573d,FCY756,FYC756,FYC,FYC,A320,YK-BAC,OMDW,DWC,2025-08-05T01:43:12Z,12,OSAP,ALP,OSAP,ALP,2025-08-05T04:26:25Z,,9793.0,2302.45,2110.82,Passenger,778823,2025-08-05T01:41:23Z,2025-08-05T04:30:26Z,True
3b9477ce,RJ431,RJA431,RJA,RJA,A320,JY-AYU,OJAI,AMM,2025-08-05T02:55:59Z,26L,OSAP,ALP,OSAP,ALP,2025-08-05T03:50:32Z,,3273.0,567.304,494.42,,740735,2025-08-05T02:40:52Z,2025-08-05T03:41:25Z,True
3b947a2c,VF340,TKJ340,TKJ,TKJ,B738,TC-JHA,LTFJ,SAW,2025-08-05T03:40:02Z,06L,OSAP,ALP,OSAP,ALP,,,,998.527,846.882,Passenger,4BA901,2025-08-05T02:45:24Z,2025-08-05T04:56:55Z,True
3b94c5e6,RJ432,RJA432,RJA,RJA,A320,JY-AYU,OSAP,ALP,2025-08-05T05:05:24Z,,OJAI,AMM,OJAI,AMM,2025-08-05T06:01:30Z,26L,3366.0,606.164,507.216,,740735,2025-08-05T05:07:42Z,2025-08-05T06:04:40Z,True
3b94fecc,VF341,TKJ341,TKJ,TKJ,B738,TC-JHA,OSAP,ALP,,,LTFJ,SAW,LTFJ,SAW,2025-08-05T08:13:00Z,06R,,1004.26,851.425,Passenger,4BA901,2025-08-05T06:54:29Z,2025-08-05T08:24:08Z,True
3b9502c8,FCY755,FYC755,FYC,FYC,A320,YK-BAC,OSAP,ALP,2025-08-05T07:00:49Z,,OMDW,DWC,OMDW,DWC,2025-08-05T09:56:48Z,30,10559.0,2325.75,2126.92,Passenger,778823,2025-08-05T07:01:54Z,2025-08-05T09:55:58Z,True
3b952371,RJ433,RJA433,RJA,RJA,A320,JY-AYR,OJAI,AMM,2025-08-05T07:56:41Z,26L,OSAP,ALP,OSAP,ALP,,,,578.986,484.905,Passenger,740732,2025-08-05T07:57:32Z,2025-08-05T08:41:31Z,True
3b956dea,RJ434,RJA434,RJA,RJA,A320,JY-AYR,OSAP,ALP,2025-08-05T09:57:27Z,09L,OJAI,AMM,OJAI,AMM,2025-08-05T10:49:02Z,26R,3095.0,563.089,503.627,Passenger,740732,2025-08-05T09:58:44Z,2025-08-05T10:56:53Z,True
3b95ab18,FCY754,FYC754,FYC,FYC,A320,YK-BAC,OMDW,DWC,2025-08-05T11:23:17Z,30,OSAP,ALP,OSAP,ALP,,,,2069.14,2005.36,Passenger,778823,2025-08-05T11:24:10Z,2025-08-05T13:52:41Z,True
3b988b65,RJ431,RJA431,RJA,RJA,A320,JY-AYS,OJAI,AMM,2025-08-06T02:37:39Z,26L,OSAP,ALP,OSAP,ALP,,,,664.242,429.383,Passenger,740733,2025-08-06T02:27:55Z,2025-08-06T03:16:27Z,True
3b98a503,VF340,TKJ340,TKJ,TKJ,B738,TC-JGY,LTFJ,SAW,2025-08-06T03:34:16Z,06L,OSAP,ALP,OSAP,ALP,,,,968.655,849.702,Passenger,4BA8F9,2025-08-06T03:14:54Z,2025-08-06T04:49:11Z,True
3b98d9ef,RJ432,RJA432,RJA,RJA,A320,JY-AYS,OSAP,ALP,,,OJAI,AMM,OJAI,AMM,2025-08-06T05:51:54Z,26L,,669.703,505.469,Passenger,740733,2025-08-06T04:55:15Z,2025-08-06T05:55:18Z,True
3b98de4a,TK844,THY844,THY,THY,B739,TC-JYF,LTFM,IST,2025-08-06T05:36:54Z,36,OSAP,ALP,OSAP,ALP,,,,1062.24,921.009,Passenger,4BAB26,2025-08-06T05:03:02Z,2025-08-06T06:55:57Z,True
3b990bb5,VF341,TKJ341,TKJ,TKJ,B738,TC-JGY,OSAP,ALP,,,LTFJ,SAW,LTFJ,SAW,2025-08-06T07:42:58Z,06R,,939.952,854.591,Passenger,4BA8F9,2025-08-06T06:28:05Z,2025-08-06T07:53:53Z,True
3b996ed8,TK845,THY845,THY,THY,B739,TC-JYF,OSAP,ALP,2025-08-06T09:04:38Z,27R,LTFM,IST,LTFM,IST,2025-08-06T10:37:40Z,35R,5582.0,1094.09,922.632,Passenger,4BAB26,2025-08-06T09:05:54Z,2025-08-06T10:58:12Z,True
3b9cdddd,RJ431,RJA431,RJA,RJA,A320,JY-AYR,OJAI,AMM,2025-08-07T02:56:56Z,,OSAP,ALP,OSAP,ALP,,,,554.875,476.756,Passenger,740732,2025-08-07T02:58:30Z,2025-08-07T03:43:57Z,True
3b9ce996,VF340,TKJ340,TKJ,TKJ,B738,TC-JHD,LTFJ,SAW,2025-08-07T03:57:22Z,24L,OSAP,ALP,OSAP,ALP,,,,1045.75,862.557,Passenger,4BA904,2025-08-07T03:22:27Z,2025-08-07T05:14:18Z,True
3b9d2f00,RJ432,RJA432,RJA,RJA,A320,JY-AYR,OSAP,ALP,2025-08-07T05:22:54Z,09L,OJAI,AMM,OJAI,AMM,2025-08-07T06:16:25Z,26L,3211.0,572.059,505.72,Passenger,740732,2025-08-07T05:24:20Z,2025-08-07T06:19:17Z,True
3b9d5993,VF341,TKJ341,TKJ,TKJ,B738,TC-JHD,OSAP,ALP,,,LTFJ,SAW,LTFJ,SAW,2025-08-07T08:09:33Z,06R,,1100.17,856.401,Passenger,4BA904,2025-08-07T06:40:09Z,2025-08-07T08:20:04Z,True
3b9d5da7,,UNO501H,IGC,IGC,CRJ2,YI-BAK,OSDI,DAM,2025-08-07T06:44:22Z,,OSAP,ALP,OSAP,ALP,2025-08-07T07:26:40Z,,2538.0,372.026,303.4,Business_jets,72882B,2025-08-07T06:45:38Z,2025-08-07T07:19:31Z,True
3b9d7e6d,RJ433,RJA433,RJA,RJA,E290,JY-REE,OJAI,AMM,2025-08-07T07:37:48Z,26R,OSAP,ALP,OSAP,ALP,,,,567.865,454.259,Passenger,7448A5,2025-08-07T07:37:50Z,2025-08-07T08:23:53Z,True
3b9d93ff,,UNO501H,IGC,IGC,CRJ2,YI-BAK,OSAP,ALP,2025-08-07T08:05:45Z,09L,OSDI,DAM,OSDI,DAM,2025-08-07T08:46:42Z,,2457.0,348.201,296.327,Business_jets,72882B,2025-08-07T08:11:22Z,2025-08-07T08:42:48Z,True
3b9dcf4e,RJ434,RJA434,RJA,RJA,E290,JY-REE,OSAP,ALP,2025-08-07T09:35:27Z,,OJAI,AMM,OJAI,AMM,2025-08-07T10:26:44Z,26L,3077.0,591.351,507.345,Passenger,7448A5,2025-08-07T09:37:17Z,2025-08-07T10:26:44Z,True
3ba12d09,RJ431,RJA431,RJA,RJA,A321,JY-AYV,OJAI,AMM,2025-08-08T02:50:21Z,26L,OSAP,ALP,OSAP,ALP,2025-08-08T03:46:10Z,,3349.0,633.061,511.253,,740736,2025-08-08T02:42:02Z,2025-08-08T03:42:14Z,True
3ba13b6f,VF340,TKJ340,TKJ,TKJ,B738,TC-JGY,LTFJ,SAW,2025-08-08T03:32:55Z,06L,OSAP,ALP,OSAP,ALP,2025-08-08T04:57:23Z,,5068.0,1028.72,871.397,Passenger,4BA8F9,2025-08-08T03:09:09Z,2025-08-08T04:53:22Z,True
3ba174a4,TK844,THY844,THY,THY,B739,TC-JYF,LTFM,IST,2025-08-08T05:44:48Z,35L,OSAP,ALP,OSAP,ALP,2025-08-08T07:17:48Z,,5580.0,1134.19,934.196,Passenger,4BAB26,2025-08-08T04:56:53Z,2025-08-08T07:14:11Z,True
3ba17ae6,RJ432,RJA432,RJA,RJA,A321,JY-AYV,OSAP,ALP,2025-08-08T05:05:50Z,,OJAI,AMM,OJAI,AMM,2025-08-08T05:57:47Z,26L,3117.0,698.682,506.972,,740736,2025-08-08T05:07:52Z,2025-08-08T05:59:47Z,True
3ba1ab81,VF341,TKJ341,TKJ,TKJ,B738,TC-JGY,OSAP,ALP,2025-08-08T06:36:43Z,,LTFJ,SAW,LTFJ,SAW,2025-08-08T08:05:05Z,06R,5302.0,1012.36,857.475,Passenger,4BA8F9,2025-08-08T06:38:27Z,2025-08-08T08:15:55Z,True
3ba214d0,TK845,THY845,THY,THY,B739,TC-JYF,OSAP,ALP,2025-08-08T09:18:48Z,,LTFM,IST,LTFM,IST,2025-08-08T10:52:57Z,35R,5649.0,1027.4,917.048,Passenger,4BAB26,2025-08-08T09:24:11Z,2025-08-08T11:04:07Z,True
3ba539d2,FCY756,FYC756,FYC,FYC,A320,YK-BAC,OMDW,DWC,2025-08-09T01:39:10Z,12,OSAP,ALP,OSAP,ALP,2025-08-09T04:29:01Z,27L,10191.0,2293.07,2116.77,Passenger,778823,2025-08-09T01:33:06Z,2025-08-09T04:26:18Z,True
3ba55816,RJ431,RJA431,RJA,RJA,A321,JY-AYV,OJAI,AMM,2025-08-09T02:39:20Z,26L,OSAP,ALP,OSAP,ALP,,,,595.411,460.512,,740736,2025-08-09T02:28:42Z,2025-08-09T03:25:10Z,True
3ba56aa3,VF340,TKJ340,TKJ,TKJ,B738,TC-JFJ,LTFJ,SAW,2025-08-09T03:51:56Z,06L,OSAP,ALP,OSAP,ALP,,,,943.407,846.901,Passenger,4BA8CA,2025-08-09T03:25:07Z,2025-08-09T05:03:24Z,True
3ba5a1a8,RJ432,RJA432,RJA,RJA,A321,JY-AYV,OSAP,ALP,2025-08-09T05:02:08Z,09L,OJAI,AMM,OJAI,AMM,2025-08-09T05:58:41Z,26L,3393.0,609.761,506.611,,740736,2025-08-09T05:03:40Z,2025-08-09T06:03:12Z,True
3ba5dc03,VF341,TKJ341,TKJ,TKJ,B738,TC-JFJ,OSAP,ALP,2025-08-09T06:53:41Z,09L,LTFJ,SAW,LTFJ,SAW,2025-08-09T08:29:40Z,06R,5759.0,1103.57,855.973,Passenger,4BA8CA,2025-08-09T06:59:23Z,2025-08-09T08:42:06Z,True
3ba5e866,FCY755,FYC755,FYC,FYC,A320,YK-BAC,OSAP,ALP,2025-08-09T07:20:34Z,,OMDW,DWC,OMDW,DWC,2025-08-09T10:15:11Z,30,10477.0,2328.99,2123.1,Passenger,778823,2025-08-09T07:21:46Z,2025-08-09T10:14:26Z,True
3ba602fa,FCY526,FYC526,FYC,FYC,A320,YK-BAB,ORER,EBL,2025-08-09T08:06:45Z,36,OSAP,ALP,OSAP,ALP,2025-08-09T09:36:00Z,,5355.0,1054.24,590.799,Passenger,778822,2025-08-09T08:04:58Z,2025-08-09T09:32:15Z,True
3ba676c2,FCY525,FYC525,FYC,FYC,A320,YK-BAB,OSAP,ALP,2025-08-09T10:43:00Z,,ORER,EBL,ORER,EBL,2025-08-09T12:08:20Z,36,5120.0,1023.83,609.209,Passenger,778822,2025-08-09T10:44:35Z,2025-08-09T12:08:20Z,True
3ba69b5c,FCY754,FYC754,FYC,FYC,A320,YK-BAC,OMDW,DWC,2025-08-09T11:32:51Z,30,OSAP,ALP,OSAP,ALP,,,,2166.41,2038.69,Passenger,778823,2025-08-09T11:33:14Z,2025-08-09T14:15:35Z,True
3ba9049e,RJ431,RJA431,RJA,RJA,A20N,JY-RAJ,OJAI,AMM,2025-08-10T02:51:20Z,26L,OSAP,ALP,OSAP,ALP,2025-08-10T03:51:08Z,,3588.0,589.086,457.448,Passenger,74482A,2025-08-10T00:57:14Z,2025-08-10T03:42:57Z,True
3ba93731,VF340,TKJ340,TKJ,TKJ,B738,TC-JFH,LTFJ,SAW,2025-08-10T03:28:16Z,06L,OSAP,ALP,OSAP,ALP,2025-08-10T04:48:31Z,,4815.0,948.9,864.859,Passenger,4BA8C8,2025-08-10T02:46:30Z,2025-08-10T04:42:35Z,True
3ba96f10,TK844,THY844,THY,THY,B739,TC-JYF,LTFM,IST,2025-08-10T05:36:39Z,34L,OSAP,ALP,OSAP,ALP,,,,1009.37,909.675,Passenger,4BAB26,2025-08-10T04:51:00Z,2025-08-10T06:50:33Z,True
3ba9759b,RJ432,RJA432,RJA,RJA,A20N,JY-RAJ,OSAP,ALP,2025-08-10T05:03:19Z,,OJAI,AMM,OJAI,AMM,2025-08-10T06:03:26Z,26L,3607.0,662.331,506.863,Passenger,74482A,2025-08-10T05:04:21Z,2025-08-10T06:11:31Z,True
3ba98ee6,QR414,QTR414,QTR,QTR,A333,A7-AED,OTHH,DOH,2025-08-10T06:21:45Z,16R,OSAP,ALP,OSAP,ALP,2025-08-10T09:03:13Z,,9688.0,2052.29,1811.66,Passenger,06A03D,2025-08-10T05:59:00Z,2025-08-10T08:55:45Z,True
3ba992f2,VF341,TKJ341,TKJ,TKJ,B738,TC-JFH,OSAP,ALP,2025-08-10T06:06:46Z,09L,LTFJ,SAW,LTFJ,SAW,2025-08-10T07:35:34Z,06R,5328.0,1044.13,850.247,Passenger,4BA8C8,2025-08-10T06:09:12Z,2025-08-10T07:49:47Z,True
3ba9c124,RJ433,RJA433,RJA,RJA,E290,JY-REC,OJAI,AMM,2025-08-10T07:38:09Z,26L,OSAP,ALP,OSAP,ALP,2025-08-10T08:32:25Z,,3256.0,588.018,490.396,Passenger,7448A3,2025-08-10T07:38:09Z,2025-08-10T08:26:27Z,True
3baa066b,TK845,THY845,THY,THY,B739,TC-JYF,OSAP,ALP,,,LTFM,IST,LTFM,IST,2025-08-10T10:50:50Z,35R,,1017.31,917.991,Passenger,4BAB26,2025-08-10T09:25:07Z,2025-08-10T11:06:26Z,True
3baa1769,RJ434,RJA434,RJA,RJA,E290,JY-REC,OSAP,ALP,,,OJAI,AMM,OJAI,AMM,2025-08-10T10:39:14Z,26L,,578.925,478.122,Passenger,7448A3,2025-08-10T09:50:21Z,2025-08-10T10:39:41Z,True
3baa65a4,QR415,QTR415,QTR,QTR,A333,A7-AED,OSAP,ALP,,,OTHH,DOH,OTHH,DOH,2025-08-10T14:15:02Z,16R,,2083.1,1810.9,Passenger,06A03D,2025-08-10T11:40:41Z,2025-08-10T14:20:22Z,True
3baac1b3,,YKSYR,,,B735,YK-SYR,OSDI,DAM,2025-08-10T13:20:39Z,,OSAP,ALP,OSAP,ALP,2025-08-10T14:29:36Z,,4137.0,655.933,321.625,Passenger,77CF32,2025-08-10T13:22:06Z,2025-08-10T14:24:27Z,True
3bab5b96,,YKSYR,,,B735,YK-SYR,OSAP,ALP,2025-08-10T16:10:43Z,,OSDI,DAM,OSDI,DAM,2025-08-10T17:03:46Z,05R,3183.0,463.527,317.754,Passenger,77CF32,2025-08-10T16:11:49Z,2025-08-10T17:00:41Z,True
3babf8dd,,7,,,T134,YK-AYB,OSAP,ALP,,,,,,,,,,311.102,224.779,,778722,2025-08-10T19:30:43Z,2025-08-10T19:54:52Z,True
3bacf949,RJ431,RJA431,RJA,RJA,A20N,JY-RAB,OJAI,AMM,2025-08-11T02:47:26Z,26R,OSAP,ALP,OSAP,ALP,2025-08-11T03:46:15Z,27L,3529.0,614.364,507.63,Passenger,744822,2025-08-11T02:35:22Z,2025-08-11T03:44:08Z,True
3bad0f42,VF340,TKJ340,TKJ,TKJ,B738,TC-JFJ,LTFJ,SAW,2025-08-11T03:33:49Z,06L,OSAP,ALP,OSAP,ALP,,,,1015.24,861.104,Passenger,4BA8CA,2025-08-11T03:20:32Z,2025-08-11T04:54:20Z,True
3bad428f,RJ432,RJA432,RJA,RJA,A20N,JY-RAB,OSAP,ALP,2025-08-11T05:01:56Z,,OJAI,AMM,OJAI,AMM,2025-08-11T06:25:16Z,26L,5000.0,842.537,507.012,Passenger,744822,2025-08-11T05:02:45Z,2025-08-11T06:27:54Z,True
3bad5f68,QR414,QTR414,QTR,QTR,A333,A7-AED,OTHH,DOH,2025-08-11T06:17:23Z,16R,OSAP,ALP,OSAP,ALP,2025-08-11T08:54:13Z,,9410.0,2076.15,1818.57,Passenger,06A03D,2025-08-11T05:57:39Z,2025-08-11T08:49:57Z,True
3bad67d0,RB444,SYR444,SYR,SYR,A320,YK-BAG,LTFM,IST,2025-08-11T06:23:00Z,36,OSAP,ALP,OSAP,ALP,,,,1041.83,927.418,Passenger,778827,2025-08-11T06:13:27Z,2025-08-11T07:38:11Z,True
3bad7503,VF341,TKJ341,TKJ,TKJ,B738,TC-JFJ,OSAP,ALP,2025-08-11T06:35:54Z,09L,LTFJ,SAW,LTFJ,SAW,2025-08-11T08:07:21Z,06R,5487.0,999.964,855.734,Passenger,4BA8CA,2025-08-11T06:41:38Z,2025-08-11T08:16:12Z,True
3bad76e7,,UNO501H,IGC,IGC,CRJ2,YI-BAK,OSDI,DAM,2025-08-11T06:38:17Z,,OSAP,ALP,OSAP,ALP,2025-08-11T07:24:49Z,27R,2792.0,383.857,324.251,Business_jets,72882B,2025-08-11T06:42:03Z,2025-08-11T07:21:49Z,True
3bad93fa,RJ433,RJA433,RJA,RJA,E295,JY-REF,OJAI,AMM,2025-08-11T07:35:13Z,26R,OSAP,ALP,OSAP,ALP,,,,592.086,506.397,Passenger,7448A6,2025-08-11T07:33:32Z,2025-08-11T08:26:32Z,True
3bad9edc,,UNO501H,IGC,IGC,CRJ2,YI-BAK,OSAP,ALP,2025-08-11T07:49:57Z,,OSDI,DAM,OSDI,DAM,2025-08-11T08:32:12Z,,2535.0,370.779,295.656,Business_jets,72882B,2025-08-11T07:51:38Z,2025-08-11T08:25:01Z,True
3baddfdf,RJ434,RJA434,RJA,RJA,E295,JY-REF,OSAP,ALP,,,OJAI,AMM,OJAI,AMM,2025-08-11T10:27:11Z,26L,,538.533,464.753,Passenger,7448A6,2025-08-11T09:40:38Z,2025-08-11T10:27:54Z,True
3bade4e2,RB517,SYR517,SYR,SYR,A320,YK-BAG,OSAP,ALP,2025-08-11T09:40:12Z,,OMDB,DXB,OMDB,DXB,2025-08-11T12:34:06Z,30L,10434.0,2292.04,2101.61,Passenger,778827,2025-08-11T09:43:54Z,2025-08-11T12:33:29Z,True
3bae1fb0,QR415,QTR415,QTR,QTR,A333,A7-AED,OSAP,ALP,2025-08-11T11:06:48Z,,OTHH,DOH,OTHH,DOH,2025-08-11T13:56:39Z,16R,10191.0,2192.04,1832.36,Passenger,06A03D,2025-08-11T11:07:58Z,2025-08-11T14:02:18Z,True
3baffa4a,RB445,SYR445,SYR,SYR,A320,YK-BAG,OSAP,ALP,2025-08-11T19:54:01Z,,LTFM,IST,LTFM,IST,2025-08-11T21:25:57Z,35R,5516.0,1062.75,919.765,Passenger,778827,2025-08-11T19:55:24Z,2025-08-11T21:43:05Z,True
3bb0f12b,FCY756,FYC756,FYC,FYC,A320,YK-BAB,OMDW,DWC,2025-08-12T02:22:57Z,12,OSAP,ALP,OSAP,ALP,2025-08-12T05:15:59Z,,10382.0,2272.36,2105.93,Passenger,778822,2025-08-12T02:11:35Z,2025-08-12T05:10:39Z,True
3bb0fd08,RJ431,RJA431,RJA,RJA,A20N,JY-RAG,OJAI,AMM,2025-08-12T02:45:05Z,26L,OSAP,ALP,OSAP,ALP,,,,604.918,468.661,Passenger,744827,2025-08-12T02:33:12Z,2025-08-12T03:33:28Z,True
3bb115fc,VF340,TKJ340,TKJ,TKJ,B738,TC-JGY,LTFJ,SAW,2025-08-12T03:36:52Z,06L,OSAP,ALP,OSAP,ALP,,,,957.42,840.525,Passenger,4BA8F9,2025-08-12T03:21:27Z,2025-08-12T04:46:30Z,True
3bb14fb5,RJ432,RJA432,RJA,RJA,A20N,JY-RAG,OSAP,ALP,2025-08-12T05:00:45Z,,OJAI,AMM,OJAI,AMM,2025-08-12T05:58:05Z,26L,3440.0,584.958,459.659,Passenger,744827,2025-08-12T05:06:31Z,2025-08-12T06:00:55Z,True
3bb17bd9,VF341,TKJ341,TKJ,TKJ,B738,TC-JGY,OSAP,ALP,,,LTFJ,SAW,LTFJ,SAW,2025-08-12T07:52:48Z,,,998.133,878.959,Passenger,4BA8F9,2025-08-12T06:28:34Z,2025-08-12T07:52:15Z,True
3bb1a4d3,RJ433,RJA433,RJA,RJA,E295,JY-REB,OJAI,AMM,2025-08-12T07:40:34Z,26R,OSAP,ALP,OSAP,ALP,,,,583.124,484.587,Passenger,7448A2,2025-08-12T07:40:11Z,2025-08-12T08:27:48Z,True
3bb1d4fe,FCY755,FYC755,FYC,FYC,A320,YK-BAB,OSAP,ALP,2025-08-12T08:55:11Z,,OMDW,DWC,OMDW,DWC,2025-08-12T11:54:14Z,30,10743.0,2342.48,2121.76,Passenger,778822,2025-08-12T08:56:57Z,2025-08-12T11:53:35Z,True
3bb1f0a3,RJ434,RJA434,RJA,RJA,E295,JY-REB,OSAP,ALP,2025-08-12T09:36:21Z,09L,OJAI,AMM,OJAI,AMM,2025-08-12T10:30:05Z,26L,3224.0,619.949,502.042,Passenger,7448A2,2025-08-12T09:37:44Z,2025-08-12T10:30:05Z,True
3bb2a273,FCY754,FYC754,FYC,FYC,A320,YK-BAB,OMDW,DWC,2025-08-12T13:14:35Z,30,OSAP,ALP,OSAP,ALP,,,,2089.51,2013.29,Passenger,778822,2025-08-12T13:12:08Z,2025-08-12T15:44:45Z,True
3bb53661,RJ431,RJA431,RJA,RJA,E295,JY-REF,OJAI,AMM,2025-08-13T02:52:00Z,26L,OSAP,ALP,OSAP,ALP,,,,560.032,477.391,Passenger,7448A6,2025-08-13T02:50:43Z,2025-08-13T03:37:38Z,True
3bb53c89,VF340,TKJ340,TKJ,TKJ,B738,TC-JHF,LTFJ,SAW,2025-08-13T03:25:31Z,06L,OSAP,ALP,OSAP,ALP,,,,901.503,850.29,Passenger,4BA906,2025-08-13T03:02:12Z,2025-08-13T04:31:19Z,True
3bb573f6,QR414,QTR414,QTR,QTR,A333,A7-AEE,OTHH,DOH,2025-08-13T05:56:05Z,34L,OSAP,ALP,OSAP,ALP,2025-08-13T08:31:23Z,,9318.0,2015.48,1821.06,Passenger,06A03E,2025-08-13T04:45:36Z,2025-08-13T08:27:59Z,True
3bb58095,RJ432,RJA432,RJA,RJA,E295,JY-REF,OSAP,ALP,,,OJAI,AMM,OJAI,AMM,2025-08-13T05:58:29Z,26L,,595.628,487.548,Passenger,7448A6,2025-08-13T05:07:36Z,2025-08-13T05:58:42Z,True
3bb595c6,TK844,THY844,THY,THY,B739,TC-JYB,LTFM,IST,2025-08-13T06:17:13Z,36,OSAP,ALP,OSAP,ALP,,,,1013.65,907.488,Passenger,4BAB22,2025-08-13T05:45:49Z,2025-08-13T07:30:43Z,True
3bb5a638,VF341,TKJ341,TKJ,TKJ,B738,TC-JHF,OSAP,ALP,2025-08-13T06:13:06Z,,LTFJ,SAW,LTFJ,SAW,2025-08-13T07:39:44Z,06R,5198.0,989.012,861.193,Passenger,4BA906,2025-08-13T06:14:34Z,2025-08-13T07:50:03Z,True
3bb5d734,RJ433,RJA433,RJA,RJA,E290,JY-REE,OJAI,AMM,2025-08-13T07:37:06Z,26R,OSAP,ALP,OSAP,ALP,2025-08-13T08:39:00Z,,3714.0,619.342,507.306,Passenger,7448A5,2025-08-13T07:36:13Z,2025-08-13T08:35:36Z,True
3bb62429,RJ434,RJA434,RJA,RJA,E290,JY-REE,OSAP,ALP,2025-08-13T09:35:33Z,,OJAI,AMM,OJAI,AMM,2025-08-13T10:28:28Z,26R,3175.0,590.854,506.754,Passenger,7448A5,2025-08-13T09:36:40Z,2025-08-13T10:28:40Z,True
3bb62a15,TK845,THY845,THY,THY,B739,TC-JYB,OSAP,ALP,2025-08-13T09:43:32Z,,LTFM,IST,LTFM,IST,2025-08-13T11:12:51Z,35R,5359.0,1022.93,918.136,Passenger,4BAB22,2025-08-13T09:45:37Z,2025-08-13T11:27:31Z,True
3bb680a7,QR415,QTR415,QTR,QTR,A333,A7-AEE,OSAP,ALP,2025-08-13T11:40:42Z,,OTHH,DOH,OTHH,DOH,2025-08-13T14:29:38Z,16L,10136.0,2156.31,1820.99,Passenger,06A03E,2025-08-13T11:41:58Z,2025-08-13T14:32:41Z,True
3bb95476,RJ431,RJA431,RJA,RJA,A320,JY-AYS,OJAI,AMM,2025-08-14T02:52:45Z,26R,OSAP,ALP,OSAP,ALP,2025-08-14T03:50:01Z,27L,3436.0,628.704,508.108,Passenger,740733,2025-08-14T02:39:39Z,2025-08-14T03:47:03Z,True
3bb95ded,VF340,TKJ340,TKJ,TKJ,B738,TC-JFJ,LTFJ,SAW,2025-08-14T03:28:26Z,06L,OSAP,ALP,OSAP,ALP,,,,919.177,853.592,Passenger,4BA8CA,2025-08-14T02:57:02Z,2025-08-14T04:36:57Z,True
3bb99f63,RJ432,RJA432,RJA,RJA,A320,JY-AYS,OSAP,ALP,2025-08-14T05:00:58Z,,OJAI,AMM,OJAI,AMM,2025-08-14T05:52:27Z,26L,3089.0,580.78,507.14,Passenger,740733,2025-08-14T05:02:03Z,2025-08-14T05:55:31Z,True
3bb9d359,VF341,TKJ341,TKJ,TKJ,B738,TC-JFJ,OSAP,ALP,,,LTFJ,SAW,LTFJ,SAW,2025-08-14T08:04:48Z,06R,,1028.89,853.24,Passenger,4BA8CA,2025-08-14T06:37:33Z,2025-08-14T08:12:45Z,True
3bb9dc33,,UNO501H,IGC,IGC,CRJ2,YI-BAK,OSDI,DAM,2025-08-14T06:49:24Z,,OSAP,ALP,OSAP,ALP,2025-08-14T07:36:10Z,,2806.0,395.014,325.988,Business_jets,72882B,2025-08-14T06:53:02Z,2025-08-14T07:32:44Z,True
3bba01b9,RJ433,RJA433,RJA,RJA,A20N,JY-RAG,OJAI,AMM,2025-08-14T08:05:47Z,26L,OSAP,ALP,OSAP,ALP,2025-08-14T09:04:09Z,,3502.0,609.704,509.101,Passenger,744827,2025-08-14T07:52:19Z,2025-08-14T09:00:43Z,True
3bba088a,,UNO501H,IGC,IGC,CRJ2,YI-BAK,OSAP,ALP,2025-08-14T08:00:42Z,,OSDI,DAM,OSDI,DAM,2025-08-14T08:40:00Z,,2358.0,363.525,302.539,Business_jets,72882B,2025-08-14T08:02:21Z,2025-08-14T08:36:02Z,True
3bba5b62,RJ434,RJA434,RJA,RJA,A20N,JY-RAG,OSAP,ALP,2025-08-14T10:05:27Z,,OJAI,AMM,OJAI,AMM,2025-08-14T10:55:32Z,26R,3005.0,553.158,506.076,Passenger,744827,2025-08-14T10:07:13Z,2025-08-14T10:59:57Z,True
3bbd8aef,RJ431,RJA431,RJA,RJA,A20N,JY-RAG,OJAI,AMM,2025-08-15T02:42:09Z,26L,OSAP,ALP,OSAP,ALP,,,,544.809,471.029,Passenger,744827,2025-08-15T02:02:34Z,2025-08-15T03:23:00Z,True
3bbdc909,VF340,TKJ340,TKJ,TKJ,B738,TC-JFJ,LTFJ,SAW,2025-08-15T04:13:14Z,06L,OSAP,ALP,OSAP,ALP,,,,934.473,849.114,Passenger,4BA8CA,2025-08-15T03:54:38Z,2025-08-15T05:23:34Z,True
3bbde965,TK844,THY844,THY,THY,B739,TC-JYB,LTFM,IST,2025-08-15T05:42:42Z,34L,OSAP,ALP,OSAP,ALP,2025-08-15T07:17:10Z,27R,5668.0,1149.56,924.952,Passenger,4BAB22,2025-08-15T04:52:42Z,2025-08-15T07:07:01Z,True
3bbdf2db,RJ432,RJA432,RJA,RJA,A20N,JY-RAG,OSAP,ALP,,,OJAI,AMM,OJAI,AMM,2025-08-15T05:51:55Z,26L,,512.494,425.313,Passenger,744827,2025-08-15T05:09:31Z,2025-08-15T05:54:51Z,True
3bbe33d9,VF341,TKJ341,TKJ,TKJ,B738,TC-JFJ,OSAP,ALP,2025-08-15T07:03:38Z,,LTFJ,SAW,LTFJ,SAW,2025-08-15T08:36:08Z,06R,5550.0,1038.46,858.262,Passenger,4BA8CA,2025-08-15T07:07:14Z,2025-08-15T08:54:22Z,True
3bbe4257,RJ433,RJA433,RJA,RJA,E290,JY-REC,OJAI,AMM,2025-08-15T07:33:10Z,26R,OSAP,ALP,OSAP,ALP,,,,577.332,472.706,Passenger,7448A3,2025-08-15T07:30:35Z,2025-08-15T08:21:07Z,True
3bbe8afa,TK845,THY845,THY,THY,B739,TC-JYB,OSAP,ALP,2025-08-15T09:21:58Z,,LTFM,IST,LTFM,IST,2025-08-15T10:57:04Z,35R,5706.0,1090.96,920.17,Passenger,4BAB22,2025-08-15T09:23:45Z,2025-08-15T11:11:44Z,True
3bbe9c2b,RJ434,RJA434,RJA,RJA,E290,JY-REC,OSAP,ALP,2025-08-15T09:48:43Z,09L,OJAI,AMM,OJAI,AMM,2025-08-15T10:42:18Z,26L,3215.0,615.613,507.234,Passenger,7448A3,2025-08-15T09:50:10Z,2025-08-15T10:43:01Z,True
3bc1ccb2,FCY756,FYC756,FYC,FYC,A320,YK-BAC,OMDW,DWC,2025-08-16T01:58:53Z,12,OSAP,ALP,OSAP,ALP,2025-08-16T04:50:54Z,,10321.0,2324.3,2115.07,Passenger,778823,2025-08-16T01:59:25Z,2025-08-16T04:47:43Z,True
3bc1df13,RJ431,RJA431,RJA,RJA,A321,JY-AYV,OJAI,AMM,2025-08-16T02:46:56Z,26L,OSAP,ALP,OSAP,ALP,,,,538.601,445.265,,740736,2025-08-16T02:34:43Z,2025-08-16T03:30:43Z,True
3bc1f046,VF340,TKJ340,TKJ,TKJ,B738,TC-JFJ,LTFJ,SAW,2025-08-16T03:44:29Z,06L,OSAP,ALP,OSAP,ALP,,,,953.586,841.924,Passenger,4BA8CA,2025-08-16T03:10:11Z,2025-08-16T04:55:27Z,True
3bc22717,RJ432,RJA432,RJA,RJA,A321,JY-AYV,OSAP,ALP,,,OJAI,AMM,OJAI,AMM,2025-08-16T06:02:49Z,26R,,620.751,466.941,,740736,2025-08-16T05:05:32Z,2025-08-16T07:28:51Z,True
3bc24e85,VF341,TKJ341,TKJ,TKJ,B738,TC-JFJ,OSAP,ALP,,,LTFJ,SAW,LTFJ,SAW,2025-08-16T07:45:29Z,06R,,935.823,855.4,Passenger,4BA8CA,2025-08-16T06:26:50Z,2025-08-16T07:56:26Z,True
3bc25775,FCY755,FYC755,FYC,FYC,A320,YK-BAC,OSAP,ALP,2025-08-16T06:43:51Z,,OMDW,DWC,OMDW,DWC,2025-08-16T09:38:01Z,30,10450.0,2337.02,2125.75,Passenger,778823,2025-08-16T06:45:04Z,2025-08-16T09:37:01Z,True
3bc2713b,RJ433,RJA433,RJA,RJA,E290,JY-RED,OJAI,AMM,2025-08-16T07:35:28Z,26R,OSAP,ALP,OSAP,ALP,,,,538.306,467.889,Passenger,7448A4,2025-08-16T07:34:10Z,2025-08-16T08:22:21Z,True
3bc2bd38,RJ434,RJA434,RJA,RJA,E290,JY-RED,OSAP,ALP,2025-08-16T09:34:19Z,,OJAI,AMM,OJAI,AMM,2025-08-16T10:36:45Z,26L,3746.0,618.917,501.374,Passenger,7448A4,2025-08-16T09:39:02Z,2025-08-16T10:36:58Z,True
3bc2ffef,FCY754,FYC754,FYC,FYC,A320,YK-BAC,OMDW,DWC,2025-08-16T11:15:42Z,30,OSAP,ALP,OSAP,ALP,,,,2094.22,2019.95,Passenger,778823,2025-08-16T11:16:17Z,2025-08-16T13:51:02Z,True
3bc58c45,RJ431,RJA431,RJA,RJA,E295,JY-REG,OJAI,AMM,2025-08-17T02:42:04Z,26L,OSAP,ALP,OSAP,ALP,,,,495.065,434.311,Passenger,7448A7,2025-08-17T02:40:48Z,2025-08-17T03:21:33Z,True
3bc596f8,VF340,TKJ340,TKJ,TKJ,B738,TC-JFJ,LTFJ,SAW,2025-08-17T03:39:56Z,06L,OSAP,ALP,OSAP,ALP,,,,977.069,848.174,Passenger,4BA8CA,2025-08-17T03:04:30Z,2025-08-17T04:53:44Z,True
3bc5cc31,RJ432,RJA432,RJA,RJA,E295,JY-REG,OSAP,ALP,,,OJAI,AMM,OJAI,AMM,2025-08-17T06:02:08Z,26L,,611.598,446.316,Passenger,7448A7,2025-08-17T05:03:20Z,2025-08-17T06:02:16Z,True
3bc5cd64,TK844,THY844,THY,THY,B739,TC-JYB,LTFM,IST,2025-08-17T05:48:43Z,34L,OSAP,ALP,OSAP,ALP,,,,1100.5,910.166,Passenger,4BAB22,2025-08-17T05:04:39Z,2025-08-17T07:09:37Z,True
3bc5de06,QR414,QTR414,QTR,QTR,A332,A7-ACM,OTHH,DOH,2025-08-17T06:04:49Z,34L,OSAP,ALP,OSAP,ALP,2025-08-17T08:32:41Z,,8872.0,2021.57,1820.51,Passenger,06A04E,2025-08-17T05:40:51Z,2025-08-17T08:29:06Z,True
3bc5f577,VF341,TKJ341,TKJ,TKJ,B738,TC-JFJ,OSAP,ALP,,,LTFJ,SAW,LTFJ,SAW,2025-08-17T07:51:42Z,06R,,983.092,852.69,Passenger,4BA8CA,2025-08-17T06:30:04Z,2025-08-17T08:02:24Z,True
3bc661a6,TK845,THY845,THY,THY,B739,TC-JYB,OSAP,ALP,,,LTFM,IST,LTFM,IST,2025-08-17T11:11:00Z,35R,,1047.17,909.589,Passenger,4BAB22,2025-08-17T09:41:50Z,2025-08-17T11:27:15Z,True
3bc69a1a,QR415,QTR415,QTR,QTR,A332,A7-ACM,OSAP,ALP,2025-08-17T11:03:35Z,,OTHH,DOH,OTHH,DOH,2025-08-17T13:52:25Z,16L,10130.0,2183.86,1833.02,Passenger,06A04E,2025-08-17T11:05:10Z,2025-08-17T13:56:35Z,True
3bc6aa14,RJ433,RJA433,RJA,RJA,E290,JY-RED,OJAI,AMM,2025-08-17T11:27:12Z,26L,OSAP,ALP,OSAP,ALP,,,,514.658,451.685,Passenger,7448A4,2025-08-17T11:26:10Z,2025-08-17T12:08:03Z,True
3bc70ce2,RJ434,RJA434,RJA,RJA,E290,JY-RED,OSAP,ALP,,,OJAI,AMM,OJAI,AMM,2025-08-17T14:21:38Z,26R,,589.627,484.02,Passenger,7448A4,2025-08-17T13:29:42Z,2025-08-17T14:21:41Z,True
3bc9301a,RJ431,RJA431,RJA,RJA,A20N,JY-RAH,OJAI,AMM,2025-08-18T02:51:03Z,26L,OSAP,ALP,OSAP,ALP,,,,562.469,488.926,Passenger,744828,2025-08-18T02:37:19Z,2025-08-18T03:33:21Z,True
3bc934fd,VF340,TKJ340,TKJ,TKJ,B738,TC-JFJ,LTFJ,SAW,2025-08-18T03:34:04Z,06L,OSAP,ALP,OSAP,ALP,,,,922.734,855.536,Passenger,4BA8CA,2025-08-18T02:48:16Z,2025-08-18T04:42:25Z,True
3bc96fbc,RJ432,RJA432,RJA,RJA,A20N,JY-RAH,OSAP,ALP,2025-08-18T04:52:09Z,09L,OJAI,AMM,OJAI,AMM,2025-08-18T05:54:37Z,26L,3748.0,652.875,506.962,Passenger,744828,2025-08-18T04:53:46Z,2025-08-18T06:02:39Z,True
3bc97ffe,QR414,QTR414,QTR,QTR,A332,A7-ACM,OTHH,DOH,2025-08-18T05:45:01Z,34L,OSAP,ALP,OSAP,ALP,2025-08-18T08:11:17Z,,8776.0,2019.04,1822.0,Passenger,06A04E,2025-08-18T05:24:53Z,2025-08-18T08:07:49Z,True
3bc99def,VF341,TKJ341,TKJ,TKJ,B738,TC-JFJ,OSAP,ALP,,,LTFJ,SAW,LTFJ,SAW,2025-08-18T07:44:05Z,06R,,979.702,847.554,Passenger,4BA8CA,2025-08-18T06:22:27Z,2025-08-18T07:54:58Z,True
3bc9bffc,RJ433,RJA433,RJA,RJA,E75S,JY-EMC,OJAI,AMM,2025-08-18T07:28:09Z,26R,OSAP,ALP,OSAP,ALP,2025-08-18T08:25:05Z,,3416.0,600.783,507.472,Passenger,7415A3,2025-08-18T07:25:51Z,2025-08-18T08:21:20Z,True
3bc9c757,RB444,SYR444,SYR,SYR,A320,YK-BAG,LTFM,IST,2025-08-18T08:39:55Z,36,OSAP,ALP,OSAP,ALP,,,,1015.18,917.366,Passenger,778827,2025-08-18T07:38:53Z,2025-08-18T09:53:17Z,True
3bca03d3,RJ434,RJA434,RJA,RJA,E75S,JY-EMC,OSAP,ALP,2025-08-18T09:18:47Z,,OJAI,AMM,OJAI,AMM,2025-08-18T10:16:55Z,26L,3488.0,591.549,504.286,Passenger,7415A3,2025-08-18T09:20:25Z,2025-08-18T10:13:59Z,True
3bca4dda,QR415,QTR415,QTR,QTR,A332,A7-ACM,OSAP,ALP,2025-08-18T11:07:27Z,,OTHH,DOH,OTHH,DOH,2025-08-18T13:52:01Z,16R,9874.0,2104.78,1835.21,Passenger,06A04E,2025-08-18T11:08:46Z,2025-08-18T13:58:02Z,True
3bca755f,RB517,SYR517,SYR,SYR,A320,YK-BAG,OSAP,ALP,2025-08-18T11:55:45Z,,OMDB,DXB,OMDB,DXB,2025-08-18T14:55:51Z,30L,10806.0,2331.71,2108.39,Passenger,778827,2025-08-18T11:59:21Z,2025-08-18T14:55:51Z,True
3bcb7e50,RB518,SYR518,SYR,SYR,A320,YK-BAG,OMDB,DXB,2025-08-18T16:32:00Z,30R,OSAP,ALP,OSAP,ALP,2025-08-18T19:14:10Z,,9730.0,2231.55,2094.17,Passenger,778827,2025-08-18T16:33:00Z,2025-08-18T19:10:16Z,True
3bcc4e4c,RB445,SYR445,SYR,SYR,A320,YK-BAG,OSAP,ALP,2025-08-18T20:51:11Z,,LTFM,IST,LTFM,IST,2025-08-18T22:26:46Z,35R,5735.0,1089.37,908.717,Passenger,778827,2025-08-18T20:53:55Z,2025-08-18T23:01:12Z,True
3bcd0be6,FCY756,FYC756,FYC,FYC,A320,YK-BAC,OMDW,DWC,2025-08-19T01:47:49Z,12,OSAP,ALP,OSAP,ALP,,,,2326.4,2112.57,Passenger,778823,2025-08-19T01:48:11Z,2025-08-19T04:31:09Z,True
3bcd26b2,RJ431,RJA431,RJA,RJA,A20N,JY-RAB,OJAI,AMM,2025-08-19T02:50:23Z,26R,OSAP,ALP,OSAP,ALP,,,,553.987,471.984,Passenger,744822,2025-08-19T02:37:40Z,2025-08-19T03:32:32Z,True
3bcd37aa,VF340,TKJ340,TKJ,TKJ,B738,TC-JFJ,LTFJ,SAW,2025-08-19T03:39:45Z,06L,OSAP,ALP,OSAP,ALP,,,,874.354,844.515,Passenger,4BA8CA,2025-08-19T03:10:27Z,2025-08-19T04:43:17Z,True
3bcd717c,RJ432,RJA432,RJA,RJA,A20N,JY-RAB,OSAP,ALP,2025-08-19T05:00:35Z,09L,OJAI,AMM,OJAI,AMM,2025-08-19T05:57:13Z,26L,3398.0,625.097,504.166,Passenger,744822,2025-08-19T05:02:04Z,2025-08-19T06:00:31Z,True
3bcd72f5,TK844,THY844,THY,THY,B739,TC-JYF,LTFM,IST,2025-08-19T05:20:32Z,35L,OSAP,ALP,OSAP,ALP,,,,1081.13,916.821,Passenger,4BAB26,2025-08-19T05:04:41Z,2025-08-19T06:41:19Z,True
3bcda14e,VF341,TKJ341,TKJ,TKJ,B738,TC-JFJ,OSAP,ALP,2025-08-19T06:28:04Z,09L,LTFJ,SAW,LTFJ,SAW,2025-08-19T08:03:03Z,06R,5699.0,1057.24,863.382,Passenger,4BA8CA,2025-08-19T06:30:16Z,2025-08-19T08:11:07Z,True
3bcdad6d,FCY755,FYC755,FYC,FYC,A320,YK-BAC,OSAP,ALP,2025-08-19T06:51:48Z,,OMDW,DWC,OMDW,DWC,2025-08-19T09:49:24Z,30,10656.0,2334.11,2131.7,Passenger,778823,2025-08-19T06:53:07Z,2025-08-19T09:48:32Z,True
3bcdc65b,RJ433,RJA433,RJA,RJA,E295,JY-REG,OJAI,AMM,2025-08-19T07:35:05Z,26L,OSAP,ALP,OSAP,ALP,2025-08-19T08:32:44Z,,3459.0,612.955,508.102,Passenger,7448A7,2025-08-19T07:35:05Z,2025-08-19T08:29:01Z,True
3bce10b1,TK845,THY845,THY,THY,B739,TC-JYF,OSAP,ALP,,,LTFM,IST,LTFM,IST,2025-08-19T10:54:55Z,35R,,1000.88,912.598,Passenger,4BAB26,2025-08-19T09:31:50Z,2025-08-19T11:08:18Z,True
3bce1e9f,RJ434,RJA434,RJA,RJA,E295,JY-REG,OSAP,ALP,,,OJAI,AMM,OJAI,AMM,2025-08-19T10:44:36Z,26R,,594.037,488.043,Passenger,7448A7,2025-08-19T09:53:32Z,2025-08-19T10:44:49Z,True
3bce5f53,FCY754,FYC754,FYC,FYC,A320,YK-BAC,OMDW,DWC,2025-08-19T11:21:10Z,30,OSAP,ALP,OSAP,ALP,,,,2095.17,2020.96,Passenger,778823,2025-08-19T11:21:36Z,2025-08-19T13:53:06Z,True
3bd13772,RJ431,RJA431,RJA,RJA,A320,JY-AYU,OJAI,AMM,2025-08-20T02:41:35Z,26L,OSAP,ALP,OSAP,ALP,2025-08-20T03:35:25Z,,3230.0,602.093,508.71,,740735,2025-08-20T02:31:25Z,2025-08-20T03:32:09Z,True
3bd13931,TK844,THY844,THY,THY,B739,TC-JYF,LTFM,IST,2025-08-20T05:28:49Z,34L,OSAP,ALP,OSAP,ALP,,,,1068.01,902.624,Passenger,4BAB26,2025-08-20T02:41:37Z,2025-08-20T06:47:03Z,True
3bd14f67,VF340,TKJ340,TKJ,TKJ,B738,TC-JFT,LTFJ,SAW,2025-08-20T03:34:12Z,06L,OSAP,ALP,OSAP,ALP,2025-08-20T04:59:00Z,,5088.0,998.957,864.504,Passenger,4BA8D4,2025-08-20T03:18:00Z,2025-08-20T04:51:44Z,True
3bd17f9f,RJ432,RJA432,RJA,RJA,A320,JY-AYU,OSAP,ALP,2025-08-20T04:50:44Z,,OJAI,AMM,OJAI,AMM,2025-08-20T05:48:20Z,26L,3456.0,624.569,505.765,,740735,2025-08-20T04:52:07Z,2025-08-20T05:51:43Z,True
3bd19875,QR414,QTR414,QTR,QTR,A332,A7-ACM,OTHH,DOH,2025-08-20T06:05:18Z,34L,OSAP,ALP,OSAP,ALP,2025-08-20T08:35:44Z,,9026.0,2017.92,1820.62,Passenger,06A04E,2025-08-20T05:38:08Z,2025-08-20T08:32:03Z,True
3bd1adb5,VF341,TKJ341,TKJ,TKJ,B738,TC-JFT,OSAP,ALP,2025-08-20T06:17:18Z,,LTFJ,SAW,LTFJ,SAW,2025-08-20T07:47:55Z,06R,5437.0,1045.73,859.616,Passenger,4BA8D4,2025-08-20T06:19:14Z,2025-08-20T07:59:39Z,True
3bd1d5c7,RJ433,RJA433,RJA,RJA,E290,JY-REC,OJAI,AMM,2025-08-20T07:34:51Z,26R,OSAP,ALP,OSAP,ALP,2025-08-20T08:31:20Z,,3389.0,606.999,507.736,Passenger,7448A3,2025-08-20T07:33:48Z,2025-08-20T08:27:15Z,True
3bd21971,TK845,THY845,THY,THY,B739,TC-JYF,OSAP,ALP,,,LTFM,IST,LTFM,IST,2025-08-20T10:58:25Z,35R,,1034.01,922.813,Passenger,4BAB26,2025-08-20T09:29:56Z,2025-08-20T11:11:00Z,True
3bd21f27,RJ434,RJA434,RJA,RJA,E290,JY-REC,OSAP,ALP,,,OJAI,AMM,OJAI,AMM,2025-08-20T10:32:23Z,26L,,531.458,481.032,Passenger,7448A3,2025-08-20T09:39:41Z,2025-08-20T10:29:20Z,True
3bd25a49,QR415,QTR415,QTR,QTR,A332,A7-ACM,OSAP,ALP,2025-08-20T11:07:11Z,,OTHH,DOH,OTHH,DOH,2025-08-20T13:57:30Z,34R,10219.0,2152.26,1835.13,Passenger,06A04E,2025-08-20T11:08:37Z,2025-08-20T13:58:08Z,True
3bd4b73f,FCY756,FYC756,FYC,FYC,A320,YK-BAC,OMDW,DWC,2025-08-20T23:15:05Z,12,OSAP,ALP,OSAP,ALP,,,,2160.39,2040.67,Passenger,778823,2025-08-20T23:15:32Z,2025-08-21T01:48:02Z,True
3bd53672,RJ431,RJA431,RJA,RJA,A320,JY-AYU,OJAI,AMM,2025-08-21T02:49:01Z,26R,OSAP,ALP,OSAP,ALP,2025-08-21T03:43:32Z,27L,3271.0,584.167,507.909,,740735,2025-08-21T02:40:35Z,2025-08-21T03:40:55Z,True
3bd545ae,VF340,TKJ340,TKJ,TKJ,B738,TC-JHF,LTFJ,SAW,2025-08-21T03:29:50Z,06L,OSAP,ALP,OSAP,ALP,,,,932.601,857.356,Passenger,4BA906,2025-08-21T03:10:09Z,2025-08-21T04:38:26Z,True
3bd57ca7,TK844,THY844,THY,THY,B739,TC-JYB,LTFM,IST,2025-08-21T05:53:20Z,36,OSAP,ALP,OSAP,ALP,2025-08-21T07:17:01Z,,5021.0,1036.74,922.812,Passenger,4BAB22,2025-08-21T04:56:08Z,2025-08-21T07:08:31Z,True
3bd57e58,RJ432,RJA432,RJA,RJA,A320,JY-AYU,OSAP,ALP,2025-08-21T04:58:11Z,09L,OJAI,AMM,OJAI,AMM,2025-08-21T05:55:22Z,26L,3431.0,611.998,506.607,,740735,2025-08-21T04:59:21Z,2025-08-21T05:58:41Z,True
3bd5aa63,VF341,TKJ341,TKJ,TKJ,B738,TC-JHF,OSAP,ALP,2025-08-21T06:21:22Z,,LTFJ,SAW,LTFJ,SAW,2025-08-21T07:55:27Z,06R,5645.0,1047.87,849.808,Passenger,4BA906,2025-08-21T06:24:31Z,2025-08-21T08:07:06Z,True
3bd5b6fe,,UNO501H,IGC,IGC,CRJ2,YI-BAK,OSDI,DAM,2025-08-21T06:47:06Z,,OSAP,ALP,OSAP,ALP,,,,332.733,283.627,Business_jets,72882B,2025-08-21T06:48:56Z,2025-08-21T07:18:29Z,True
3bd5d902,RJ433,RJA433,RJA,RJA,E295,JY-REF,OJAI,AMM,2025-08-21T07:49:32Z,26L,OSAP,ALP,OSAP,ALP,,,,558.066,467.845,Passenger,7448A6,2025-08-21T07:47:50Z,2025-08-21T08:33:09Z,True
3bd5dc79,,UNO501H,UNO,IGC,CRJ2,YI-BAK,OSAP,ALP,2025-08-21T07:50:20Z,,OSDI,DAM,OSDI,DAM,2025-08-21T08:34:58Z,,2678.0,353.226,294.709,Business_jets,72882B,2025-08-21T07:53:38Z,2025-08-21T08:26:19Z,True
3bd615b6,TK845,THY845,THY,THY,B739,TC-JYB,OSAP,ALP,2025-08-21T09:27:14Z,,LTFM,IST,LTFM,IST,2025-08-21T10:58:15Z,35R,5461.0,1062.14,923.758,Passenger,4BAB22,2025-08-21T09:30:08Z,2025-08-21T11:12:16Z,True
3bd61e21,RJ434,RJA434,RJA,RJA,E295,JY-REF,OSAP,ALP,2025-08-21T09:40:07Z,09L,OJAI,AMM,OJAI,AMM,2025-08-21T10:37:00Z,26L,3413.0,579.085,500.597,Passenger,7448A6,2025-08-21T09:43:30Z,2025-08-21T10:33:59Z,True
3bd946d3,RJ431,RJA431,RJA,RJA,A20N,JY-RAH,OJAI,AMM,2025-08-22T02:44:37Z,26L,OSAP,ALP,OSAP,ALP,,,,794.722,466.971,Passenger,744828,2025-08-22T02:33:48Z,2025-08-22T03:37:41Z,True
3bd9576a,VF340,TKJ340,TKJ,TKJ,B738,TC-JFJ,LTFJ,SAW,2025-08-22T03:34:08Z,06L,OSAP,ALP,OSAP,ALP,,,,923.711,850.689,Passenger,4BA8CA,2025-08-22T03:03:47Z,2025-08-22T04:39:58Z,True
3bd9922f,RJ432,RJA432,RJA,RJA,A20N,JY-RAH,OSAP,ALP,,,OJAI,AMM,OJAI,AMM,2025-08-22T05:40:40Z,26L,,1242.82,456.396,Passenger,744828,2025-08-22T04:54:36Z,2025-08-22T05:48:52Z,True
3bd99a5b,TK844,THY844,THY,THY,B739,TC-JYB,LTFM,IST,2025-08-22T05:32:46Z,36,OSAP,ALP,OSAP,ALP,,,,1007.29,912.941,Passenger,4BAB22,2025-08-22T05:09:12Z,2025-08-22T06:46:13Z,True
3bd9bfce,VF341,TKJ341,TKJ,TKJ,B738,TC-JFJ,OSAP,ALP,2025-08-22T06:21:19Z,09L,LTFJ,SAW,LTFJ,SAW,2025-08-22T07:46:26Z,06R,5107.0,980.86,864.702,Passenger,4BA8CA,2025-08-22T06:21:30Z,2025-08-22T07:57:34Z,True
3bd9ee6e,RJ433,RJA433,RJA,RJA,E290,JY-REC,OJAI,AMM,2025-08-22T07:44:59Z,26L,OSAP,ALP,OSAP,ALP,2025-08-22T08:42:33Z,,3454.0,667.025,508.885,Passenger,7448A3,2025-08-22T07:44:56Z,2025-08-22T08:38:41Z,True
3bda2994,TK845,THY845,THY,THY,B739,TC-JYB,OSAP,ALP,,,LTFM,IST,LTFM,IST,2025-08-22T10:50:46Z,17L,,1047.25,916.059,Passenger,4BAB22,2025-08-22T09:20:19Z,2025-08-22T11:19:05Z,True
3bda34e5,RJ434,RJA434,RJA,RJA,E290,JY-REC,OSAP,ALP,2025-08-22T09:35:03Z,09L,OJAI,AMM,OJAI,AMM,2025-08-22T10:30:41Z,26L,3338.0,558.52,499.105,Passenger,7448A3,2025-08-22T09:37:40Z,2025-08-22T10:27:41Z,True
3bdd549c,FCY756,FYC756,FYC,FYC,A320,YK-BAC,OMDW,DWC,2025-08-23T01:35:49Z,12,OSAP,ALP,OSAP,ALP,2025-08-23T04:21:14Z,,9925.0,2286.2,2117.16,Passenger,778823,2025-08-23T01:36:20Z,2025-08-23T04:18:33Z,True
3bdd76af,RJ431,RJA431,RJA,RJA,A321,JY-AYV,OJAI,AMM,2025-08-23T02:53:09Z,26L,OSAP,ALP,OSAP,ALP,2025-08-23T03:47:14Z,,3245.0,617.608,519.385,,740736,2025-08-23T02:41:36Z,2025-08-23T03:43:14Z,True
3bdd7f75,VF340,TKJ340,TKJ,TKJ,B738,TC-JFD,LTFJ,SAW,2025-08-23T03:31:41Z,06L,OSAP,ALP,OSAP,ALP,2025-08-23T04:47:10Z,,4529.0,947.403,863.349,Passenger,4BA8C4,2025-08-23T02:59:39Z,2025-08-23T04:41:05Z,True
3bddbba0,RJ432,RJA432,RJA,RJA,A321,JY-AYV,OSAP,ALP,2025-08-23T05:01:58Z,,OJAI,AMM,OJAI,AMM,2025-08-23T05:57:56Z,26L,3358.0,643.617,508.489,,740736,2025-08-23T05:03:02Z,2025-08-23T06:00:45Z,True
3bddeae7,VF341,TKJ341,TKJ,TKJ,B738,TC-JFD,OSAP,ALP,2025-08-23T06:39:23Z,,LTFJ,SAW,LTFJ,SAW,2025-08-23T08:10:03Z,06R,5440.0,1017.25,854.244,Passenger,4BA8C4,2025-08-23T06:41:05Z,2025-08-23T08:27:06Z,True
3bddebd8,FCY526,FYC526,FYC,FYC,A320,YK-BAA,ORER,EBL,,,OSAP,ALP,OSAP,ALP,2025-08-23T08:00:30Z,27L,,955.161,571.668,Passenger,778821,2025-08-23T06:43:20Z,2025-08-23T07:57:12Z,True
3bddfaa3,RJ433,RJA433,RJA,RJA,A320,JY-AYU,OJAI,AMM,2025-08-23T07:26:56Z,26L,OSAP,ALP,OSAP,ALP,2025-08-23T08:21:32Z,,3276.0,668.85,509.213,,740735,2025-08-23T07:11:02Z,2025-08-23T08:17:59Z,True
3bddfab5,FCY755,FYC755,FYC,FYC,A320,YK-BAC,OSAP,ALP,2025-08-23T07:10:25Z,,OMDW,DWC,OMDW,DWC,2025-08-23T10:08:31Z,30,10686.0,2349.59,2129.23,Passenger,778823,2025-08-23T07:11:25Z,2025-08-23T10:07:37Z,True
3bde45df,FCY525,FYC525,FYC,FYC,A320,YK-BAA,OSAP,ALP,2025-08-23T09:11:25Z,,ORER,EBL,ORER,EBL,,,,931.844,611.375,Passenger,778821,2025-08-23T09:12:45Z,2025-08-23T10:18:51Z,True
3bde510e,RJ434,RJA434,RJA,RJA,A320,JY-AYU,OSAP,ALP,2025-08-23T09:28:31Z,09L,OJAI,AMM,OJAI,AMM,2025-08-23T10:24:14Z,26L,3343.0,580.588,502.783,,740735,2025-08-23T09:30:00Z,2025-08-23T10:28:20Z,True
3bdea7b2,FCY754,FYC754,FYC,FYC,A320,YK-BAC,OMDW,DWC,2025-08-23T11:35:18Z,30,OSAP,ALP,OSAP,ALP,,,,2125.91,2034.84,Passenger,778823,2025-08-23T11:30:37Z,2025-08-23T14:10:15Z,True
3be0d483,FCY755,FYC755,FYC,FYC,A320,YK-BAA,OSAP,ALP,2025-08-23T23:55:57Z,,OMDW,DWC,OMDW,DWC,2025-08-24T02:48:52Z,12,10375.0,2286.5,2135.77,Passenger,778821,2025-08-23T23:57:12Z,2025-08-24T02:48:52Z,True
3be1219b,RJ431,RJA431,RJA,RJA,A20N,JY-RAG,OJAI,AMM,2025-08-24T02:49:06Z,26L,OSAP,ALP,OSAP,ALP,2025-08-24T03:48:52Z,,3586.0,670.854,514.153,Passenger,744827,2025-08-24T02:35:39Z,2025-08-24T03:46:19Z,True
3be133d4,VF340,TKJ340,TKJ,TKJ,B738,TC-JHA,LTFJ,SAW,2025-08-24T03:31:28Z,06L,OSAP,ALP,OSAP,ALP,,,,970.898,852.711,Passenger,4BA901,2025-08-24T03:18:20Z,2025-08-24T04:42:32Z,True
3be15386,FCY754,FYC754,FYC,FYC,A320,YK-BAA,OMDW,DWC,2025-08-24T04:27:49Z,12,OSAP,ALP,OSAP,ALP,,,,2146.39,2041.38,Passenger,778821,2025-08-24T04:28:49Z,2025-08-24T07:03:10Z,True
3be15bd6,TK844,THY844,THY,THY,B739,TC-JYB,LTFM,IST,2025-08-24T05:37:00Z,36,OSAP,ALP,OSAP,ALP,2025-08-24T07:05:46Z,,5326.0,1030.39,923.473,Passenger,4BAB22,2025-08-24T04:47:33Z,2025-08-24T06:56:35Z,True
3be164e2,RJ432,RJA432,RJA,RJA,A20N,JY-RAG,OSAP,ALP,2025-08-24T05:03:22Z,09L,OJAI,AMM,OJAI,AMM,2025-08-24T06:00:46Z,26R,3444.0,567.468,490.985,Passenger,744827,2025-08-24T05:10:15Z,2025-08-24T06:02:01Z,True
3be1718d,QR414,QTR414,QTR,QTR,A332,A7-ACM,OTHH,DOH,2025-08-24T05:48:34Z,34L,OSAP,ALP,OSAP,ALP,2025-08-24T08:16:47Z,,8893.0,2016.85,1821.19,Passenger,06A04E,2025-08-24T05:34:06Z,2025-08-24T08:13:21Z,True
3be17683,TCJ17,TCJ17,TCJ,TCJ,BTB2,TC-J19,OSAP,ALP,,,,,,,,,,181.479,51.596,Military_and_government,4B8339,2025-08-24T05:44:56Z,2025-08-24T06:53:05Z,True
3be184c3,VF341,TKJ341,TKJ,TKJ,B738,TC-JHA,OSAP,ALP,2025-08-24T06:10:38Z,,LTFJ,SAW,LTFJ,SAW,2025-08-24T07:35:51Z,06R,5113.0,971.16,857.903,Passenger,4BA901,2025-08-24T06:15:55Z,2025-08-24T07:52:34Z,True
3be1ec69,TK845,THY845,THY,THY,B739,TC-JYB,OSAP,ALP,2025-08-24T09:12:05Z,,LTFM,IST,LTFM,IST,2025-08-24T10:44:50Z,35R,5565.0,1030.48,914.981,Passenger,4BAB22,2025-08-24T09:14:56Z,2025-08-24T10:59:46Z,True
3be239c0,QR415,QTR415,QTR,QTR,A332,A7-ACM,OSAP,ALP,2025-08-24T11:04:08Z,,OTHH,DOH,OTHH,DOH,2025-08-24T13:55:14Z,16R,10266.0,2193.83,1833.22,Passenger,06A04E,2025-08-24T11:05:25Z,2025-08-24T14:36:36Z,True
3be24f90,RJ433,RJA433,RJA,RJA,E75S,JY-EMC,OJAI,AMM,2025-08-24T11:36:14Z,26L,OSAP,ALP,OSAP,ALP,2025-08-24T12:32:59Z,,3405.0,609.743,508.109,Passenger,7415A3,2025-08-24T11:35:23Z,2025-08-24T12:29:11Z,True
3be2b2cd,RJ434,RJA434,RJA,RJA,E75S,JY-EMC,OSAP,ALP,2025-08-24T13:33:40Z,,OJAI,AMM,OJAI,AMM,2025-08-24T14:26:59Z,26L,3199.0,557.376,507.034,Passenger,7415A3,2025-08-24T13:35:48Z,2025-08-24T14:27:15Z,True
3be4cf51,RJ431,RJA431,RJA,RJA,A320,JY-AYW,OJAI,AMM,2025-08-25T02:49:11Z,26R,OSAP,ALP,OSAP,ALP,2025-08-25T03:45:51Z,,3400.0,604.249,503.075,Passenger,740737,2025-08-25T02:32:34Z,2025-08-25T03:35:20Z,True
3be4e4e6,VF340,TKJ340,TKJ,TKJ,B738,TC-JHA,LTFJ,SAW,2025-08-25T03:43:18Z,06L,OSAP,ALP,OSAP,ALP,,,,917.838,852.622,Passenger,4BA901,2025-08-25T03:17:35Z,2025-08-25T04:51:05Z,True
3be51c78,RJ432,RJA432,RJA,RJA,A320,JY-AYW,OSAP,ALP,,,OJAI,AMM,OJAI,AMM,2025-08-25T06:00:36Z,26L,,579.697,462.455,Passenger,740737,2025-08-25T05:09:20Z,2025-08-25T06:03:08Z,True
3be52d8c,QR414,QTR414,QTR,QTR,A332,A7-ACM,OTHH,DOH,2025-08-25T05:57:15Z,16R,OSAP,ALP,OSAP,ALP,2025-08-25T08:31:14Z,,9239.0,2050.44,1810.74,Passenger,06A04E,2025-08-25T05:43:44Z,2025-08-25T08:22:58Z,True
3be53c02,RB444,SYR444,SYR,SYR,A320,YK-BAG,LTFM,IST,2025-08-25T06:22:05Z,36,OSAP,ALP,OSAP,ALP,,,,1014.07,916.715,Passenger,778827,2025-08-25T06:12:15Z,2025-08-25T07:37:06Z,True
3be545e7,VF341,TKJ341,TKJ,TKJ,B738,TC-JHA,OSAP,ALP,,,LTFJ,SAW,LTFJ,SAW,2025-08-25T08:00:14Z,06R,,1044.23,864.451,Passenger,4BA901,2025-08-25T06:30:41Z,2025-08-25T08:11:37Z,True
3be55304,,UNO501H,IGC,IGC,CRJ2,YI-BAK,OSDI,DAM,2025-08-25T06:54:17Z,,OSAP,ALP,OSAP,ALP,,,,361.12,259.35,Business_jets,72882B,2025-08-25T06:55:24Z,2025-08-25T07:27:33Z,True
3be56d9c,RJ433,RJA433,RJA,RJA,E290,JY-REC,OJAI,AMM,2025-08-25T07:43:50Z,26L,OSAP,ALP,OSAP,ALP,,,,583.326,497.555,Passenger,7448A3,2025-08-25T07:43:09Z,2025-08-25T08:28:56Z,True
3be5b4ea,RJ434,RJA434,RJA,RJA,E290,JY-REC,OSAP,ALP,2025-08-25T09:35:35Z,,OJAI,AMM,OJAI,AMM,2025-08-25T10:34:39Z,26L,3544.0,594.646,496.998,Passenger,7448A3,2025-08-25T09:39:11Z,2025-08-25T10:35:31Z,True
3be5c072,RB517,SYR517,SYR,SYR,A320,YK-BAG,OSAP,ALP,2025-08-25T09:53:51Z,09L,OMDB,DXB,OMDB,DXB,2025-08-25T12:52:34Z,30L,10723.0,2296.4,2095.19,Passenger,778827,2025-08-25T09:58:54Z,2025-08-25T12:52:34Z,True
3be5f4f7,QR415,QTR415,QTR,QTR,A332,A7-ACM,OSAP,ALP,2025-08-25T11:07:50Z,,OTHH,DOH,OTHH,DOH,2025-08-25T14:05:56Z,16R,10686.0,2260.13,1835.98,Passenger,06A04E,2025-08-25T11:10:19Z,2025-08-25T14:10:07Z,True
3be7d36a,RB445,SYR445,SYR,SYR,A320,YK-BAG,OSAP,ALP,2025-08-25T20:01:56Z,,LTFM,IST,LTFM,IST,2025-08-25T21:33:46Z,35R,5510.0,2061.86,916.048,Passenger,778827,2025-08-25T20:03:43Z,2025-08-25T22:11:42Z,True
3be8b533,FCY756,FYC756,FYC,FYC,A320,YK-BAC,OMDW,DWC,2025-08-26T01:51:47Z,12,OSAP,ALP,OSAP,ALP,2025-08-26T04:41:53Z,,10206.0,2297.66,2114.6,Passenger,778823,2025-08-26T01:47:55Z,2025-08-26T04:38:37Z,True
3be8ce1e,RJ431,RJA431,RJA,RJA,A320,JY-AYU,OJAI,AMM,2025-08-26T02:43:20Z,26R,OSAP,ALP,OSAP,ALP,,,,510.105,421.822,,740735,2025-08-26T02:33:08Z,2025-08-26T03:23:03Z,True
3be8e0e4,VF340,TKJ340,TKJ,TKJ,B738,TC-JFT,LTFJ,SAW,2025-08-26T03:27:49Z,06L,OSAP,ALP,OSAP,ALP,,,,969.935,851.83,Passenger,4BA8D4,2025-08-26T03:09:49Z,2025-08-26T04:40:17Z,True
3be91a04,RJ432,RJA432,RJA,RJA,A320,JY-AYU,OSAP,ALP,,,OJAI,AMM,OJAI,AMM,2025-08-26T05:58:41Z,26L,,567.439,466.516,,740735,2025-08-26T05:05:40Z,2025-08-26T06:01:33Z,True
3be92df2,TK844,THY844,THY,THY,B739,TC-JYB,LTFM,IST,2025-08-26T06:17:28Z,36,OSAP,ALP,OSAP,ALP,,,,984.634,905.186,Passenger,4BAB22,2025-08-26T05:38:25Z,2025-08-26T07:30:34Z,True
3be9536c,FCY755,FYC755,FYC,FYC,A320,YK-BAC,OSAP,ALP,2025-08-26T06:47:02Z,,OMDW,DWC,OMDW,DWC,2025-08-26T09:42:19Z,30,10517.0,2315.7,2126.94,Passenger,778823,2025-08-26T06:48:20Z,2025-08-26T09:42:21Z,True
3be95953,VF341,TKJ341,TKJ,TKJ,B738,TC-JFT,OSAP,ALP,,,LTFJ,SAW,LTFJ,SAW,2025-08-26T08:21:04Z,06R,,989.487,854.748,Passenger,4BA8D4,2025-08-26T06:59:14Z,2025-08-26T08:34:09Z,True
3be9726f,RJ433,RJA433,RJA,RJA,E295,JY-REF,OJAI,AMM,2025-08-26T07:42:25Z,26L,OSAP,ALP,OSAP,ALP,2025-08-26T08:37:43Z,,3318.0,602.251,508.595,Passenger,7448A6,2025-08-26T07:41:42Z,2025-08-26T08:33:47Z,True
3be9c334,TK845,THY845,THY,THY,B739,TC-JYB,OSAP,ALP,,,LTFM,IST,LTFM,IST,2025-08-26T11:30:18Z,35R,,1133.1,912.832,Passenger,4BAB22,2025-08-26T09:52:14Z,2025-08-26T11:43:52Z,True
3be9ca1e,RJ434,RJA434,RJA,RJA,E295,JY-REF,OSAP,ALP,,,OJAI,AMM,OJAI,AMM,2025-08-26T10:53:14Z,26L,,581.484,479.171,Passenger,7448A6,2025-08-26T10:01:53Z,2025-08-26T10:53:20Z,True
3be9f719,FCY754,FYC754,FYC,FYC,A320,YK-BAC,OMDW,DWC,2025-08-26T11:06:36Z,30,OSAP,ALP,OSAP,ALP,,,,2081.25,2010.22,Passenger,778823,2025-08-26T11:07:28Z,2025-08-26T13:36:00Z,True
3becd9de,RJ431,RJA431,RJA,RJA,A20N,JY-RAG,OJAI,AMM,2025-08-27T02:53:18Z,26R,OSAP,ALP,OSAP,ALP,2025-08-27T03:50:37Z,,3439.0,561.794,484.535,Passenger,744827,2025-08-27T02:04:04Z,2025-08-27T03:34:04Z,True
3becf2b5,VF340,TKJ340,TKJ,TKJ,B738,TC-JHB,LTFJ,SAW,2025-08-27T03:33:49Z,06L,OSAP,ALP,OSAP,ALP,,,,904.068,849.53,Passenger,4BA902,2025-08-27T02:51:40Z,2025-08-27T04:41:51Z,True
3bed3745,TK844,THY844,THY,THY,B739,TC-JYB,LTFM,IST,2025-08-27T05:29:01Z,36,OSAP,ALP,OSAP,ALP,,,,1023.7,921.36,Passenger,4BAB22,2025-08-27T05:08:06Z,2025-08-27T06:46:29Z,True
3bed39e7,RJ432,RJA432,RJA,RJA,A20N,JY-RAG,OSAP,ALP,,,OJAI,AMM,OJAI,AMM,2025-08-27T06:02:02Z,26R,,563.397,465.114,Passenger,744827,2025-08-27T05:12:50Z,2025-08-27T06:10:49Z,True
3bed4df2,QR414,QTR414,QTR,QTR,A332,A7-ACM,OTHH,DOH,2025-08-27T06:05:40Z,34L,OSAP,ALP,OSAP,ALP,2025-08-27T08:35:04Z,,8964.0,2005.9,1817.32,Passenger,06A04E,2025-08-27T05:53:33Z,2025-08-27T08:30:55Z,True
3bed5a24,VF341,TKJ341,TKJ,TKJ,B738,TC-JHB,OSAP,ALP,,,LTFJ,SAW,LTFJ,SAW,2025-08-27T07:36:44Z,06R,,965.061,853.593,Passenger,4BA902,2025-08-27T06:17:36Z,2025-08-27T07:53:38Z,True
3bed89b0,RJ433,RJA433,RJA,RJA,E290,JY-REC,OJAI,AMM,2025-08-27T07:45:17Z,26L,OSAP,ALP,OSAP,ALP,,,,635.899,494.16,Passenger,7448A3,2025-08-27T07:44:22Z,2025-08-27T08:40:47Z,True
3bedc625,TK845,THY845,THY,THY,B739,TC-JYB,OSAP,ALP,,,LTFM,IST,LTFM,IST,2025-08-27T10:50:35Z,35R,,1023.81,915.707,Passenger,4BAB22,2025-08-27T09:26:30Z,2025-08-27T10:59:18Z,True
3bedd50b,RJ434,RJA434,RJA,RJA,E290,JY-REC,OSAP,ALP,,,OJAI,AMM,OJAI,AMM,2025-08-27T10:45:04Z,26L,,586.048,481.265,Passenger,7448A3,2025-08-27T09:51:53Z,2025-08-27T10:45:04Z,True
3bee1928,QR415,QTR415,QTR,QTR,A332,A7-ACM,OSAP,ALP,2025-08-27T11:27:21Z,,OTHH,DOH,OTHH,DOH,2025-08-27T14:05:44Z,16L,9503.0,2101.78,1833.8,Passenger,06A04E,2025-08-27T11:28:55Z,2025-08-27T14:07:53Z,True
3bf1045b,RJ431,RJA431,RJA,RJA,A20N,JY-RAJ,OJAI,AMM,2025-08-28T02:38:56Z,26R,OSAP,ALP,OSAP,ALP,,,,655.803,453.506,Passenger,74482A,2025-08-28T02:29:25Z,2025-08-28T03:21:10Z,True
3bf1214f,VF340,TKJ340,TKJ,TKJ,B738,TC-JFT,LTFJ,SAW,2025-08-28T03:40:02Z,06L,OSAP,ALP,OSAP,ALP,,,,907.465,854.115,Passenger,4BA8D4,2025-08-28T03:27:01Z,2025-08-28T04:52:23Z,True
3bf14c78,RJ432,RJA432,RJA,RJA,A20N,JY-RAJ,OSAP,ALP,2025-08-28T04:47:12Z,,OJAI,AMM,OJAI,AMM,2025-08-28T05:42:52Z,26L,3340.0,620.659,502.854,Passenger,74482A,2025-08-28T04:50:22Z,2025-08-28T05:45:43Z,True
3bf151d1,TK844,THY844,THY,THY,B739,TC-JYB,LTFM,IST,2025-08-28T05:54:51Z,34L,OSAP,ALP,OSAP,ALP,,,,1012.88,909.63,Passenger,4BAB22,2025-08-28T05:00:03Z,2025-08-28T07:12:52Z,True
3bf183c0,VF341,TKJ341,TKJ,TKJ,B738,TC-JFT,OSAP,ALP,,,LTFJ,SAW,LTFJ,SAW,2025-08-28T07:57:18Z,06R,,991.378,852.416,Passenger,4BA8D4,2025-08-28T06:36:19Z,2025-08-28T07:58:37Z,True
3bf19a5a,RJ433,RJA433,RJA,RJA,A20N,JY-RAG,OJAI,AMM,2025-08-28T07:33:03Z,26L,OSAP,ALP,OSAP,ALP,2025-08-28T08:26:21Z,,3198.0,597.899,488.514,Passenger,744827,2025-08-28T07:18:50Z,2025-08-28T08:16:42Z,True
3bf1e774,TK845,THY845,THY,THY,B739,TC-JYB,OSAP,ALP,,,LTFM,IST,LTFM,IST,2025-08-28T11:08:53Z,35R,,1094.19,938.848,Passenger,4BAB22,2025-08-28T09:37:58Z,2025-08-28T11:21:40Z,True
3bf1eade,RJ434,RJA434,RJA,RJA,A20N,JY-RAG,OSAP,ALP,2025-08-28T09:42:08Z,09L,OJAI,AMM,OJAI,AMM,2025-08-28T10:34:30Z,26L,3142.0,609.481,505.024,Passenger,744827,2025-08-28T09:43:33Z,2025-08-28T10:37:29Z,True
3bf50fd6,RJ431,RJA431,RJA,RJA,A20N,JY-RAA,OJAI,AMM,2025-08-29T02:44:15Z,26L,OSAP,ALP,OSAP,ALP,,,,557.783,477.856,Passenger,744821,2025-08-29T02:33:07Z,2025-08-29T03:28:35Z,True
3bf529f3,VF340,TKJ340,TKJ,TKJ,B738,TC-JHD,LTFJ,SAW,2025-08-29T03:47:46Z,06L,OSAP,ALP,OSAP,ALP,2025-08-29T05:09:44Z,,4918.0,964.42,858.643,Passenger,4BA904,2025-08-29T03:24:24Z,2025-08-29T05:01:28Z,True
3bf557b2,RJ432,RJA432,RJA,RJA,A20N,JY-RAA,OSAP,ALP,2025-08-29T04:50:13Z,,OJAI,AMM,OJAI,AMM,2025-08-29T05:45:07Z,26R,3294.0,601.017,499.225,Passenger,744821,2025-08-29T04:53:40Z,2025-08-29T05:50:23Z,True
3bf55976,TK844,THY844,THY,THY,B739,TC-JYB,LTFM,IST,2025-08-29T05:28:06Z,34L,OSAP,ALP,OSAP,ALP,,,,1110.25,903.826,Passenger,4BAB22,2025-08-29T04:57:10Z,2025-08-29T06:54:49Z,True
3bf589dc,VF341,TKJ341,TKJ,TKJ,B738,TC-JHD,OSAP,ALP,2025-08-29T06:25:42Z,,LTFJ,SAW,LTFJ,SAW,2025-08-29T07:53:45Z,06R,5283.0,993.652,855.382,Passenger,4BA904,2025-08-29T06:30:33Z,2025-08-29T08:08:27Z,True
3bf59af1,RJ433,RJA433,RJA,RJA,A320,JY-AYU,OJAI,AMM,2025-08-29T07:14:01Z,26L,OSAP,ALP,OSAP,ALP,2025-08-29T08:03:37Z,,2976.0,572.145,493.231,,740735,2025-08-29T07:04:07Z,2025-08-29T07:57:51Z,True
3bf5ece6,TK845,THY845,THY,THY,B739,TC-JYB,OSAP,ALP,,,LTFM,IST,LTFM,IST,2025-08-29T10:53:31Z,35R,,994.284,914.768,Passenger,4BAB22,2025-08-29T09:35:33Z,2025-08-29T11:00:34Z,True
3bf5ee6b,RJ434,RJA434,RJA,RJA,A320,JY-AYU,OSAP,ALP,2025-08-29T09:36:31Z,09L,OJAI,AMM,OJAI,AMM,2025-08-29T10:27:38Z,26L,3067.0,559.966,504.355,,740735,2025-08-29T09:38:12Z,2025-08-29T10:30:20Z,True
3bf8d9a7,FCY756,FYC756,FYC,FYC,A320,YK-BAC,OMDW,DWC,2025-08-30T01:51:52Z,12,OSAP,ALP,OSAP,ALP,2025-08-30T04:41:44Z,27L,10192.0,2316.99,2114.64,Passenger,778823,2025-08-30T01:36:18Z,2025-08-30T04:38:41Z,True
3bf8f9fc,RJ431,RJA431,RJA,RJA,A20N,JY-RAG,OJAI,AMM,2025-08-30T02:49:38Z,26L,OSAP,ALP,OSAP,ALP,,,,528.211,443.81,Passenger,744827,2025-08-30T02:38:42Z,2025-08-30T03:28:42Z,True
3bf90e3b,VF340,TKJ340,TKJ,TKJ,B738,TC-JHA,LTFJ,SAW,2025-08-30T03:38:44Z,06L,OSAP,ALP,OSAP,ALP,,,,922.348,854.376,Passenger,4BA901,2025-08-30T03:23:07Z,2025-08-30T04:49:43Z,True
3bf93851,RJ432,RJA432,RJA,RJA,A20N,JY-RAG,OSAP,ALP,,,OJAI,AMM,OJAI,AMM,2025-08-30T05:41:02Z,26R,,516.323,467.241,Passenger,744827,2025-08-30T04:56:23Z,2025-08-30T05:47:29Z,True
3bf9608d,VF341,TKJ341,TKJ,TKJ,B738,TC-JHA,OSAP,ALP,,,LTFJ,SAW,LTFJ,SAW,2025-08-30T07:40:23Z,06R,,951.437,853.75,Passenger,4BA901,2025-08-30T06:25:01Z,2025-08-30T07:52:38Z,True
3bf963d5,FCY755,FYC755,FYC,FYC,A320,YK-BAC,OSAP,ALP,2025-08-30T06:30:52Z,,OMDW,DWC,OMDW,DWC,2025-08-30T09:28:16Z,,10644.0,2323.16,2131.02,Passenger,778823,2025-08-30T06:32:01Z,2025-08-30T09:27:33Z,True
3bf97e77,RJ433,RJA433,RJA,RJA,E290,JY-RED,OJAI,AMM,2025-08-30T07:29:04Z,26L,OSAP,ALP,OSAP,ALP,2025-08-30T08:25:16Z,,3372.0,587.889,490.642,Passenger,7448A4,2025-08-30T07:27:33Z,2025-08-30T08:18:31Z,True
3bf9a1e3,FCY526,FYC526,FYC,FYC,A320,YK-BAA,ORER,EBL,,,OSAP,ALP,OSAP,ALP,,,,918.179,631.745,Passenger,778821,2025-08-30T08:33:50Z,2025-08-30T09:37:00Z,True
3bf9c4af,RJ434,RJA434,RJA,RJA,E290,JY-RED,OSAP,ALP,,,OJAI,AMM,OJAI,AMM,2025-08-30T10:24:22Z,26L,,528.23,473.119,Passenger,7448A4,2025-08-30T09:36:09Z,2025-08-30T10:24:44Z,True
3bf9fd1e,FCY525,FYC525,FYC,FYC,A320,YK-BAA,OSAP,ALP,,,ORER,EBL,ORER,EBL,,,,896.529,599.041,Passenger,778821,2025-08-30T11:00:06Z,2025-08-30T12:00:58Z,True
3bfc883c,RJ431,RJA431,RJA,RJA,E290,JY-REC,OJAI,AMM,2025-08-31T02:53:58Z,26L,OSAP,ALP,OSAP,ALP,,,,570.925,461.65,Passenger,7448A3,2025-08-31T02:53:09Z,2025-08-31T03:37:15Z,True
3bfc90f9,VF340,TKJ340,TKJ,TKJ,B738,TC-JHB,LTFJ,SAW,2025-08-31T03:30:06Z,06L,OSAP,ALP,OSAP,ALP,,,,930.445,849.325,Passenger,4BA902,2025-08-31T03:14:27Z,2025-08-31T04:42:03Z,True
3bfcc012,RJ432,RJA432,RJA,RJA,E290,JY-REC,OSAP,ALP,2025-08-31T04:58:00Z,09L,OJAI,AMM,OJAI,AMM,2025-08-31T05:51:44Z,26L,3224.0,565.931,490.142,Passenger,7448A3,2025-08-31T05:03:26Z,2025-08-31T05:51:59Z,True
3bfcc2df,TK844,THY844,THY,THY,B739,TC-JYB,LTFM,IST,2025-08-31T05:36:57Z,17R,OSAP,ALP,OSAP,ALP,,,,1017.77,916.612,Passenger,4BAB22,2025-08-31T05:06:52Z,2025-08-31T06:53:20Z,True
3bfccf5b,QR414,QTR414,QTR,QTR,A332,A7-ACM,OTHH,DOH,2025-08-31T05:50:34Z,34L,OSAP,ALP,OSAP,ALP,2025-08-31T08:20:55Z,,9021.0,2029.01,1816.6,Passenger,06A04E,2025-08-31T05:34:50Z,2025-08-31T08:10:12Z,True
3bfce3fd,VF341,TKJ341,TKJ,TKJ,B738,TC-JHB,OSAP,ALP,,,LTFJ,SAW,LTFJ,SAW,2025-08-31T07:36:25Z,06R,,940.474,854.302,Passenger,4BA902,2025-08-31T06:20:49Z,2025-08-31T07:46:51Z,True
3bfd492a,TK845,THY845,THY,THY,B739,TC-JYB,OSAP,ALP,2025-08-31T09:18:14Z,,LTFM,IST,LTFM,IST,2025-08-31T10:51:04Z,17L,5570.0,1051.55,916.823,Passenger,4BAB22,2025-08-31T09:23:41Z,2025-08-31T11:02:49Z,True
3bfd885d,QR415,QTR415,QTR,QTR,A332,A7-ACM,OSAP,ALP,,,OTHH,DOH,OTHH,DOH,2025-08-31T13:45:06Z,16L,,2127.1,1814.49,Passenger,06A04E,2025-08-31T11:04:42Z,2025-08-31T13:46:26Z,True
3bfd9eae,RJ433,RJA433,RJA,RJA,E290,JY-RED,OJAI,AMM,2025-08-31T11:39:31Z,26L,OSAP,ALP,OSAP,ALP,,,,570.2,448.794,Passenger,7448A4,2025-08-31T11:38:29Z,2025-08-31T12:21:47Z,True
3bfdfe47,RJ434,RJA434,RJA,RJA,E290,JY-RED,OSAP,ALP,2025-08-31T13:42:19Z,,OJAI,AMM,OJAI,AMM,2025-08-31T14:37:39Z,26L,3320.0,629.095,504.856,Passenger,7448A4,2025-08-31T13:45:15Z,2025-08-31T14:37:43Z,True
3bff011e,FCY756,FYC756,FYC,FYC,A320,YK-BAB,OMDW,DWC,2025-08-31T19:24:33Z,30,OSAP,ALP,OSAP,ALP,2025-08-31T22:10:58Z,,9985.0,2254.65,2118.88,Passenger,778822,2025-08-31T19:13:12Z,2025-08-31T22:07:36Z,True
3bffa3af,FCY751,FYC751,FYC,FYC,A320,YK-BAB,OSAP,ALP,2025-08-31T23:40:25Z,09L,OMDW,DWC,OMDW,DWC,2025-09-01T02:38:35Z,12,10690.0,2530.35,2127.13,Passenger,778822,2025-08-31T23:41:41Z,2025-09-01T02:44:48Z,True
3c00045d,RJ431,RJA431,RJA,RJA,A20N,JY-RAI,OJAI,AMM,2025-09-01T03:04:03Z,26L,OSAP,ALP,OSAP,ALP,,,,532.199,447.645,Passenger,744829,2025-09-01T02:53:21Z,2025-09-01T03:45:28Z,True
3c00071b,VF340,TKJ340,TKJ,TKJ,B738,TC-JFT,LTFJ,SAW,2025-09-01T03:33:41Z,06L,OSAP,ALP,OSAP,ALP,,,,929.789,856.149,Passenger,4BA8D4,2025-09-01T02:59:33Z,2025-09-01T04:44:42Z,True
3c003c36,TK844,THY844,THY,THY,B739,TC-JYB,LTFM,IST,2025-09-01T05:28:57Z,34L,OSAP,ALP,OSAP,ALP,,,,1052.85,928.343,Passenger,4BAB22,2025-09-01T04:53:03Z,2025-09-01T06:44:13Z,True
3c0049dc,RJ432,RJA432,RJA,RJA,A20N,JY-RAI,OSAP,ALP,,,OJAI,AMM,OJAI,AMM,2025-09-01T06:12:39Z,26L,,557.492,461.892,Passenger,744829,2025-09-01T05:26:05Z,2025-09-01T06:15:56Z,True
3c004e1e,QR414,QTR414,QTR,QTR,A332,A7-ACM,OTHH,DOH,2025-09-01T05:45:57Z,34L,OSAP,ALP,OSAP,ALP,2025-09-01T08:20:25Z,,9268.0,2007.16,1817.79,Passenger,06A04E,2025-09-01T05:28:58Z,2025-09-01T08:16:27Z,True
3c0068e5,RB444,SYR444,SYR,SYR,A320,YK-BAG,LTFM,IST,2025-09-01T06:33:42Z,35R,OSAP,ALP,OSAP,ALP,,,,1024.87,915.803,Passenger,778827,2025-09-01T06:23:36Z,2025-09-01T07:47:10Z,True
3c006c96,VF341,TKJ341,TKJ,TKJ,B738,TC-JFT,OSAP,ALP,,,LTFJ,SAW,LTFJ,SAW,2025-09-01T07:52:30Z,06R,,953.082,849.555,Passenger,4BA8D4,2025-09-01T06:31:28Z,2025-09-01T08:07:22Z,True
3c00785a,,UNO501H,IGC,IGC,CRJ2,YI-BAK,OSDI,DAM,2025-09-01T06:55:04Z,23L,OSAP,ALP,OSAP,ALP,,,,321.135,243.392,Business_jets,72882B,2025-09-01T06:55:06Z,2025-09-01T07:25:03Z,True
3c008900,RJ433,RJA433,RJA,RJA,A20N,JY-RAH,OJAI,AMM,2025-09-01T07:38:40Z,26L,OSAP,ALP,OSAP,ALP,,,,553.329,449.661,Passenger,744828,2025-09-01T07:28:15Z,2025-09-01T08:22:07Z,True
3c00cfb9,TK845,THY845,THY,THY,B739,TC-JYB,OSAP,ALP,2025-09-01T09:37:08Z,09R,LTFM,IST,LTFM,IST,2025-09-01T11:06:48Z,35R,5380.0,1023.3,917.144,Passenger,4BAB22,2025-09-01T09:42:16Z,2025-09-01T11:17:52Z,True
3c00d00b,RJ434,RJA434,RJA,RJA,A20N,JY-RAH,OSAP,ALP,2025-09-01T09:41:33Z,,OJAI,AMM,OJAI,AMM,2025-09-01T10:34:22Z,26L,3169.0,650.472,506.834,Passenger,744828,2025-09-01T09:42:59Z,2025-09-01T10:35:11Z,True
3c00d81a,RB517,SYR517,SYR,SYR,A320,YK-BAG,OSAP,ALP,2025-09-01T09:53:43Z,,OMDB,DXB,OMDB,DXB,2025-09-01T12:42:35Z,30L,10132.0,2346.35,2119.81,Passenger,778827,2025-09-01T09:57:10Z,2025-09-01T12:42:35Z,True
3c0101c4,QR415,QTR415,QTR,QTR,A332,A7-ACM,OSAP,ALP,2025-09-01T11:06:04Z,09L,OTHH,DOH,OTHH,DOH,2025-09-01T14:04:40Z,34L,10716.0,2240.11,1833.01,Passenger,06A04E,2025-09-01T11:07:19Z,2025-09-01T14:09:50Z,True
3c025fba,RB445,SYR445,SYR,SYR,A320,YK-BAG,OSAP,ALP,2025-09-01T18:08:46Z,,LTFM,IST,LTFM,IST,2025-09-01T19:38:47Z,36,5401.0,1096.69,923.702,Passenger,778827,2025-09-01T18:10:29Z,2025-09-01T19:50:13Z,True
3c0384bf,FYC762,FYC762,FYC,,A320,YK-BAC,OMSJ,SHJ,2025-09-02T01:46:13Z,30,OSAP,ALP,OSAP,ALP,2025-09-02T04:39:40Z,27R,10407.0,2280.33,2116.02,Passenger,778823,2025-09-02T01:45:15Z,2025-09-02T04:36:50Z,True
3c03aa5c,VF340,TKJ340,TKJ,TKJ,B738,TC-JFT,LTFJ,SAW,2025-09-02T03:44:27Z,06L,OSAP,ALP,OSAP,ALP,,,,908.83,852.963,Passenger,4BA8D4,2025-09-02T02:55:31Z,2025-09-02T04:53:09Z,True
3c03ac6a,RJ431,RJA431,RJA,RJA,A20N,JY-RAL,OJAI,AMM,2025-09-02T03:12:43Z,26L,OSAP,ALP,OSAP,ALP,,,,568.651,445.914,Passenger,74482C,2025-09-02T03:00:02Z,2025-09-02T03:56:02Z,True
3c03e10b,TK844,THY844,THY,THY,B739,TC-JYI,LTFM,IST,2025-09-02T05:27:01Z,36,OSAP,ALP,OSAP,ALP,,,,1063.71,913.223,Passenger,4BAB29,2025-09-02T04:56:16Z,2025-09-02T06:47:25Z,True
3c03f29e,RJ432,RJA432,RJA,RJA,A20N,JY-RAL,OSAP,ALP,,,OJAI,AMM,OJAI,AMM,2025-09-02T06:18:38Z,26L,,567.081,446.509,Passenger,74482C,2025-09-02T05:31:20Z,2025-09-02T06:22:54Z,True
3c041ba6,VF341,TKJ341,TKJ,TKJ,B738,TC-JFT,OSAP,ALP,2025-09-02T06:53:43Z,09L,LTFJ,SAW,LTFJ,SAW,2025-09-02T08:22:41Z,06R,5338.0,1012.64,847.903,Passenger,4BA8D4,2025-09-02T06:57:23Z,2025-09-02T08:34:06Z,True
3c04282a,FYC761,FYC761,FYC,,A320,YK-BAC,OSAP,ALP,2025-09-02T07:17:42Z,,OMSJ,SHJ,OMSJ,SHJ,2025-09-02T10:12:48Z,30,10506.0,2334.07,2124.52,Passenger,778823,2025-09-02T07:18:48Z,2025-09-02T10:18:08Z,True
3c042f20,RJ433,RJA433,RJA,RJA,E290,JY-REC,OJAI,AMM,2025-09-02T07:32:54Z,26L,OSAP,ALP,OSAP,ALP,2025-09-02T08:29:32Z,,3398.0,593.831,497.254,Passenger,7448A3,2025-09-02T07:32:18Z,2025-09-02T08:23:38Z,True
3c047434,RJ434,RJA434,RJA,RJA,E290,JY-REC,OSAP,ALP,2025-09-02T09:32:47Z,,OJAI,AMM,OJAI,AMM,2025-09-02T10:31:39Z,26L,3532.0,659.482,505.787,Passenger,7448A3,2025-09-02T09:35:52Z,2025-09-02T10:32:16Z,True
3c047a8b,TK845,THY845,THY,THY,B739,TC-JYI,OSAP,ALP,2025-09-02T09:43:27Z,,LTFM,IST,LTFM,IST,2025-09-02T11:15:40Z,35R,5533.0,1055.99,916.501,Passenger,4BAB29,2025-09-02T09:47:19Z,2025-09-02T11:34:14Z,True
3c079016,RJ431,RJA431,RJA,RJA,A20N,JY-RAA,OJAI,AMM,2025-09-03T03:03:07Z,26R,OSAP,ALP,OSAP,ALP,,,,538.36,403.632,Passenger,744821,2025-09-03T02:52:52Z,2025-09-03T03:39:09Z,True
3c079213,VF340,TKJ340,TKJ,TKJ,B738,TC-JHA,LTFJ,SAW,2025-09-03T03:29:39Z,06L,OSAP,ALP,OSAP,ALP,,,,968.276,851.57,Passenger,4BA901,2025-09-03T02:56:53Z,2025-09-03T04:40:53Z,True
3c07caca,TK844,THY844,THY,THY,B739,TC-JYB,LTFM,IST,2025-09-03T05:42:21Z,35L,OSAP,ALP,OSAP,ALP,,,,1027.04,917.534,Passenger,4BAB22,2025-09-03T04:51:23Z,2025-09-03T06:55:14Z,True
3c07e26c,QR414,QTR414,QTR,QTR,A332,A7-ACM,OTHH,DOH,2025-09-03T05:48:57Z,34L,OSAP,ALP,OSAP,ALP,2025-09-03T08:21:24Z,,9147.0,2067.12,1818.91,Passenger,06A04E,2025-09-03T05:36:44Z,2025-09-03T08:17:23Z,True
3c07fd6e,VF341,TKJ341,TKJ,TKJ,B738,TC-JHA,OSAP,ALP,,,LTFJ,SAW,LTFJ,SAW,2025-09-03T07:50:15Z,06R,,958.318,853.39,Passenger,4BA901,2025-09-03T06:29:28Z,2025-09-03T08:01:40Z,True
3c0800e5,RJ432,RJA432,RJA,RJA,A20N,JY-RAA,OSAP,ALP,,,OJAI,AMM,OJAI,AMM,2025-09-03T07:26:43Z,26L,,605.313,467.069,Passenger,744821,2025-09-03T06:36:36Z,2025-09-03T07:37:30Z,True
3c081bf8,RJ433,RJA433,RJA,RJA,E290,JY-REC,OJAI,AMM,2025-09-03T07:28:00Z,26L,OSAP,ALP,OSAP,ALP,2025-09-03T08:25:00Z,,3420.0,581.568,478.622,Passenger,7448A3,2025-09-03T07:26:54Z,2025-09-03T08:15:47Z,True
3c086755,TK845,THY845,THY,THY,B739,TC-JYB,OSAP,ALP,,,LTFM,IST,LTFM,IST,2025-09-03T11:01:30Z,35R,,984.791,895.708,Passenger,4BAB22,2025-09-03T09:40:34Z,2025-09-03T11:15:44Z,True
3c08690c,RJ434,RJA434,RJA,RJA,E290,JY-REC,OSAP,ALP,,,OJAI,AMM,OJAI,AMM,2025-09-03T10:34:49Z,26L,,571.561,467.573,Passenger,7448A3,2025-09-03T09:43:42Z,2025-09-03T10:34:51Z,True
3c08a265,QR415,QTR415,QTR,QTR,A332,A7-ACM,OSAP,ALP,2025-09-03T11:10:22Z,09L,OTHH,DOH,OTHH,DOH,2025-09-03T13:50:23Z,34R,9601.0,2124.44,1830.5,Passenger,06A04E,2025-09-03T11:12:59Z,2025-09-03T13:52:08Z,True
3c0b8a6d,VF340,TKJ340,TKJ,TKJ,B738,TC-JHD,LTFJ,SAW,2025-09-04T03:45:00Z,06L,OSAP,ALP,OSAP,ALP,2025-09-04T05:08:36Z,,5016.0,983.634,875.661,Passenger,4BA904,2025-09-04T02:58:16Z,2025-09-04T05:03:57Z,True
3c0b8ab5,RJ431,RJA431,RJA,RJA,A320,JY-AZD,OJAI,AMM,2025-09-04T03:09:59Z,26R,OSAP,ALP,OSAP,ALP,2025-09-04T04:01:45Z,,3106.0,643.133,490.381,,740744,2025-09-04T02:58:52Z,2025-09-04T03:56:57Z,True
3c0bbdfe,TK844,THY844,THY,THY,B739,TC-JYB,LTFM,IST,2025-09-04T05:34:21Z,36,OSAP,ALP,OSAP,ALP,,,,1049.64,903.648,Passenger,4BAB22,2025-09-04T04:44:40Z,2025-09-04T06:51:47Z,True
3c0bcfaa,RJ432,RJA432,RJA,RJA,A320,JY-AZD,OSAP,ALP,2025-09-04T05:15:13Z,,OJAI,AMM,OJAI,AMM,2025-09-04T06:15:39Z,,3626.0,607.311,507.23,,740744,2025-09-04T05:16:39Z,2025-09-04T06:31:52Z,True
3c0bdb67,QR414,QTR414,QTR,QTR,A332,A7-ACM,OTHH,DOH,2025-09-04T05:52:03Z,34L,OSAP,ALP,OSAP,ALP,2025-09-04T08:32:57Z,,9654.0,2067.08,1819.79,Passenger,06A04E,2025-09-04T05:39:10Z,2025-09-04T08:29:12Z,True
3c0bfc87,VF341,TKJ341,TKJ,TKJ,B738,TC-JHD,OSAP,ALP,,,LTFJ,SAW,LTFJ,SAW,2025-09-04T07:58:53Z,,,1084.89,853.113,Passenger,4BA904,2025-09-04T06:40:31Z,2025-09-04T07:58:10Z,True
3c0c1174,RJ433,RJA433,RJA,RJA,A20N,JY-RAL,OJAI,AMM,2025-09-04T07:30:54Z,26L,OSAP,ALP,OSAP,ALP,2025-09-04T08:21:00Z,,3006.0,549.768,461.649,Passenger,74482C,2025-09-04T07:18:12Z,2025-09-04T08:13:42Z,True
3c0c5c9a,TK845,THY845,THY,THY,B739,TC-JYB,OSAP,ALP,,,LTFM,IST,LTFM,IST,2025-09-04T10:47:27Z,35R,,990.451,908.892,Passenger,4BAB22,2025-09-04T09:25:36Z,2025-09-04T11:02:17Z,True
3c0c643f,RJ434,RJA434,RJA,RJA,A20N,JY-RAL,OSAP,ALP,2025-09-04T09:36:56Z,,OJAI,AMM,OJAI,AMM,2025-09-04T10:30:19Z,26L,3203.0,572.649,506.511,Passenger,74482C,2025-09-04T09:38:16Z,2025-09-04T10:35:34Z,True
3c0c9a8e,QR415,QTR415,QTR,QTR,A332,A7-ACM,OSAP,ALP,2025-09-04T10:56:46Z,,OTHH,DOH,OTHH,DOH,2025-09-04T13:41:11Z,34R,9865.0,2135.49,1829.1,Passenger,06A04E,2025-09-04T10:59:27Z,2025-09-04T13:42:01Z,True
3c0f9189,RJ431,RJA431,RJA,RJA,A20N,JY-RAC,OJAI,AMM,2025-09-05T03:03:26Z,26R,OSAP,ALP,OSAP,ALP,,,,573.963,494.763,Passenger,744823,2025-09-05T02:53:53Z,2025-09-05T03:47:10Z,True
3c0fb7c0,VF340,TKJ340,TKJ,TKJ,B738,TC-JFD,LTFJ,SAW,2025-09-05T04:27:14Z,06L,OSAP,ALP,OSAP,ALP,,,,958.717,852.435,Passenger,4BA8C4,2025-09-05T04:12:01Z,2025-09-05T05:39:05Z,True
3c0fc937,TK844,THY844,THY,THY,B739,TC-JYB,LTFM,IST,2025-09-05T05:41:07Z,35L,OSAP,ALP,OSAP,ALP,,,,1071.59,927.156,Passenger,4BAB22,2025-09-05T04:48:00Z,2025-09-05T07:03:18Z,True
3c0fd83e,RJ432,RJA432,RJA,RJA,A20N,JY-RAC,OSAP,ALP,2025-09-05T05:13:49Z,09L,OJAI,AMM,OJAI,AMM,2025-09-05T06:05:20Z,26L,3091.0,623.447,495.727,Passenger,744823,2025-09-05T05:17:39Z,2025-09-05T06:08:38Z,True
3c0fe80e,RJ433,RJA433,RJA,RJA,A20N,JY-RAD,OJAI,AMM,2025-09-05T07:26:28Z,26R,OSAP,ALP,OSAP,ALP,,,,546.933,466.883,Passenger,744824,2025-09-05T05:49:50Z,2025-09-05T08:10:53Z,True
3c100d92,VF341,TKJ341,TKJ,TKJ,B738,TC-JFD,OSAP,ALP,2025-09-05T06:55:53Z,,LTFJ,SAW,LTFJ,SAW,2025-09-05T08:20:01Z,06R,5048.0,961.123,853.782,Passenger,4BA8C4,2025-09-05T07:00:24Z,2025-09-05T08:29:46Z,True
3c105ff8,TK845,THY845,THY,THY,B739,TC-JYB,OSAP,ALP,,,LTFM,IST,LTFM,IST,2025-09-05T10:45:04Z,35R,,1013.62,908.37,Passenger,4BAB22,2025-09-05T09:20:45Z,2025-09-05T10:58:05Z,True
3c106b6b,RJ434,RJA434,RJA,RJA,A20N,JY-RAD,OSAP,ALP,2025-09-05T09:34:16Z,,OJAI,AMM,OJAI,AMM,2025-09-05T10:26:49Z,26L,3153.0,559.51,498.243,Passenger,744824,2025-09-05T09:37:58Z,2025-09-05T10:30:23Z,True
3c133eea,FCY526,FYC526,FYC,FYC,A320,YK-BAC,ORER,EBL,2025-09-06T00:33:50Z,18,OSAP,ALP,OSAP,ALP,2025-09-06T01:59:58Z,,5168.0,1014.02,598.351,Passenger,778823,2025-09-06T00:36:55Z,2025-09-06T01:57:04Z,True
3c1365a3,FYC762,FYC762,FYC,,A320,YK-BAA,OMSJ,SHJ,2025-09-06T01:47:47Z,30,OSAP,ALP,OSAP,ALP,,,,2303.26,2076.27,Passenger,778821,2025-09-06T01:48:20Z,2025-09-06T04:27:46Z,True
3c138802,RJ431,RJA431,RJA,RJA,A321,JY-AYV,OJAI,AMM,2025-09-06T03:13:08Z,26L,OSAP,ALP,OSAP,ALP,,,,576.054,494.724,,740736,2025-09-06T02:59:43Z,2025-09-06T03:56:54Z,True
3c138a3a,VF340,TKJ340,TKJ,TKJ,B738,TC-JFD,LTFJ,SAW,2025-09-06T03:45:42Z,06L,OSAP,ALP,OSAP,ALP,,,,923.088,856.166,Passenger,4BA8C4,2025-09-06T03:04:57Z,2025-09-06T04:59:28Z,True
3c138ab6,FCY525,FYC525,FYC,FYC,A320,YK-BAC,OSAP,ALP,2025-09-06T03:04:47Z,,ORER,EBL,ORER,EBL,2025-09-06T04:23:38Z,,4731.0,1060.41,612.02,Passenger,778823,2025-09-06T03:05:55Z,2025-09-06T04:16:42Z,True
3c13b62b,TK844,THY844,THY,THY,B739,TC-JYI,LTFM,IST,2025-09-06T05:33:02Z,34L,OSAP,ALP,OSAP,ALP,,,,1076.15,907.646,Passenger,4BAB29,2025-09-06T04:41:35Z,2025-09-06T06:57:15Z,True
3c13ca2c,RJ432,RJA432,RJA,RJA,A321,JY-AYV,OSAP,ALP,2025-09-06T05:21:15Z,09L,OJAI,AMM,OJAI,AMM,2025-09-06T06:13:52Z,26L,3157.0,551.203,497.654,,740736,2025-09-06T05:23:45Z,2025-09-06T06:17:44Z,True
3c13ef24,VF341,TKJ341,TKJ,TKJ,B738,TC-JFD,OSAP,ALP,,,LTFJ,SAW,LTFJ,SAW,2025-09-06T08:10:45Z,06R,,1036.66,852.325,Passenger,4BA8C4,2025-09-06T06:42:24Z,2025-09-06T08:28:06Z,True
3c13faac,FYC761,FYC761,FYC,,A320,YK-BAA,OSAP,ALP,,,OMSJ,SHJ,OMSJ,SHJ,2025-09-06T09:43:41Z,30,,2232.33,2065.08,Passenger,778821,2025-09-06T07:04:38Z,2025-09-06T09:43:41Z,True
3c14058c,RJ433,RJA433,RJA,RJA,E290,JY-REC,OJAI,AMM,2025-09-06T07:26:53Z,26L,OSAP,ALP,OSAP,ALP,2025-09-06T08:20:35Z,,3222.0,587.435,505.473,Passenger,7448A3,2025-09-06T07:26:13Z,2025-09-06T08:12:34Z,True
3c144d89,RJ434,RJA434,RJA,RJA,E290,JY-REC,OSAP,ALP,,,OJAI,AMM,OJAI,AMM,2025-09-06T10:12:42Z,26R,,541.157,486.327,Passenger,7448A3,2025-09-06T09:21:45Z,2025-09-06T10:09:46Z,True
3c145544,TK845,THY845,THY,THY,B739,TC-JYI,OSAP,ALP,,,LTFM,IST,LTFM,IST,2025-09-06T10:59:39Z,35R,,1041.19,915.385,Passenger,4BAB29,2025-09-06T09:33:19Z,2025-09-06T11:17:10Z,True
3c172482,RJ431,RJA431,RJA,RJA,A20N,JY-RAH,OJAI,AMM,2025-09-07T03:06:57Z,26L,OSAP,ALP,OSAP,ALP,,,,527.994,450.247,Passenger,744828,2025-09-07T02:56:22Z,2025-09-07T03:47:09Z,True
3c173e08,VF340,TKJ340,TKJ,TKJ,B738,TC-JHA,LTFJ,SAW,2025-09-07T05:33:17Z,06L,OSAP,ALP,OSAP,ALP,,,,939.623,848.428,Passenger,4BA901,2025-09-07T03:58:18Z,2025-09-07T06:40:04Z,True
3c1753a6,TK844,THY844,THY,THY,B739,TC-JYF,LTFM,IST,2025-09-07T05:27:13Z,34L,OSAP,ALP,OSAP,ALP,,,,1053.2,903.258,Passenger,4BAB26,2025-09-07T04:46:32Z,2025-09-07T06:47:43Z,True
3c17614b,RJ432,RJA432,RJA,RJA,A20N,JY-RAH,OSAP,ALP,,,OJAI,AMM,OJAI,AMM,2025-09-07T06:05:22Z,26L,,610.031,467.468,Passenger,744828,2025-09-07T05:15:07Z,2025-09-07T06:10:11Z,True
3c176683,QR414,QTR414,QTR,QTR,A332,A7-ACM,OTHH,DOH,2025-09-07T05:46:55Z,34L,OSAP,ALP,OSAP,ALP,2025-09-07T08:22:06Z,,9311.0,2123.6,1812.74,Passenger,06A04E,2025-09-07T05:27:39Z,2025-09-07T08:14:10Z,True
3c17a072,RJ433,RJA433,RJA,RJA,E295,JY-REG,OJAI,AMM,2025-09-07T07:34:11Z,26L,OSAP,ALP,OSAP,ALP,,,,546.64,454.019,Passenger,7448A7,2025-09-07T07:33:06Z,2025-09-07T08:18:02Z,True
3c17bf0c,VF341,TKJ341,TKJ,TKJ,B738,TC-JHA,OSAP,ALP,2025-09-07T08:26:05Z,09L,LTFJ,SAW,LTFJ,SAW,2025-09-07T09:53:49Z,,5264.0,1050.86,860.459,Passenger,4BA901,2025-09-07T08:27:28Z,2025-09-07T09:53:14Z,True
3c17eb1d,TK845,THY845,THY,THY,B739,TC-JYF,OSAP,ALP,,,LTFM,IST,LTFM,IST,2025-09-07T11:05:01Z,35R,,1007.15,910.13,Passenger,4BAB26,2025-09-07T09:38:41Z,2025-09-07T11:23:06Z,True
3c17f145,RJ434,RJA434,RJA,RJA,E295,JY-REG,OSAP,ALP,,,OJAI,AMM,OJAI,AMM,2025-09-07T10:39:15Z,26L,,636.239,466.793,Passenger,7448A7,2025-09-07T09:49:09Z,2025-09-07T10:39:29Z,True
3c182aad,QR415,QTR415,QTR,QTR,A332,A7-ACM,OSAP,ALP,,,OTHH,DOH,OTHH,DOH,2025-09-07T13:48:31Z,34L,,2105.54,1813.63,Passenger,06A04E,2025-09-07T11:14:31Z,2025-09-07T13:54:35Z,True
3c199281,FCY756,FYC756,FYC,FYC,A320,YK-BAB,OMDW,DWC,2025-09-07T18:34:53Z,30,OSAP,ALP,OSAP,ALP,2025-09-07T21:23:24Z,,10111.0,2217.18,2104.55,Passenger,778822,2025-09-07T18:25:49Z,2025-09-07T21:18:17Z,True
3c1a5442,FCY751,FYC751,FYC,FYC,A320,YK-BAB,OSAP,ALP,2025-09-07T23:07:57Z,09L,OMDW,DWC,OMDW,DWC,2025-09-08T01:53:17Z,12,9920.0,2272.0,2114.38,Passenger,778822,2025-09-07T23:11:59Z,2025-09-08T01:55:06Z,True
3c1acc1e,RJ431,RJA431,RJA,RJA,A20N,JY-RAK,OJAI,AMM,2025-09-08T03:10:42Z,26R,OSAP,ALP,OSAP,ALP,2025-09-08T03:57:42Z,,2820.0,552.546,494.54,Passenger,74482B,2025-09-08T02:54:44Z,2025-09-08T03:51:33Z,True
3c1aceda,VF340,TKJ340,TKJ,TKJ,B738,TC-JHA,LTFJ,SAW,2025-09-08T03:33:21Z,06L,OSAP,ALP,OSAP,ALP,,,,946.541,842.435,Passenger,4BA901,2025-09-08T03:00:39Z,2025-09-08T04:47:22Z,True
3c1b00d3,TK844,THY844,THY,THY,B739,TC-JYI,LTFM,IST,2025-09-08T05:31:57Z,34L,OSAP,ALP,OSAP,ALP,,,,1074.18,915.149,Passenger,4BAB29,2025-09-08T04:44:46Z,2025-09-08T06:56:47Z,True
3c1b0eab,RB444,SYR444,SYR,SYR,A320,YK-BAG,LTFM,IST,2025-09-08T06:34:37Z,35L,OSAP,ALP,OSAP,ALP,,,,1005.34,910.401,Passenger,778827,2025-09-08T05:11:06Z,2025-09-08T07:48:35Z,True
3c1b154d,RJ432,RJA432,RJA,RJA,A20N,JY-RAK,OSAP,ALP,2025-09-08T05:23:02Z,27L,OJAI,AMM,OJAI,AMM,2025-09-08T06:22:45Z,26L,3583.0,645.621,507.143,Passenger,74482B,2025-09-08T05:24:35Z,2025-09-08T06:25:25Z,True
3c1b16b9,QR414,QTR414,QTR,QTR,A332,A7-ACM,OTHH,DOH,2025-09-08T05:45:02Z,34L,OSAP,ALP,OSAP,ALP,2025-09-08T08:19:48Z,,9286.0,2020.52,1829.67,Passenger,06A04E,2025-09-08T05:27:33Z,2025-09-08T08:31:23Z,True
3c1b4664,,UNO501H,UNO,IGC,CRJ2,YI-BAK,OSDI,DAM,2025-09-08T06:59:57Z,,OSAP,ALP,OSAP,ALP,,,,342.721,292.752,Business_jets,72882B,2025-09-08T07:04:04Z,2025-09-08T07:31:50Z,True
3c1b526c,RJ433,RJA433,RJA,RJA,E295,JY-REB,OJAI,AMM,2025-09-08T07:27:27Z,26L,OSAP,ALP,OSAP,ALP,2025-09-08T08:26:16Z,,3529.0,570.401,482.392,Passenger,7448A2,2025-09-08T07:27:22Z,2025-09-08T08:16:50Z,True
3c1bb122,RB517,SYR517,SYR,SYR,A320,YK-BAG,OSAP,ALP,,,OMDB,DXB,OMDB,DXB,2025-09-08T12:23:57Z,30L,,2228.21,2056.51,Passenger,778827,2025-09-08T09:45:43Z,2025-09-08T12:23:12Z,True
3c1bb2e6,RJ434,RJA434,RJA,RJA,E295,JY-REB,OSAP,ALP,2025-09-08T09:47:03Z,,OJAI,AMM,OJAI,AMM,2025-09-08T10:43:24Z,08R,3381.0,619.959,504.834,Passenger,7448A2,2025-09-08T09:48:29Z,2025-09-08T10:45:46Z,True
3c1bba59,TK845,THY845,THY,THY,B739,TC-JYI,OSAP,ALP,,,LTFM,IST,LTFM,IST,2025-09-08T11:32:00Z,35R,,1053.96,907.997,Passenger,4BAB29,2025-09-08T09:59:53Z,2025-09-08T11:41:50Z,True
3c1be722,QR415,QTR415,QTR,QTR,A332,A7-ACM,OSAP,ALP,2025-09-08T11:02:36Z,,OTHH,DOH,OTHH,DOH,2025-09-08T13:44:11Z,34L,9695.0,2144.33,1835.51,Passenger,06A04E,2025-09-08T11:04:19Z,2025-09-08T13:49:59Z,True
3c1c6efe,RB518,SYR518,SYR,SYR,A320,YK-BAG,OMDB,DXB,2025-09-08T13:36:31Z,30R,OSAP,ALP,OSAP,ALP,2025-09-08T16:29:13Z,,10362.0,2253.19,2096.25,Passenger,778827,2025-09-08T13:37:04Z,2025-09-08T16:25:17Z,True
3c1d7286,RB445,SYR445,SYR,SYR,A320,YK-BAG,OSAP,ALP,,,LTFM,IST,LTFM,IST,2025-09-08T19:37:41Z,36,,1067.53,925.115,Passenger,778827,2025-09-08T18:06:06Z,2025-09-08T19:52:57Z,True
3c1eb248,FYC762,FYC762,FYC,,A320,YK-BAA,OMSJ,SHJ,2025-09-09T01:43:06Z,12,OSAP,ALP,OSAP,ALP,,,,2230.54,2076.4,Passenger,778821,2025-09-09T01:43:25Z,2025-09-09T04:23:49Z,True
3c1edfb6,RJ431,RJA431,RJA,RJA,A20N,JY-RAA,OJAI,AMM,2025-09-09T03:02:26Z,26L,OSAP,ALP,OSAP,ALP,,,,515.168,433.16,Passenger,744821,2025-09-09T02:51:37Z,2025-09-09T03:38:34Z,True
3c1ee7cc,VF340,TKJ340,TKJ,TKJ,B738,TC-JHD,LTFJ,SAW,2025-09-09T04:19:26Z,06L,OSAP,ALP,OSAP,ALP,2025-09-09T05:46:55Z,,5249.0,1126.81,853.813,Passenger,4BA904,2025-09-09T03:08:39Z,2025-09-09T05:30:25Z,True
3c1f17bd,TK844,THY844,THY,THY,B739,TC-JYI,LTFM,IST,2025-09-09T05:34:15Z,36,OSAP,ALP,OSAP,ALP,,,,1011.61,915.494,Passenger,4BAB29,2025-09-09T04:46:44Z,2025-09-09T06:54:00Z,True
3c1f2b69,RJ432,RJA432,RJA,RJA,A20N,JY-RAA,OSAP,ALP,,,OJAI,AMM,OJAI,AMM,2025-09-09T06:11:28Z,26R,,574.409,449.033,Passenger,744821,2025-09-09T05:24:53Z,2025-09-09T06:16:08Z,True
3c1f5b14,VF341,TKJ341,TKJ,TKJ,B738,TC-JHD,OSAP,ALP,,,LTFJ,SAW,LTFJ,SAW,2025-09-09T08:22:17Z,06R,,969.352,844.087,Passenger,4BA904,2025-09-09T06:59:48Z,2025-09-09T08:33:50Z,True
3c1f63f6,FYC761,FYC761,FYC,,A320,YK-BAA,OSAP,ALP,,,OMSJ,SHJ,OMSJ,SHJ,2025-09-09T09:55:03Z,12,,2197.86,2059.24,Passenger,778821,2025-09-09T07:17:11Z,2025-09-09T09:54:33Z,True
3c1f6451,RJ433,RJA433,RJA,RJA,A20N,JY-RAG,OJAI,AMM,2025-09-09T07:30:10Z,26L,OSAP,ALP,OSAP,ALP,,,,493.401,417.419,Passenger,744827,2025-09-09T07:17:52Z,2025-09-09T08:06:14Z,True
3c1fa7f3,TK845,THY845,THY,THY,B739,TC-JYI,OSAP,ALP,,,LTFM,IST,LTFM,IST,2025-09-09T10:42:14Z,36,,995.854,906.583,Passenger,4BAB29,2025-09-09T09:20:04Z,2025-09-09T10:58:23Z,True
3c1fb620,RJ434,RJA434,RJA,RJA,A20N,JY-RAG,OSAP,ALP,,,OJAI,AMM,OJAI,AMM,2025-09-09T10:32:32Z,26L,,561.141,463.795,Passenger,744827,2025-09-09T09:44:38Z,2025-09-09T10:36:26Z,True
3c22d404,RJ431,RJA431,RJA,RJA,A20N,JY-RAL,OJAI,AMM,2025-09-10T03:03:44Z,26R,OSAP,ALP,OSAP,ALP,,,,537.96,445.418,Passenger,74482C,2025-09-10T02:49:52Z,2025-09-10T03:43:08Z,True
3c22e402,VF340,TKJ340,TKJ,TKJ,B738,TC-JHE,LTFJ,SAW,2025-09-10T03:37:50Z,06L,OSAP,ALP,OSAP,ALP,,,,916.009,840.901,Passenger,4BA905,2025-09-10T03:22:38Z,2025-09-10T04:44:49Z,True
3c230e5d,TK844,THY844,THY,THY,B739,TC-JYI,LTFM,IST,2025-09-10T05:37:02Z,35L,OSAP,ALP,OSAP,ALP,,,,950.786,872.814,Passenger,4BAB29,2025-09-10T04:50:20Z,2025-09-10T06:44:54Z,True
3c232016,RJ432,RJA432,RJA,RJA,A20N,JY-RAL,OSAP,ALP,,,OJAI,AMM,OJAI,AMM,2025-09-10T06:14:41Z,26L,,536.553,455.612,Passenger,74482C,2025-09-10T05:26:54Z,2025-09-10T06:19:29Z,True
3c232866,QR414,QTR414,QTR,QTR,A332,A7-ACM,OTHH,DOH,2025-09-10T06:06:13Z,34L,OSAP,ALP,OSAP,ALP,2025-09-10T08:37:02Z,,9049.0,2035.99,1821.24,Passenger,06A04E,2025-09-10T05:44:25Z,2025-09-10T08:33:36Z,True
3c233ee3,VF341,TKJ341,TKJ,TKJ,B738,TC-JHE,OSAP,ALP,,,LTFJ,SAW,LTFJ,SAW,2025-09-10T07:47:54Z,06R,,931.604,844.951,Passenger,4BA905,2025-09-10T06:28:09Z,2025-09-10T07:56:54Z,True
3c235e9e,RJ433,RJA433,RJA,RJA,E75S,JY-EMC,OJAI,AMM,2025-09-10T07:33:05Z,26R,OSAP,ALP,OSAP,ALP,2025-09-10T08:28:13Z,,3308.0,583.535,501.375,Passenger,7415A3,2025-09-10T07:31:07Z,2025-09-10T08:22:27Z,True
3c23a240,RJ434,RJA434,RJA,RJA,E75S,JY-EMC,OSAP,ALP,,,OJAI,AMM,OJAI,AMM,2025-09-10T10:19:47Z,26R,,513.129,453.093,Passenger,7415A3,2025-09-10T09:33:56Z,2025-09-10T10:20:04Z,True
3c23ab5c,TK845,THY845,THY,THY,B739,TC-JYI,OSAP,ALP,,,LTFM,IST,LTFM,IST,2025-09-10T11:22:15Z,35R,,1034.58,906.294,Passenger,4BAB29,2025-09-10T09:50:21Z,2025-09-10T11:36:04Z,True
3c23d4d4,QR415,QTR415,QTR,QTR,A332,A7-ACM,OSAP,ALP,2025-09-10T10:56:54Z,,OTHH,DOH,OTHH,DOH,2025-09-10T13:40:50Z,34R,9836.0,2162.98,1838.48,Passenger,06A04E,2025-09-10T10:58:44Z,2025-09-10T13:41:39Z,True
3c26b634,RJ431,RJA431,RJA,RJA,A20N,JY-RAB,OJAI,AMM,2025-09-11T03:03:12Z,26L,OSAP,ALP,OSAP,ALP,,,,596.549,457.48,Passenger,744822,2025-09-11T02:53:15Z,2025-09-11T03:46:25Z,True
3c26bf4a,VF340,TKJ340,TKJ,TKJ,B738,TC-JHD,LTFJ,SAW,2025-09-11T03:27:12Z,06L,OSAP,ALP,OSAP,ALP,,,,912.429,853.387,Passenger,4BA904,2025-09-11T03:11:35Z,2025-09-11T04:31:52Z,True
3c26eec7,TK844,THY844,THY,THY,B739,TC-JYB,LTFM,IST,2025-09-11T05:34:10Z,35L,OSAP,ALP,OSAP,ALP,,,,1051.01,916.511,Passenger,4BAB22,2025-09-11T04:46:30Z,2025-09-11T06:46:33Z,True
3c270182,RJ432,RJA432,RJA,RJA,A20N,JY-RAB,OSAP,ALP,2025-09-11T05:19:49Z,09L,OJAI,AMM,OJAI,AMM,2025-09-11T06:12:59Z,26L,3190.0,719.298,506.165,Passenger,744822,2025-09-11T05:20:48Z,2025-09-11T06:24:42Z,True
3c2703d9,QR414,QTR414,QTR,QTR,A332,A7-ACM,OTHH,DOH,2025-09-11T05:40:38Z,34L,OSAP,ALP,OSAP,ALP,,,,1948.0,1798.38,Passenger,06A04E,2025-09-11T05:25:15Z,2025-09-11T08:03:59Z,True
3c271c67,VF341,TKJ341,TKJ,TKJ,B738,TC-JHD,OSAP,ALP,,,LTFJ,SAW,LTFJ,SAW,2025-09-11T07:41:10Z,06R,,950.046,854.217,Passenger,4BA904,2025-09-11T06:14:29Z,2025-09-11T07:53:59Z,True
3c2740df,RJ433,RJA433,RJA,RJA,E75S,JY-EMC,OJAI,AMM,2025-09-11T07:25:54Z,26R,OSAP,ALP,OSAP,ALP,,,,598.045,458.672,Passenger,7415A3,2025-09-11T07:25:34Z,2025-09-11T08:13:45Z,True
3c279398,TK845,THY845,THY,THY,B739,TC-JYB,OSAP,ALP,,,LTFM,IST,LTFM,IST,2025-09-11T11:11:28Z,35R,,996.674,909.699,Passenger,4BAB22,2025-09-11T09:43:03Z,2025-09-11T11:23:24Z,True
3c279a3c,RJ434,RJA434,RJA,RJA,E75S,JY-EMC,OSAP,ALP,,,OJAI,AMM,OJAI,AMM,2025-09-11T10:35:17Z,26R,,521.001,467.468,Passenger,7415A3,2025-09-11T09:52:17Z,2025-09-11T10:35:31Z,True
3c27bcfd,QR415,QTR415,QTR,QTR,A332,A7-ACM,OSAP,ALP,,,OTHH,DOH,OTHH,DOH,2025-09-11T13:26:33Z,34L,,2161.94,1811.84,Passenger,06A04E,2025-09-11T10:47:37Z,2025-09-11T13:33:02Z,True
3c2ae338,RJ431,RJA431,RJA,RJA,A20N,JY-RAA,OJAI,AMM,2025-09-12T03:14:54Z,26R,OSAP,ALP,OSAP,ALP,,,,510.258,444.63,Passenger,744821,2025-09-12T03:03:09Z,2025-09-12T03:53:10Z,True
3c2ae8be,VF340,TKJ340,TKJ,TKJ,B738,TC-JHA,LTFJ,SAW,2025-09-12T03:28:25Z,06L,OSAP,ALP,OSAP,ALP,,,,930.351,855.99,Passenger,4BA901,2025-09-12T03:13:37Z,2025-09-12T04:37:06Z,True
3c2afd8e,FCY526,FYC526,FYC,FYC,A320,YK-BAC,ORER,EBL,,18,OSAP,ALP,OSAP,ALP,2025-09-12T05:16:30Z,,,1016.6,596.403,Passenger,778823,2025-09-12T03:54:39Z,2025-09-12T05:13:17Z,True
3c2b1b9e,TK844,THY844,THY,THY,B739,TC-JYF,LTFM,IST,2025-09-12T05:26:31Z,34L,OSAP,ALP,OSAP,ALP,,,,1067.17,905.205,Passenger,4BAB26,2025-09-12T04:50:39Z,2025-09-12T06:45:08Z,True
3c2b26c6,RJ432,RJA432,RJA,RJA,A20N,JY-RAA,OSAP,ALP,2025-09-12T05:05:34Z,09L,OJAI,AMM,OJAI,AMM,2025-09-12T06:05:35Z,26L,3601.0,625.611,506.996,Passenger,744821,2025-09-12T05:10:22Z,2025-09-12T06:08:32Z,True
3c2b4897,VF341,TKJ341,TKJ,TKJ,B738,TC-JHA,OSAP,ALP,,,LTFJ,SAW,LTFJ,SAW,2025-09-12T07:31:05Z,,,1001.79,853.188,Passenger,4BA901,2025-09-12T06:15:58Z,2025-09-12T07:30:30Z,True
3c2b4ca7,FCY525,FYC525,FYC,FYC,A320,YK-BAC,OSAP,ALP,2025-09-12T06:22:38Z,,ORER,EBL,ORER,EBL,2025-09-12T07:53:54Z,,5476.0,1109.86,584.549,Passenger,778823,2025-09-12T06:23:41Z,2025-09-12T07:46:00Z,True
3c2b703a,RJ433,RJA433,RJA,RJA,E290,JY-REE,OJAI,AMM,2025-09-12T07:29:59Z,26R,OSAP,ALP,OSAP,ALP,,,,527.744,436.327,Passenger,7448A5,2025-09-12T07:28:18Z,2025-09-12T08:11:40Z,True
3c2bad70,TK845,THY845,THY,THY,B739,TC-JYF,OSAP,ALP,,,LTFM,IST,LTFM,IST,2025-09-12T10:32:42Z,35R,,1017.42,915.399,Passenger,4BAB26,2025-09-12T09:08:38Z,2025-09-12T10:45:41Z,True
3c2bbbeb,RJ434,RJA434,RJA,RJA,E290,JY-REE,OSAP,ALP,,,OJAI,AMM,OJAI,AMM,2025-09-12T10:20:43Z,26L,,547.293,479.349,Passenger,7448A5,2025-09-12T09:32:25Z,2025-09-12T10:20:48Z,True
3c2eddf7,FYC762,FYC762,FYC,,A320,YK-BAC,OMSJ,SHJ,2025-09-13T01:36:25Z,12,OSAP,ALP,OSAP,ALP,2025-09-13T04:39:23Z,,10978.0,2348.58,2113.91,Passenger,778823,2025-09-13T01:31:36Z,2025-09-13T04:37:14Z,True
3c2f0877,RJ431,RJA431,RJA,RJA,A321,JY-AYT,OJAI,AMM,2025-09-13T03:10:23Z,26R,OSAP,ALP,OSAP,ALP,2025-09-13T04:06:56Z,,3393.0,583.402,509.113,Passenger,740734,2025-09-13T03:00:26Z,2025-09-13T04:03:11Z,True
3c2f0d47,VF340,TKJ340,TKJ,TKJ,B738,TC-JHD,LTFJ,SAW,2025-09-13T03:26:45Z,06L,OSAP,ALP,OSAP,ALP,,,,925.692,844.035,Passenger,4BA904,2025-09-13T03:11:20Z,2025-09-13T04:34:53Z,True
3c2f36ba,TK844,THY844,THY,THY,B739,TC-JYB,LTFM,IST,2025-09-13T05:41:53Z,34L,OSAP,ALP,OSAP,ALP,,,,1022.74,914.688,Passenger,4BAB22,2025-09-13T04:41:32Z,2025-09-13T06:56:44Z,True
3c2f5098,RJ432,RJA432,RJA,RJA,A321,JY-AYT,OSAP,ALP,,,OJAI,AMM,OJAI,AMM,2025-09-13T06:21:07Z,26L,,491.029,433.562,Passenger,740734,2025-09-13T05:38:05Z,2025-09-13T06:23:37Z,True
3c2f69fb,VF341,TKJ341,TKJ,TKJ,B738,TC-JHD,OSAP,ALP,2025-09-13T06:31:22Z,09L,LTFJ,SAW,LTFJ,SAW,2025-09-13T07:54:11Z,06R,4969.0,955.127,860.151,Passenger,4BA904,2025-09-13T06:32:41Z,2025-09-13T08:03:58Z,True
3c2f7aab,,TCT319,HVK,HVK,BTB2,TC-T319,OSAP,ALP,2025-09-13T07:01:24Z,,,,,,,,,20.9607,0.812723,Military_and_government,4B83A2,2025-09-13T07:07:47Z,2025-09-13T07:15:15Z,True
3c2f81a8,FYC761,FYC761,FYC,,A320,YK-BAC,OSAP,ALP,2025-09-13T07:17:44Z,,OMSJ,SHJ,OMSJ,SHJ,2025-09-13T09:59:18Z,12,9694.0,2252.21,2106.94,Passenger,778823,2025-09-13T07:22:07Z,2025-09-13T09:58:48Z,True
3c2f84a7,RJ433,RJA433,RJA,RJA,E290,JY-REC,OJAI,AMM,2025-09-13T07:29:37Z,26R,OSAP,ALP,OSAP,ALP,,,,563.087,491.051,Passenger,7448A3,2025-09-13T07:27:58Z,2025-09-13T08:15:34Z,True
3c2fbb35,TK845,THY845,THY,THY,B739,TC-JYB,OSAP,ALP,2025-09-13T09:05:48Z,,LTFM,IST,LTFM,IST,2025-09-13T10:39:24Z,35R,5616.0,1041.96,922.914,Passenger,4BAB22,2025-09-13T09:07:37Z,2025-09-13T10:47:46Z,True
3c2fc885,RJ434,RJA434,RJA,RJA,E290,JY-REC,OSAP,ALP,2025-09-13T09:29:29Z,,OJAI,AMM,OJAI,AMM,2025-09-13T10:21:21Z,26L,3112.0,649.427,502.109,Passenger,7448A3,2025-09-13T09:31:26Z,2025-09-13T10:22:39Z,True
3c329ed2,RJ431,RJA431,RJA,RJA,A320,JY-AZD,OJAI,AMM,2025-09-14T03:08:30Z,26L,OSAP,ALP,OSAP,ALP,2025-09-14T04:07:04Z,,3514.0,596.394,509.898,,740744,2025-09-14T02:56:12Z,2025-09-14T04:03:18Z,True
3c32a273,VF340,TKJ340,TKJ,TKJ,B738,TC-JHA,LTFJ,SAW,2025-09-14T03:36:05Z,06L,OSAP,ALP,OSAP,ALP,2025-09-14T04:57:25Z,,4880.0,1009.82,856.34,Passenger,4BA901,2025-09-14T03:04:47Z,2025-09-14T04:54:55Z,True
3c32d6ea,TK844,THY844,THY,THY,B739,TC-JYF,LTFM,IST,2025-09-14T05:23:40Z,36,OSAP,ALP,OSAP,ALP,,,,1078.81,918.672,Passenger,4BAB26,2025-09-14T05:00:46Z,2025-09-14T06:46:54Z,True
3c32dea9,RJ432,RJA432,RJA,RJA,A320,JY-AZD,OSAP,ALP,2025-09-14T05:16:25Z,,OJAI,AMM,OJAI,AMM,2025-09-14T06:14:58Z,26L,3513.0,568.767,507.487,,740744,2025-09-14T05:19:00Z,2025-09-14T06:18:20Z,True
3c32e44f,QR414,QTR414,QTR,QTR,A332,A7-ACM,OTHH,DOH,2025-09-14T05:56:46Z,16R,OSAP,ALP,OSAP,ALP,2025-09-14T08:37:01Z,,9615.0,2081.29,1820.84,Passenger,06A04E,2025-09-14T05:29:45Z,2025-09-14T08:33:46Z,True
3c32f613,VF341,TKJ341,TKJ,TKJ,B738,TC-JHA,OSAP,ALP,2025-09-14T06:06:16Z,09L,LTFJ,SAW,LTFJ,SAW,2025-09-14T07:31:43Z,,5127.0,982.215,843.2,Passenger,4BA901,2025-09-14T06:10:50Z,2025-09-14T07:31:17Z,True
3c3318e4,RJ433,RJA433,RJA,RJA,E295,JY-REG,OJAI,AMM,2025-09-14T07:28:52Z,26L,OSAP,ALP,OSAP,ALP,2025-09-14T08:22:29Z,,3217.0,557.021,469.721,Passenger,7448A7,2025-09-14T07:26:40Z,2025-09-14T08:14:31Z,True
3c334d0a,TK845,THY845,THY,THY,B739,TC-JYF,OSAP,ALP,2025-09-14T09:02:07Z,09L,LTFM,IST,LTFM,IST,2025-09-14T10:34:00Z,35R,5513.0,1028.53,908.231,Passenger,4BAB26,2025-09-14T09:07:02Z,2025-09-14T10:50:41Z,True
3c336663,RJ434,RJA434,RJA,RJA,E295,JY-REG,OSAP,ALP,2025-09-14T09:47:53Z,27R,OJAI,AMM,OJAI,AMM,2025-09-14T10:39:59Z,26R,3126.0,607.372,501.978,Passenger,7448A7,2025-09-14T09:51:55Z,2025-09-14T10:40:45Z,True
3c3393c6,QR415,QTR415,QTR,QTR,A332,A7-ACM,OSAP,ALP,2025-09-14T11:01:19Z,,OTHH,DOH,OTHH,DOH,2025-09-14T13:51:24Z,34R,10205.0,2208.82,1834.67,Passenger,06A04E,2025-09-14T11:02:42Z,2025-09-14T13:56:19Z,True
3c34f0e4,FCY756,FYC756,FYC,FYC,A320,YK-BAB,OMDW,DWC,2025-09-14T18:04:25Z,12,OSAP,ALP,OSAP,ALP,,,,2167.3,2035.75,Passenger,778822,2025-09-14T18:04:50Z,2025-09-14T20:38:34Z,True
3c35b496,FCY751,FYC751,FYC,FYC,A320,YK-BAB,OSAP,ALP,2025-09-14T22:49:35Z,09L,OMDW,DWC,OMDW,DWC,2025-09-15T01:37:14Z,12,10059.0,2299.4,2121.19,Passenger,778822,2025-09-14T22:50:29Z,2025-09-15T01:36:37Z,True
3c3638a9,RJ431,RJA431,RJA,RJA,A20N,JY-RAC,OJAI,AMM,2025-09-15T03:06:38Z,26L,OSAP,ALP,OSAP,ALP,,,,532.505,456.387,Passenger,744823,2025-09-15T02:53:53Z,2025-09-15T03:48:09Z,True
3c363d68,VF340,TKJ340,TKJ,TKJ,B738,TC-JFT,LTFJ,SAW,2025-09-15T03:24:24Z,06L,OSAP,ALP,OSAP,ALP,,,,965.141,856.613,Passenger,4BA8D4,2025-09-15T03:03:52Z,2025-09-15T04:37:26Z,True
3c366d76,TK844,THY844,THY,THY,B739,TC-JYB,LTFM,IST,2025-09-15T05:38:39Z,34L,OSAP,ALP,OSAP,ALP,,,,1080.9,917.059,Passenger,4BAB22,2025-09-15T04:45:30Z,2025-09-15T07:02:17Z,True
3c367d65,RB444,SYR444,SYR,SYR,A320,YK-BAG,LTFM,IST,2025-09-15T06:27:04Z,35L,OSAP,ALP,OSAP,ALP,,,,1047.02,929.404,Passenger,778827,2025-09-15T05:14:52Z,2025-09-15T07:42:27Z,True
3c36813a,RJ432,RJA432,RJA,RJA,A20N,JY-RAC,OSAP,ALP,2025-09-15T05:21:31Z,,OJAI,AMM,OJAI,AMM,2025-09-15T06:15:31Z,26L,3240.0,587.841,506.742,Passenger,744823,2025-09-15T05:22:37Z,2025-09-15T06:23:31Z,True
3c368326,QR414,QTR414,QTR,QTR,A332,A7-ACM,OTHH,DOH,2025-09-15T05:43:20Z,34L,OSAP,ALP,OSAP,ALP,2025-09-15T08:15:53Z,,9153.0,2026.92,1821.37,Passenger,06A04E,2025-09-15T05:26:07Z,2025-09-15T08:12:31Z,True
3c369894,VF341,TKJ341,TKJ,TKJ,B738,TC-JFT,OSAP,ALP,,,LTFJ,SAW,LTFJ,SAW,2025-09-15T07:27:32Z,06R,,943.572,849.578,Passenger,4BA8D4,2025-09-15T06:07:54Z,2025-09-15T07:37:26Z,True
3c36c6db,RJ433,RJA433,RJA,RJA,E290,JY-RED,OJAI,AMM,2025-09-15T07:35:34Z,26L,OSAP,ALP,OSAP,ALP,2025-09-15T08:28:19Z,,3165.0,610.542,509.846,Passenger,7448A4,2025-09-15T07:34:32Z,2025-09-15T08:21:46Z,True
3c36ff69,RB517,SYR517,SYR,SYR,A320,YK-BAG,OSAP,ALP,2025-09-15T09:12:13Z,,OMDB,DXB,OMDB,DXB,2025-09-15T12:04:34Z,30L,10341.0,2566.26,2119.79,Passenger,778827,2025-09-15T09:16:07Z,2025-09-15T12:04:12Z,True
3c370bea,RJ434,RJA434,RJA,RJA,E290,JY-RED,OSAP,ALP,2025-09-15T09:34:26Z,,OJAI,AMM,OJAI,AMM,2025-09-15T10:30:17Z,26L,3351.0,617.328,505.429,Passenger,7448A4,2025-09-15T09:37:38Z,2025-09-15T10:30:24Z,True
3c3710f4,TK845,THY845,THY,THY,B739,TC-JYB,OSAP,ALP,2025-09-15T09:42:13Z,,LTFM,IST,LTFM,IST,2025-09-15T11:13:29Z,35R,5476.0,1023.63,917.931,Passenger,4BAB22,2025-09-15T09:47:10Z,2025-09-15T11:26:52Z,True
3c374208,QR415,QTR415,QTR,QTR,A332,A7-ACM,OSAP,ALP,2025-09-15T11:02:04Z,,OTHH,DOH,OTHH,DOH,2025-09-15T13:49:46Z,34L,10062.0,2195.1,1834.06,Passenger,06A04E,2025-09-15T11:03:33Z,2025-09-15T13:53:06Z,True
3c37c4bc,RB518,SYR518,SYR,SYR,A320,YK-BAG,OMDB,DXB,2025-09-15T13:35:02Z,30R,OSAP,ALP,OSAP,ALP,,,,2174.0,2060.41,Passenger,778827,2025-09-15T13:35:28Z,2025-09-15T16:14:48Z,True
3c38c0f5,RB445,SYR445,SYR,SYR,A320,YK-BAG,OSAP,ALP,2025-09-15T17:57:53Z,,LTFM,IST,LTFM,IST,2025-09-15T19:32:25Z,35R,5672.0,1062.6,929.415,Passenger,778827,2025-09-15T18:02:20Z,2025-09-15T19:40:45Z,True
3c39e260,FYC762,FYC762,FYC,,A320,YK-BAC,OMSJ,SHJ,2025-09-16T01:54:45Z,30,OSAP,ALP,OSAP,ALP,2025-09-16T04:43:56Z,27R,10151.0,2287.72,2113.15,Passenger,778823,2025-09-16T00:25:32Z,2025-09-16T04:40:56Z,True
3c3a400b,VF340,TKJ340,TKJ,TKJ,B738,TC-JFT,LTFJ,SAW,2025-09-16T03:57:08Z,06L,OSAP,ALP,OSAP,ALP,,,,948.849,850.452,Passenger,4BA8D4,2025-09-16T03:05:00Z,2025-09-16T05:06:39Z,True
3c3a4504,RJ431,RJA431,RJA,RJA,E295,JY-REG,OJAI,AMM,2025-09-16T03:16:30Z,26L,OSAP,ALP,OSAP,ALP,,,,549.075,461.511,Passenger,7448A7,2025-09-16T03:15:31Z,2025-09-16T04:00:51Z,True
3c3a702b,TK844,THY844,THY,THY,B739,TC-JYF,LTFM,IST,2025-09-16T05:27:08Z,36,OSAP,ALP,OSAP,ALP,,,,1110.8,907.596,Passenger,4BAB26,2025-09-16T04:41:59Z,2025-09-16T06:49:27Z,True
3c3a8046,RJ432,RJA432,RJA,RJA,E295,JY-REG,OSAP,ALP,2025-09-16T05:09:58Z,,OJAI,AMM,OJAI,AMM,2025-09-16T06:11:41Z,26R,3703.0,705.379,506.353,Passenger,7448A7,2025-09-16T05:11:02Z,2025-09-16T06:08:47Z,True
3c3aa9fb,VF341,TKJ341,TKJ,TKJ,B738,TC-JFT,OSAP,ALP,2025-09-16T06:26:26Z,,LTFJ,SAW,LTFJ,SAW,2025-09-16T07:56:15Z,,5389.0,1492.44,859.12,Passenger,4BA8D4,2025-09-16T06:28:36Z,2025-09-16T07:55:47Z,True
3c3abff7,FYC761,FYC761,FYC,,A320,YK-BAC,OSAP,ALP,2025-09-16T07:07:33Z,,OMSJ,SHJ,OMSJ,SHJ,2025-09-16T10:01:43Z,,10450.0,2347.93,2123.68,Passenger,778823,2025-09-16T07:09:01Z,2025-09-16T10:03:42Z,True
3c3acc5e,RJ433,RJA433,RJA,RJA,E75S,JY-EMC,OJAI,AMM,2025-09-16T07:32:17Z,26R,OSAP,ALP,OSAP,ALP,,,,563.046,476.97,Passenger,7415A3,2025-09-16T07:31:12Z,2025-09-16T08:16:02Z,True
3c3b093b,TK845,THY845,THY,THY,B739,TC-JYF,OSAP,ALP,,,LTFM,IST,LTFM,IST,2025-09-16T10:47:40Z,35R,,1067.63,928.394,Passenger,4BAB26,2025-09-16T09:16:39Z,2025-09-16T10:57:36Z,True
3c3b17bc,RJ434,RJA434,RJA,RJA,E75S,JY-EMC,OSAP,ALP,,,OJAI,AMM,OJAI,AMM,2025-09-16T10:31:23Z,26R,,528.509,468.289,Passenger,7415A3,2025-09-16T09:40:56Z,2025-09-16T10:31:32Z,True
3c3cf4de,FCY756,FYC756,FYC,FYC,A320,YK-BAB,OMDW,DWC,2025-09-16T18:53:24Z,30,OSAP,ALP,OSAP,ALP,2025-09-16T21:43:23Z,,10199.0,2232.68,2106.14,Passenger,778822,2025-09-16T18:38:14Z,2025-09-16T21:38:18Z,True
3c3dc3d2,FCY755,FYC755,FYC,FYC,A320,YK-BAB,OSAP,ALP,,,OMDW,DWC,OMDW,DWC,2025-09-17T01:46:02Z,12,,2234.32,2092.58,Passenger,778822,2025-09-16T23:07:13Z,2025-09-17T01:56:29Z,True
3c3e4c97,RJ431,RJA431,RJA,RJA,A20N,JY-RAB,OJAI,AMM,2025-09-17T03:03:36Z,26L,OSAP,ALP,OSAP,ALP,2025-09-17T03:57:58Z,27R,3262.0,593.045,508.348,Passenger,744822,2025-09-17T02:51:14Z,2025-09-17T03:56:02Z,True
3c3e4ed0,VF340,TKJ340,TKJ,TKJ,B738,TC-JHD,LTFJ,SAW,2025-09-17T03:48:39Z,06L,OSAP,ALP,OSAP,ALP,,,,936.137,846.152,Passenger,4BA904,2025-09-17T02:55:56Z,2025-09-17T04:55:39Z,True
3c3e8567,TK844,THY844,THY,THY,B739,TC-JYI,LTFM,IST,2025-09-17T05:35:29Z,36,OSAP,ALP,OSAP,ALP,,,,1056.74,902.57,Passenger,4BAB29,2025-09-17T04:46:13Z,2025-09-17T06:53:26Z,True
3c3e8ece,RJ432,RJA432,RJA,RJA,A20N,JY-RAB,OSAP,ALP,,,OJAI,AMM,OJAI,AMM,2025-09-17T05:59:46Z,26L,,599.807,483.131,Passenger,744822,2025-09-17T05:04:13Z,2025-09-17T06:04:54Z,True
3c3e99ea,QR414,QTR414,QTR,QTR,A332,A7-ACM,OTHH,DOH,2025-09-17T05:35:23Z,34L,OSAP,ALP,OSAP,ALP,2025-09-17T08:18:35Z,,9792.0,2027.27,1829.09,Passenger,06A04E,2025-09-17T05:26:12Z,2025-09-17T08:16:55Z,True
3c3eb448,VF341,TKJ341,TKJ,TKJ,B738,TC-JHD,OSAP,ALP,2025-09-17T06:14:14Z,,LTFJ,SAW,LTFJ,SAW,2025-09-17T07:43:23Z,06R,5349.0,1009.12,858.397,Passenger,4BA904,2025-09-17T06:16:00Z,2025-09-17T07:54:47Z,True
3c3edd9b,RJ433,RJA433,RJA,RJA,E290,JY-REC,OJAI,AMM,2025-09-17T07:32:59Z,26L,OSAP,ALP,OSAP,ALP,2025-09-17T08:31:03Z,,3484.0,605.719,500.476,Passenger,7448A3,2025-09-17T07:32:40Z,2025-09-17T08:21:32Z,True
3c3f2365,RJ434,RJA434,RJA,RJA,E290,JY-REC,OSAP,ALP,,,OJAI,AMM,OJAI,AMM,2025-09-17T10:19:32Z,26L,,526.553,468.142,Passenger,7448A3,2025-09-17T09:32:58Z,2025-09-17T10:19:58Z,True
3c3f2482,TK845,THY845,THY,THY,B739,TC-JYI,OSAP,ALP,2025-09-17T09:30:28Z,09L,LTFM,IST,LTFM,IST,2025-09-17T11:04:50Z,35R,5662.0,1024.64,918.209,Passenger,4BAB29,2025-09-17T09:34:56Z,2025-09-17T11:18:53Z,True
3c3f512c,QR415,QTR415,QTR,QTR,A332,A7-ACM,OSAP,ALP,2025-09-17T10:46:19Z,,OTHH,DOH,OTHH,DOH,2025-09-17T13:32:00Z,34R,9941.0,2213.24,1833.32,Passenger,06A04E,2025-09-17T10:47:45Z,2025-09-17T13:34:40Z,True
3c4250cc,VF340,TKJ340,TKJ,TKJ,B738,TC-JHC,LTFJ,SAW,2025-09-18T03:29:50Z,06L,OSAP,ALP,OSAP,ALP,,,,900.723,847.029,Passenger,4BA903,2025-09-18T02:58:11Z,2025-09-18T04:34:25Z,True
3c42524e,RJ431,RJA431,RJA,RJA,E290,JY-REC,OJAI,AMM,2025-09-18T03:02:06Z,26R,OSAP,ALP,OSAP,ALP,2025-09-18T03:56:47Z,,3281.0,573.591,507.908,Passenger,7448A3,2025-09-18T03:00:59Z,2025-09-18T03:52:57Z,True
3c428700,TK844,THY844,THY,THY,B739,TC-JYF,LTFM,IST,2025-09-18T05:28:33Z,36,OSAP,ALP,OSAP,ALP,,,,1115.23,907.633,Passenger,4BAB26,2025-09-18T04:48:02Z,2025-09-18T06:49:13Z,True
3c4297d0,RJ432,RJA432,RJA,RJA,E290,JY-REC,OSAP,ALP,,,OJAI,AMM,OJAI,AMM,2025-09-18T06:06:15Z,26R,,513.195,468.049,Passenger,7448A3,2025-09-18T05:18:42Z,2025-09-18T06:06:17Z,True
3c42a102,QR414,QTR414,QTR,QTR,A332,A7-ACM,OTHH,DOH,2025-09-18T06:01:21Z,34L,OSAP,ALP,OSAP,ALP,2025-09-18T08:35:49Z,,9268.0,2025.74,1821.08,Passenger,06A04E,2025-09-18T05:36:29Z,2025-09-18T08:32:19Z,True
3c42b38d,VF341,TKJ341,TKJ,TKJ,B738,TC-JHC,OSAP,ALP,2025-09-18T06:09:23Z,,LTFJ,SAW,LTFJ,SAW,2025-09-18T07:45:58Z,06R,5795.0,1029.28,854.322,Passenger,4BA903,2025-09-18T06:11:24Z,2025-09-18T07:56:27Z,True
3c42e0cd,RJ433,RJA433,RJA,RJA,E295,JY-REF,OJAI,AMM,2025-09-18T07:34:07Z,26R,OSAP,ALP,OSAP,ALP,,,,557.636,484.11,Passenger,7448A6,2025-09-18T07:32:45Z,2025-09-18T08:19:46Z,True
3c4321b7,TK845,THY845,THY,THY,B739,TC-JYF,OSAP,ALP,2025-09-18T09:17:51Z,09L,LTFM,IST,LTFM,IST,2025-09-18T10:57:03Z,35R,5952.0,1023.64,915.861,Passenger,4BAB26,2025-09-18T09:22:33Z,2025-09-18T11:10:48Z,True
3c432243,RJ434,RJA434,RJA,RJA,E295,JY-REF,OSAP,ALP,2025-09-18T09:22:11Z,,OJAI,AMM,OJAI,AMM,2025-09-18T10:14:39Z,26L,3148.0,605.713,505.524,Passenger,7448A6,2025-09-18T09:23:30Z,2025-09-18T10:14:56Z,True
3c435e46,QR415,QTR415,QTR,QTR,A332,A7-ACM,OSAP,ALP,2025-09-18T10:51:32Z,,OTHH,DOH,OTHH,DOH,2025-09-18T13:33:21Z,34L,9709.0,2188.99,1825.14,Passenger,06A04E,2025-09-18T10:55:48Z,2025-09-18T13:39:31Z,True
3c465894,RJ431,RJA431,RJA,RJA,A20N,JY-RAL,OJAI,AMM,2025-09-19T03:06:16Z,26L,OSAP,ALP,OSAP,ALP,2025-09-19T03:58:51Z,,3155.0,588.425,501.536,Passenger,74482C,2025-09-19T02:54:45Z,2025-09-19T03:55:08Z,True
3c468248,VF340,TKJ340,TKJ,TKJ,B738,TC-JHC,LTFJ,SAW,2025-09-19T03:37:51Z,06L,OSAP,ALP,OSAP,ALP,,,,892.569,844.683,Passenger,4BA903,2025-09-19T03:18:51Z,2025-09-19T04:39:49Z,True
3c469524,FCY526,FYC526,FYC,FYC,A320,YK-BAB,ORER,EBL,,,OSAP,ALP,OSAP,ALP,,,,966.823,568.317,Passenger,778822,2025-09-19T03:58:15Z,2025-09-19T05:08:12Z,True
3c46b44b,TK844,THY844,THY,THY,B739,TC-JYB,LTFM,IST,2025-09-19T05:40:17Z,34L,OSAP,ALP,OSAP,ALP,,,,1070.94,899.944,Passenger,4BAB22,2025-09-19T04:58:03Z,2025-09-19T06:54:58Z,True
3c46bb5a,RJ432,RJA432,RJA,RJA,A20N,JY-RAL,OSAP,ALP,,,OJAI,AMM,OJAI,AMM,2025-09-19T06:02:50Z,26L,,568.921,466.0,Passenger,74482C,2025-09-19T05:10:52Z,2025-09-19T06:06:36Z,True
3c46e7b4,VF341,TKJ341,TKJ,TKJ,B738,TC-JHC,OSAP,ALP,2025-09-19T06:33:08Z,,LTFJ,SAW,LTFJ,SAW,2025-09-19T08:07:49Z,06R,5681.0,986.314,860.441,Passenger,4BA903,2025-09-19T06:35:05Z,2025-09-19T08:14:37Z,True
3c46e99f,FCY525,FYC525,FYC,FYC,A320,YK-BAB,OSAP,ALP,2025-09-19T06:37:13Z,,ORER,EBL,ORER,EBL,,,,1093.48,637.84,Passenger,778822,2025-09-19T06:38:34Z,2025-09-19T07:55:22Z,True
3c470773,RJ433,RJA433,RJA,RJA,E290,JY-REE,OJAI,AMM,2025-09-19T07:31:52Z,26L,OSAP,ALP,OSAP,ALP,2025-09-19T08:25:41Z,,3229.0,582.951,493.775,Passenger,7448A5,2025-09-19T07:30:02Z,2025-09-19T08:20:00Z,True
3c474e8d,RJ434,RJA434,RJA,RJA,E290,JY-REE,OSAP,ALP,2025-09-19T09:20:02Z,,OJAI,AMM,OJAI,AMM,2025-09-19T10:16:23Z,26L,3381.0,592.415,507.306,Passenger,7448A5,2025-09-19T09:21:35Z,2025-09-19T10:16:41Z,True
3c4760ba,TK845,THY845,THY,THY,B739,TC-JYB,OSAP,ALP,,,LTFM,IST,LTFM,IST,2025-09-19T11:28:50Z,34L,,1062.3,912.77,Passenger,4BAB22,2025-09-19T09:49:40Z,2025-09-19T11:50:23Z,True
3c4a88e9,FYC762,FYC762,FYC,,A320,YK-BAC,OMSJ,SHJ,2025-09-20T01:59:18Z,12,OSAP,ALP,OSAP,ALP,2025-09-20T05:00:26Z,,10868.0,2310.33,2107.46,Passenger,778823,2025-09-20T01:54:18Z,2025-09-20T04:57:25Z,True
3c4aa583,RJ431,RJA431,RJA,RJA,A20N,JY-RAG,OJAI,AMM,2025-09-20T03:06:47Z,26L,OSAP,ALP,OSAP,ALP,,,,517.388,443.018,Passenger,744827,2025-09-20T02:53:59Z,2025-09-20T03:45:25Z,True
3c4aab88,VF340,TKJ340,TKJ,TKJ,B738,TC-JHE,LTFJ,SAW,2025-09-20T03:31:44Z,06L,OSAP,ALP,OSAP,ALP,,,,877.689,844.081,Passenger,4BA905,2025-09-20T03:06:46Z,2025-09-20T04:35:31Z,True
3c4adad7,TK844,THY844,THY,THY,B739,TC-JYB,LTFM,IST,2025-09-20T05:22:06Z,34L,OSAP,ALP,OSAP,ALP,,,,999.2,907.268,Passenger,4BAB22,2025-09-20T04:50:06Z,2025-09-20T06:34:12Z,True
3c4ae8f0,RJ432,RJA432,RJA,RJA,A20N,JY-RAG,OSAP,ALP,2025-09-20T05:17:40Z,09L,OJAI,AMM,OJAI,AMM,2025-09-20T06:17:02Z,08L,3562.0,636.828,505.962,Passenger,744827,2025-09-20T05:19:04Z,2025-09-20T06:28:38Z,True
3c4b0add,VF341,TKJ341,TKJ,TKJ,B738,TC-JHE,OSAP,ALP,,,LTFJ,SAW,LTFJ,SAW,2025-09-20T07:48:13Z,06R,,912.116,844.332,Passenger,4BA905,2025-09-20T06:32:41Z,2025-09-20T07:59:46Z,True
3c4b1e56,FYC761,FYC761,FYC,,A320,YK-BAC,OSAP,ALP,2025-09-20T07:09:35Z,,OMSJ,SHJ,OMSJ,SHJ,2025-09-20T09:52:48Z,30,9793.0,2312.14,2121.23,Passenger,778823,2025-09-20T07:10:58Z,2025-09-20T09:54:44Z,True
3c4b2828,RJ433,RJA433,RJA,RJA,E290,JY-REC,OJAI,AMM,2025-09-20T07:29:22Z,08L,OSAP,ALP,OSAP,ALP,2025-09-20T08:23:43Z,,3261.0,576.227,514.135,Passenger,7448A3,2025-09-20T07:28:51Z,2025-09-20T08:20:36Z,True
3c4b6de4,RJ434,RJA434,RJA,RJA,E290,JY-REC,OSAP,ALP,2025-09-20T09:21:24Z,09L,OJAI,AMM,OJAI,AMM,2025-09-20T10:18:42Z,08L,3438.0,642.545,504.851,Passenger,7448A3,2025-09-20T09:22:44Z,2025-09-20T10:19:27Z,True
3c4b77b5,TK845,THY845,THY,THY,B739,TC-JYB,OSAP,ALP,,,LTFM,IST,LTFM,IST,2025-09-20T11:19:59Z,35R,,1156.97,906.174,Passenger,4BAB22,2025-09-20T09:38:53Z,2025-09-20T11:32:04Z,True
3c4de5e4,,,,,A320,,,,2025-09-21T01:30:29Z,,,,,,2025-09-21T04:09:48Z,,,,,Military_and_government,,2025-09-20T23:18:06Z,2025-09-21T12:11:29Z,True
3c4e5af9,RJ431,RJA431,RJA,RJA,E295,JY-REB,OJAI,AMM,2025-09-21T03:08:39Z,08L,OSAP,ALP,OSAP,ALP,,,,536.596,468.779,Passenger,7448A2,2025-09-21T03:06:32Z,2025-09-21T03:54:04Z,True
3c4e5e74,VF340,TKJ340,TKJ,TKJ,B738,TC-JFJ,LTFJ,SAW,2025-09-21T03:36:55Z,06L,OSAP,ALP,OSAP,ALP,,,,892.291,847.118,Passenger,4BA8CA,2025-09-21T03:13:58Z,2025-09-21T04:44:32Z,True
3c4e8976,TK844,THY844,THY,THY,B739,TC-JYF,LTFM,IST,2025-09-21T05:24:30Z,36,OSAP,ALP,OSAP,ALP,,,,1059.0,899.946,Passenger,4BAB26,2025-09-21T04:46:06Z,2025-09-21T06:42:18Z,True
3c4e9955,RJ433,RJA433,RJA,RJA,A20N,JY-RAD,OJAI,AMM,2025-09-21T07:20:02Z,08R,OSAP,ALP,OSAP,ALP,2025-09-21T08:13:34Z,,3212.0,572.887,509.064,Passenger,744824,2025-09-21T05:18:51Z,2025-09-21T08:10:18Z,True
3c4e9d44,QR414,QTR414,QTR,QTR,A332,A7-ACM,OTHH,DOH,2025-09-21T05:45:02Z,34L,OSAP,ALP,OSAP,ALP,2025-09-21T08:28:52Z,,9830.0,2021.99,1829.32,Passenger,06A04E,2025-09-21T05:27:09Z,2025-09-21T08:36:45Z,True
3c4e9e6d,RJ432,RJA432,RJA,RJA,E295,JY-REB,OSAP,ALP,,,OJAI,AMM,OJAI,AMM,2025-09-21T06:25:10Z,08L,,585.088,468.789,Passenger,7448A2,2025-09-21T05:29:23Z,2025-09-21T06:26:19Z,True
3c4e9e79,,YKSYR,,,B735,YK-SYR,,,,,OSAP,ALP,OSAP,ALP,2025-09-21T06:03:58Z,,,2403.88,1427.1,Passenger,77CF32,2025-09-21T05:29:31Z,2025-09-21T11:28:27Z,True
3c4eb5ca,VF341,TKJ341,TKJ,TKJ,B738,TC-JFJ,OSAP,ALP,2025-09-21T06:12:12Z,,LTFJ,SAW,LTFJ,SAW,2025-09-21T07:43:00Z,06R,5448.0,1028.48,859.052,Passenger,4BA8CA,2025-09-21T06:13:49Z,2025-09-21T07:55:00Z,True
3c4f1e57,TK845,THY845,THY,THY,B739,TC-JYF,OSAP,ALP,2025-09-21T09:20:04Z,,LTFM,IST,LTFM,IST,2025-09-21T10:53:40Z,35R,5616.0,1075.63,930.584,Passenger,4BAB26,2025-09-21T09:22:52Z,2025-09-21T11:08:06Z,True
3c4f2d7f,RJ434,RJA434,RJA,RJA,A20N,JY-RAD,OSAP,ALP,2025-09-21T09:47:48Z,09L,OJAI,AMM,OJAI,AMM,2025-09-21T10:44:14Z,08L,3386.0,632.972,507.602,Passenger,744824,2025-09-21T09:49:26Z,2025-09-21T10:48:38Z,True
3c4f5276,QR415,QTR415,QTR,QTR,A332,A7-ACM,OSAP,ALP,2025-09-21T10:48:00Z,,OTHH,DOH,OTHH,DOH,2025-09-21T13:28:27Z,34R,9627.0,2191.55,1836.03,Passenger,06A04E,2025-09-21T10:49:20Z,2025-09-21T13:28:09Z,True
3c51324a,FCY756,FYC756,FYC,FYC,A320,YK-BAC,OMDW,DWC,2025-09-21T21:38:58Z,30,OSAP,ALP,OSAP,ALP,2025-09-22T00:32:21Z,,10403.0,2323.24,2113.01,Passenger,778823,2025-09-21T21:33:02Z,2025-09-22T00:29:03Z,True
3c51cbc8,FCY751,FYC751,FYC,FYC,A320,YK-BAC,OSAP,ALP,2025-09-22T01:57:43Z,,OMDW,DWC,OMDW,DWC,2025-09-22T04:50:01Z,12,10338.0,2361.43,2124.29,Passenger,778823,2025-09-22T01:58:39Z,2025-09-22T04:49:31Z,True
3c51e3ca,RJ431,RJA431,RJA,RJA,A20N,JY-RAI,OJAI,AMM,2025-09-22T03:20:26Z,08R,OSAP,ALP,OSAP,ALP,2025-09-22T04:13:19Z,,3173.0,572.376,509.034,Passenger,744829,2025-09-22T02:47:06Z,2025-09-22T04:10:14Z,True
3c51f8e4,VF340,TKJ340,TKJ,TKJ,B738,TC-JFD,LTFJ,SAW,2025-09-22T03:46:07Z,06L,OSAP,ALP,OSAP,ALP,,,,895.393,845.212,Passenger,4BA8C4,2025-09-22T03:30:55Z,2025-09-22T04:52:57Z,True
3c522f8e,TK844,THY844,THY,THY,B739,TC-JYF,LTFM,IST,2025-09-22T05:40:34Z,35L,OSAP,ALP,OSAP,ALP,,,,1024.8,915.517,Passenger,4BAB26,2025-09-22T05:14:37Z,2025-09-22T06:57:13Z,True
3c5231fc,RJ432,RJA432,RJA,RJA,A20N,JY-RAI,OSAP,ALP,2025-09-22T05:17:52Z,,OJAI,AMM,OJAI,AMM,2025-09-22T06:16:46Z,,3534.0,660.196,507.036,Passenger,744829,2025-09-22T05:19:00Z,2025-09-22T06:20:40Z,True
3c523a21,QR414,QTR414,QTR,QTR,A333,A7-AED,OTHH,DOH,2025-09-22T05:47:03Z,34L,OSAP,ALP,OSAP,ALP,2025-09-22T08:32:04Z,,9901.0,2018.07,1821.32,Passenger,06A03D,2025-09-22T05:34:52Z,2025-09-22T08:28:51Z,True
3c524908,RB444,SYR444,SYR,SYR,A320,YK-BAG,LTFM,IST,2025-09-22T06:13:04Z,36,OSAP,ALP,OSAP,ALP,,,,1006.97,914.604,Passenger,778827,2025-09-22T06:04:07Z,2025-09-22T07:25:01Z,True
3c52511a,VF341,TKJ341,TKJ,TKJ,B738,TC-JFD,OSAP,ALP,2025-09-22T06:17:37Z,09L,LTFJ,SAW,LTFJ,SAW,2025-09-22T07:43:54Z,06R,5177.0,991.904,857.971,Passenger,4BA8C4,2025-09-22T06:19:48Z,2025-09-22T07:52:21Z,True
3c5271aa,RJ433,RJA433,RJA,RJA,E290,JY-RED,OJAI,AMM,2025-09-22T07:19:58Z,08R,OSAP,ALP,OSAP,ALP,,,,1012.43,610.888,Passenger,7448A4,2025-09-22T07:19:16Z,2025-09-22T08:06:13Z,True
3c52ad09,RB517,SYR517,SYR,SYR,A320,YK-BAG,OSAP,ALP,2025-09-22T09:08:34Z,09L,OMDB,DXB,OMDB,DXB,2025-09-22T11:49:29Z,30L,9655.0,2297.89,2111.08,Passenger,778827,2025-09-22T09:10:00Z,2025-09-22T11:56:07Z,True
3c52aeec,RJ434,RJA434,RJA,RJA,E290,JY-RED,OSAP,ALP,2025-09-22T09:12:20Z,,OJAI,AMM,OJAI,AMM,2025-09-22T10:05:58Z,08L,3218.0,613.567,504.243,Passenger,7448A4,2025-09-22T09:13:20Z,2025-09-22T10:05:59Z,True
3c52b2ed,TK845,THY845,THY,THY,B739,TC-JYF,OSAP,ALP,2025-09-22T09:19:07Z,,LTFM,IST,LTFM,IST,2025-09-22T10:48:22Z,35R,5355.0,1031.82,927.543,Passenger,4BAB26,2025-09-22T09:20:56Z,2025-09-22T11:01:27Z,True
3c52ecbe,QR415,QTR415,QTR,QTR,A333,A7-AED,OSAP,ALP,2025-09-22T10:54:28Z,,OTHH,DOH,OTHH,DOH,2025-09-22T13:35:11Z,34R,9643.0,2182.9,1823.94,Passenger,06A03D,2025-09-22T10:55:48Z,2025-09-22T13:34:56Z,True
3c535ced,RB518,SYR518,SYR,SYR,A320,YK-BAG,OMDB,DXB,2025-09-22T13:33:41Z,30R,OSAP,ALP,OSAP,ALP,2025-09-22T16:23:25Z,,10184.0,2237.46,2099.76,Passenger,778827,2025-09-22T13:20:14Z,2025-09-22T16:20:12Z,True
3c544124,RB445,SYR445,SYR,SYR,A320,YK-BAG,OSAP,ALP,,,LTFM,IST,LTFM,IST,2025-09-22T19:10:03Z,35R,,1004.49,915.115,Passenger,778827,2025-09-22T17:48:56Z,2025-09-22T19:20:44Z,True
3c5593e5,FYC762,FYC762,FYC,,A320,YK-BAC,OMSJ,SHJ,2025-09-23T02:04:22Z,30,OSAP,ALP,OSAP,ALP,2025-09-23T05:07:15Z,,10973.0,2302.9,2111.7,Passenger,778823,2025-09-23T02:03:48Z,2025-09-23T05:04:14Z,True
3c55ae26,VF340,TKJ340,TKJ,TKJ,B738,TC-JFJ,LTFJ,SAW,2025-09-23T03:39:47Z,06L,OSAP,ALP,OSAP,ALP,,,,915.391,850.66,Passenger,4BA8CA,2025-09-23T02:49:09Z,2025-09-23T04:46:56Z,True
3c55b5db,RJ431,RJA431,RJA,RJA,E295,JY-REA,OJAI,AMM,2025-09-23T03:06:09Z,26R,OSAP,ALP,OSAP,ALP,,,,526.805,445.194,Passenger,7448A1,2025-09-23T03:04:25Z,2025-09-23T03:50:42Z,True
3c55efb4,TK844,THY844,THY,THY,B739,TC-JYF,LTFM,IST,2025-09-23T05:48:08Z,35L,OSAP,ALP,OSAP,ALP,,,,1036.19,920.91,Passenger,4BAB26,2025-09-23T04:51:03Z,2025-09-23T07:02:48Z,True
3c55fe83,RJ432,RJA432,RJA,RJA,E295,JY-REA,OSAP,ALP,2025-09-23T05:14:56Z,,OJAI,AMM,OJAI,AMM,2025-09-23T06:14:13Z,08L,3557.0,627.989,505.497,Passenger,7448A1,2025-09-23T05:15:47Z,2025-09-23T06:14:45Z,True
3c5622de,VF341,TKJ341,TKJ,TKJ,B738,TC-JFJ,OSAP,ALP,2025-09-23T06:21:51Z,,LTFJ,SAW,LTFJ,SAW,2025-09-23T07:46:52Z,06R,5101.0,999.712,859.49,Passenger,4BA8CA,2025-09-23T06:23:09Z,2025-09-23T07:55:32Z,True
3c563e0c,FYC761,FYC761,FYC,,A320,YK-BAC,OSAP,ALP,2025-09-23T07:10:59Z,,OMSJ,SHJ,OMSJ,SHJ,2025-09-23T09:57:39Z,30,10000.0,2332.24,2122.97,Passenger,778823,2025-09-23T07:12:22Z,2025-09-23T09:57:39Z,True
3c564288,RJ433,RJA433,RJA,RJA,E295,JY-REF,OJAI,AMM,2025-09-23T07:21:26Z,08R,OSAP,ALP,OSAP,ALP,,,,536.707,470.444,Passenger,7448A6,2025-09-23T07:20:38Z,2025-09-23T08:09:30Z,True
3c567ddf,TK845,THY845,THY,THY,B739,TC-JYF,OSAP,ALP,,,LTFM,IST,LTFM,IST,2025-09-23T10:39:27Z,35R,,1065.91,910.589,Passenger,4BAB26,2025-09-23T09:06:43Z,2025-09-23T10:50:31Z,True
3c568f34,RJ434,RJA434,RJA,RJA,E295,JY-REF,OSAP,ALP,,,OJAI,AMM,OJAI,AMM,2025-09-23T10:34:01Z,08L,,626.375,495.08,Passenger,7448A6,2025-09-23T09:38:23Z,2025-09-23T10:34:33Z,True
3c597744,VF340,TKJ340,TKJ,TKJ,B738,TC-JFJ,LTFJ,SAW,2025-09-24T03:35:36Z,06L,OSAP,ALP,OSAP,ALP,,,,939.506,865.263,Passenger,4BA8CA,2025-09-24T02:57:29Z,2025-09-24T04:45:23Z,True
3c5979d1,RJ431,RJA431,RJA,RJA,A20N,JY-RAH,OJAI,AMM,2025-09-24T03:16:32Z,26L,OSAP,ALP,OSAP,ALP,,,,554.485,471.074,Passenger,744828,2025-09-24T03:03:02Z,2025-09-24T03:57:09Z,True
3c59ae1e,TK844,THY844,THY,THY,B739,TC-JYI,LTFM,IST,2025-09-24T05:28:43Z,34L,OSAP,ALP,OSAP,ALP,,,,1046.66,903.835,Passenger,4BAB29,2025-09-24T04:53:49Z,2025-09-24T06:48:26Z,True
3c59c308,QR414,QTR414,QTR,QTR,A333,A7-AED,OTHH,DOH,2025-09-24T05:51:45Z,34L,OSAP,ALP,OSAP,ALP,2025-09-24T08:33:46Z,,9721.0,2018.35,1819.58,Passenger,06A03D,2025-09-24T05:33:55Z,2025-09-24T08:30:18Z,True
3c59c321,RJ432,RJA432,RJA,RJA,A20N,JY-RAH,OSAP,ALP,2025-09-24T05:32:46Z,09L,OJAI,AMM,OJAI,AMM,2025-09-24T06:30:41Z,26R,3475.0,604.568,506.956,Passenger,744828,2025-09-24T05:34:05Z,2025-09-24T06:34:46Z,True
3c59deeb,VF341,TKJ341,TKJ,TKJ,B738,TC-JFJ,OSAP,ALP,2025-09-24T06:25:15Z,,LTFJ,SAW,LTFJ,SAW,2025-09-24T08:01:12Z,24R,5757.0,1053.91,859.268,Passenger,4BA8CA,2025-09-24T06:27:27Z,2025-09-24T08:10:51Z,True
3c59f83c,RJ433,RJA433,RJA,RJA,A20N,JY-RAG,OJAI,AMM,2025-09-24T07:26:44Z,26L,OSAP,ALP,OSAP,ALP,,,,511.775,440.364,Passenger,744827,2025-09-24T07:14:52Z,2025-09-24T08:03:24Z,True
3c5a3b17,RJ434,RJA434,RJA,RJA,A20N,JY-RAG,OSAP,ALP,2025-09-24T09:19:35Z,,OJAI,AMM,OJAI,AMM,2025-09-24T10:15:44Z,26L,3369.0,636.903,506.868,Passenger,744827,2025-09-24T09:21:21Z,2025-09-24T10:18:02Z,True
3c5a4289,TK845,THY845,THY,THY,B739,TC-JYI,OSAP,ALP,,,LTFM,IST,LTFM,IST,2025-09-24T10:57:32Z,35R,,1008.09,917.227,Passenger,4BAB29,2025-09-24T09:35:07Z,2025-09-24T11:09:01Z,True
3c5a6c75,QR415,QTR415,QTR,QTR,A333,A7-AED,OSAP,ALP,2025-09-24T10:41:51Z,09L,OTHH,DOH,OTHH,DOH,2025-09-24T13:22:22Z,34R,9631.0,2150.41,1819.57,Passenger,06A03D,2025-09-24T10:45:50Z,2025-09-24T13:22:32Z,True
3c5d58db,VF340,TKJ340,TKJ,TKJ,B738,TC-JFD,LTFJ,SAW,2025-09-25T03:34:07Z,06L,OSAP,ALP,OSAP,ALP,,,,939.341,845.712,Passenger,4BA8C4,2025-09-25T02:54:05Z,2025-09-25T04:44:56Z,True
3c5d649c,RJ431,RJA431,RJA,RJA,E295,JY-REA,OJAI,AMM,2025-09-25T03:15:17Z,26R,OSAP,ALP,OSAP,ALP,2025-09-25T04:07:33Z,,3136.0,544.422,462.096,Passenger,7448A1,2025-09-25T03:13:51Z,2025-09-25T03:59:09Z,True
3c5d9a8c,TK844,THY844,THY,THY,B739,TC-JYI,LTFM,IST,2025-09-25T05:28:04Z,34L,OSAP,ALP,OSAP,ALP,,,,1058.37,924.884,Passenger,4BAB29,2025-09-25T04:51:00Z,2025-09-25T06:51:18Z,True
3c5db14e,RJ432,RJA432,RJA,RJA,E295,JY-REA,OSAP,ALP,,,OJAI,AMM,OJAI,AMM,2025-09-25T06:23:13Z,26L,,554.055,468.412,Passenger,7448A1,2025-09-25T05:33:00Z,2025-09-25T06:23:40Z,True
3c5dba24,QR414,QTR414,QTR,QTR,A333,A7-AEJ,OTHH,DOH,2025-09-25T06:06:44Z,34L,OSAP,ALP,OSAP,ALP,2025-09-25T08:46:32Z,,9588.0,2010.66,1821.91,Passenger,06A04C,2025-09-25T05:51:00Z,2025-09-25T08:43:04Z,True
3c5dc825,VF341,TKJ341,TKJ,TKJ,B738,TC-JFD,OSAP,ALP,2025-09-25T06:17:05Z,09L,LTFJ,SAW,LTFJ,SAW,2025-09-25T07:41:28Z,,5063.0,1186.96,860.635,Passenger,4BA8C4,2025-09-25T06:18:14Z,2025-09-25T07:40:57Z,True
3c5ddb5c,,UNO501H,UNO,IGC,CRJ2,YI-BAK,OSDI,DAM,2025-09-25T06:51:23Z,,OSAP,ALP,OSAP,ALP,2025-09-25T07:33:07Z,,2504.0,334.369,322.937,Business_jets,72882B,2025-09-25T06:55:15Z,2025-09-25T07:29:21Z,True
3c5dea3f,RJ433,RJA433,RJA,RJA,E290,JY-REE,OJAI,AMM,2025-09-25T07:23:23Z,26L,OSAP,ALP,OSAP,ALP,2025-09-25T08:21:58Z,27R,3515.0,642.574,506.902,Passenger,7448A5,2025-09-25T07:22:31Z,2025-09-25T08:17:25Z,True
3c5dff41,,UNO501H,IGC,IGC,CRJ2,YI-BAK,OSAP,ALP,2025-09-25T07:53:55Z,09L,,,,,,,,240.878,233.819,Business_jets,72882B,2025-09-25T08:00:11Z,2025-09-25T08:20:36Z,True
3c5dff53,,,,,A320,,,,2025-09-25T08:15:01Z,,,,,,2025-09-25T13:14:03Z,,,,,Military_and_government,,2025-09-25T08:00:27Z,2025-09-25T13:10:28Z,True
3c5e2a23,TK845,THY845,THY,THY,B739,TC-JYI,OSAP,ALP,2025-09-25T09:11:37Z,,LTFM,IST,LTFM,IST,2025-09-25T10:42:30Z,35R,5453.0,1034.8,920.295,Passenger,4BAB29,2025-09-25T09:13:21Z,2025-09-25T11:02:53Z,True
3c5e3ba7,RJ434,RJA434,RJA,RJA,E290,JY-REE,OSAP,ALP,,,OJAI,AMM,OJAI,AMM,2025-09-25T10:31:28Z,26L,,568.235,486.37,Passenger,7448A5,2025-09-25T09:41:09Z,2025-09-25T10:31:42Z,True
3c5e678f,QR415,QTR415,QTR,QTR,A333,A7-AEJ,OSAP,ALP,2025-09-25T10:46:27Z,,OTHH,DOH,OTHH,DOH,2025-09-25T13:26:24Z,34R,9597.0,2176.05,1833.88,Passenger,06A04C,2025-09-25T10:47:48Z,2025-09-25T13:31:21Z,True
3c5f2154,,,,,A320,,,,2025-09-25T14:09:09Z,,,,,,2025-09-25T16:37:42Z,,,,,Military_and_government,,2025-09-25T14:10:47Z,2025-09-25T16:42:13Z,True
3c6175ef,VF340,TKJ340,TKJ,TKJ,B738,TC-JHC,LTFJ,SAW,2025-09-26T03:33:50Z,06L,OSAP,ALP,OSAP,ALP,2025-09-26T04:54:26Z,,4836.0,968.143,858.815,Passenger,4BA903,2025-09-26T02:42:07Z,2025-09-26T04:46:06Z,True
3c617fa9,RJ431,RJA431,RJA,RJA,A320,JY-AZD,OJAI,AMM,2025-09-26T03:13:40Z,26L,OSAP,ALP,OSAP,ALP,2025-09-26T04:09:49Z,,3369.0,601.07,515.54,,740744,2025-09-26T03:00:46Z,2025-09-26T04:05:21Z,True
3c61a689,FCY526,FYC526,FYC,FYC,A320,YK-BAE,ORER,EBL,,,OSAP,ALP,OSAP,ALP,,,,1623.42,580.331,Passenger,778825,2025-09-26T04:20:11Z,2025-09-26T05:35:08Z,True
3c61b53d,TK844,THY844,THY,THY,B739,TC-JYB,LTFM,IST,2025-09-26T05:23:56Z,35L,OSAP,ALP,OSAP,ALP,,,,1141.02,921.806,Passenger,4BAB22,2025-09-26T04:50:07Z,2025-09-26T06:45:32Z,True
3c61c5fd,RJ432,RJA432,RJA,RJA,A320,JY-AZD,OSAP,ALP,2025-09-26T05:20:35Z,,OJAI,AMM,OJAI,AMM,2025-09-26T06:13:19Z,26R,3164.0,1796.84,500.708,,740744,2025-09-26T05:23:27Z,2025-09-26T06:18:08Z,True
3c61e2f4,VF341,TKJ341,TKJ,TKJ,B738,TC-JHC,OSAP,ALP,2025-09-26T06:17:25Z,,LTFJ,SAW,LTFJ,SAW,2025-09-26T07:42:31Z,06R,5106.0,973.1,860.472,Passenger,4BA903,2025-09-26T06:19:36Z,2025-09-26T07:54:37Z,True
3c62027d,RJ433,RJA433,RJA,RJA,E290,JY-RED,OJAI,AMM,2025-09-26T07:21:21Z,26L,OSAP,ALP,OSAP,ALP,2025-09-26T08:18:08Z,,3407.0,597.418,499.457,Passenger,7448A4,2025-09-26T07:20:55Z,2025-09-26T08:11:35Z,True
3c621351,FCY525,FYC525,FYC,FYC,A320,YK-BAE,OSAP,ALP,,,ORER,EBL,ORER,EBL,,,,802.742,566.387,Passenger,778825,2025-09-26T07:50:11Z,2025-09-26T08:43:38Z,True
3c624386,TK845,THY845,THY,THY,B739,TC-JYB,OSAP,ALP,,,LTFM,IST,LTFM,IST,2025-09-26T10:48:39Z,35R,,1071.74,916.139,Passenger,4BAB22,2025-09-26T09:13:40Z,2025-09-26T11:01:16Z,True
3c62491b,RJ434,RJA434,RJA,RJA,E290,JY-RED,OSAP,ALP,2025-09-26T09:21:25Z,,OJAI,AMM,OJAI,AMM,2025-09-26T10:12:53Z,26L,3088.0,583.786,506.032,Passenger,7448A4,2025-09-26T09:22:28Z,2025-09-26T10:13:08Z,True
3c6531fd,FYC762,FYC762,FYC,,A320,YK-BAC,OMSJ,SHJ,2025-09-27T01:54:29Z,12,OSAP,ALP,OSAP,ALP,2025-09-27T04:58:09Z,27R,11020.0,2345.01,2112.83,Passenger,778823,2025-09-27T01:53:46Z,2025-09-27T04:55:19Z,True
3c658b6f,RJ431,RJA431,RJA,RJA,A20N,JY-RAH,OJAI,AMM,2025-09-27T03:01:26Z,26L,OSAP,ALP,OSAP,ALP,,,,547.11,462.707,Passenger,744828,2025-09-27T02:48:40Z,2025-09-27T03:44:43Z,True
3c658f3f,VF340,TKJ340,TKJ,TKJ,B738,TC-JHA,LTFJ,SAW,2025-09-27T03:31:50Z,06L,OSAP,ALP,OSAP,ALP,,,,886.325,843.976,Passenger,4BA901,2025-09-27T02:56:08Z,2025-09-27T04:35:41Z,True
3c65c73c,TK844,THY844,THY,THY,B739,TC-JYB,LTFM,IST,2025-09-27T05:28:51Z,36,OSAP,ALP,OSAP,ALP,2025-09-27T07:02:23Z,,5612.0,1076.85,919.206,Passenger,4BAB22,2025-09-27T04:54:52Z,2025-09-27T06:49:46Z,True
3c65d6f4,RJ432,RJA432,RJA,RJA,A20N,JY-RAH,OSAP,ALP,2025-09-27T05:22:34Z,,OJAI,AMM,OJAI,AMM,2025-09-27T06:18:02Z,26L,3328.0,601.626,494.758,Passenger,744828,2025-09-27T05:27:00Z,2025-09-27T06:22:26Z,True
3c65faee,VF341,TKJ341,TKJ,TKJ,B738,TC-JHA,OSAP,ALP,2025-09-27T06:39:55Z,,LTFJ,SAW,LTFJ,SAW,2025-09-27T08:15:26Z,06R,5731.0,994.131,846.066,Passenger,4BA901,2025-09-27T06:45:42Z,2025-09-27T08:24:07Z,True
3c660575,FYC761,FYC761,FYC,,A320,YK-BAC,OSAP,ALP,2025-09-27T07:05:31Z,,OMSJ,SHJ,OMSJ,SHJ,2025-09-27T09:54:18Z,30,10127.0,2338.87,2122.98,Passenger,778823,2025-09-27T07:06:47Z,2025-09-27T09:54:46Z,True
3c660e24,RJ433,RJA433,RJA,RJA,E295,JY-REG,OJAI,AMM,2025-09-27T07:26:38Z,26R,OSAP,ALP,OSAP,ALP,,,,586.477,468.158,Passenger,7448A7,2025-09-27T07:24:03Z,2025-09-27T08:15:14Z,True
3c6649d0,TK845,THY845,THY,THY,B739,TC-JYB,OSAP,ALP,2025-09-27T09:06:07Z,,LTFM,IST,LTFM,IST,2025-09-27T10:45:42Z,35R,5975.0,1081.31,922.263,Passenger,4BAB22,2025-09-27T09:07:42Z,2025-09-27T11:01:29Z,True
3c6653d5,RJ434,RJA434,RJA,RJA,E295,JY-REG,OSAP,ALP,2025-09-27T09:22:31Z,,OJAI,AMM,OJAI,AMM,2025-09-27T10:18:26Z,26L,3355.0,612.186,506.101,Passenger,7448A7,2025-09-27T09:23:55Z,2025-09-27T10:18:55Z,True
3c68bec5,,YKSYR,,,B735,YK-SYR,,,,,OSAP,ALP,OSAP,ALP,2025-09-27T23:34:19Z,27R,,353.187,301.024,Passenger,77CF32,2025-09-27T23:02:02Z,2025-09-27T23:32:25Z,True
3c68e216,,YKSYR,,,B735,YK-SYR,OSAP,ALP,2025-09-28T00:04:01Z,,,,,,,,,424.692,315.124,Passenger,77CF32,2025-09-28T00:05:48Z,2025-09-28T00:39:54Z,True
3c693572,VF340,TKJ340,TKJ,TKJ,B738,TC-JFJ,LTFJ,SAW,2025-09-28T03:56:56Z,06L,OSAP,ALP,OSAP,ALP,,,,908.939,849.54,Passenger,4BA8CA,2025-09-28T03:06:29Z,2025-09-28T05:02:30Z,True
3c6936a8,RJ431,RJA431,RJA,RJA,E290,JY-REC,OJAI,AMM,2025-09-28T03:10:18Z,08R,OSAP,ALP,OSAP,ALP,2025-09-28T04:02:17Z,,3119.0,565.782,499.579,Passenger,7448A3,2025-09-28T03:09:23Z,2025-09-28T03:58:16Z,True
3c695ea4,TK844,THY844,THY,THY,B739,TC-JYF,LTFM,IST,2025-09-28T05:41:03Z,35L,OSAP,ALP,OSAP,ALP,,,,1043.9,920.152,Passenger,4BAB26,2025-09-28T04:45:51Z,2025-09-28T07:01:11Z,True
3c697480,QR414,QTR414,QTR,QTR,A332,A7-ACM,OTHH,DOH,2025-09-28T05:50:44Z,34L,OSAP,ALP,OSAP,ALP,2025-09-28T08:30:05Z,,9561.0,2016.76,1819.63,Passenger,06A04E,2025-09-28T05:33:59Z,2025-09-28T08:26:28Z,True
3c697b62,RJ432,RJA432,RJA,RJA,E290,JY-REC,OSAP,ALP,,,OJAI,AMM,OJAI,AMM,2025-09-28T06:44:03Z,08L,,614.586,469.881,Passenger,7448A3,2025-09-28T05:50:11Z,2025-09-28T06:44:17Z,True
3c698de1,VF341,TKJ341,TKJ,TKJ,B738,TC-JFJ,OSAP,ALP,,,LTFJ,SAW,LTFJ,SAW,2025-09-28T07:56:55Z,,,1228.65,847.217,Passenger,4BA8CA,2025-09-28T06:31:42Z,2025-09-28T07:56:22Z,True
3c69a02c,RJ433,RJA433,RJA,RJA,A20N,JY-RAE,OJAI,AMM,2025-09-28T07:23:23Z,08R,OSAP,ALP,OSAP,ALP,,,,550.758,466.105,Passenger,744825,2025-09-28T07:12:00Z,2025-09-28T08:10:52Z,True
3c69e303,TK845,THY845,THY,THY,B739,TC-JYF,OSAP,ALP,2025-09-28T09:03:46Z,09L,LTFM,IST,LTFM,IST,2025-09-28T10:39:05Z,35R,5719.0,1023.72,918.125,Passenger,4BAB26,2025-09-28T09:08:58Z,2025-09-28T10:48:30Z,True
3c69f31d,RJ434,RJA434,RJA,RJA,A20N,JY-RAE,OSAP,ALP,2025-09-28T09:30:08Z,,OJAI,AMM,OJAI,AMM,2025-09-28T10:33:10Z,26L,3782.0,668.93,499.602,Passenger,744825,2025-09-28T09:34:13Z,2025-09-28T10:36:06Z,True
3c6a33c0,QR415,QTR415,QTR,QTR,A332,A7-ACM,OSAP,ALP,2025-09-28T11:09:00Z,,OTHH,DOH,OTHH,DOH,2025-09-28T13:42:42Z,34L,9222.0,2145.53,1834.06,Passenger,06A04E,2025-09-28T11:10:10Z,2025-09-28T13:49:58Z,True
3c6c220b,FCY756,FYC756,FYC,FYC,A320,YK-BAA,OMDW,DWC,2025-09-28T21:01:59Z,30,OSAP,ALP,OSAP,ALP,,,,2197.97,2081.01,Passenger,778821,2025-09-28T20:52:37Z,2025-09-28T23:45:08Z,True
3c6cdc4d,FCY751,FYC751,FYC,FYC,A320,YK-BAA,OSAP,ALP,2025-09-29T01:41:35Z,09L,OMDW,DWC,OMDW,DWC,2025-09-29T04:37:35Z,30,10560.0,2329.28,2128.93,Passenger,778821,2025-09-29T01:43:12Z,2025-09-29T04:46:41Z,True
3c6d0526,RJ431,RJA431,RJA,RJA,A20N,JY-RAA,OJAI,AMM,2025-09-29T03:11:00Z,26L,OSAP,ALP,OSAP,ALP,,,,545.712,464.576,Passenger,744821,2025-09-29T02:58:01Z,2025-09-29T03:50:42Z,True
3c6d0ec4,VF340,TKJ340,TKJ,TKJ,B738,TC-JHC,LTFJ,SAW,2025-09-29T03:39:51Z,06L,OSAP,ALP,OSAP,ALP,,,,910.447,850.695,Passenger,4BA903,2025-09-29T03:16:54Z,2025-09-29T04:48:35Z,True
3c6d43bf,TK844,THY844,THY,THY,B739,TC-JYB,LTFM,IST,2025-09-29T05:42:58Z,35L,OSAP,ALP,OSAP,ALP,,,,1009.62,911.945,Passenger,4BAB22,2025-09-29T04:51:06Z,2025-09-29T06:56:31Z,True
3c6d5227,QR414,QTR414,QTR,QTR,A332,A7-ACM,OTHH,DOH,2025-09-29T05:31:18Z,34L,OSAP,ALP,OSAP,ALP,,,,2021.5,1813.77,Passenger,06A04E,2025-09-29T05:17:39Z,2025-09-29T08:06:20Z,True
3c6d59c4,RJ432,RJA432,RJA,RJA,A20N,JY-RAA,OSAP,ALP,2025-09-29T05:32:12Z,,OJAI,AMM,OJAI,AMM,2025-09-29T06:30:05Z,26L,3473.0,595.906,507.097,Passenger,744821,2025-09-29T05:33:24Z,2025-09-29T06:32:48Z,True
3c6d72e0,VF341,TKJ341,TKJ,TKJ,B738,TC-JHC,OSAP,ALP,,,LTFJ,SAW,LTFJ,SAW,2025-09-29T07:46:41Z,,,1252.3,848.914,Passenger,4BA903,2025-09-29T06:19:47Z,2025-09-29T07:46:04Z,True
3c6d774b,RB444,SYR444,SYR,SYR,A320,YK-BAG,LTFM,IST,2025-09-29T06:43:42Z,36,OSAP,ALP,OSAP,ALP,,,,963.68,906.067,Passenger,778827,2025-09-29T06:28:21Z,2025-09-29T07:52:20Z,True
3c6d91c0,RJ433,RJA433,RJA,RJA,A20N,JY-RAE,OJAI,AMM,2025-09-29T07:20:43Z,26L,OSAP,ALP,OSAP,ALP,,,,558.568,475.938,Passenger,744825,2025-09-29T07:11:25Z,2025-09-29T08:05:28Z,True
3c6ddacd,TK845,THY845,THY,THY,B739,TC-JYB,OSAP,ALP,,,LTFM,IST,LTFM,IST,2025-09-29T10:47:04Z,35R,,985.065,906.25,Passenger,4BAB22,2025-09-29T09:21:12Z,2025-09-29T11:02:41Z,True
3c6dddef,RB517,SYR517,SYR,SYR,A320,YK-BAG,OSAP,ALP,2025-09-29T09:23:34Z,,OMDB,DXB,OMDB,DXB,2025-09-29T12:14:18Z,30L,10244.0,2315.8,2117.21,Passenger,778827,2025-09-29T09:25:28Z,2025-09-29T12:30:16Z,True
3c6de27b,RJ434,RJA434,RJA,RJA,A20N,JY-RAE,OSAP,ALP,,,OJAI,AMM,OJAI,AMM,2025-09-29T10:26:43Z,26L,,563.378,474.986,Passenger,744825,2025-09-29T09:34:41Z,2025-09-29T10:28:47Z,True
3c6e0fb9,QR415,QTR415,QTR,QTR,A332,A7-ACM,OSAP,ALP,2025-09-29T10:41:54Z,,OTHH,DOH,OTHH,DOH,2025-09-29T13:22:49Z,34L,9655.0,2154.15,1832.64,Passenger,06A04E,2025-09-29T10:43:13Z,2025-09-29T13:27:14Z,True
3c6e665c,RB518,SYR518,SYR,SYR,A320,YK-BAG,OMDB,DXB,2025-09-29T13:42:32Z,30R,OSAP,ALP,OSAP,ALP,2025-09-29T16:33:20Z,,10248.0,2205.84,2070.97,Passenger,778827,2025-09-29T12:30:35Z,2025-09-29T16:25:04Z,True
3c6fad33,RB445,SYR445,SYR,SYR,A320,YK-BAG,OSAP,ALP,,,LTFM,IST,LTFM,IST,2025-09-29T19:52:42Z,36,,1068.89,914.422,Passenger,778827,2025-09-29T18:13:20Z,2025-09-29T20:09:28Z,True
3c70f96c,FYC762,FYC762,FYC,,A320,YK-BAA,OMSJ,SHJ,2025-09-30T01:46:30Z,12,OSAP,ALP,OSAP,ALP,,,,2259.36,2074.55,Passenger,778821,2025-09-30T01:34:05Z,2025-09-30T04:37:16Z,True
3c713312,RJ431,RJA431,RJA,RJA,E290,JY-REC,OJAI,AMM,2025-09-30T03:12:04Z,26R,OSAP,ALP,OSAP,ALP,,,,529.129,425.132,Passenger,7448A3,2025-09-30T03:09:39Z,2025-09-30T03:54:02Z,True
3c713487,VF340,TKJ340,TKJ,TKJ,B738,TC-JHE,LTFJ,SAW,2025-09-30T03:51:40Z,06L,OSAP,ALP,OSAP,ALP,,,,914.129,853.472,Passenger,4BA905,2025-09-30T03:12:23Z,2025-09-30T04:56:38Z,True
3c716ac1,TK844,THY844,THY,THY,B739,TC-JYI,LTFM,IST,2025-09-30T05:19:28Z,36,OSAP,ALP,OSAP,ALP,,,,1043.41,901.625,Passenger,4BAB29,2025-09-30T04:50:07Z,2025-09-30T06:35:43Z,True
3c71811a,RJ432,RJA432,RJA,RJA,E290,JY-REC,OSAP,ALP,,,OJAI,AMM,OJAI,AMM,2025-09-30T06:20:17Z,26R,,567.244,489.888,Passenger,7448A3,2025-09-30T05:29:42Z,2025-09-30T06:20:49Z,True
3c71a151,VF341,TKJ341,TKJ,TKJ,B738,TC-JHE,OSAP,ALP,,,LTFJ,SAW,LTFJ,SAW,2025-09-30T07:58:37Z,06R,,954.267,846.307,Passenger,4BA905,2025-09-30T06:31:01Z,2025-09-30T08:10:20Z,True
3c71b2aa,FYC761,FYC761,FYC,,A320,YK-BAA,OSAP,ALP,,,OMSJ,SHJ,OMSJ,SHJ,2025-09-30T09:37:50Z,30,,2211.34,2064.93,Passenger,778821,2025-09-30T07:03:26Z,2025-09-30T09:41:17Z,True
3c71b821,RJ433,RJA433,RJA,RJA,A20N,JY-RAD,OJAI,AMM,2025-09-30T07:26:22Z,26L,OSAP,ALP,OSAP,ALP,,,,510.541,441.606,Passenger,744824,2025-09-30T07:13:20Z,2025-09-30T08:06:54Z,True
3c71fe04,TK845,THY845,THY,THY,B739,TC-JYI,OSAP,ALP,,,LTFM,IST,LTFM,IST,2025-09-30T10:43:20Z,34L,,1028.94,906.536,Passenger,4BAB29,2025-09-30T09:10:28Z,2025-09-30T11:09:22Z,True
3c72130b,RJ434,RJA434,RJA,RJA,A20N,JY-RAD,OSAP,ALP,,,OJAI,AMM,OJAI,AMM,2025-09-30T10:32:05Z,26L,,530.147,473.217,Passenger,744824,2025-09-30T09:44:09Z,2025-09-30T10:35:13Z,True
3c7429f3,FCY756,FYC756,FYC,FYC,A320,YK-BAC,OMDW,DWC,2025-09-30T20:06:27Z,30,OSAP,ALP,OSAP,ALP,2025-09-30T23:07:16Z,,10849.0,2255.11,2113.26,Passenger,778823,2025-09-30T20:05:12Z,2025-09-30T23:04:05Z,True
3c74f4d1,FCY755,FYC755,FYC,FYC,A320,YK-BAC,OSAP,ALP,2025-10-01T00:44:38Z,,OMDW,DWC,OMDW,DWC,2025-10-01T03:27:08Z,12,9750.0,2296.07,2125.28,Passenger,778823,2025-10-01T00:45:38Z,2025-10-01T03:31:49Z,True
3c754852,VF340,TKJ340,TKJ,TKJ,B738,TC-JFJ,LTFJ,SAW,2025-10-01T03:35:04Z,06L,OSAP,ALP,OSAP,ALP,,,,894.73,844.962,Passenger,4BA8CA,2025-10-01T03:20:22Z,2025-10-01T04:38:18Z,True
3c754a79,RJ431,RJA431,RJA,RJA,A20N,JY-RAH,OJAI,AMM,2025-10-01T03:35:01Z,26L,OSAP,ALP,OSAP,ALP,,,,501.601,433.855,Passenger,744828,2025-10-01T03:24:51Z,2025-10-01T04:13:19Z,True
3c75736c,TK844,THY844,THY,THY,B739,TC-JYB,LTFM,IST,2025-10-01T05:22:20Z,36,OSAP,ALP,OSAP,ALP,,,,1025.31,923.933,Passenger,4BAB22,2025-10-01T04:48:30Z,2025-10-01T06:36:02Z,True
3c758a6c,QR414,QTR414,QTR,QTR,A332,A7-ACM,OTHH,DOH,2025-10-01T05:54:20Z,34L,OSAP,ALP,OSAP,ALP,2025-10-01T08:38:50Z,,9870.0,2071.61,1821.54,Passenger,06A04E,2025-10-01T05:32:54Z,2025-10-01T08:35:34Z,True
3c759182,RJ432,RJA432,RJA,RJA,A20N,JY-RAH,OSAP,ALP,,,OJAI,AMM,OJAI,AMM,2025-10-01T06:37:38Z,26R,,539.831,469.861,Passenger,744828,2025-10-01T05:52:31Z,2025-10-01T06:41:05Z,True
3c75a447,VF341,TKJ341,TKJ,TKJ,B738,TC-JFJ,OSAP,ALP,,,LTFJ,SAW,LTFJ,SAW,2025-10-01T07:47:16Z,06R,,936.885,836.796,Passenger,4BA8CA,2025-10-01T06:24:36Z,2025-10-01T08:00:10Z,True
3c75a9b1,RJ433,RJA433,RJA,RJA,E295,JY-REA,OJAI,AMM,2025-10-01T06:37:27Z,26L,OSAP,ALP,OSAP,ALP,,,,520.813,438.624,Passenger,7448A1,2025-10-01T06:35:06Z,2025-10-01T07:19:50Z,True
3c75f271,RJ434,RJA434,RJA,RJA,E295,JY-REA,OSAP,ALP,,,OJAI,AMM,OJAI,AMM,2025-10-01T09:38:35Z,26L,,542.416,477.294,Passenger,7448A1,2025-10-01T08:46:23Z,2025-10-01T09:35:43Z,True
3c760527,TK845,THY845,THY,THY,B739,TC-JYB,OSAP,ALP,2025-10-01T09:14:11Z,09L,LTFM,IST,LTFM,IST,2025-10-01T10:47:31Z,35R,5600.0,1041.98,917.632,Passenger,4BAB22,2025-10-01T09:16:14Z,2025-10-01T11:05:53Z,True
3c76417f,QR415,QTR415,QTR,QTR,A332,A7-ACM,OSAP,ALP,2025-10-01T10:50:28Z,,OTHH,DOH,OTHH,DOH,2025-10-01T13:35:33Z,34R,9905.0,2189.13,1832.81,Passenger,06A04E,2025-10-01T10:51:44Z,2025-10-01T13:40:57Z,True
3c795a11,VF340,TKJ340,TKJ,TKJ,B738,TC-JHC,LTFJ,SAW,2025-10-02T03:34:14Z,06L,OSAP,ALP,OSAP,ALP,,,,898.46,843.926,Passenger,4BA903,2025-10-02T03:14:15Z,2025-10-02T04:37:39Z,True
3c796340,RJ431,RJA431,RJA,RJA,E290,JY-REC,OJAI,AMM,2025-10-02T03:36:44Z,26R,OSAP,ALP,OSAP,ALP,,,,531.361,445.955,Passenger,7448A3,2025-10-02T03:35:21Z,2025-10-02T04:17:51Z,True
3c79858f,TK844,THY844,THY,THY,B739,TC-JYF,LTFM,IST,2025-10-02T05:24:44Z,34L,OSAP,ALP,OSAP,ALP,,,,1119.86,918.756,Passenger,4BAB26,2025-10-02T04:44:29Z,2025-10-02T06:53:41Z,True
3c799e16,QR414,QTR414,QTR,QTR,A332,A7-ACM,OTHH,DOH,2025-10-02T05:54:43Z,34L,OSAP,ALP,OSAP,ALP,2025-10-02T08:38:38Z,,9835.0,2049.06,1821.21,Passenger,06A04E,2025-10-02T05:33:56Z,2025-10-02T08:35:14Z,True
3c79a68d,RJ432,RJA432,RJA,RJA,E290,JY-REC,OSAP,ALP,2025-10-02T05:50:38Z,27L,OJAI,AMM,OJAI,AMM,2025-10-02T06:48:23Z,26L,3465.0,602.088,507.673,Passenger,7448A3,2025-10-02T05:51:40Z,2025-10-02T06:48:35Z,True
3c79b782,VF341,TKJ341,TKJ,TKJ,B738,TC-JHC,OSAP,ALP,,,LTFJ,SAW,LTFJ,SAW,2025-10-02T07:52:59Z,06R,,999.518,854.181,Passenger,4BA903,2025-10-02T06:25:12Z,2025-10-02T08:01:55Z,True
3c79ca2c,,UNO501H,IGC,IGC,CRJ2,YI-BAK,OSDI,DAM,2025-10-02T06:56:37Z,,OSAP,ALP,OSAP,ALP,2025-10-02T07:45:35Z,,2938.0,404.156,304.901,Business_jets,72882B,2025-10-02T07:01:28Z,2025-10-02T07:39:26Z,True
3c79cffe,RJ433,RJA433,RJA,RJA,A20N,JY-RAD,OJAI,AMM,2025-10-02T07:17:01Z,26L,OSAP,ALP,OSAP,ALP,,,,569.336,468.763,Passenger,744824,2025-10-02T07:11:49Z,2025-10-02T07:56:51Z,True
3c7a192d,RJ434,RJA434,RJA,RJA,A20N,JY-RAD,OSAP,ALP,2025-10-02T09:14:58Z,,OJAI,AMM,OJAI,AMM,2025-10-02T10:09:19Z,26L,3261.0,594.943,507.23,Passenger,744824,2025-10-02T09:16:20Z,2025-10-02T10:12:03Z,True
3c7a1ecf,TK845,THY845,THY,THY,B739,TC-JYF,OSAP,ALP,,,LTFM,IST,LTFM,IST,2025-10-02T10:48:52Z,35R,,992.176,908.885,Passenger,4BAB26,2025-10-02T09:24:52Z,2025-10-02T11:03:13Z,True
3c7a5b82,QR415,QTR415,QTR,QTR,A332,A7-ACM,OSAP,ALP,2025-10-02T10:54:29Z,,OTHH,DOH,OTHH,DOH,2025-10-02T13:37:39Z,34R,9790.0,2156.15,1833.8,Passenger,06A04E,2025-10-02T10:55:43Z,2025-10-02T13:40:22Z,True
3c7d8ac1,RJ431,RJA431,RJA,RJA,E290,JY-RED,OJAI,AMM,2025-10-03T03:13:01Z,26R,OSAP,ALP,OSAP,ALP,2025-10-03T04:08:36Z,,3335.0,580.837,462.562,Passenger,7448A4,2025-10-03T03:11:23Z,2025-10-03T03:59:38Z,True
3c7d9808,VF340,TKJ340,TKJ,TKJ,B738,TC-JHD,LTFJ,SAW,2025-10-03T04:08:08Z,06L,OSAP,ALP,OSAP,ALP,2025-10-03T05:30:32Z,,4944.0,955.558,862.727,Passenger,4BA904,2025-10-03T03:39:34Z,2025-10-03T05:24:29Z,True
3c7daaeb,FCY526,FYC526,FYC,FYC,A320,YK-BAE,ORER,EBL,,,OSAP,ALP,OSAP,ALP,2025-10-03T05:37:36Z,,,991.367,569.036,Passenger,778825,2025-10-03T04:15:40Z,2025-10-03T05:33:23Z,True
3c7dbbd6,TK844,THY844,THY,THY,B739,TC-JYF,LTFM,IST,2025-10-03T05:32:34Z,36,OSAP,ALP,OSAP,ALP,2025-10-03T07:12:47Z,,6013.0,1115.3,921.655,Passenger,4BAB26,2025-10-03T04:49:04Z,2025-10-03T07:06:36Z,True
3c7dcc9b,RJ432,RJA432,RJA,RJA,E290,JY-RED,OSAP,ALP,2025-10-03T05:19:21Z,,OJAI,AMM,OJAI,AMM,2025-10-03T06:17:35Z,26R,3494.0,620.611,500.845,Passenger,7448A4,2025-10-03T05:21:28Z,2025-10-03T06:17:59Z,True
3c7df083,VF341,TKJ341,TKJ,TKJ,B738,TC-JHD,OSAP,ALP,2025-10-03T06:28:32Z,,LTFJ,SAW,LTFJ,SAW,2025-10-03T08:03:44Z,24L,5712.0,1083.02,861.25,Passenger,4BA904,2025-10-03T06:29:46Z,2025-10-03T08:10:08Z,True
3c7dfe6d,FCY525,FYC525,FYC,FYC,A320,YK-BAE,OSAP,ALP,2025-10-03T06:54:56Z,,ORER,EBL,ORER,EBL,,,,929.569,589.517,Passenger,778825,2025-10-03T06:56:06Z,2025-10-03T07:59:47Z,True
3c7e0dc0,RJ433,RJA433,RJA,RJA,E290,JY-REE,OJAI,AMM,2025-10-03T07:26:12Z,08L,OSAP,ALP,OSAP,ALP,,,,557.786,461.995,Passenger,7448A5,2025-10-03T07:23:50Z,2025-10-03T08:10:31Z,True
3c7e4c36,TK845,THY845,THY,THY,B739,TC-JYF,OSAP,ALP,,,LTFM,IST,LTFM,IST,2025-10-03T10:41:27Z,17L,,1071.92,911.295,Passenger,4BAB26,2025-10-03T09:07:36Z,2025-10-03T10:56:27Z,True
3c7e552b,RJ434,RJA434,RJA,RJA,E290,JY-REE,OSAP,ALP,2025-10-03T09:18:04Z,09L,OJAI,AMM,OJAI,AMM,2025-10-03T10:20:45Z,08L,3761.0,689.053,489.75,Passenger,7448A5,2025-10-03T09:21:20Z,2025-10-03T10:20:49Z,True
3c818d99,FYC762,FYC762,FYC,,A320,YK-BAC,OMSJ,SHJ,2025-10-04T01:51:25Z,30,OSAP,ALP,OSAP,ALP,2025-10-04T04:46:03Z,27R,10478.0,2274.25,2113.02,Passenger,778823,2025-10-04T01:50:35Z,2025-10-04T04:43:13Z,True
3c81b26a,VF340,TKJ340,TKJ,TKJ,B738,TC-JFJ,LTFJ,SAW,2025-10-04T03:31:23Z,24R,OSAP,ALP,OSAP,ALP,,,,939.816,853.828,Passenger,4BA8CA,2025-10-04T02:58:11Z,2025-10-04T04:41:47Z,True
3c81bb09,RJ431,RJA431,RJA,RJA,A20N,JY-RAG,OJAI,AMM,2025-10-04T03:28:02Z,26L,OSAP,ALP,OSAP,ALP,2025-10-04T04:17:01Z,,2939.0,525.338,447.333,Passenger,744827,2025-10-04T03:15:59Z,2025-10-04T04:08:03Z,True
3c81f431,TK844,THY844,THY,THY,B739,TC-JYF,LTFM,IST,2025-10-04T05:35:19Z,18,OSAP,ALP,OSAP,ALP,,,,1033.96,907.051,Passenger,4BAB26,2025-10-04T05:07:23Z,2025-10-04T06:51:16Z,True
3c820b77,RJ432,RJA432,RJA,RJA,A20N,JY-RAG,OSAP,ALP,2025-10-04T05:53:17Z,09L,OJAI,AMM,OJAI,AMM,2025-10-04T06:46:51Z,26L,3214.0,584.807,504.891,Passenger,744827,2025-10-04T05:54:33Z,2025-10-04T06:49:25Z,True
3c822054,VF341,TKJ341,TKJ,TKJ,B738,TC-JFJ,OSAP,ALP,,,LTFJ,SAW,LTFJ,SAW,2025-10-04T07:57:41Z,24L,,911.756,846.267,Passenger,4BA8CA,2025-10-04T06:39:26Z,2025-10-04T08:06:43Z,True
3c823c89,RJ433,RJA433,RJA,RJA,E290,JY-REC,OJAI,AMM,2025-10-04T07:33:26Z,26L,OSAP,ALP,OSAP,ALP,2025-10-04T08:25:57Z,,3151.0,555.989,463.866,Passenger,7448A3,2025-10-04T07:31:22Z,2025-10-04T08:18:33Z,True
3c823ccb,FYC761,FYC761,FYC,,A320,YK-BAC,OSAP,ALP,2025-10-04T07:30:45Z,,OMSJ,SHJ,OMSJ,SHJ,2025-10-04T10:20:34Z,30,10189.0,2325.14,2121.36,Passenger,778823,2025-10-04T07:31:50Z,2025-10-04T10:21:16Z,True
3c827058,TK845,THY845,THY,THY,B739,TC-JYF,OSAP,ALP,2025-10-04T09:10:27Z,,LTFM,IST,LTFM,IST,2025-10-04T10:48:34Z,17L,5887.0,1093.8,921.37,Passenger,4BAB26,2025-10-04T09:11:53Z,2025-10-04T11:03:20Z,True
3c828324,RJ434,RJA434,RJA,RJA,E290,JY-REC,OSAP,ALP,,,OJAI,AMM,OJAI,AMM,2025-10-04T10:33:00Z,08L,,645.308,476.178,Passenger,7448A3,2025-10-04T09:38:36Z,2025-10-04T10:33:03Z,True
3c852f64,VF340,TKJ340,TKJ,TKJ,B738,TC-JHA,LTFJ,SAW,2025-10-05T03:28:53Z,24R,OSAP,ALP,OSAP,ALP,,,,973.057,839.573,Passenger,4BA901,2025-10-05T03:17:34Z,2025-10-05T04:40:19Z,True
3c85335b,RJ431,RJA431,RJA,RJA,E295,JY-REF,OJAI,AMM,2025-10-05T03:28:11Z,26R,OSAP,ALP,OSAP,ALP,,,,548.138,438.26,Passenger,7448A6,2025-10-05T03:27:00Z,2025-10-05T04:11:10Z,True
3c855867,TK844,THY844,THY,THY,B739,TC-JYB,LTFM,IST,2025-10-05T05:40:51Z,17R,OSAP,ALP,OSAP,ALP,,,,1052.75,907.637,Passenger,4BAB22,2025-10-05T04:51:25Z,2025-10-05T06:57:29Z,True
3c856c86,QR414,QTR414,QTR,QTR,A332,A7-ACM,OTHH,DOH,2025-10-05T05:58:48Z,34L,OSAP,ALP,OSAP,ALP,2025-10-05T08:31:42Z,,9174.0,2014.61,1821.17,Passenger,06A04E,2025-10-05T05:37:30Z,2025-10-05T08:28:27Z,True
3c8575fa,RJ432,RJA432,RJA,RJA,E295,JY-REF,OSAP,ALP,,,OJAI,AMM,OJAI,AMM,2025-10-05T06:53:28Z,26L,,538.716,461.713,Passenger,7448A6,2025-10-05T06:04:36Z,2025-10-05T06:53:48Z,True
3c857a02,RJ433,RJA433,RJA,RJA,E290,JY-REC,OJAI,AMM,2025-10-05T07:17:40Z,26R,OSAP,ALP,OSAP,ALP,,,,523.49,434.443,Passenger,7448A3,2025-10-05T06:07:45Z,2025-10-05T07:59:12Z,True
3c857f64,VF341,TKJ341,TKJ,TKJ,B738,TC-JHA,OSAP,ALP,,,LTFJ,SAW,LTFJ,SAW,2025-10-05T07:37:56Z,24L,,891.807,845.568,Passenger,4BA901,2025-10-05T06:20:51Z,2025-10-05T07:43:52Z,True
3c85ce90,TK845,THY845,THY,THY,B739,TC-JYB,OSAP,ALP,2025-10-05T09:13:11Z,09L,LTFM,IST,LTFM,IST,2025-10-05T10:57:04Z,17L,6233.0,1134.09,921.929,Passenger,4BAB22,2025-10-05T09:14:23Z,2025-10-05T11:11:06Z,True
3c85d882,RJ434,RJA434,RJA,RJA,E290,JY-REC,OSAP,ALP,2025-10-05T09:33:02Z,09L,OJAI,AMM,OJAI,AMM,2025-10-05T10:29:43Z,26R,3401.0,642.632,506.799,Passenger,7448A3,2025-10-05T09:34:33Z,2025-10-05T10:30:30Z,True
3c860661,QR415,QTR415,QTR,QTR,A332,A7-ACM,OSAP,ALP,2025-10-05T10:56:13Z,,OTHH,DOH,OTHH,DOH,2025-10-05T13:45:08Z,16R,10135.0,2177.03,1835.23,Passenger,06A04E,2025-10-05T10:57:27Z,2025-10-05T13:50:47Z,True
3c8770d3,FCY756,FYC756,FYC,FYC,A320,YK-BAB,OMDW,DWC,2025-10-05T18:51:44Z,30,OSAP,ALP,OSAP,ALP,2025-10-05T21:35:57Z,,9853.0,2215.87,2101.59,Passenger,778822,2025-10-05T18:52:00Z,2025-10-05T21:30:37Z,True
3c888d63,VF340,TKJ340,TKJ,TKJ,B738,TC-JFJ,LTFJ,SAW,2025-10-06T03:22:14Z,24R,OSAP,ALP,OSAP,ALP,,,,937.683,852.748,Passenger,4BA8CA,2025-10-06T02:50:52Z,2025-10-06T04:31:36Z,True
3c8897b5,RJ431,RJA431,RJA,RJA,A20N,JY-RAJ,OJAI,AMM,2025-10-06T03:25:46Z,26L,OSAP,ALP,OSAP,ALP,,,,564.331,449.45,Passenger,74482A,2025-10-06T03:14:20Z,2025-10-06T04:08:16Z,True
3c88dcc7,RB444,SYR444,SYR,SYR,A320,YK-BAG,LTFM,IST,2025-10-06T06:05:47Z,17R,OSAP,ALP,OSAP,ALP,,,,1002.04,910.568,Passenger,778827,2025-10-06T05:41:53Z,2025-10-06T07:15:32Z,True
3c88dd02,TK844,THY844,THY,THY,B739,TC-JYI,LTFM,IST,2025-10-06T06:15:12Z,17R,OSAP,ALP,OSAP,ALP,,,,959.463,897.451,Passenger,4BAB29,2025-10-06T05:42:29Z,2025-10-06T07:23:52Z,True
3c88e083,QR414,QTR414,QTR,QTR,A332,A7-ACM,OTHH,DOH,2025-10-06T06:18:30Z,34L,OSAP,ALP,OSAP,ALP,2025-10-06T08:47:16Z,,8926.0,2123.14,1821.54,Passenger,06A04E,2025-10-06T05:49:45Z,2025-10-06T08:44:01Z,True
3c88e1c4,RJ432,RJA432,RJA,RJA,A20N,JY-RAJ,OSAP,ALP,,,OJAI,AMM,OJAI,AMM,2025-10-06T06:41:11Z,26L,,550.502,468.191,Passenger,74482A,2025-10-06T05:52:32Z,2025-10-06T06:43:28Z,True
3c88ef9e,VF341,TKJ341,TKJ,TKJ,B738,TC-JFJ,OSAP,ALP,,,LTFJ,SAW,LTFJ,SAW,2025-10-06T07:38:22Z,24L,,916.513,846.685,Passenger,4BA8CA,2025-10-06T06:20:19Z,2025-10-06T07:48:17Z,True
3c890bd8,RJ433,RJA433,RJA,RJA,E295,JY-REB,OJAI,AMM,2025-10-06T07:19:23Z,26L,OSAP,ALP,OSAP,ALP,,,,546.454,442.001,Passenger,7448A2,2025-10-06T07:19:23Z,2025-10-06T08:03:32Z,True
3c894cd6,RB517,SYR517,SYR,SYR,A320,YK-BAG,OSAP,ALP,2025-10-06T09:18:02Z,,OMDB,DXB,OMDB,DXB,2025-10-06T12:05:51Z,30L,10069.0,2310.76,2118.71,Passenger,778827,2025-10-06T09:19:24Z,2025-10-06T12:05:27Z,True
3c8952e2,RJ434,RJA434,RJA,RJA,E295,JY-REB,OSAP,ALP,,,OJAI,AMM,OJAI,AMM,2025-10-06T10:19:25Z,26L,,548.362,469.782,Passenger,7448A2,2025-10-06T09:30:37Z,2025-10-06T10:19:38Z,True
3c8957ba,TK845,THY845,THY,THY,B739,TC-JYI,OSAP,ALP,,,LTFM,IST,LTFM,IST,2025-10-06T11:05:26Z,17L,,1021.92,906.844,Passenger,4BAB29,2025-10-06T09:39:26Z,2025-10-06T11:16:14Z,True
3c89873a,QR415,QTR415,QTR,QTR,A332,A7-ACM,OSAP,ALP,2025-10-06T10:54:31Z,,OTHH,DOH,OTHH,DOH,2025-10-06T13:43:29Z,16R,10138.0,2208.92,1833.1,Passenger,06A04E,2025-10-06T10:56:04Z,2025-10-06T13:48:54Z,True
3c8a04df,RB518,SYR518,SYR,SYR,A320,YK-BAG,OMDB,DXB,2025-10-06T13:33:18Z,30R,OSAP,ALP,OSAP,ALP,2025-10-06T16:19:54Z,,9996.0,2204.89,2084.53,Passenger,778827,2025-10-06T13:33:39Z,2025-10-06T16:12:43Z,True
3c8ae8f9,RB445,SYR445,SYR,SYR,A320,YK-BAG,OSAP,ALP,,,LTFM,IST,LTFM,IST,2025-10-06T19:27:22Z,18,,1069.13,913.242,Passenger,778827,2025-10-06T17:57:31Z,2025-10-06T19:42:54Z,True
3c8c2bcc,FYC762,FYC762,FYC,,A320,YK-BAC,OMSJ,SHJ,2025-10-07T01:49:51Z,12,OSAP,ALP,OSAP,ALP,2025-10-07T04:45:06Z,,10515.0,2327.09,2111.49,Passenger,778823,2025-10-07T01:48:03Z,2025-10-07T04:42:16Z,True
3c8c5afe,RJ431,RJA431,RJA,RJA,A320,JY-AZC,OJAI,AMM,2025-10-07T03:28:56Z,26L,OSAP,ALP,OSAP,ALP,,,,506.16,420.366,Passenger,740743,2025-10-07T03:19:08Z,2025-10-07T04:05:34Z,True
3c8c5d2e,VF340,TKJ340,TKJ,TKJ,B738,TC-JFD,LTFJ,SAW,2025-10-07T03:39:08Z,06L,OSAP,ALP,OSAP,ALP,,,,918.862,857.885,Passenger,4BA8C4,2025-10-07T03:24:16Z,2025-10-07T04:47:29Z,True
3c8ca5d5,TK844,THY844,THY,THY,B739,TC-JYF,LTFM,IST,2025-10-07T06:11:35Z,35L,OSAP,ALP,OSAP,ALP,,,,1023.39,906.848,Passenger,4BAB26,2025-10-07T05:50:42Z,2025-10-07T07:27:18Z,True
3c8ca691,RJ432,RJA432,RJA,RJA,A320,JY-AZC,OSAP,ALP,,,OJAI,AMM,OJAI,AMM,2025-10-07T06:40:43Z,26L,,1281.61,463.929,Passenger,740743,2025-10-07T05:52:01Z,2025-10-07T06:47:01Z,True
3c8cbe5a,VF341,TKJ341,TKJ,TKJ,B738,TC-JFD,OSAP,ALP,,,LTFJ,SAW,LTFJ,SAW,2025-10-07T07:57:11Z,06R,,895.905,790.846,Passenger,4BA8C4,2025-10-07T06:38:33Z,2025-10-07T08:09:01Z,True
3c8cd052,FYC761,FYC761,FYC,,A320,YK-BAC,OSAP,ALP,,,OMSJ,SHJ,OMSJ,SHJ,2025-10-07T09:53:38Z,30,,2255.73,2065.03,Passenger,778823,2025-10-07T07:12:59Z,2025-10-07T09:54:04Z,True
3c8cdc1a,RJ433,RJA433,RJA,RJA,E290,JY-REC,OJAI,AMM,2025-10-07T07:36:50Z,26R,OSAP,ALP,OSAP,ALP,,,,546.173,444.116,Passenger,7448A3,2025-10-07T07:34:51Z,2025-10-07T08:17:59Z,True
3c8d1f99,RJ434,RJA434,RJA,RJA,E290,JY-REC,OSAP,ALP,,,OJAI,AMM,OJAI,AMM,2025-10-07T10:22:56Z,26L,,649.671,491.485,Passenger,7448A3,2025-10-07T09:31:57Z,2025-10-07T10:23:09Z,True
3c8d27a4,TK845,THY845,THY,THY,B739,TC-JYF,OSAP,ALP,,,LTFM,IST,LTFM,IST,2025-10-07T11:12:00Z,35R,,1047.93,901.66,Passenger,4BAB26,2025-10-07T09:45:44Z,2025-10-07T11:34:11Z,True
3c8e9fe6,FCY756,FYC756,FYC,FYC,A320,YK-BAB,OMDW,DWC,2025-10-07T18:29:32Z,12,OSAP,ALP,OSAP,ALP,2025-10-07T21:24:09Z,,10477.0,2290.04,2112.51,Passenger,778822,2025-10-07T17:29:19Z,2025-10-07T21:20:43Z,True
3c8f9d7b,FCY755,FYC755,FYC,FYC,A320,YK-BAB,OSAP,ALP,,,OMDW,DWC,OMDW,DWC,2025-10-08T01:46:33Z,12,,2213.03,2071.84,Passenger,778822,2025-10-07T23:05:51Z,2025-10-08T01:46:02Z,True
3c902be4,VF340,TKJ340,TKJ,TKJ,B738,TC-JFD,LTFJ,SAW,2025-10-08T03:27:05Z,24R,OSAP,ALP,OSAP,ALP,,,,950.688,852.386,Passenger,4BA8C4,2025-10-08T02:59:51Z,2025-10-08T04:42:12Z,True
3c90390c,RJ431,RJA431,RJA,RJA,E295,JY-REF,OJAI,AMM,2025-10-08T03:28:09Z,26R,OSAP,ALP,OSAP,ALP,,,,546.803,438.173,Passenger,7448A6,2025-10-08T03:27:18Z,2025-10-08T04:09:17Z,True
3c906027,TK844,THY844,THY,THY,B739,TC-JYF,LTFM,IST,2025-10-08T05:24:06Z,36,OSAP,ALP,OSAP,ALP,,,,1065.26,906.009,Passenger,4BAB26,2025-10-08T04:42:09Z,2025-10-08T06:46:18Z,True
3c9079d2,QR414,QTR414,QTR,QTR,A332,A7-ACM,OTHH,DOH,2025-10-08T05:48:29Z,34L,OSAP,ALP,OSAP,ALP,2025-10-08T08:25:34Z,,9425.0,2107.31,1821.92,Passenger,06A04E,2025-10-08T05:29:41Z,2025-10-08T08:22:21Z,True
3c907eb9,RJ432,RJA432,RJA,RJA,E295,JY-REF,OSAP,ALP,,,OJAI,AMM,OJAI,AMM,2025-10-08T06:31:41Z,26L,,570.54,486.217,Passenger,7448A6,2025-10-08T05:39:38Z,2025-10-08T06:32:15Z,True
3c909273,VF341,TKJ341,TKJ,TKJ,B738,TC-JFD,OSAP,ALP,2025-10-08T06:16:08Z,,LTFJ,SAW,LTFJ,SAW,2025-10-08T07:40:25Z,24L,5057.0,960.474,858.806,Passenger,4BA8C4,2025-10-08T06:19:14Z,2025-10-08T07:53:01Z,True
3c90b3d5,RJ433,RJA433,RJA,RJA,E290,JY-REE,OJAI,AMM,2025-10-08T07:25:50Z,26L,OSAP,ALP,OSAP,ALP,2025-10-08T08:21:32Z,,3342.0,607.371,508.754,Passenger,7448A5,2025-10-08T07:24:53Z,2025-10-08T08:18:06Z,True
3c90f410,TK845,THY845,THY,THY,B739,TC-JYF,OSAP,ALP,2025-10-08T09:15:10Z,,LTFM,IST,LTFM,IST,2025-10-08T10:43:00Z,17L,5270.0,1061.17,922.743,Passenger,4BAB26,2025-10-08T09:16:24Z,2025-10-08T10:52:20Z,True
3c90f7bb,RJ434,RJA434,RJA,RJA,E290,JY-REE,OSAP,ALP,2025-10-08T09:21:23Z,09R,OJAI,AMM,OJAI,AMM,2025-10-08T10:18:34Z,26L,3431.0,588.02,506.019,Passenger,7448A5,2025-10-08T09:22:29Z,2025-10-08T10:18:39Z,True
3c912802,QR415,QTR415,QTR,QTR,A332,A7-ACM,OSAP,ALP,2025-10-08T10:40:51Z,27R,OTHH,DOH,OTHH,DOH,2025-10-08T13:29:27Z,16R,10116.0,2212.65,1834.68,Passenger,06A04E,2025-10-08T10:42:04Z,2025-10-08T16:03:30Z,True
3c9440b4,VF340,TKJ340,TKJ,TKJ,B738,TC-JFJ,LTFJ,SAW,2025-10-09T03:36:54Z,24R,OSAP,ALP,OSAP,ALP,,,,992.095,844.712,Passenger,4BA8CA,2025-10-09T03:21:20Z,2025-10-09T04:48:59Z,True
3c944448,RJ431,RJA431,RJA,RJA,E290,JY-RED,OJAI,AMM,2025-10-09T03:31:48Z,26R,OSAP,ALP,OSAP,ALP,,,,486.179,384.439,Passenger,7448A4,2025-10-09T03:28:45Z,2025-10-09T04:07:43Z,True
3c946f47,TK844,THY844,THY,THY,B739,TC-JYF,LTFM,IST,2025-10-09T05:55:10Z,17R,OSAP,ALP,OSAP,ALP,,,,997.769,906.603,Passenger,4BAB26,2025-10-09T04:53:51Z,2025-10-09T07:13:02Z,True
3c947ddc,RJ433,RJA433,RJA,RJA,A20N,JY-RAD,OJAI,AMM,2025-10-09T07:24:04Z,26L,OSAP,ALP,OSAP,ALP,2025-10-09T08:15:55Z,,3111.0,598.121,496.121,Passenger,744824,2025-10-09T05:20:32Z,2025-10-09T08:07:35Z,True
3c948467,RJ432,RJA432,RJA,RJA,E290,JY-RED,OSAP,ALP,,,OJAI,AMM,OJAI,AMM,2025-10-09T06:27:29Z,26L,,649.452,477.965,Passenger,7448A4,2025-10-09T05:33:44Z,2025-10-09T06:27:46Z,True
3c9484f4,QR414,QTR414,QTR,QTR,A332,A7-ACM,OTHH,DOH,2025-10-09T06:00:44Z,34L,OSAP,ALP,OSAP,ALP,2025-10-09T08:28:28Z,,8864.0,2020.92,1821.38,Passenger,06A04E,2025-10-09T05:34:49Z,2025-10-09T08:25:08Z,True
3c949d37,VF341,TKJ341,TKJ,TKJ,B738,TC-JFJ,OSAP,ALP,2025-10-09T06:20:26Z,09L,LTFJ,SAW,LTFJ,SAW,2025-10-09T07:40:55Z,24L,4829.0,955.009,859.737,Passenger,4BA8CA,2025-10-09T06:21:45Z,2025-10-09T07:49:59Z,True
3c94fdf7,TK845,THY845,THY,THY,B739,TC-JYF,OSAP,ALP,2025-10-09T09:14:57Z,09L,LTFM,IST,LTFM,IST,2025-10-09T10:46:14Z,17L,5477.0,1065.65,918.494,Passenger,4BAB26,2025-10-09T09:17:46Z,2025-10-09T11:00:37Z,True
3c95069b,RJ434,RJA434,RJA,RJA,A20N,JY-RAD,OSAP,ALP,2025-10-09T09:31:09Z,,OJAI,AMM,OJAI,AMM,2025-10-09T10:27:07Z,26L,3358.0,587.409,506.716,Passenger,744824,2025-10-09T09:32:39Z,2025-10-09T10:30:49Z,True
3c95336b,QR415,QTR415,QTR,QTR,A332,A7-ACM,OSAP,ALP,2025-10-09T10:39:25Z,,OTHH,DOH,OTHH,DOH,2025-10-09T13:38:05Z,16R,10720.0,2250.98,1833.78,Passenger,06A04E,2025-10-09T10:40:51Z,2025-10-09T13:42:41Z,True
3c9858e0,VF340,TKJ340,TKJ,TKJ,B738,TC-JFD,LTFJ,SAW,2025-10-10T04:04:56Z,24R,OSAP,ALP,OSAP,ALP,,,,945.365,852.729,Passenger,4BA8C4,2025-10-10T03:05:25Z,2025-10-10T05:12:04Z,True
3c9862f2,RJ431,RJA431,RJA,RJA,E290,JY-REC,OJAI,AMM,2025-10-10T03:28:11Z,08L,OSAP,ALP,OSAP,ALP,,,,486.46,420.786,Passenger,7448A3,2025-10-10T03:26:08Z,2025-10-10T04:05:37Z,True
3c9868aa,FCY526,FYC526,FYC,FYC,A320,YK-BAE,ORER,EBL,2025-10-10T03:35:03Z,,OSAP,ALP,OSAP,ALP,,,,1180.39,568.46,Passenger,778825,2025-10-10T03:38:23Z,2025-10-10T04:47:03Z,True
3c988c1a,TK844,THY844,THY,THY,B739,TC-JYB,LTFM,IST,2025-10-10T05:24:26Z,34L,OSAP,ALP,OSAP,ALP,,,,1069.78,903.584,Passenger,4BAB22,2025-10-10T04:49:50Z,2025-10-10T06:42:11Z,True
3c98a6e1,RJ432,RJA432,RJA,RJA,E290,JY-REC,OSAP,ALP,,,OJAI,AMM,OJAI,AMM,2025-10-10T06:31:55Z,08L,,607.999,476.337,Passenger,7448A3,2025-10-10T05:41:01Z,2025-10-10T06:32:30Z,True
3c98c1ff,FCY525,FYC525,FYC,FYC,A320,YK-BAE,OSAP,ALP,,,ORER,EBL,ORER,EBL,,,,850.818,572.711,Passenger,778825,2025-10-10T06:34:27Z,2025-10-10T07:29:36Z,True
3c98c556,VF341,TKJ341,TKJ,TKJ,B738,TC-JFD,OSAP,ALP,,,LTFJ,SAW,LTFJ,SAW,2025-10-10T07:59:52Z,24L,,888.818,844.779,Passenger,4BA8C4,2025-10-10T06:41:10Z,2025-10-10T08:07:49Z,True
3c98dddc,RJ433,RJA433,RJA,RJA,E295,JY-REG,OJAI,AMM,2025-10-10T07:27:08Z,08R,OSAP,ALP,OSAP,ALP,,,,493.489,419.974,Passenger,7448A7,2025-10-10T07:26:31Z,2025-10-10T08:06:30Z,True
3c991deb,TK845,THY845,THY,THY,B739,TC-JYB,OSAP,ALP,2025-10-10T09:12:10Z,,LTFM,IST,LTFM,IST,2025-10-10T10:53:46Z,17L,6096.0,1081.32,917.74,Passenger,4BAB22,2025-10-10T09:14:35Z,2025-10-10T11:13:06Z,True
3c99284b,RJ434,RJA434,RJA,RJA,E295,JY-REG,OSAP,ALP,2025-10-10T09:30:51Z,,OJAI,AMM,OJAI,AMM,2025-10-10T10:27:52Z,08L,3421.0,654.354,506.019,Passenger,7448A7,2025-10-10T09:32:09Z,2025-10-10T10:28:02Z,True
3c9c335e,FYC762,FYC762,FYC,,A320,YK-BAC,OMSJ,SHJ,2025-10-11T01:49:51Z,12,OSAP,ALP,OSAP,ALP,2025-10-11T04:48:27Z,27R,10716.0,2313.91,2110.75,Passenger,778823,2025-10-11T01:49:29Z,2025-10-11T04:45:46Z,True
3c9c59ac,VF340,TKJ340,TKJ,TKJ,B738,TC-JHF,LTFJ,SAW,2025-10-11T03:31:47Z,24R,OSAP,ALP,OSAP,ALP,,,,918.5,844.694,Passenger,4BA906,2025-10-11T03:10:36Z,2025-10-11T04:37:25Z,True
3c9c61f1,RJ431,RJA431,RJA,RJA,A20N,JY-RAH,OJAI,AMM,2025-10-11T03:41:55Z,26L,OSAP,ALP,OSAP,ALP,,,,518.559,434.525,Passenger,744828,2025-10-11T03:29:01Z,2025-10-11T04:20:54Z,True
3c9c8c8c,TK844,THY844,THY,THY,B739,TC-JYB,LTFM,IST,2025-10-11T05:37:34Z,34L,OSAP,ALP,OSAP,ALP,,,,1162.08,908.335,Passenger,4BAB22,2025-10-11T05:01:04Z,2025-10-11T06:53:07Z,True
3c9ca8f1,RJ432,RJA432,RJA,RJA,A20N,JY-RAH,OSAP,ALP,,,OJAI,AMM,OJAI,AMM,2025-10-11T06:56:52Z,08L,,612.712,466.718,Passenger,744828,2025-10-11T06:05:07Z,2025-10-11T07:01:36Z,True
3c9cb71c,VF341,TKJ341,TKJ,TKJ,B738,TC-JHF,OSAP,ALP,,,LTFJ,SAW,LTFJ,SAW,2025-10-11T08:01:53Z,24L,,1015.14,807.524,Passenger,4BA906,2025-10-11T06:37:30Z,2025-10-11T08:12:07Z,True
3c9cd04d,RJ433,RJA433,RJA,RJA,E290,JY-RED,OJAI,AMM,2025-10-11T07:32:30Z,08L,OSAP,ALP,OSAP,ALP,,,,501.858,436.201,Passenger,7448A4,2025-10-11T07:30:02Z,2025-10-11T08:13:21Z,True
3c9ce447,FYC761,FYC761,FYC,,A320,YK-BAC,OSAP,ALP,2025-10-11T08:07:13Z,,OMSJ,SHJ,OMSJ,SHJ,2025-10-11T10:55:51Z,30,10118.0,2344.95,2112.96,Passenger,778823,2025-10-11T08:08:34Z,2025-10-11T10:55:35Z,True
3c9d0dab,TK845,THY845,THY,THY,B739,TC-JYB,OSAP,ALP,,,LTFM,IST,LTFM,IST,2025-10-11T10:55:06Z,34L,,989.882,899.664,Passenger,4BAB22,2025-10-11T09:21:31Z,2025-10-11T11:16:55Z,True
3c9d1979,RJ434,RJA434,RJA,RJA,E290,JY-RED,OSAP,ALP,,,OJAI,AMM,OJAI,AMM,2025-10-11T10:35:36Z,08L,,586.343,466.797,Passenger,7448A4,2025-10-11T09:41:51Z,2025-10-11T10:35:42Z,True
3c9fbd13,VF340,TKJ340,TKJ,TKJ,B738,TC-JHC,LTFJ,SAW,2025-10-12T03:21:25Z,24R,OSAP,ALP,OSAP,ALP,,,,910.949,844.236,Passenger,4BA903,2025-10-12T03:03:57Z,2025-10-12T04:29:04Z,True
3c9fc1c6,RJ431,RJA431,RJA,RJA,E295,JY-REF,OJAI,AMM,2025-10-12T03:16:06Z,26L,OSAP,ALP,OSAP,ALP,2025-10-12T04:12:27Z,,3381.0,574.041,495.871,Passenger,7448A6,2025-10-12T03:14:43Z,2025-10-12T04:05:27Z,True
3c9fe684,TK844,THY844,THY,THY,B739,TC-JYF,LTFM,IST,2025-10-12T05:24:51Z,34L,OSAP,ALP,OSAP,ALP,,,,1011.1,904.134,Passenger,4BAB26,2025-10-12T04:46:03Z,2025-10-12T06:39:13Z,True
3c9ff127,RJ432,RJA432,RJA,RJA,E295,JY-REF,OSAP,ALP,2025-10-12T05:08:34Z,,OJAI,AMM,OJAI,AMM,2025-10-12T06:10:02Z,26L,3688.0,672.246,507.455,Passenger,7448A6,2025-10-12T05:09:53Z,2025-10-12T06:10:14Z,True
3c9ff9ed,QR414,QTR414,QTR,QTR,A332,A7-ACM,OTHH,DOH,2025-10-12T06:01:39Z,34L,OSAP,ALP,OSAP,ALP,2025-10-12T08:40:47Z,,9548.0,2037.39,1821.58,Passenger,06A04E,2025-10-12T05:31:25Z,2025-10-12T08:37:21Z,True
3ca00c8d,VF341,TKJ341,TKJ,TKJ,B738,TC-JHC,OSAP,ALP,2025-10-12T06:14:40Z,09L,LTFJ,SAW,LTFJ,SAW,2025-10-12T07:39:49Z,24L,5109.0,960.218,858.895,Passenger,4BA903,2025-10-12T06:16:23Z,2025-10-12T07:53:06Z,True
3ca02363,RJ433,RJA433,RJA,RJA,E290,JY-REE,OJAI,AMM,2025-10-12T07:12:05Z,26R,OSAP,ALP,OSAP,ALP,,,,522.972,435.005,Passenger,7448A5,2025-10-12T07:11:50Z,2025-10-12T07:52:50Z,True
3ca05dbe,RJ434,RJA434,RJA,RJA,E290,JY-REE,OSAP,ALP,,,OJAI,AMM,OJAI,AMM,2025-10-12T10:07:28Z,26L,,579.486,492.611,Passenger,7448A5,2025-10-12T09:09:03Z,2025-10-12T10:07:28Z,True
3ca06105,TK845,THY845,THY,THY,B739,TC-JYF,OSAP,ALP,2025-10-12T09:12:58Z,,LTFM,IST,LTFM,IST,2025-10-12T10:46:41Z,35R,5623.0,1048.56,919.224,Passenger,4BAB26,2025-10-12T09:15:00Z,2025-10-12T10:56:38Z,True
3ca09377,QR415,QTR415,QTR,QTR,A332,A7-ACM,OSAP,ALP,2025-10-12T10:40:07Z,,OTHH,DOH,OTHH,DOH,2025-10-12T13:20:01Z,34L,9594.0,2120.86,1833.85,Passenger,06A04E,2025-10-12T10:41:44Z,2025-10-12T13:25:42Z,True
3ca24a6b,FCY756,FYC756,FYC,FYC,A320,YK-BAA,OMDW,DWC,2025-10-12T21:00:24Z,12,OSAP,ALP,OSAP,ALP,,,,2148.25,2024.12,Passenger,778821,2025-10-12T20:55:55Z,2025-10-12T23:37:25Z,True
3ca30639,RJ431,RJA431,RJA,RJA,A20N,JY-RAF,OJAI,AMM,2025-10-13T03:03:24Z,26R,OSAP,ALP,OSAP,ALP,,,,584.93,427.391,Passenger,744826,2025-10-13T02:52:05Z,2025-10-13T03:40:20Z,True
3ca30f40,VF340,TKJ340,TKJ,TKJ,B738,TC-JHD,LTFJ,SAW,2025-10-13T03:32:06Z,24R,OSAP,ALP,OSAP,ALP,,,,911.726,842.042,Passenger,4BA904,2025-10-13T03:12:25Z,2025-10-13T04:37:26Z,True
3ca33757,TK844,THY844,THY,THY,B739,TC-JYB,LTFM,IST,2025-10-13T05:37:05Z,34L,OSAP,ALP,OSAP,ALP,,,,907.752,807.663,Passenger,4BAB22,2025-10-13T04:43:08Z,2025-10-13T06:41:00Z,True
3ca34987,RJ432,RJA432,RJA,RJA,A20N,JY-RAF,OSAP,ALP,,,OJAI,AMM,OJAI,AMM,2025-10-13T06:07:35Z,26R,,550.656,437.874,Passenger,744826,2025-10-13T05:20:07Z,2025-10-13T06:11:57Z,True
3ca34d95,QR414,QTR414,QTR,QTR,A332,A7-ACM,OTHH,DOH,2025-10-13T05:49:56Z,16R,OSAP,ALP,OSAP,ALP,2025-10-13T08:30:55Z,,9659.0,2081.24,1821.75,Passenger,06A04E,2025-10-13T05:28:36Z,2025-10-13T08:27:46Z,True
3ca35b40,RB444,SYR444,SYR,SYR,A320,YK-BAG,LTFM,IST,2025-10-13T06:14:25Z,36,OSAP,ALP,OSAP,ALP,,,,916.842,831.005,Passenger,778827,2025-10-13T05:57:59Z,2025-10-13T07:18:39Z,True
3ca36a23,VF341,TKJ341,TKJ,TKJ,B738,TC-JHD,OSAP,ALP,,,LTFJ,SAW,LTFJ,SAW,2025-10-13T07:52:21Z,24L,,936.854,829.698,Passenger,4BA904,2025-10-13T06:28:57Z,2025-10-13T08:03:57Z,True
3ca37429,,UNO501H,IGC,IGC,CRJ2,YI-BAK,OSDI,DAM,2025-10-13T06:45:28Z,,OSAP,ALP,OSAP,ALP,2025-10-13T07:34:32Z,,2944.0,406.998,314.834,Business_jets,72882B,2025-10-13T06:50:36Z,2025-10-13T07:30:46Z,True
3ca37de0,RJ433,RJA433,RJA,RJA,A20N,JY-RAC,OJAI,AMM,2025-10-13T07:34:03Z,26R,OSAP,ALP,OSAP,ALP,2025-10-13T08:38:05Z,,3842.0,626.636,478.93,Passenger,744823,2025-10-13T07:08:47Z,2025-10-13T08:30:47Z,True
3ca3a24a,,UNO501H,IGC,IGC,CRJ2,YI-BAK,OSDI,DAM,,,OSAP,ALP,OSAP,ALP,,,,265.577,187.543,Business_jets,72882B,2025-10-13T08:19:12Z,2025-10-13T08:47:37Z,True
3ca3bd13,RB517,SYR517,SYR,SYR,A320,YK-BAG,OSAP,ALP,2025-10-13T09:07:53Z,,OMDB,DXB,OMDB,DXB,2025-10-13T11:59:56Z,30L,10323.0,2318.81,2115.15,Passenger,778827,2025-10-13T09:09:14Z,2025-10-13T12:09:04Z,True
3ca3c2a0,TK845,THY845,THY,THY,B739,TC-JYB,OSAP,ALP,2025-10-13T09:17:58Z,,LTFM,IST,LTFM,IST,2025-10-13T10:49:49Z,35R,5511.0,1011.22,921.022,Passenger,4BAB22,2025-10-13T09:19:25Z,2025-10-13T11:06:21Z,True
3ca3cc4c,RJ434,RJA434,RJA,RJA,A20N,JY-RAC,OSAP,ALP,2025-10-13T09:35:52Z,,OJAI,AMM,OJAI,AMM,2025-10-13T10:28:54Z,26L,3182.0,572.862,506.402,Passenger,744823,2025-10-13T09:37:35Z,2025-10-13T10:32:16Z,True
3ca3f612,QR415,QTR415,QTR,QTR,A332,A7-ACM,OSAP,ALP,2025-10-13T10:48:15Z,,OTHH,DOH,OTHH,DOH,2025-10-13T13:30:59Z,16R,9764.0,2203.32,1832.98,Passenger,06A04E,2025-10-13T10:49:36Z,2025-10-13T13:34:30Z,True
3ca45fff,RB518,SYR518,SYR,SYR,A320,YK-BAG,OMDB,DXB,2025-10-13T13:22:22Z,30R,OSAP,ALP,OSAP,ALP,2025-10-13T16:21:33Z,,10751.0,2241.01,2096.26,Passenger,778827,2025-10-13T13:08:32Z,2025-10-13T16:17:56Z,True
3ca54353,RB445,SYR445,SYR,SYR,A320,YK-BAG,OSAP,ALP,2025-10-13T17:44:24Z,09L,LTFM,IST,LTFM,IST,2025-10-13T19:15:28Z,36,5464.0,1035.36,922.738,Passenger,778827,2025-10-13T17:45:33Z,2025-10-13T19:33:10Z,True
3ca66b6e,FYC762,FYC762,FYC,,A320,YK-BAA,OMSJ,SHJ,2025-10-14T01:37:01Z,30,OSAP,ALP,OSAP,ALP,,,,2195.71,2074.59,Passenger,778821,2025-10-14T01:33:10Z,2025-10-14T04:20:53Z,True
3ca69d43,RJ431,RJA431,RJA,RJA,E295,JY-REF,OJAI,AMM,2025-10-14T03:07:39Z,26R,OSAP,ALP,OSAP,ALP,2025-10-14T04:02:19Z,,3280.0,564.124,480.64,Passenger,7448A6,2025-10-14T03:06:19Z,2025-10-14T03:56:08Z,True
3ca6a18f,VF340,TKJ340,TKJ,TKJ,B738,TC-JFD,LTFJ,SAW,2025-10-14T03:30:39Z,06L,OSAP,ALP,OSAP,ALP,,,,891.234,844.298,Passenger,4BA8C4,2025-10-14T03:16:01Z,2025-10-14T04:37:02Z,True
3ca6cd7a,TK844,THY844,THY,THY,B739,TC-JYI,LTFM,IST,2025-10-14T05:35:34Z,34L,OSAP,ALP,OSAP,ALP,,,,1057.76,903.727,Passenger,4BAB29,2025-10-14T04:51:09Z,2025-10-14T06:57:08Z,True
3ca6d9c1,RJ432,RJA432,RJA,RJA,E295,JY-REF,OSAP,ALP,2025-10-14T05:11:46Z,,OJAI,AMM,OJAI,AMM,2025-10-14T06:09:08Z,26L,3442.0,585.418,505.687,Passenger,7448A6,2025-10-14T05:12:43Z,2025-10-14T06:09:13Z,True
3ca6fcb8,RJ433,RJA433,RJA,RJA,A20N,JY-RAI,OJAI,AMM,2025-10-14T07:20:33Z,26L,OSAP,ALP,OSAP,ALP,2025-10-14T08:13:38Z,,3185.0,598.376,508.987,Passenger,744829,2025-10-14T06:25:10Z,2025-10-14T08:10:23Z,True
3ca6fde5,VF341,TKJ341,TKJ,TKJ,B738,TC-JFD,OSAP,ALP,2025-10-14T06:25:07Z,,LTFJ,SAW,LTFJ,SAW,2025-10-14T07:54:15Z,06R,5348.0,990.625,856.728,Passenger,4BA8C4,2025-10-14T06:28:40Z,2025-10-14T08:04:25Z,True
3ca70cb2,FYC761,FYC761,FYC,,A320,YK-BAA,OSAP,ALP,2025-10-14T06:56:53Z,,OMSJ,SHJ,OMSJ,SHJ,2025-10-14T09:45:36Z,30,10123.0,2324.12,2123.35,Passenger,778821,2025-10-14T06:57:57Z,2025-10-14T09:45:36Z,True
3ca74ed1,RJ434,RJA434,RJA,RJA,A20N,JY-RAI,OSAP,ALP,2025-10-14T09:02:31Z,27L,OJAI,AMM,OJAI,AMM,,,,578.966,432.9,Passenger,744829,2025-10-14T09:03:43Z,2025-10-14T09:55:36Z,True
3ca7543d,TK845,THY845,THY,THY,B739,TC-JYI,OSAP,ALP,2025-10-14T09:11:14Z,,LTFM,IST,LTFM,IST,2025-10-14T10:40:52Z,35R,5378.0,1037.39,921.482,Passenger,4BAB29,2025-10-14T09:12:45Z,2025-10-14T10:54:56Z,True
3ca92173,FCY756,FYC756,FYC,FYC,A320,YK-BAB,OMDW,DWC,2025-10-14T18:48:41Z,30,OSAP,ALP,OSAP,ALP,2025-10-14T21:43:54Z,27L,10513.0,2248.49,2116.22,Passenger,778822,2025-10-14T18:44:48Z,2025-10-14T21:41:04Z,True
3ca9e127,FCY755,FYC755,FYC,FYC,A320,YK-BAB,OSAP,ALP,2025-10-14T23:03:00Z,,OMDW,DWC,OMDW,DWC,2025-10-15T01:47:24Z,12,9864.0,2292.46,2124.33,Passenger,778822,2025-10-14T23:03:58Z,2025-10-15T01:46:54Z,True
3caa7146,RJ431,RJA431,RJA,RJA,E290,JY-REE,OJAI,AMM,2025-10-15T03:05:25Z,26L,OSAP,ALP,OSAP,ALP,2025-10-15T03:57:30Z,,3125.0,632.998,502.167,Passenger,7448A5,2025-10-15T03:05:16Z,2025-10-15T03:53:42Z,True
3caa744e,VF340,TKJ340,TKJ,TKJ,B738,TC-JFD,LTFJ,SAW,2025-10-15T03:32:59Z,06L,OSAP,ALP,OSAP,ALP,,,,903.322,851.141,Passenger,4BA8C4,2025-10-15T03:11:56Z,2025-10-15T04:40:09Z,True
3caaa4b7,TK844,THY844,THY,THY,B739,TC-JYF,LTFM,IST,2025-10-15T05:31:38Z,36,OSAP,ALP,OSAP,ALP,,,,1009.06,884.588,Passenger,4BAB26,2025-10-15T04:52:18Z,2025-10-15T06:41:39Z,True
3caaad5f,RJ432,RJA432,RJA,RJA,E290,JY-REE,OSAP,ALP,,,OJAI,AMM,OJAI,AMM,2025-10-15T06:01:09Z,08L,,626.859,443.96,Passenger,7448A5,2025-10-15T05:08:46Z,2025-10-15T06:01:38Z,True
3caac0de,QR414,QTR414,QTR,QTR,A333,A7-AED,OTHH,DOH,2025-10-15T05:58:37Z,34L,OSAP,ALP,OSAP,ALP,2025-10-15T08:38:07Z,,9570.0,2012.13,1821.31,Passenger,06A03D,2025-10-15T05:49:11Z,2025-10-15T08:34:58Z,True
3caaceef,VF341,TKJ341,TKJ,TKJ,B738,TC-JFD,OSAP,ALP,2025-10-15T06:14:23Z,,LTFJ,SAW,LTFJ,SAW,2025-10-15T07:43:12Z,06R,5329.0,987.351,859.055,Passenger,4BA8C4,2025-10-15T06:16:15Z,2025-10-15T07:56:57Z,True
3caaec6b,RJ433,RJA433,RJA,RJA,E290,JY-REC,OJAI,AMM,2025-10-15T07:15:42Z,08R,OSAP,ALP,OSAP,ALP,2025-10-15T08:14:35Z,,3533.0,609.798,510.037,Passenger,7448A3,2025-10-15T07:14:12Z,2025-10-15T08:11:28Z,True
3cab2944,RJ434,RJA434,RJA,RJA,E290,JY-REC,OSAP,ALP,2025-10-15T09:00:12Z,27R,OJAI,AMM,OJAI,AMM,2025-10-15T09:57:14Z,26L,3422.0,606.386,507.633,Passenger,7448A3,2025-10-15T09:01:14Z,2025-10-15T09:57:31Z,True
3cab3589,TK845,THY845,THY,THY,B739,TC-JYF,OSAP,ALP,2025-10-15T09:20:28Z,,LTFM,IST,LTFM,IST,2025-10-15T10:55:38Z,35R,5710.0,1064.97,921.822,Passenger,4BAB26,2025-10-15T09:21:49Z,2025-10-15T11:07:54Z,True
3cab68b3,QR415,QTR415,QTR,QTR,A333,A7-AED,OSAP,ALP,2025-10-15T10:43:33Z,27R,OTHH,DOH,OTHH,DOH,2025-10-15T13:21:19Z,34L,9466.0,2133.42,1840.61,Passenger,06A03D,2025-10-15T10:45:26Z,2025-10-15T13:26:00Z,True
3cae8814,RJ431,RJA431,RJA,RJA,E290,JY-REE,OJAI,AMM,2025-10-16T03:15:22Z,26L,OSAP,ALP,OSAP,ALP,2025-10-16T04:08:20Z,,3178.0,604.556,508.389,Passenger,7448A5,2025-10-16T03:14:12Z,2025-10-16T04:05:20Z,True
3caeb170,VF340,TKJ340,TKJ,TKJ,B738,TC-JHD,LTFJ,SAW,2025-10-16T05:07:18Z,06L,OSAP,ALP,OSAP,ALP,,,,897.596,846.128,Passenger,4BA904,2025-10-16T04:38:29Z,2025-10-16T06:12:17Z,True
3caec14e,RJ432,RJA432,RJA,RJA,E290,JY-REE,OSAP,ALP,2025-10-16T05:08:10Z,27R,OJAI,AMM,OJAI,AMM,2025-10-16T06:03:24Z,26R,3314.0,617.049,506.771,Passenger,7448A5,2025-10-16T05:09:01Z,2025-10-16T06:03:28Z,True
3caecbf9,QR414,QTR414,QTR,QTR,A332,A7-ACM,OTHH,DOH,2025-10-16T05:50:06Z,34L,OSAP,ALP,OSAP,ALP,2025-10-16T08:27:50Z,,9464.0,2024.59,1820.21,Passenger,06A04E,2025-10-16T05:30:57Z,2025-10-16T08:24:39Z,True
3caeda09,TK844,THY844,THY,THY,B739,TC-JYF,LTFM,IST,2025-10-16T06:22:29Z,35L,OSAP,ALP,OSAP,ALP,,,,1019.51,916.513,Passenger,4BAB26,2025-10-16T05:59:41Z,2025-10-16T07:36:32Z,True
3caef57f,,UNO501H,IGC,IGC,CRJ2,YI-BAK,OSDI,DAM,2025-10-16T06:50:39Z,,OSAP,ALP,OSAP,ALP,2025-10-16T07:36:13Z,,2734.0,404.614,302.686,Business_jets,72882B,2025-10-16T06:53:18Z,2025-10-16T07:29:25Z,True
3caf02ca,RJ433,RJA433,RJA,RJA,E295,JY-REG,OJAI,AMM,2025-10-16T07:18:38Z,26R,OSAP,ALP,OSAP,ALP,2025-10-16T08:12:15Z,,3217.0,607.458,508.127,Passenger,7448A7,2025-10-16T07:18:14Z,2025-10-16T08:08:55Z,True
3caf17ed,VF341,TKJ341,TKJ,TKJ,B738,TC-JHD,OSAP,ALP,,,LTFJ,SAW,LTFJ,SAW,2025-10-16T09:42:20Z,06R,,1099.64,848.561,Passenger,4BA904,2025-10-16T07:55:41Z,2025-10-16T09:58:10Z,True
3caf1fff,,UNO501H,IGC,IGC,CRJ2,YI-BAK,OSDI,DAM,,,OSAP,ALP,OSAP,ALP,,,,326.561,247.708,Business_jets,72882B,2025-10-16T08:09:42Z,2025-10-16T08:38:06Z,True
3caf4511,RJ434,RJA434,RJA,RJA,E295,JY-REG,OSAP,ALP,,,OJAI,AMM,OJAI,AMM,2025-10-16T10:01:35Z,26L,,542.761,468.898,Passenger,7448A7,2025-10-16T09:13:25Z,2025-10-16T10:01:35Z,True
3caf525c,TK845,THY845,THY,THY,B739,TC-JYF,OSAP,ALP,,,LTFM,IST,LTFM,IST,2025-10-16T11:03:39Z,35R,,1013.96,920.776,Passenger,4BAB26,2025-10-16T09:33:50Z,2025-10-16T11:15:54Z,True
3caf89b1,QR415,QTR415,QTR,QTR,A332,A7-ACM,OSAP,ALP,2025-10-16T10:59:41Z,,OTHH,DOH,OTHH,DOH,2025-10-16T13:36:35Z,16L,9414.0,2107.8,1833.61,Passenger,06A04E,2025-10-16T11:00:51Z,2025-10-16T13:41:13Z,True
3cb2a401,RJ431,RJA431,RJA,RJA,E290,JY-RED,OJAI,AMM,2025-10-17T03:09:02Z,26L,OSAP,ALP,OSAP,ALP,2025-10-17T04:02:49Z,,3227.0,594.1,507.439,Passenger,7448A4,2025-10-17T03:08:00Z,2025-10-17T03:59:46Z,True
3cb2aa31,VF340,TKJ340,TKJ,TKJ,B738,TC-JHE,LTFJ,SAW,2025-10-17T03:33:13Z,06L,OSAP,ALP,OSAP,ALP,,,,952.692,839.677,Passenger,4BA905,2025-10-17T03:18:32Z,2025-10-17T04:44:11Z,True
3cb2ba3a,FCY526,FYC526,FYC,FYC,A320,YK-BAB,ORER,EBL,,,OSAP,ALP,OSAP,ALP,2025-10-17T05:12:52Z,,,949.532,579.587,Passenger,778822,2025-10-17T03:51:10Z,2025-10-17T05:09:21Z,True
3cb2dcb7,TK844,THY844,THY,THY,B739,TC-JYF,LTFM,IST,2025-10-17T05:22:16Z,34L,OSAP,ALP,OSAP,ALP,,,,1071.71,909.565,Passenger,4BAB26,2025-10-17T04:58:30Z,2025-10-17T06:42:01Z,True
3cb2e873,RJ432,RJA432,RJA,RJA,E290,JY-RED,OSAP,ALP,,,OJAI,AMM,OJAI,AMM,2025-10-17T06:17:00Z,26R,,552.456,461.721,Passenger,7448A4,2025-10-17T05:26:29Z,2025-10-17T06:17:13Z,True
3cb30498,VF341,TKJ341,TKJ,TKJ,B738,TC-JHE,OSAP,ALP,2025-10-17T06:13:42Z,,LTFJ,SAW,LTFJ,SAW,2025-10-17T07:51:10Z,06R,5848.0,985.873,858.357,Passenger,4BA905,2025-10-17T06:19:48Z,2025-10-17T08:07:01Z,True
3cb30eb1,FCY525,FYC525,FYC,FYC,A320,YK-BAB,OSAP,ALP,2025-10-17T06:37:34Z,,ORER,EBL,ORER,EBL,2025-10-17T07:51:50Z,,4456.0,980.985,613.774,Passenger,778822,2025-10-17T06:38:46Z,2025-10-17T07:46:20Z,True
3cb3258e,RJ433,RJA433,RJA,RJA,E290,JY-RED,OJAI,AMM,2025-10-17T07:23:32Z,26R,OSAP,ALP,OSAP,ALP,2025-10-17T08:15:20Z,,3108.0,659.885,505.984,Passenger,7448A4,2025-10-17T07:22:19Z,2025-10-17T08:30:09Z,True
3cb3631c,TK845,THY845,THY,THY,B739,TC-JYF,OSAP,ALP,2025-10-17T09:06:51Z,,LTFM,IST,LTFM,IST,2025-10-17T10:46:13Z,35R,5962.0,1075.12,921.176,Passenger,4BAB26,2025-10-17T09:08:17Z,2025-10-17T10:55:16Z,True
3cb3e261,RJ6431,RJA6431,RJA,RJA,E290,JY-REE,OJAI,AMM,2025-10-17T12:07:27Z,26L,OSAP,ALP,OSAP,ALP,2025-10-17T13:03:04Z,,3337.0,617.61,508.85,Passenger,7448A5,2025-10-17T12:07:14Z,2025-10-17T12:59:59Z,True
3cb44d8d,RJ6432,RJA6432,RJA,RJA,E290,JY-REE,OSAP,ALP,2025-10-17T13:53:07Z,,OJAI,AMM,OJAI,AMM,2025-10-17T14:46:18Z,26L,3191.0,579.817,503.882,Passenger,7448A5,2025-10-17T13:54:32Z,2025-10-17T14:46:38Z,True
3cb68663,FYC762,FYC762,FYC,,A320,YK-BAB,OMSJ,SHJ,2025-10-18T01:51:58Z,30,OSAP,ALP,OSAP,ALP,2025-10-18T04:52:11Z,,10813.0,2250.15,2105.91,Passenger,778822,2025-10-18T01:11:11Z,2025-10-18T04:49:00Z,True
3cb6c4a7,VF340,TKJ340,TKJ,TKJ,B738,TC-JHD,LTFJ,SAW,2025-10-18T03:37:35Z,06L,OSAP,ALP,OSAP,ALP,,,,928.952,845.278,Passenger,4BA904,2025-10-18T02:57:00Z,2025-10-18T04:44:24Z,True
3cb6c64f,RJ431,RJA431,RJA,RJA,E295,JY-REF,OJAI,AMM,2025-10-18T03:01:17Z,26R,OSAP,ALP,OSAP,ALP,2025-10-18T03:56:28Z,,3311.0,581.004,494.893,Passenger,7448A6,2025-10-18T03:00:15Z,2025-10-18T03:50:55Z,True
3cb7090b,TK844,THY844,THY,THY,B739,TC-JYF,LTFM,IST,2025-10-18T05:44:08Z,36,OSAP,ALP,OSAP,ALP,,,,975.518,906.464,Passenger,4BAB26,2025-10-18T05:10:53Z,2025-10-18T06:54:28Z,True
3cb709b1,RJ432,RJA432,RJA,RJA,E295,JY-REF,OSAP,ALP,,,OJAI,AMM,OJAI,AMM,2025-10-18T06:02:47Z,26R,,565.828,487.517,Passenger,7448A6,2025-10-18T05:12:14Z,2025-10-18T06:06:46Z,True
3cb72e6e,VF341,TKJ341,TKJ,TKJ,B738,TC-JHD,OSAP,ALP,2025-10-18T06:23:29Z,,LTFJ,SAW,LTFJ,SAW,2025-10-18T07:55:44Z,06R,5535.0,990.794,860.888,Passenger,4BA904,2025-10-18T06:24:33Z,2025-10-18T08:07:16Z,True
3cb7425f,FYC761,FYC761,FYC,,A320,YK-BAB,OSAP,ALP,2025-10-18T07:02:00Z,,OMSJ,SHJ,OMSJ,SHJ,2025-10-18T09:41:56Z,30,9596.0,2298.27,2125.79,Passenger,778822,2025-10-18T07:03:31Z,2025-10-18T09:42:51Z,True
3cb74c89,RJ433,RJA433,RJA,RJA,E290,JY-REC,OJAI,AMM,2025-10-18T07:25:53Z,26R,OSAP,ALP,OSAP,ALP,,,,615.284,504.803,Passenger,7448A3,2025-10-18T07:23:59Z,2025-10-18T08:22:25Z,True
3cb78d8e,TK845,THY845,THY,THY,B739,TC-JYF,OSAP,ALP,2025-10-18T09:14:17Z,,LTFM,IST,LTFM,IST,2025-10-18T10:52:55Z,35R,5918.0,1054.87,922.162,Passenger,4BAB26,2025-10-18T09:15:43Z,2025-10-18T11:18:27Z,True
3cb79aaa,RJ434,RJA434,RJA,RJA,E290,JY-REC,OSAP,ALP,,,OJAI,AMM,OJAI,AMM,2025-10-18T10:27:47Z,26L,,566.949,489.393,Passenger,7448A3,2025-10-18T09:36:07Z,2025-10-18T10:28:01Z,True
3cba9315,RJ431,RJA431,RJA,RJA,A20N,JY-RAE,OJAI,AMM,2025-10-19T03:30:51Z,26R,OSAP,ALP,OSAP,ALP,2025-10-19T04:21:02Z,,3011.0,532.577,462.624,Passenger,744825,2025-10-19T03:07:42Z,2025-10-19T04:13:47Z,True
3cbaaa52,VF340,TKJ340,TKJ,TKJ,B738,TC-JHE,LTFJ,SAW,2025-10-19T04:34:32Z,24R,OSAP,ALP,OSAP,ALP,,,,979.005,863.867,Passenger,4BA905,2025-10-19T04:02:13Z,2025-10-19T05:44:43Z,True
3cbabe7d,TK844,THY844,THY,THY,B739,TC-JYB,LTFM,IST,2025-10-19T05:30:03Z,36,OSAP,ALP,OSAP,ALP,,,,1046.41,899.883,Passenger,4BAB22,2025-10-19T04:49:09Z,2025-10-19T06:42:54Z,True
3cbacdfb,RJ432,RJA432,RJA,RJA,A20N,JY-RAE,OSAP,ALP,2025-10-19T05:20:32Z,,OJAI,AMM,OJAI,AMM,2025-10-19T06:14:14Z,26L,3222.0,589.507,507.314,Passenger,744825,2025-10-19T05:21:55Z,2025-10-19T06:18:11Z,True
3cbad0e9,QR414,QTR414,QTR,QTR,A332,A7-ACM,OTHH,DOH,2025-10-19T05:44:58Z,34L,OSAP,ALP,OSAP,ALP,2025-10-19T08:35:07Z,,10209.0,2010.29,1819.88,Passenger,06A04E,2025-10-19T05:28:26Z,2025-10-19T08:31:54Z,True
3cbaf876,RJ433,RJA433,RJA,RJA,A20N,JY-RAI,OJAI,AMM,2025-10-19T07:05:24Z,26L,OSAP,ALP,OSAP,ALP,,,,532.555,435.806,Passenger,744829,2025-10-19T06:56:40Z,2025-10-19T07:47:30Z,True
3cbaffad,VF341,TKJ341,TKJ,TKJ,B738,TC-JHE,OSAP,ALP,2025-10-19T07:10:51Z,,LTFJ,SAW,LTFJ,SAW,2025-10-19T08:45:06Z,06R,5655.0,990.766,861.158,Passenger,4BA905,2025-10-19T07:12:08Z,2025-10-19T08:55:56Z,True
3cbb3c9a,RJ434,RJA434,RJA,RJA,A20N,JY-RAI,OSAP,ALP,2025-10-19T09:05:29Z,,OJAI,AMM,OJAI,AMM,2025-10-19T09:58:13Z,26L,3164.0,576.811,506.575,Passenger,744829,2025-10-19T09:06:46Z,2025-10-19T10:02:24Z,True
3cbb4383,TK845,THY845,THY,THY,B739,TC-JYB,OSAP,ALP,2025-10-19T09:17:02Z,,LTFM,IST,LTFM,IST,2025-10-19T10:55:07Z,35R,5885.0,1030.64,924.451,Passenger,4BAB22,2025-10-19T09:18:31Z,2025-10-19T11:04:10Z,True
3cbb7f1f,QR415,QTR415,QTR,QTR,A332,A7-ACM,OSAP,ALP,2025-10-19T10:54:20Z,,OTHH,DOH,OTHH,DOH,2025-10-19T13:31:44Z,16R,9444.0,2218.49,1833.08,Passenger,06A04E,2025-10-19T10:55:38Z,2025-10-19T13:36:35Z,True
3cbcc6c7,FCY756,FYC756,FYC,FYC,A320,YK-BAC,OMDW,DWC,2025-10-19T18:12:30Z,30,OSAP,ALP,OSAP,ALP,2025-10-19T21:19:34Z,27R,11224.0,2240.11,2113.89,Passenger,778823,2025-10-19T18:12:44Z,2025-10-19T21:16:51Z,True
3cbd7b51,FCY751,FYC751,FYC,FYC,A320,YK-BAC,OSAP,ALP,2025-10-19T23:03:48Z,,OMDW,DWC,OMDW,DWC,2025-10-20T01:38:36Z,12,9288.0,2276.82,2122.7,Passenger,778823,2025-10-19T23:04:48Z,2025-10-20T01:38:06Z,True
3cbdf572,RJ431,RJA431,RJA,RJA,A20N,JY-RAH,OJAI,AMM,2025-10-20T03:12:16Z,26L,OSAP,ALP,OSAP,ALP,,,,508.746,442.039,Passenger,744828,2025-10-20T03:03:26Z,2025-10-20T03:50:40Z,True
3cbdfd9e,VF340,TKJ340,TKJ,TKJ,B738,TC-JFT,LTFJ,SAW,2025-10-20T03:38:12Z,06L,OSAP,ALP,OSAP,ALP,,,,921.104,858.384,Passenger,4BA8D4,2025-10-20T03:23:03Z,2025-10-20T04:44:15Z,True
3cbe2292,TK844,THY844,THY,THY,B739,TC-JYF,LTFM,IST,2025-10-20T05:24:22Z,36,OSAP,ALP,OSAP,ALP,,,,1019.8,918.293,Passenger,4BAB26,2025-10-20T04:43:35Z,2025-10-20T06:38:19Z,True
3cbe3199,RJ432,RJA432,RJA,RJA,A20N,JY-RAH,OSAP,ALP,,,OJAI,AMM,OJAI,AMM,2025-10-20T06:03:23Z,26R,,570.1,479.524,Passenger,744828,2025-10-20T05:13:58Z,2025-10-20T06:07:52Z,True
3cbe3a7c,QR414,QTR414,QTR,QTR,A332,A7-ACM,OTHH,DOH,2025-10-20T05:59:31Z,34L,OSAP,ALP,OSAP,ALP,,,,1984.7,1805.4,Passenger,06A04E,2025-10-20T05:31:45Z,2025-10-20T08:42:07Z,True
3cbe434b,RB444,SYR444,SYR,SYR,A320,YK-BAG,LTFM,IST,2025-10-20T06:08:56Z,36,OSAP,ALP,OSAP,ALP,,,,989.31,909.633,Passenger,778827,2025-10-20T05:52:13Z,2025-10-20T07:17:53Z,True
3cbe4eed,VF341,TKJ341,TKJ,TKJ,B738,TC-JFT,OSAP,ALP,2025-10-20T06:15:11Z,,LTFJ,SAW,LTFJ,SAW,2025-10-20T07:47:30Z,06R,5539.0,988.351,862.452,Passenger,4BA8D4,2025-10-20T06:16:23Z,2025-10-20T08:08:27Z,True
3cbe662f,,UNO501H,IGC,IGC,CRJ2,YI-BAK,OSDI,DAM,2025-10-20T07:04:31Z,,OSAP,ALP,OSAP,ALP,,,,434.785,300.56,Business_jets,72882B,2025-10-20T07:06:08Z,2025-10-20T07:45:20Z,True
3cbe6944,RJ433,RJA433,RJA,RJA,A20N,JY-RAD,OJAI,AMM,2025-10-20T07:24:27Z,26L,OSAP,ALP,OSAP,ALP,2025-10-20T08:19:07Z,,3280.0,576.214,488.375,Passenger,744824,2025-10-20T07:13:02Z,2025-10-20T08:12:41Z,True
3cbe906a,,UNO501H,IGC,IGC,CRJ2,YI-BAK,OSDI,DAM,,,OSAP,ALP,OSAP,ALP,,,,365.963,275.037,Business_jets,72882B,2025-10-20T08:30:00Z,2025-10-20T09:01:13Z,True
3cbea859,RB517,SYR517,SYR,SYR,A320,YK-BAG,OSAP,ALP,2025-10-20T09:10:02Z,,OMDB,DXB,OMDB,DXB,2025-10-20T11:45:57Z,30L,9355.0,2287.93,2101.57,Passenger,778827,2025-10-20T09:14:51Z,2025-10-20T11:45:37Z,True
3cbeadc1,TK845,THY845,THY,THY,B739,TC-JYF,OSAP,ALP,,,LTFM,IST,LTFM,IST,2025-10-20T10:57:06Z,35R,,986.739,906.567,Passenger,4BAB26,2025-10-20T09:25:13Z,2025-10-20T11:09:54Z,True
3cbead9a,RJ434,RJA434,RJA,RJA,A20N,JY-RAD,OSAP,ALP,,,OJAI,AMM,OJAI,AMM,2025-10-20T10:09:46Z,26L,,539.853,470.233,Passenger,744824,2025-10-20T09:25:23Z,2025-10-20T10:12:23Z,True
3cbee7dc,QR415,QTR415,QTR,QTR,A332,A7-ACM,OSAP,ALP,2025-10-20T11:05:09Z,,OTHH,DOH,OTHH,DOH,2025-10-20T13:34:15Z,34L,8946.0,2131.55,1834.04,Passenger,06A04E,2025-10-20T11:06:18Z,2025-10-20T13:41:06Z,True
3cbf4f02,RB518,SYR518,SYR,SYR,A320,YK-BAG,OMDB,DXB,2025-10-20T13:24:08Z,30R,OSAP,ALP,OSAP,ALP,2025-10-20T16:30:13Z,,11165.0,2232.29,2098.64,Passenger,778827,2025-10-20T13:24:22Z,2025-10-20T16:26:30Z,True
3cbf6fa7,RJ8434,RJA8434,RJA,RJA,E290,JY-RED,OSAP,ALP,,,OJAI,AMM,OJAI,AMM,2025-10-20T14:48:44Z,26L,,584.484,486.205,Passenger,7448A4,2025-10-20T13:57:32Z,2025-10-20T14:49:37Z,True
3cc054d0,RB445,SYR445,SYR,SYR,A320,YK-BAG,OSAP,ALP,,,LTFM,IST,LTFM,IST,2025-10-20T20:16:34Z,35R,,1021.56,912.629,Passenger,778827,2025-10-20T18:42:53Z,2025-10-20T20:25:59Z,True
3cc16182,FYC762,FYC762,FYC,,A320,YK-BAC,OMSJ,SHJ,2025-10-21T01:26:39Z,30,OSAP,ALP,OSAP,ALP,,,,2161.83,2046.28,Passenger,778823,2025-10-21T01:26:54Z,2025-10-21T04:16:13Z,True
3cc188db,RJ431,RJA431,RJA,RJA,A20N,JY-RAC,OJAI,AMM,2025-10-21T02:55:32Z,,OSAP,ALP,OSAP,ALP,,,,521.146,458.185,Passenger,744823,2025-10-21T02:41:32Z,2025-10-21T03:35:36Z,True
3cc1986b,VF340,TKJ340,TKJ,TKJ,B738,TC-JFD,LTFJ,SAW,2025-10-21T03:25:10Z,06L,OSAP,ALP,OSAP,ALP,,,,961.455,852.141,Passenger,4BA8C4,2025-10-21T03:14:00Z,2025-10-21T04:31:34Z,True
3cc1c397,TK844,THY844,THY,THY,B739,TC-JYF,LTFM,IST,2025-10-21T05:22:19Z,36,OSAP,ALP,OSAP,ALP,,,,973.185,904.913,Passenger,4BAB26,2025-10-21T04:43:40Z,2025-10-21T06:31:12Z,True
3cc1cfaa,RJ432,RJA432,RJA,RJA,A20N,JY-RAC,OSAP,ALP,,,OJAI,AMM,OJAI,AMM,2025-10-21T05:55:28Z,26R,,551.331,461.173,Passenger,744823,2025-10-21T05:06:57Z,2025-10-21T06:50:29Z,True
3cc1edeb,VF341,TKJ341,TKJ,TKJ,B738,TC-JFD,OSAP,ALP,2025-10-21T06:09:19Z,,LTFJ,SAW,LTFJ,SAW,2025-10-21T07:37:09Z,06R,5270.0,989.938,859.66,Passenger,4BA8C4,2025-10-21T06:10:34Z,2025-10-21T07:52:03Z,True
3cc20f8b,FYC761,FYC761,FYC,,A320,YK-BAC,OSAP,ALP,2025-10-21T07:17:10Z,,OMSJ,SHJ,OMSJ,SHJ,2025-10-21T09:57:10Z,30,9600.0,2298.4,2120.43,Passenger,778823,2025-10-21T07:18:07Z,2025-10-21T09:57:32Z,True
3cc21140,RJ433,RJA433,RJA,RJA,E290,JY-REE,OJAI,AMM,2025-10-21T07:23:32Z,26L,OSAP,ALP,OSAP,ALP,2025-10-21T08:20:11Z,,3399.0,642.29,507.948,Passenger,7448A5,2025-10-21T07:21:27Z,2025-10-21T08:16:58Z,True
3cc247e6,TK845,THY845,THY,THY,B739,TC-JYF,OSAP,ALP,2025-10-21T09:02:57Z,,LTFM,IST,LTFM,IST,2025-10-21T10:32:56Z,35R,5399.0,1035.33,921.759,Passenger,4BAB26,2025-10-21T09:04:01Z,2025-10-21T10:44:59Z,True
3cc24f39,RJ434,RJA434,RJA,RJA,E290,JY-REE,OSAP,ALP,2025-10-21T09:16:39Z,,OJAI,AMM,OJAI,AMM,2025-10-21T10:14:42Z,26L,3483.0,593.239,506.401,Passenger,7448A5,2025-10-21T09:17:38Z,2025-10-21T10:15:14Z,True
3cc3e79f,FCY756,FYC756,FYC,FYC,A320,YK-BAB,OMDW,DWC,2025-10-21T17:58:31Z,30,OSAP,ALP,OSAP,ALP,2025-10-21T21:06:34Z,27R,11283.0,2238.49,2113.57,Passenger,778822,2025-10-21T17:58:40Z,2025-10-21T21:03:49Z,True
3cc4cdd7,FCY755,FYC755,FYC,FYC,A320,YK-BAB,OSAP,ALP,2025-10-21T22:59:14Z,,OMDW,DWC,OMDW,DWC,2025-10-22T01:42:20Z,30,9786.0,2332.83,2128.63,Passenger,778822,2025-10-21T23:00:04Z,2025-10-22T01:41:58Z,True
3cc55ad3,RJ431,RJA431,RJA,RJA,E290,JY-REE,OJAI,AMM,2025-10-22T03:03:20Z,08R,OSAP,ALP,OSAP,ALP,2025-10-22T04:02:12Z,27R,3532.0,607.712,509.881,Passenger,7448A5,2025-10-22T03:00:59Z,2025-10-22T03:59:35Z,True
3cc55db1,VF340,TKJ340,TKJ,TKJ,B738,TC-JFD,LTFJ,SAW,2025-10-22T03:29:22Z,06L,OSAP,ALP,OSAP,ALP,2025-10-22T04:50:19Z,,4857.0,950.767,874.871,Passenger,4BA8C4,2025-10-22T03:06:44Z,2025-10-22T04:46:46Z,True
3cc58c4a,TK844,THY844,THY,THY,B739,TC-JYF,LTFM,IST,2025-10-22T05:31:24Z,36,OSAP,ALP,OSAP,ALP,,,,1003.15,915.88,Passenger,4BAB26,2025-10-22T04:47:17Z,2025-10-22T06:45:18Z,True
3cc5998b,RJ432,RJA432,RJA,RJA,E290,JY-REE,OSAP,ALP,2025-10-22T05:11:19Z,,OJAI,AMM,OJAI,AMM,2025-10-22T06:09:47Z,26L,3508.0,611.291,507.067,Passenger,7448A5,2025-10-22T05:12:24Z,2025-10-22T06:09:56Z,True
3cc5a17e,QR414,QTR414,QTR,QTR,A332,A7-ACM,OTHH,DOH,2025-10-22T05:41:36Z,34L,OSAP,ALP,OSAP,ALP,2025-10-22T08:27:42Z,,9966.0,2010.23,1821.92,Passenger,06A04E,2025-10-22T05:29:00Z,2025-10-22T08:24:39Z,True
3cc5ba24,VF341,TKJ341,TKJ,TKJ,B738,TC-JFD,OSAP,ALP,2025-10-22T06:19:03Z,,LTFJ,SAW,LTFJ,SAW,2025-10-22T07:51:09Z,24L,5526.0,980.541,861.249,Passenger,4BA8C4,2025-10-22T06:20:13Z,2025-10-22T08:04:43Z,True
3cc5d5f7,RJ433,RJA433,RJA,RJA,E295,JY-REB,OJAI,AMM,2025-10-22T07:21:03Z,08R,OSAP,ALP,OSAP,ALP,2025-10-22T08:16:02Z,,3299.0,600.102,509.661,Passenger,7448A2,2025-10-22T07:17:03Z,2025-10-22T08:12:49Z,True
3cc610ef,RJ434,RJA434,RJA,RJA,E295,JY-REB,OSAP,ALP,2025-10-22T09:04:04Z,,OJAI,AMM,OJAI,AMM,2025-10-22T10:02:47Z,08L,3523.0,635.079,506.304,Passenger,7448A2,2025-10-22T09:05:02Z,2025-10-22T10:02:59Z,True
3cc613c9,TK845,THY845,THY,THY,B739,TC-JYF,OSAP,ALP,2025-10-22T09:08:26Z,,LTFM,IST,LTFM,IST,2025-10-22T10:43:08Z,17L,5682.0,1066.59,923.476,Passenger,4BAB26,2025-10-22T09:09:33Z,2025-10-22T10:52:53Z,True
3cc64d15,QR415,QTR415,QTR,QTR,A332,A7-ACM,OSAP,ALP,2025-10-22T10:45:45Z,,OTHH,DOH,OTHH,DOH,2025-10-22T13:18:05Z,34L,9140.0,2179.94,1833.74,Passenger,06A04E,2025-10-22T10:46:48Z,2025-10-22T13:23:52Z,True
3cc92f9d,VF340,TKJ340,TKJ,TKJ,B738,TC-JHC,LTFJ,SAW,2025-10-23T03:32:37Z,24R,OSAP,ALP,OSAP,ALP,,,,954.265,864.012,Passenger,4BA903,2025-10-23T02:50:00Z,2025-10-23T04:44:50Z,True
3cc93643,RJ431,RJA431,RJA,RJA,A20N,JY-RAE,OJAI,AMM,2025-10-23T03:16:58Z,26L,OSAP,ALP,OSAP,ALP,2025-10-23T04:12:32Z,,3334.0,599.197,509.531,Passenger,744825,2025-10-23T03:03:28Z,2025-10-23T04:09:29Z,True
3cc9614f,QR414,QTR414,QTR,QTR,A332,A7-ACM,OTHH,DOH,2025-10-23T05:53:09Z,34L,OSAP,ALP,OSAP,ALP,2025-10-23T08:42:41Z,,10172.0,2018.07,1820.72,Passenger,06A04E,2025-10-23T04:33:46Z,2025-10-23T08:39:47Z,True
3cc96cfc,TK844,THY844,THY,THY,B739,TC-JYI,LTFM,IST,2025-10-23T05:19:11Z,36,OSAP,ALP,OSAP,ALP,2025-10-23T06:52:39Z,,5608.0,1124.61,920.708,Passenger,4BAB29,2025-10-23T04:56:47Z,2025-10-23T06:48:08Z,True
3cc97090,RJ432,RJA432,RJA,RJA,A20N,JY-RAE,OSAP,ALP,2025-10-23T05:01:49Z,,OJAI,AMM,OJAI,AMM,2025-10-23T05:55:34Z,26L,3225.0,583.877,505.818,Passenger,744825,2025-10-23T05:03:14Z,2025-10-23T05:58:40Z,True
3cc998f9,VF341,TKJ341,TKJ,TKJ,B738,TC-JHC,OSAP,ALP,2025-10-23T06:24:35Z,,LTFJ,SAW,LTFJ,SAW,2025-10-23T07:49:47Z,24L,5112.0,944.869,870.055,Passenger,4BA903,2025-10-23T06:25:50Z,2025-10-23T07:57:48Z,True
3cc9a2ee,,UNO501H,IGC,IGC,CRJ2,YI-BAK,OSDI,DAM,2025-10-23T06:42:38Z,,OSAP,ALP,OSAP,ALP,2025-10-23T07:30:30Z,,2872.0,431.798,327.434,Business_jets,72882B,2025-10-23T06:46:39Z,2025-10-23T07:27:36Z,True
3cc9af56,RJ433,RJA433,RJA,RJA,E295,JY-REA,OJAI,AMM,2025-10-23T07:12:08Z,26R,OSAP,ALP,OSAP,ALP,2025-10-23T08:06:33Z,,3265.0,603.878,506.404,Passenger,7448A1,2025-10-23T07:11:05Z,2025-10-23T08:03:20Z,True
3cc9c696,,UNO501H,IGC,IGC,CRJ2,YI-BAK,OSAP,ALP,2025-10-23T07:55:58Z,,,,,,,,,400.453,314.508,Business_jets,72882B,2025-10-23T07:57:25Z,2025-10-23T08:37:29Z,True
3cc9e881,RJ434,RJA434,RJA,RJA,E295,JY-REA,OSAP,ALP,2025-10-23T09:02:00Z,,OJAI,AMM,OJAI,AMM,2025-10-23T10:00:14Z,08L,3494.0,636.184,506.056,Passenger,7448A1,2025-10-23T09:03:29Z,2025-10-23T10:00:30Z,True
3cc9ee97,TK845,THY845,THY,THY,B739,TC-JYI,OSAP,ALP,2025-10-23T09:14:00Z,,LTFM,IST,LTFM,IST,2025-10-23T10:55:13Z,17L,6073.0,1130.93,920.891,Passenger,4BAB29,2025-10-23T09:15:33Z,2025-10-23T11:06:48Z,True
3cca22f5,QR415,QTR415,QTR,QTR,A332,A7-ACM,OSAP,ALP,2025-10-23T10:49:43Z,,OTHH,DOH,OTHH,DOH,2025-10-23T13:26:47Z,34R,9424.0,2158.82,1834.05,Passenger,06A04E,2025-10-23T10:50:51Z,2025-10-23T13:30:11Z,True
3ccd28e1,VF340,TKJ340,TKJ,TKJ,B738,TC-JFT,LTFJ,SAW,2025-10-24T03:32:09Z,24R,OSAP,ALP,OSAP,ALP,,,,926.8,846.235,Passenger,4BA8D4,2025-10-24T02:52:05Z,2025-10-24T04:42:57Z,True
3ccd2ba3,RJ431,RJA431,RJA,RJA,A20N,JY-RAA,OJAI,AMM,2025-10-24T03:08:42Z,26L,OSAP,ALP,OSAP,ALP,2025-10-24T04:02:38Z,27R,3236.0,600.655,509.006,Passenger,744821,2025-10-24T02:56:56Z,2025-10-24T03:59:48Z,True
3ccd4ad9,FCY526,FYC526,FYC,FYC,A320,YK-BAB,ORER,EBL,,,OSAP,ALP,OSAP,ALP,2025-10-24T05:26:20Z,27R,,2351.35,578.791,Passenger,778822,2025-10-24T04:00:03Z,2025-10-24T05:23:47Z,True
3ccd6043,TK844,THY844,THY,THY,B739,TC-JYB,LTFM,IST,2025-10-24T06:02:26Z,17R,OSAP,ALP,OSAP,ALP,,,,1015.25,908.362,Passenger,4BAB22,2025-10-24T04:42:44Z,2025-10-24T07:18:31Z,True
3ccd6cf7,RJ432,RJA432,RJA,RJA,A20N,JY-RAA,OSAP,ALP,2025-10-24T05:05:32Z,,OJAI,AMM,OJAI,AMM,2025-10-24T06:03:51Z,26L,3499.0,597.08,507.175,Passenger,744821,2025-10-24T05:06:38Z,2025-10-24T06:06:28Z,True
3ccd9973,VF341,TKJ341,TKJ,TKJ,B738,TC-JFT,OSAP,ALP,2025-10-24T06:36:37Z,09L,LTFJ,SAW,LTFJ,SAW,2025-10-24T08:09:49Z,24L,5592.0,1006.28,869.191,Passenger,4BA8D4,2025-10-24T06:37:52Z,2025-10-24T08:17:19Z,True
3ccd9c8d,FCY525,FYC525,FYC,FYC,A320,YK-BAB,OSAP,ALP,2025-10-24T06:42:56Z,,ORER,EBL,ORER,EBL,2025-10-24T08:01:32Z,,4716.0,1570.82,599.96,Passenger,778822,2025-10-24T06:44:13Z,2025-10-24T07:56:57Z,True
3ccdaf7b,RJ433,RJA433,RJA,RJA,E290,JY-REE,OJAI,AMM,2025-10-24T07:22:46Z,26L,OSAP,ALP,OSAP,ALP,2025-10-24T08:20:50Z,,3484.0,605.207,508.443,Passenger,7448A5,2025-10-24T07:21:00Z,2025-10-24T08:17:30Z,True
3ccdea10,TK845,THY845,THY,THY,B739,TC-JYB,OSAP,ALP,2025-10-24T09:09:18Z,,LTFM,IST,LTFM,IST,2025-10-24T10:48:33Z,17L,5955.0,1102.69,922.701,Passenger,4BAB22,2025-10-24T09:10:37Z,2025-10-24T10:57:21Z,True
3ccdeb4c,RJ434,RJA434,RJA,RJA,E290,JY-REE,OSAP,ALP,2025-10-24T09:12:03Z,,OJAI,AMM,OJAI,AMM,2025-10-24T10:11:59Z,26L,3596.0,628.351,505.701,Passenger,7448A5,2025-10-24T09:13:08Z,2025-10-24T10:09:11Z,True
3cd1180d,RJ431,RJA431,RJA,RJA,E295,JY-REA,OJAI,AMM,2025-10-25T03:12:17Z,26L,OSAP,ALP,OSAP,ALP,,,,500.46,420.906,Passenger,7448A1,2025-10-25T03:10:27Z,2025-10-25T03:54:06Z,True
3cd11b64,VF340,TKJ340,TKJ,TKJ,B738,TC-JHC,LTFJ,SAW,2025-10-25T03:36:43Z,06L,OSAP,ALP,OSAP,ALP,,,,933.397,823.696,Passenger,4BA903,2025-10-25T03:18:12Z,2025-10-25T04:45:58Z,True
3cd145c3,TK844,THY844,THY,THY,B739,TC-JYB,LTFM,IST,2025-10-25T05:49:47Z,35L,OSAP,ALP,OSAP,ALP,2025-10-25T07:14:05Z,,5058.0,1064.26,935.546,Passenger,4BAB22,2025-10-25T04:50:46Z,2025-10-25T07:10:52Z,True
3cd1518e,RJ432,RJA432,RJA,RJA,E295,JY-REA,OSAP,ALP,2025-10-25T05:13:39Z,,OJAI,AMM,OJAI,AMM,2025-10-25T06:10:58Z,26R,3439.0,604.138,505.224,Passenger,7448A1,2025-10-25T05:14:46Z,2025-10-25T06:10:58Z,True
3cd1587c,FCY1411,FYC1411,FYC,FYC,A320,YK-BAC,OSDI,DAM,2025-10-25T05:23:06Z,,OSAP,ALP,OSAP,ALP,2025-10-25T06:02:41Z,,2375.0,390.13,306.828,Passenger,778823,2025-10-25T05:29:12Z,2025-10-25T05:59:21Z,True
3cd16f79,VF341,TKJ341,TKJ,TKJ,B738,TC-JHC,OSAP,ALP,2025-10-25T06:19:23Z,,LTFJ,SAW,LTFJ,SAW,2025-10-25T08:01:31Z,06R,6128.0,1038.31,860.738,Passenger,4BA903,2025-10-25T06:20:36Z,2025-10-25T08:12:26Z,True
3cd18489,RJ433,RJA433,RJA,RJA,E290,JY-REC,OJAI,AMM,2025-10-25T07:21:16Z,26L,OSAP,ALP,OSAP,ALP,2025-10-25T08:16:33Z,,3317.0,607.984,502.397,Passenger,7448A3,2025-10-25T07:05:29Z,2025-10-25T08:11:32Z,True
3cd195d3,FCY1412,FYC1412,FYC,FYC,A320,YK-BAC,OSAP,ALP,2025-10-25T07:41:34Z,,OSDI,DAM,OSDI,DAM,2025-10-25T08:22:07Z,,2433.0,353.365,299.966,Passenger,778823,2025-10-25T07:42:39Z,2025-10-25T08:12:19Z,True
3cd1c024,TK845,THY845,THY,THY,B739,TC-JYB,OSAP,ALP,2025-10-25T09:07:09Z,,LTFM,IST,LTFM,IST,2025-10-25T10:43:22Z,35R,5773.0,1042.56,922.075,Passenger,4BAB22,2025-10-25T09:08:19Z,2025-10-25T10:57:33Z,True
3cd1c1ff,RJ434,RJA434,RJA,RJA,E290,JY-REC,OSAP,ALP,2025-10-25T09:10:31Z,,OJAI,AMM,OJAI,AMM,2025-10-25T10:05:27Z,26L,3296.0,598.036,505.872,Passenger,7448A3,2025-10-25T09:11:47Z,2025-10-25T10:06:14Z,True
3cd459bf,VF339,TKJ339,TKJ,TKJ,B738,TC-JHE,LTFJ,SAW,2025-10-26T03:34:49Z,06L,OSAP,ALP,OSAP,ALP,2025-10-26T04:48:57Z,,4448.0,950.674,873.225,Passenger,4BA905,2025-10-26T02:53:45Z,2025-10-26T04:45:42Z,True
3cd45d68,RJ431,RJA431,RJA,RJA,A20N,JY-RAK,OJAI,AMM,2025-10-26T03:15:49Z,26R,OSAP,ALP,OSAP,ALP,2025-10-26T04:12:54Z,,3425.0,598.739,508.743,Passenger,74482B,2025-10-26T03:03:22Z,2025-10-26T04:10:00Z,True
3cd48bbf,RJ432,RJA432,RJA,RJA,A20N,JY-RAK,OSAP,ALP,2025-10-26T05:07:36Z,,OJAI,AMM,OJAI,AMM,2025-10-26T05:59:43Z,26R,3127.0,583.296,507.087,Passenger,74482B,2025-10-26T05:09:12Z,2025-10-26T06:04:05Z,True
3cd4a059,TK844,THY844,THY,THY,B739,TC-JYF,LTFM,IST,2025-10-26T06:52:13Z,18,OSAP,ALP,OSAP,ALP,,,,1016.96,906.925,Passenger,4BAB26,2025-10-26T06:01:23Z,2025-10-26T08:01:38Z,True
3cd4a13b,VF340,TKJ340,TKJ,TKJ,B738,TC-JHE,OSAP,ALP,2025-10-26T06:02:26Z,,LTFJ,SAW,LTFJ,SAW,2025-10-26T07:32:39Z,24L,5413.0,927.159,861.298,Passenger,4BA905,2025-10-26T06:03:38Z,2025-10-26T07:41:06Z,True
3cd4a577,QR414,QTR414,QTR,QTR,A332,A7-ACM,OTHH,DOH,2025-10-26T06:32:40Z,34L,OSAP,ALP,OSAP,ALP,2025-10-26T09:21:39Z,,10139.0,2061.44,1819.55,Passenger,06A04E,2025-10-26T06:13:29Z,2025-10-26T09:18:34Z,True
3cd4badb,RJ433,RJA433,RJA,RJA,E295,JY-REF,OJAI,AMM,2025-10-26T07:20:27Z,26R,OSAP,ALP,OSAP,ALP,,,,555.815,467.117,Passenger,7448A6,2025-10-26T07:06:15Z,2025-10-26T08:10:00Z,True
3cd4ec3e,RJ434,RJA434,RJA,RJA,E295,JY-REF,OSAP,ALP,2025-10-26T09:02:04Z,,OJAI,AMM,OJAI,AMM,2025-10-26T09:53:45Z,26L,3101.0,643.628,505.184,Passenger,7448A6,2025-10-26T09:03:13Z,2025-10-26T10:06:44Z,True
3cd514c3,TK845,THY845,THY,THY,B739,TC-JYF,OSAP,ALP,2025-10-26T10:22:38Z,,LTFM,IST,LTFM,IST,2025-10-26T12:02:58Z,17L,6020.0,1089.85,920.077,Passenger,4BAB26,2025-10-26T10:24:28Z,2025-10-26T12:11:47Z,True
3cd52bbc,QR415,QTR415,QTR,QTR,A332,A7-ACM,OSAP,ALP,2025-10-26T11:05:18Z,,OTHH,DOH,OTHH,DOH,2025-10-26T13:34:29Z,34R,8951.0,2156.93,1832.27,Passenger,06A04E,2025-10-26T11:06:26Z,2025-10-26T13:37:00Z,True
3cd782b2,RJ431,RJA431,RJA,RJA,E295,JY-REB,OJAI,AMM,2025-10-27T03:07:01Z,26L,OSAP,ALP,OSAP,ALP,2025-10-27T04:03:26Z,,3385.0,595.932,508.521,Passenger,7448A2,2025-10-27T03:05:13Z,2025-10-27T04:00:30Z,True
3cd784a8,VF340,TKJ340,TKJ,TKJ,B738,TC-JHD,LTFJ,SAW,2025-10-27T03:15:14Z,24R,OSAP,ALP,OSAP,ALP,2025-10-27T04:33:32Z,,4698.0,978.341,873.882,Passenger,4BA904,2025-10-27T03:10:24Z,2025-10-27T04:30:14Z,True
3cd7b70c,TK844,THY844,THY,THY,B739,TC-JYF,LTFM,IST,2025-10-27T05:51:27Z,18,OSAP,ALP,OSAP,ALP,,,,1006.22,910.113,Passenger,4BAB26,2025-10-27T05:16:04Z,2025-10-27T07:05:23Z,True
3cd7b925,RJ432,RJA432,RJA,RJA,E295,JY-REB,OSAP,ALP,2025-10-27T05:18:31Z,,OJAI,AMM,OJAI,AMM,2025-10-27T06:15:08Z,26R,3397.0,588.159,506.591,Passenger,7448A2,2025-10-27T05:19:33Z,2025-10-27T06:12:23Z,True
3cd7d14e,VF341,TKJ341,TKJ,TKJ,B738,TC-JHD,OSAP,ALP,2025-10-27T06:12:16Z,,LTFJ,SAW,LTFJ,SAW,2025-10-27T07:39:32Z,24L,5236.0,955.529,860.768,Passenger,4BA904,2025-10-27T06:13:33Z,2025-10-27T07:47:56Z,True
3cd7d4bb,QR414,QTR414,QTR,QTR,A333,A7-AEE,OTHH,DOH,2025-10-27T06:33:58Z,34L,OSAP,ALP,OSAP,ALP,2025-10-27T09:17:05Z,,9787.0,2018.48,1822.0,Passenger,06A03E,2025-10-27T06:21:17Z,2025-10-27T09:14:00Z,True
3cd7ea7b,,UNO501H,IGC,IGC,CRJ2,YI-BAK,OSDI,DAM,2025-10-27T07:05:09Z,,OSAP,ALP,OSAP,ALP,2025-10-27T07:43:46Z,,2317.0,361.615,310.18,Business_jets,72882B,2025-10-27T07:09:33Z,2025-10-27T07:39:52Z,True
3cd7eda5,RJ433,RJA433,RJA,RJA,E290,JY-REC,OJAI,AMM,2025-10-27T07:16:24Z,26L,OSAP,ALP,OSAP,ALP,2025-10-27T08:13:59Z,,3455.0,620.077,508.819,Passenger,7448A3,2025-10-27T07:16:24Z,2025-10-27T08:10:50Z,True
3cd804dc,,UNO501H,IGC,IGC,CRJ2,YI-BAK,OSAP,ALP,2025-10-27T08:05:29Z,,,,,,,,,356.134,314.788,Business_jets,72882B,2025-10-27T08:07:16Z,2025-10-27T08:40:17Z,True
3cd82475,RJ434,RJA434,RJA,RJA,E290,JY-REC,OSAP,ALP,2025-10-27T09:09:56Z,27R,OJAI,AMM,OJAI,AMM,2025-10-27T10:03:41Z,26L,3225.0,590.134,507.625,Passenger,7448A3,2025-10-27T09:10:57Z,2025-10-27T10:04:41Z,True
3cd82d06,TK845,THY845,THY,THY,B739,TC-JYF,OSAP,ALP,2025-10-27T09:25:13Z,,LTFM,IST,LTFM,IST,2025-10-27T11:08:59Z,17L,6226.0,1123.08,920.191,Passenger,4BAB26,2025-10-27T09:26:48Z,2025-10-27T11:19:26Z,True
3cd838c6,TK840,THY840,THY,THY,B739,TC-JYB,LTFM,IST,2025-10-27T10:32:17Z,17R,OSAP,ALP,OSAP,ALP,,,,1003.01,906.554,Passenger,4BAB22,2025-10-27T09:49:05Z,2025-10-27T11:42:56Z,True
3cd85b02,RB444,SYR444,SYR,SYR,B735,YK-SYR,LTFM,IST,2025-10-27T11:13:57Z,17R,OSAP,ALP,OSAP,ALP,2025-10-27T12:41:00Z,,5223.0,1058.03,941.96,Passenger,77CF32,2025-10-27T10:48:33Z,2025-10-27T12:41:43Z,True
3cd85dba,QR415,QTR415,QTR,QTR,A333,A7-AEE,OSAP,ALP,2025-10-27T10:48:36Z,,OTHH,DOH,OTHH,DOH,2025-10-27T13:29:47Z,34L,9671.0,2183.0,1823.82,Passenger,06A03E,2025-10-27T10:53:18Z,2025-10-27T13:35:47Z,True
3cd8fc39,TK841,THY841,THY,THY,B739,TC-JYB,OSAP,ALP,2025-10-27T14:27:49Z,,LTFM,IST,LTFM,IST,2025-10-27T16:05:26Z,35R,5857.0,1040.86,923.514,Passenger,4BAB22,2025-10-27T14:28:58Z,2025-10-27T16:14:16Z,True
3cd900c9,RB445,SYR445,SYR,SYR,B735,YK-SYR,OSAP,ALP,2025-10-27T14:33:29Z,,LTFM,IST,LTFM,IST,2025-10-27T16:19:29Z,35R,6360.0,1092.36,923.071,Passenger,77CF32,2025-10-27T14:34:46Z,2025-10-27T16:33:50Z,True
3cd9b508,FCY1412,FYC1412,FYC,FYC,A320,YK-BAB,OSAP,ALP,,,OSDI,DAM,OSDI,DAM,2025-10-27T19:09:56Z,,,350.996,300.422,Passenger,778822,2025-10-27T18:30:11Z,2025-10-27T18:59:38Z,True
3cdaf3f8,RJ431,RJA431,RJA,RJA,A20N,JY-RAK,OJAI,AMM,2025-10-28T03:20:51Z,26L,OSAP,ALP,OSAP,ALP,2025-10-28T04:18:37Z,,3466.0,634.362,509.113,Passenger,74482B,2025-10-28T03:02:58Z,2025-10-28T04:15:39Z,True
3cdaf7ad,VF340,TKJ340,TKJ,TKJ,B738,TC-JHC,LTFJ,SAW,2025-10-28T03:48:40Z,06L,OSAP,ALP,OSAP,ALP,,,,878.423,841.676,Passenger,4BA903,2025-10-28T03:11:36Z,2025-10-28T04:54:33Z,True
3cdb1ec1,TK844,THY844,THY,THY,B739,TC-JYI,LTFM,IST,2025-10-28T05:38:59Z,34L,OSAP,ALP,OSAP,ALP,2025-10-28T07:05:57Z,,5218.0,1056.38,936.133,Passenger,4BAB29,2025-10-28T04:46:05Z,2025-10-28T07:02:39Z,True
3cdb2c4b,RJ432,RJA432,RJA,RJA,A20N,JY-RAK,OSAP,ALP,2025-10-28T05:14:17Z,,OJAI,AMM,OJAI,AMM,2025-10-28T06:11:52Z,26R,3455.0,624.725,506.18,Passenger,74482B,2025-10-28T05:15:39Z,2025-10-28T06:16:20Z,True
3cdb3762,FCY1411,FYC1411,FYC,FYC,A320,YK-BAB,OSDI,DAM,2025-10-28T05:36:23Z,05R,OSAP,ALP,OSAP,ALP,2025-10-28T06:13:53Z,,2250.0,364.639,316.083,Passenger,778822,2025-10-28T05:40:19Z,2025-10-28T06:10:42Z,True
3cdb4a1d,VF341,TKJ341,TKJ,TKJ,B738,TC-JHC,OSAP,ALP,2025-10-28T06:18:36Z,,LTFJ,SAW,LTFJ,SAW,2025-10-28T07:48:19Z,06R,5383.0,1004.44,859.342,Passenger,4BA903,2025-10-28T06:19:51Z,2025-10-28T08:04:44Z,True
3cdb623a,FCY525,FYC525,FYC,FYC,A320,YK-BAB,OSAP,ALP,2025-10-28T07:12:23Z,,,,,,,,,970.982,617.76,Passenger,778822,2025-10-28T07:13:28Z,2025-10-28T08:21:33Z,True
3cdb66a4,,TCT590,,,BTB2,TC-T590,OSAP,ALP,,,LTAJ,GZT,LTAJ,GZT,2025-10-28T08:06:41Z,28,,102.821,8.44188,Military_and_government,4B8408,2025-10-28T07:23:07Z,2025-10-28T08:06:41Z,True
3cdb6a76,RJ433,RJA433,RJA,RJA,E295,JY-REA,OJAI,AMM,2025-10-28T07:33:10Z,26L,OSAP,ALP,OSAP,ALP,2025-10-28T08:29:15Z,,3365.0,627.802,508.812,Passenger,7448A1,2025-10-28T07:31:17Z,2025-10-28T08:25:55Z,True
3cdba04f,TK845,THY845,THY,THY,B739,TC-JYI,OSAP,ALP,2025-10-28T09:12:48Z,09L,LTFM,IST,LTFM,IST,2025-10-28T11:00:13Z,35R,6445.0,1144.56,916.388,Passenger,4BAB29,2025-10-28T09:18:01Z,2025-10-28T11:14:59Z,True
3cdba51b,RJ434,RJA434,RJA,RJA,E295,JY-REA,OSAP,ALP,,,OJAI,AMM,OJAI,AMM,2025-10-28T10:15:39Z,26L,,595.634,471.071,Passenger,7448A1,2025-10-28T09:27:02Z,2025-10-28T10:15:56Z,True
3cde8383,RJ431,RJA431,RJA,RJA,E290,JY-REE,OJAI,AMM,2025-10-29T03:13:27Z,26L,OSAP,ALP,OSAP,ALP,,,,604.544,428.529,Passenger,7448A5,2025-10-29T03:06:02Z,2025-10-29T03:52:04Z,True
3cde8879,VF340,TKJ340,TKJ,TKJ,B738,TC-JHC,LTFJ,SAW,2025-10-29T03:32:55Z,06L,OSAP,ALP,LTAJ,GZT,2025-10-29T05:49:08Z,,8173.0,1594.86,832.424,Passenger,4BA903,2025-10-29T03:16:49Z,2025-10-29T05:51:25Z,True
3cdecce6,TK844,THY844,THY,THY,B739,TC-JYB,LTFM,IST,2025-10-29T06:25:46Z,,OSAP,ALP,OSAP,ALP,2025-10-29T07:52:25Z,,5199.0,1079.3,936.175,Passenger,4BAB22,2025-10-29T05:53:53Z,2025-10-29T07:49:10Z,True
3cded320,,TCJ17,,,BTB2,TC-J19,OSAP,ALP,,,,,,,,,,209.119,16.8382,Military_and_government,4B8339,2025-10-29T06:06:38Z,2025-10-29T08:21:57Z,True
3cdeda62,RJ432,RJA432,RJA,RJA,E290,JY-REE,OSAP,ALP,2025-10-29T06:21:49Z,,OJAI,AMM,OJAI,AMM,2025-10-29T07:16:20Z,26R,3271.0,600.738,506.059,Passenger,7448A5,2025-10-29T06:22:48Z,2025-10-29T07:16:41Z,True
3cdee23d,QR414,QTR414,QTR,QTR,A333,A7-AEN,OTHH,DOH,2025-10-29T06:50:22Z,34L,OSAP,ALP,OSAP,ALP,2025-10-29T09:38:40Z,,10098.0,2013.71,1821.79,Passenger,06A060,2025-10-29T06:39:16Z,2025-10-29T09:35:27Z,True
3cdef258,VF340,TKJ340,TKJ,TKJ,B738,TC-JHC,LTAJ,GZT,,,OSAP,ALP,OSAP,ALP,,,,106.623,86.8702,Passenger,4BA903,2025-10-29T07:14:22Z,2025-10-29T07:39:25Z,True
3cdefd0f,RJ433,RJA433,RJA,RJA,E290,JY-RED,OJAI,AMM,2025-10-29T07:37:11Z,26L,OSAP,ALP,OSAP,ALP,2025-10-29T08:34:06Z,,3415.0,620.637,508.639,Passenger,7448A4,2025-10-29T07:36:22Z,2025-10-29T08:30:57Z,True
3cdf2983,VF341,TKJ341,TKJ,TKJ,B738,TC-JHC,OSAP,ALP,2025-10-29T09:01:28Z,,LTFJ,SAW,LTFJ,SAW,2025-10-29T10:31:34Z,06R,5406.0,970.65,861.81,Passenger,4BA903,2025-10-29T09:02:44Z,2025-10-29T10:41:53Z,True
3cdf35e1,RJ434,RJA434,RJA,RJA,E290,JY-RED,OSAP,ALP,2025-10-29T09:23:07Z,27L,OJAI,AMM,OJAI,AMM,2025-10-29T10:20:33Z,26L,3446.0,608.415,507.696,Passenger,7448A4,2025-10-29T09:24:04Z,2025-10-29T10:20:43Z,True
3cdf4485,TK845,THY845,THY,THY,B739,TC-JYB,OSAP,ALP,2025-10-29T09:48:15Z,,LTFM,IST,LTFM,IST,2025-10-29T11:26:08Z,35R,5873.0,1035.22,922.091,Passenger,4BAB22,2025-10-29T09:49:39Z,2025-10-29T11:38:22Z,True
3cdf4c80,TK840,THY840,THY,THY,B739,TC-JYF,LTFM,IST,2025-10-29T10:38:15Z,36,OSAP,ALP,OSAP,ALP,2025-10-29T12:09:05Z,,5450.0,1129.41,935.755,Passenger,4BAB26,2025-10-29T10:02:04Z,2025-10-29T12:05:45Z,True
3cdf7416,QR415,QTR415,QTR,QTR,A333,A7-AEN,OSAP,ALP,2025-10-29T11:05:07Z,,OTHH,DOH,OTHH,DOH,2025-10-29T13:44:22Z,34L,9555.0,2183.63,1832.1,Passenger,06A060,2025-10-29T11:06:17Z,2025-10-29T13:47:09Z,True
3ce02134,TK841,THY841,THY,THY,B739,TC-JYF,OSAP,ALP,2025-10-29T14:42:54Z,,LTFM,IST,LTFM,IST,2025-10-29T16:18:51Z,,5757.0,1025.18,941.931,Passenger,4BAB26,2025-10-29T14:44:05Z,2025-10-29T16:12:55Z,True
3ce0b02a,FCY526,FYC526,FYC,FYC,A320,YK-BAC,ORER,EBL,2025-10-29T17:38:30Z,,OSAP,ALP,OSAP,ALP,2025-10-29T19:09:02Z,27R,5432.0,1135.15,587.793,Passenger,778823,2025-10-29T17:42:37Z,2025-10-29T19:09:02Z,True
3ce18900,FCY761,FYC761,FYC,FYC,A320,YK-BAC,OSAP,ALP,2025-10-29T22:33:21Z,,OMSJ,SHJ,OMSJ,SHJ,2025-10-30T01:17:40Z,30,9859.0,2322.63,2123.12,Passenger,778823,2025-10-29T22:34:23Z,2025-10-30T01:19:27Z,True
3ce2171b,FCY762,FYC762,FYC,FYC,A320,YK-BAC,OMSJ,SHJ,2025-10-30T02:32:09Z,30,OSAP,ALP,OSAP,ALP,2025-10-30T05:35:13Z,27R,10984.0,2264.16,2114.13,Passenger,778823,2025-10-30T02:25:29Z,2025-10-30T05:32:40Z,True
3ce226c7,RJ431,RJA431,RJA,RJA,A20N,JY-RAD,OJAI,AMM,2025-10-30T03:09:45Z,26R,OSAP,ALP,OSAP,ALP,2025-10-30T03:56:03Z,,2778.0,611.496,508.485,Passenger,744824,2025-10-30T02:56:40Z,2025-10-30T04:03:18Z,True
3ce25644,TK844,THY844,THY,THY,B739,TC-JYB,LTFM,IST,2025-10-30T05:31:59Z,34L,OSAP,ALP,OSAP,ALP,,,,1005.25,906.906,Passenger,4BAB22,2025-10-30T04:44:27Z,2025-10-30T06:44:49Z,True
3ce26731,VF340,TKJ340,TKJ,TKJ,B738,TC-JFT,LTFJ,SAW,2025-10-30T05:32:07Z,06L,OSAP,ALP,OSAP,ALP,,,,877.918,840.112,Passenger,4BA8D4,2025-10-30T05:19:41Z,2025-10-30T06:37:11Z,True
3ce26bb2,RJ432,RJA432,RJA,RJA,A20N,JY-RAD,OSAP,ALP,2025-10-30T05:28:08Z,,OJAI,AMM,OJAI,AMM,2025-10-30T06:29:28Z,08L,3680.0,643.907,507.169,Passenger,744824,2025-10-30T05:29:03Z,2025-10-30T06:38:02Z,True
3ce28252,QR414,QTR414,QTR,QTR,A333,A7-AEE,OTHH,DOH,2025-10-30T06:35:39Z,34L,OSAP,ALP,OSAP,ALP,2025-10-30T09:28:03Z,27R,10344.0,2011.29,1821.23,Passenger,06A03E,2025-10-30T06:14:20Z,2025-10-30T09:20:18Z,True
3ce28ff8,FCY487,FYC487,FYC,FYC,A320,YK-BAC,OSAP,ALP,2025-10-30T06:43:41Z,,LTDB,COV,LTDB,COV,2025-10-30T07:23:56Z,03R,2415.0,379.42,203.258,Passenger,778823,2025-10-30T06:44:41Z,2025-10-30T07:23:56Z,True
3ce2a8b4,RJ433,RJA433,RJA,RJA,E290,JY-REE,OJAI,AMM,2025-10-30T07:37:29Z,08L,OSAP,ALP,OSAP,ALP,,,,503.7,433.97,Passenger,7448A5,2025-10-30T07:36:34Z,2025-10-30T08:19:07Z,True
3ce2bf12,VF341,TKJ341,TKJ,TKJ,B738,TC-JFT,OSAP,ALP,,,LTFJ,SAW,LTFJ,SAW,2025-10-30T09:42:41Z,06R,,996.571,855.376,Passenger,4BA8D4,2025-10-30T08:20:35Z,2025-10-30T09:52:28Z,True
3ce2e4ed,RJ434,RJA434,RJA,RJA,E290,JY-REE,OSAP,ALP,2025-10-30T09:26:59Z,,OJAI,AMM,OJAI,AMM,2025-10-30T10:23:00Z,08L,3361.0,627.543,504.876,Passenger,7448A5,2025-10-30T09:28:32Z,2025-10-30T10:24:03Z,True
3ce2e93d,TK845,THY845,THY,THY,B739,TC-JYB,OSAP,ALP,2025-10-30T09:34:09Z,,LTFM,IST,LTFM,IST,2025-10-30T11:17:25Z,35R,6196.0,1128.88,921.578,Passenger,4BAB22,2025-10-30T09:35:56Z,2025-10-30T11:33:52Z,True
3ce329a7,QR415,QTR415,QTR,QTR,A333,A7-AEE,OSAP,ALP,2025-10-30T11:12:38Z,,OTHH,DOH,OTHH,DOH,2025-10-30T13:42:50Z,34R,9012.0,2129.02,1833.59,Passenger,06A03E,2025-10-30T11:13:50Z,2025-10-30T13:45:55Z,True
3ce60fc2,VF340,TKJ340,TKJ,TKJ,B738,TC-JFD,LTFJ,SAW,2025-10-31T03:38:30Z,06L,OSAP,ALP,OSAP,ALP,,,,886.02,842.105,Passenger,4BA8C4,2025-10-31T02:57:28Z,2025-10-31T04:45:14Z,True
3ce61109,RJ431,RJA431,RJA,RJA,A20N,JY-RAB,OJAI,AMM,2025-10-31T03:11:36Z,08R,OSAP,ALP,OSAP,ALP,2025-10-31T04:03:30Z,27L,3114.0,580.842,508.63,Passenger,744822,2025-10-31T02:59:42Z,2025-10-31T04:00:45Z,True
3ce64073,TK844,THY844,THY,THY,B739,TC-JYB,LTFM,IST,2025-10-31T05:31:52Z,17R,OSAP,ALP,OSAP,ALP,2025-10-31T07:02:00Z,,5408.0,1093.61,935.705,Passenger,4BAB22,2025-10-31T04:44:05Z,2025-10-31T06:58:55Z,True
3ce64ebe,RJ432,RJA432,RJA,RJA,A20N,JY-RAB,OSAP,ALP,2025-10-31T05:13:51Z,,OJAI,AMM,OJAI,AMM,2025-10-31T06:13:23Z,08L,3572.0,648.131,507.444,Passenger,744822,2025-10-31T05:14:52Z,2025-10-31T06:19:30Z,True
3ce67491,VF341,TKJ341,TKJ,TKJ,B738,TC-JFD,OSAP,ALP,2025-10-31T06:34:58Z,,LTFJ,SAW,LTFJ,SAW,2025-10-31T08:00:22Z,24L,5124.0,958.294,861.747,Passenger,4BA8C4,2025-10-31T06:36:08Z,2025-10-31T08:16:57Z,True
3ce6850f,RJ433,RJA433,RJA,RJA,E290,JY-RED,OJAI,AMM,2025-10-31T07:11:30Z,08R,OSAP,ALP,OSAP,ALP,,,,532.282,449.674,Passenger,7448A4,2025-10-31T07:11:18Z,2025-10-31T07:57:32Z,True
3ce6895b,FCY526,FYC526,FYC,FYC,A320,YK-BAB,ORER,EBL,,,OSAP,ALP,OSAP,ALP,2025-10-31T08:42:27Z,,,1038.26,554.343,Passenger,778822,2025-10-31T07:25:05Z,2025-10-31T08:39:09Z,True
3ce68c7e,RB381,SYR381,SYR,SYR,A320,YK-AKH,OSAP,ALP,,,OEJN,JED,OEJN,JED,2025-10-31T09:47:43Z,34L,,1691.16,1590.93,Passenger,778568,2025-10-31T07:27:27Z,2025-10-31T09:47:43Z,True
3ce6c3de,RJ434,RJA434,RJA,RJA,E290,JY-RED,OSAP,ALP,2025-10-31T09:10:42Z,,OJAI,AMM,OJAI,AMM,2025-10-31T10:06:00Z,08L,3318.0,627.941,503.471,Passenger,7448A4,2025-10-31T09:11:36Z,2025-10-31T10:06:13Z,True
3ce6c894,TK845,THY845,THY,THY,B739,TC-JYB,OSAP,ALP,2025-10-31T09:18:16Z,,LTFM,IST,LTFM,IST,2025-10-31T11:02:09Z,17L,6233.0,1140.36,919.72,Passenger,4BAB22,2025-10-31T09:19:35Z,2025-10-31T11:18:44Z,True
3ce6d3a3,FCY525,FYC525,FYC,FYC,A320,YK-BAB,OSAP,ALP,2025-10-31T09:37:39Z,,,,,,,,,937.146,613.202,Passenger,778822,2025-10-31T09:38:59Z,2025-10-31T10:46:49Z,True
3ce790b7,,TCJ14,,,0000,,OSAP,ALP,,,,,,,,,,75.8747,6.3469,Other_service,323232,2025-10-31T13:40:15Z,2025-10-31T14:05:01Z,True
3ce9c7b3,VF340,TKJ340,TKJ,TKJ,B738,TC-JHD,LTFJ,SAW,2025-11-01T03:39:48Z,06L,OSAP,ALP,OSAP,ALP,2025-11-01T04:58:24Z,27R,4716.0,952.102,871.091,Passenger,4BA904,2025-11-01T02:48:42Z,2025-11-01T04:55:49Z,True
3ce9e1d9,RJ431,RJA431,RJA,RJA,A20N,JY-RAB,OJAI,AMM,2025-11-01T03:55:26Z,08R,OSAP,ALP,OSAP,ALP,2025-11-01T04:49:47Z,27R,3261.0,589.456,508.814,Passenger,744822,2025-11-01T03:45:39Z,2025-11-01T04:47:08Z,True
3ce9f8a7,TK844,THY844,THY,THY,B739,TC-JYF,LTFM,IST,2025-11-01T05:30:08Z,18,OSAP,ALP,OSAP,ALP,,,,1066.17,912.655,Passenger,4BAB26,2025-11-01T04:45:57Z,2025-11-01T06:51:13Z,True
3cea13b5,RJ432,RJA432,RJA,RJA,A20N,JY-RAB,OSAP,ALP,2025-11-01T05:44:26Z,,OJAI,AMM,OJAI,AMM,2025-11-01T06:39:01Z,08L,3275.0,615.341,507.201,Passenger,744822,2025-11-01T05:45:36Z,2025-11-01T06:52:14Z,True
3cea256b,VF341,TKJ341,TKJ,TKJ,B738,TC-JHD,OSAP,ALP,2025-11-01T06:24:49Z,,LTFJ,SAW,LTFJ,SAW,2025-11-01T07:52:32Z,06R,5263.0,1000.41,861.817,Passenger,4BA904,2025-11-01T06:25:55Z,2025-11-01T08:05:09Z,True
3cea44e1,RJ433,RJA433,RJA,RJA,E295,JY-REF,OJAI,AMM,2025-11-01T07:43:22Z,08R,OSAP,ALP,OSAP,ALP,2025-11-01T08:39:45Z,,3383.0,578.806,492.121,Passenger,7448A6,2025-11-01T07:42:02Z,2025-11-01T08:33:29Z,True
3cea72ea,TK845,THY845,THY,THY,B739,TC-JYF,OSAP,ALP,2025-11-01T09:20:04Z,,LTFM,IST,LTFM,IST,2025-11-01T10:51:34Z,35R,5490.0,1059.77,920.931,Passenger,4BAB26,2025-11-01T09:21:20Z,2025-11-01T11:07:07Z,True
3cea7f2e,RJ434,RJA434,RJA,RJA,E295,JY-REF,OSAP,ALP,2025-11-01T09:42:51Z,,OJAI,AMM,OJAI,AMM,2025-11-01T10:39:41Z,08L,3410.0,632.789,502.189,Passenger,7448A6,2025-11-01T09:44:35Z,2025-11-01T10:40:11Z,True
3cea8741,TK840,THY840,THY,THY,B739,TC-JYC,LTFM,IST,2025-11-01T10:47:02Z,35L,OSAP,ALP,OSAP,ALP,2025-11-01T12:12:39Z,,5137.0,1061.33,939.65,Passenger,4BAB23,2025-11-01T09:59:19Z,2025-11-01T12:09:02Z,True
3ceab5f7,FCY762,FYC762,FYC,FYC,A320,YK-BAA,OMSJ,SHJ,2025-11-01T11:20:44Z,30,OSAP,ALP,OSAP,ALP,2025-11-01T14:12:01Z,27R,10277.0,2255.81,2114.28,Passenger,778821,2025-11-01T11:19:35Z,2025-11-01T14:09:09Z,True
3ceafa4b,,,,,BTB2,TC-T473,OSAP,ALP,,,,,,,,,,11.9,1.4574,Military_and_government,4B83D1,2025-11-01T12:57:39Z,2025-11-01T13:01:10Z,True
3ceb3191,TK841,THY841,THY,THY,B739,TC-JYC,OSAP,ALP,2025-11-01T14:04:46Z,,LTFM,IST,LTFM,IST,2025-11-01T15:41:20Z,35R,5794.0,1077.16,922.283,Passenger,4BAB23,2025-11-01T14:06:03Z,2025-11-01T15:52:36Z,True
3cec620f,FCY761,FYC761,FYC,FYC,A320,YK-BAA,OSAP,ALP,2025-11-01T21:06:27Z,,OMSJ,SHJ,OMSJ,SHJ,2025-11-01T23:57:40Z,30,10273.0,2340.71,2123.5,Passenger,778821,2025-11-01T21:07:25Z,2025-11-02T00:02:29Z,True
3ced279b,RJ431,RJA431,RJA,RJA,A321,JY-AYT,OJAI,AMM,2025-11-02T04:11:00Z,08L,OSAP,ALP,OSAP,ALP,2025-11-02T05:07:05Z,,3365.0,592.419,508.716,Passenger,740734,2025-11-02T03:52:20Z,2025-11-02T05:04:11Z,True
3ced2f3c,VF340,TKJ340,TKJ,TKJ,B738,TC-JHA,LTFJ,SAW,2025-11-02T04:47:30Z,06L,OSAP,ALP,OSAP,ALP,2025-11-02T06:13:04Z,,5134.0,1015.89,876.817,Passenger,4BA901,2025-11-02T04:12:02Z,2025-11-02T06:08:55Z,True
3ced4076,TK844,THY844,THY,THY,B739,TC-JYC,LTFM,IST,2025-11-02T05:31:10Z,34L,OSAP,ALP,OSAP,ALP,2025-11-02T07:05:47Z,,5677.0,1164.97,936.834,Passenger,4BAB23,2025-11-02T04:56:00Z,2025-11-02T07:02:53Z,True
3ced5b3a,RJ432,RJA432,RJA,RJA,A321,JY-AYT,OSAP,ALP,2025-11-02T05:56:02Z,,OJAI,AMM,OJAI,AMM,2025-11-02T06:56:37Z,08L,3635.0,625.403,499.872,Passenger,740734,2025-11-02T05:58:47Z,2025-11-02T07:01:21Z,True
3ced5b94,,KOZAN62,,,,,OSAP,ALP,,,,,,,,,,91.2501,55.3628,,4B83F1,2025-11-02T05:59:32Z,2025-11-02T06:14:02Z,True
3ced65d8,QR414,QTR414,QTR,QTR,A333,A7-AEJ,OTHH,DOH,2025-11-02T06:39:15Z,34L,OSAP,ALP,OSAP,ALP,2025-11-02T09:28:30Z,,10155.0,2012.32,1820.96,Passenger,06A04C,2025-11-02T06:24:14Z,2025-11-02T09:25:29Z,True
3ced7b4d,RJ433,RJA433,RJA,RJA,E295,JY-REF,OJAI,AMM,2025-11-02T07:17:57Z,08L,OSAP,ALP,OSAP,ALP,2025-11-02T08:14:19Z,,3382.0,588.948,509.006,Passenger,7448A6,2025-11-02T07:17:12Z,2025-11-02T08:11:21Z,True
3ced7c26,VF341,TKJ341,TKJ,TKJ,B738,TC-JHA,OSAP,ALP,,,LTFJ,SAW,LTFJ,SAW,2025-11-02T08:39:03Z,06R,,953.844,853.154,Passenger,4BA901,2025-11-02T07:19:30Z,2025-11-02T08:48:48Z,True
3ced8bc2,RB341,SYR341,SYR,SYR,A320,YK-AKH,OSAP,ALP,2025-11-02T07:56:49Z,,OKKK,KWI,OKKK,KWI,2025-11-02T09:43:04Z,34,6375.0,1503.41,1269.32,Passenger,778568,2025-11-02T07:58:04Z,2025-11-02T09:55:46Z,True
3cedabec,TK845,THY845,THY,THY,B739,TC-JYC,OSAP,ALP,2025-11-02T09:07:09Z,,LTFM,IST,LTFM,IST,2025-11-02T10:40:59Z,35R,5630.0,1038.83,917.981,Passenger,4BAB23,2025-11-02T09:12:12Z,2025-11-02T10:50:18Z,True
3cedb22d,RJ434,RJA434,RJA,RJA,E295,JY-REF,OSAP,ALP,2025-11-02T09:24:14Z,,OJAI,AMM,OJAI,AMM,2025-11-02T10:17:54Z,26L,3220.0,588.758,505.526,Passenger,7448A6,2025-11-02T09:25:19Z,2025-11-02T10:18:00Z,True
3cede50e,QR415,QTR415,QTR,QTR,A333,A7-AEJ,OSAP,ALP,2025-11-02T11:03:39Z,,OTHH,DOH,OTHH,DOH,,34R,,2202.84,1835.88,Passenger,06A04C,2025-11-02T11:04:41Z,2025-11-02T13:41:58Z,True
3cf07483,VF340,TKJ340,TKJ,TKJ,B738,TC-JFT,LTFJ,SAW,2025-11-03T03:25:56Z,06L,OSAP,ALP,OSAP,ALP,2025-11-03T04:55:19Z,27L,5363.0,983.796,872.763,Passenger,4BA8D4,2025-11-03T02:59:05Z,2025-11-03T04:52:29Z,True
3cf07bed,RJ431,RJA431,RJA,RJA,A20N,JY-RAK,OJAI,AMM,2025-11-03T04:06:40Z,08L,OSAP,ALP,OSAP,ALP,2025-11-03T04:58:46Z,,3126.0,590.297,514.991,Passenger,74482B,2025-11-03T03:14:51Z,2025-11-03T04:54:26Z,True
3cf0a8f8,TK844,THY844,THY,THY,B739,TC-JYB,LTFM,IST,2025-11-03T05:31:45Z,36,OSAP,ALP,OSAP,ALP,2025-11-03T07:09:01Z,,5836.0,1101.76,938.854,Passenger,4BAB22,2025-11-03T04:55:47Z,2025-11-03T07:05:20Z,True
3cf0ce92,RJ432,RJA432,RJA,RJA,A20N,JY-RAK,OSAP,ALP,2025-11-03T06:14:18Z,,OJAI,AMM,OJAI,AMM,2025-11-03T07:14:13Z,08L,3595.0,625.171,506.992,Passenger,74482B,2025-11-03T06:15:18Z,2025-11-03T07:19:13Z,True
3cf0cf17,QR414,QTR414,QTR,QTR,A333,A7-AEE,OTHH,DOH,2025-11-03T06:30:28Z,34L,OSAP,ALP,OSAP,ALP,2025-11-03T09:16:32Z,,9964.0,1998.94,1820.57,Passenger,06A03E,2025-11-03T06:16:19Z,2025-11-03T09:13:10Z,True
3cf0cfb4,VF341,TKJ341,TKJ,TKJ,B738,TC-JFT,OSAP,ALP,2025-11-03T06:16:36Z,,LTFJ,SAW,LTFJ,SAW,2025-11-03T07:35:04Z,06R,4708.0,953.759,861.701,Passenger,4BA8D4,2025-11-03T06:17:49Z,2025-11-03T07:47:26Z,True
3cf0e7ed,RJ433,RJA433,RJA,RJA,E295,JY-REG,OJAI,AMM,2025-11-03T07:25:26Z,08L,OSAP,ALP,OSAP,ALP,2025-11-03T08:18:47Z,,3201.0,591.176,502.23,Passenger,7448A7,2025-11-03T07:09:37Z,2025-11-03T08:15:08Z,True
3cf10f76,,UNO501H,IGC,IGC,CRJ2,YI-BAK,OSDI,DAM,,,OSAP,ALP,OSAP,ALP,2025-11-03T09:02:52Z,,,691.426,11.1704,Business_jets,72882B,2025-11-03T08:31:50Z,2025-11-03T09:59:56Z,True
3cf1281a,TK845,THY845,THY,THY,B739,TC-JYB,OSAP,ALP,2025-11-03T09:18:31Z,,LTFM,IST,LTFM,IST,2025-11-03T10:54:44Z,17L,5773.0,1120.02,919.698,Passenger,4BAB22,2025-11-03T09:20:41Z,2025-11-03T11:11:30Z,True
3cf12a97,RJ434,RJA434,RJA,RJA,E295,JY-REG,OSAP,ALP,2025-11-03T09:22:49Z,,OJAI,AMM,OJAI,AMM,2025-11-03T10:23:03Z,08L,3614.0,631.655,501.86,Passenger,7448A7,2025-11-03T09:25:12Z,2025-11-03T10:23:43Z,True
3cf1363d,TK840,THY840,THY,THY,B739,TC-JYF,LTFM,IST,2025-11-03T10:25:42Z,18,OSAP,ALP,OSAP,ALP,2025-11-03T11:59:19Z,,5617.0,1059.71,924.122,Passenger,4BAB26,2025-11-03T09:47:21Z,2025-11-03T11:54:38Z,True
3cf15b24,RB444,SYR444,SYR,SYR,B735,YK-SYR,LTFM,IST,2025-11-03T11:28:22Z,18,OSAP,ALP,OSAP,ALP,2025-11-03T13:04:14Z,27R,5752.0,1049.17,933.366,Passenger,77CF32,2025-11-03T10:56:02Z,2025-11-03T13:00:50Z,True
3cf162df,QR415,QTR415,QTR,QTR,A333,A7-AEE,OSAP,ALP,2025-11-03T11:06:27Z,,OTHH,DOH,OTHH,DOH,2025-11-03T13:48:13Z,,9706.0,2174.65,1822.35,Passenger,06A03E,2025-11-03T11:08:04Z,2025-11-03T13:49:23Z,True
3cf1eea0,TK841,THY841,THY,THY,B739,TC-JYF,OSAP,ALP,2025-11-03T14:16:22Z,09L,LTFM,IST,LTFM,IST,2025-11-03T15:52:05Z,17L,5743.0,1127.36,929.302,Passenger,4BAB26,2025-11-03T14:18:19Z,2025-11-03T16:01:50Z,True
3cf1fb5f,RB445,SYR445,SYR,SYR,B735,YK-SYR,OSAP,ALP,2025-11-03T14:30:59Z,,LTFM,IST,LTFM,IST,2025-11-03T16:04:30Z,17L,5611.0,1055.11,926.448,Passenger,77CF32,2025-11-03T14:32:49Z,2025-11-03T16:13:14Z,True
3cf2876b,FCY488,FYC488,FYC,FYC,A320,YK-BAB,LTDB,COV,2025-11-03T17:32:53Z,21L,OSAP,ALP,OSAP,ALP,2025-11-03T18:07:10Z,,2057.0,321.476,216.005,Passenger,778822,2025-11-03T17:19:23Z,2025-11-03T18:01:20Z,True
3cf34172,FCY761,FYC761,FYC,FYC,A320,YK-BAB,OSAP,ALP,2025-11-03T21:09:24Z,,OMSJ,SHJ,OMSJ,SHJ,2025-11-03T23:55:32Z,30,9968.0,2298.22,2108.95,Passenger,778822,2025-11-03T21:14:50Z,2025-11-04T00:00:34Z,True
3cf3e7e9,FCY762,FYC762,FYC,FYC,A320,YK-BAB,OMSJ,SHJ,2025-11-04T01:13:11Z,30,OSAP,ALP,OSAP,ALP,2025-11-04T04:07:37Z,,10466.0,2227.18,2097.53,Passenger,778822,2025-11-04T01:13:20Z,2025-11-04T04:03:09Z,True
3cf4207d,VF340,TKJ340,TKJ,TKJ,B738,TC-JHA,LTFJ,SAW,2025-11-04T03:22:08Z,06L,OSAP,ALP,OSAP,ALP,2025-11-04T04:47:51Z,,5143.0,977.355,874.707,Passenger,4BA901,2025-11-04T02:53:00Z,2025-11-04T04:44:18Z,True
3cf43dc8,RJ431,RJA431,RJA,RJA,A20N,JY-RAC,OJAI,AMM,2025-11-04T04:09:12Z,26L,OSAP,ALP,OSAP,ALP,2025-11-04T05:06:23Z,,3431.0,598.625,509.164,Passenger,744823,2025-11-04T03:55:27Z,2025-11-04T05:02:59Z,True
3cf4586d,TK844,THY844,THY,THY,B739,TC-JYB,LTFM,IST,2025-11-04T05:45:39Z,36,OSAP,ALP,OSAP,ALP,,,,1016.24,910.846,Passenger,4BAB22,2025-11-04T04:55:18Z,2025-11-04T07:03:58Z,True
3cf467a1,FCY525,FYC525,FYC,FYC,A320,YK-BAB,OSAP,ALP,2025-11-04T05:24:24Z,,,,,,,,,990.346,604.2,Passenger,778822,2025-11-04T05:27:44Z,2025-11-04T06:38:45Z,True
3cf474b6,RJ432,RJA432,RJA,RJA,A20N,JY-RAC,OSAP,ALP,2025-11-04T05:53:10Z,,OJAI,AMM,OJAI,AMM,2025-11-04T06:47:47Z,26L,3277.0,582.917,501.78,Passenger,744823,2025-11-04T05:55:16Z,2025-11-04T06:50:46Z,True
3cf47c2f,VF341,TKJ341,TKJ,TKJ,B738,TC-JHA,OSAP,ALP,2025-11-04T06:07:55Z,09L,LTFJ,SAW,LTFJ,SAW,2025-11-04T07:30:57Z,06R,4982.0,971.933,860.495,Passenger,4BA901,2025-11-04T06:09:56Z,2025-11-04T07:42:36Z,True
3cf4a1dd,RJ433,RJA433,RJA,RJA,E290,JY-RED,OJAI,AMM,2025-11-04T07:32:36Z,08L,OSAP,ALP,OSAP,ALP,2025-11-04T08:26:28Z,,3232.0,586.812,509.259,Passenger,7448A4,2025-11-04T07:31:41Z,2025-11-04T08:23:00Z,True
3cf4da82,TK845,THY845,THY,THY,B739,TC-JYB,OSAP,ALP,,,LTFM,IST,LTFM,IST,2025-11-04T10:45:05Z,35R,,1016.22,918.966,Passenger,4BAB22,2025-11-04T09:18:50Z,2025-11-04T10:59:36Z,True
3cf4de37,RJ434,RJA434,RJA,RJA,E290,JY-RED,OSAP,ALP,2025-11-04T09:19:34Z,,OJAI,AMM,OJAI,AMM,2025-11-04T10:20:29Z,08L,3655.0,624.717,498.895,Passenger,7448A4,2025-11-04T09:25:20Z,2025-11-04T10:21:05Z,True
3cf81082,VF340,TKJ340,TKJ,TKJ,B738,TC-JFJ,LTFJ,SAW,2025-11-05T03:44:13Z,06L,OSAP,ALP,OSAP,ALP,,,,890.487,842.512,Passenger,4BA8CA,2025-11-05T03:13:18Z,2025-11-05T04:51:04Z,True
3cf8272e,RJ431,RJA431,RJA,RJA,E295,JY-REG,OJAI,AMM,2025-11-05T04:11:44Z,08L,OSAP,ALP,OSAP,ALP,2025-11-05T05:04:16Z,,3152.0,581.577,502.257,Passenger,7448A7,2025-11-05T04:00:24Z,2025-11-05T05:00:24Z,True
3cf83f26,TK844,THY844,THY,THY,B739,TC-JYC,LTFM,IST,2025-11-05T05:28:32Z,36,OSAP,ALP,OSAP,ALP,,,,1084.63,917.435,Passenger,4BAB23,2025-11-05T04:54:08Z,2025-11-05T06:52:04Z,True
3cf86125,RJ432,RJA432,RJA,RJA,E295,JY-REG,OSAP,ALP,2025-11-05T06:04:44Z,,OJAI,AMM,OJAI,AMM,2025-11-05T07:02:17Z,08L,3453.0,649.39,503.6,Passenger,7448A7,2025-11-05T06:05:44Z,2025-11-05T07:23:03Z,True
3cf86d59,VF341,TKJ341,TKJ,TKJ,B738,TC-JFJ,OSAP,ALP,,,LTFJ,SAW,LTFJ,SAW,2025-11-05T07:49:27Z,06R,,951.183,852.243,Passenger,4BA8CA,2025-11-05T06:31:25Z,2025-11-05T07:48:50Z,True
3cf889af,RJ433,RJA433,RJA,RJA,E290,JY-RED,OJAI,AMM,2025-11-05T07:34:49Z,08R,OSAP,ALP,OSAP,ALP,2025-11-05T08:32:32Z,,3463.0,598.678,510.109,Passenger,7448A4,2025-11-05T07:32:25Z,2025-11-05T08:29:04Z,True
3cf8a05c,,KOZAN62,,,,,OSAP,ALP,,,,,,,,,,99.3132,17.6591,,,2025-11-05T08:18:09Z,2025-11-05T08:35:11Z,True
3cf8bdd6,TK845,THY845,THY,THY,B739,TC-JYC,OSAP,ALP,2025-11-05T09:10:15Z,,LTFM,IST,LTFM,IST,2025-11-05T10:49:14Z,35R,5939.0,1093.63,933.592,Passenger,4BAB23,2025-11-05T09:12:04Z,2025-11-05T11:06:11Z,True
3cf8cb39,RJ434,RJA434,RJA,RJA,E290,JY-RED,OSAP,ALP,2025-11-05T09:33:30Z,,OJAI,AMM,OJAI,AMM,2025-11-05T10:28:22Z,26R,3292.0,566.963,502.54,Passenger,7448A4,2025-11-05T09:35:39Z,2025-11-05T10:28:22Z,True
3cf8e47e,TK840,THY840,THY,THY,B739,TC-JYF,LTFM,IST,2025-11-05T10:28:15Z,36,OSAP,ALP,OSAP,ALP,2025-11-05T12:06:45Z,,5910.0,1145.9,925.07,Passenger,4BAB26,2025-11-05T10:18:44Z,2025-11-05T12:02:17Z,True
3cf9942b,TK840,THY840,THY,THY,B739,TC-JYF,OSAP,ALP,2025-11-05T14:08:08Z,,LTFM,IST,LTFM,IST,2025-11-05T15:39:05Z,35R,5457.0,1026.5,933.863,Passenger,4BAB26,2025-11-05T14:09:51Z,2025-11-05T15:50:22Z,True
3cfafe32,,FYC761,FYC,,A320,YK-BAB,OSAP,ALP,2025-11-05T21:17:53Z,,OMSJ,SHJ,OMSJ,SHJ,2025-11-06T00:12:06Z,30,10453.0,2344.07,2120.21,Passenger,778822,2025-11-05T21:22:20Z,2025-11-06T00:15:38Z,True
3cfbafd7,,FYC762,FYC,,A320,YK-BAB,OMSJ,SHJ,2025-11-06T01:34:05Z,30,OSAP,ALP,OSAP,ALP,2025-11-06T04:34:27Z,,10822.0,2240.54,2101.76,Passenger,778822,2025-11-06T01:35:08Z,2025-11-06T04:30:27Z,True
3cfbfca4,RJ431,RJA431,RJA,RJA,E295,JY-REF,OJAI,AMM,2025-11-06T04:02:18Z,08R,OSAP,ALP,OSAP,ALP,2025-11-06T04:57:19Z,,3301.0,598.144,510.128,Passenger,7448A6,2025-11-06T04:01:47Z,2025-11-06T04:53:42Z,True
3cfc13f0,TK844,THY844,THY,THY,B739,TC-JYI,LTFM,IST,2025-11-06T05:27:26Z,35L,OSAP,ALP,OSAP,ALP,,,,1111.25,923.95,Passenger,4BAB29,2025-11-06T04:53:23Z,2025-11-06T07:00:28Z,True
3cfc1e78,VF340,TKJ340,TKJ,TKJ,B738,TC-JHA,LTFJ,SAW,2025-11-06T05:30:44Z,06L,OSAP,ALP,OSAP,ALP,2025-11-06T06:55:21Z,,5077.0,964.48,873.745,Passenger,4BA901,2025-11-06T05:14:13Z,2025-11-06T06:52:05Z,True
3cfc39b7,RJ432,RJA432,RJA,RJA,E295,JY-REF,OSAP,ALP,,,OJAI,AMM,OJAI,AMM,2025-11-06T07:07:57Z,08L,,623.483,491.245,Passenger,7448A6,2025-11-06T06:10:33Z,2025-11-06T07:08:39Z,True
3cfc3cb2,,FYC487,FYC,,A320,YK-BAB,OSAP,ALP,2025-11-06T06:12:45Z,,LTDB,COV,LTDB,COV,2025-11-06T06:50:43Z,03R,2278.0,326.3,202.647,Passenger,778822,2025-11-06T06:16:56Z,2025-11-06T06:54:23Z,True
3cfc3dd3,QR414,QTR414,QTR,QTR,A333,A7-AEJ,OTHH,DOH,2025-11-06T06:41:26Z,34L,OSAP,ALP,OSAP,ALP,2025-11-06T09:26:55Z,,9929.0,2008.95,1834.31,Passenger,06A04C,2025-11-06T06:20:31Z,2025-11-06T09:22:25Z,True
3cfc5b7e,RJ433,RJA433,RJA,RJA,E290,JY-RED,OJAI,AMM,2025-11-06T07:24:35Z,08R,OSAP,ALP,OSAP,ALP,2025-11-06T08:17:42Z,,3187.0,586.153,509.922,Passenger,7448A4,2025-11-06T07:23:58Z,2025-11-06T08:14:09Z,True
3cfc6fb7,VF341,TKJ341,TKJ,TKJ,B738,TC-JHA,OSAP,ALP,2025-11-06T08:03:49Z,,LTFJ,SAW,LTFJ,SAW,2025-11-06T09:28:59Z,06R,5110.0,998.472,866.918,Passenger,4BA901,2025-11-06T08:05:30Z,2025-11-06T09:41:47Z,True
3cfc7b16,,UNO501H,IGC,UNO,CRJ2,YI-BAK,OSDI,DAM,2025-11-06T08:23:19Z,,OSAP,ALP,OSAP,ALP,2025-11-06T09:05:41Z,,2542.0,788.068,9.28909,Business_jets,72882B,2025-11-06T08:28:07Z,2025-11-06T10:09:23Z,True
3cfc94e8,TK845,THY845,THY,THY,B739,TC-JYI,OSAP,ALP,2025-11-06T09:14:25Z,,LTFM,IST,LTFM,IST,2025-11-06T10:46:21Z,35R,5516.0,1056.63,933.405,Passenger,4BAB29,2025-11-06T09:16:17Z,2025-11-06T10:58:35Z,True
3cfc993b,RJ434,RJA434,RJA,RJA,E290,JY-RED,OSAP,ALP,2025-11-06T09:22:08Z,,OJAI,AMM,OJAI,AMM,2025-11-06T10:20:08Z,26R,3480.0,611.86,507.972,Passenger,7448A4,2025-11-06T09:24:08Z,2025-11-06T10:20:15Z,True
3cfcd87b,QR415,QTR415,QTR,QTR,A333,A7-AEJ,OSAP,ALP,2025-11-06T11:10:14Z,,OTHH,DOH,OTHH,DOH,2025-11-06T13:42:50Z,,9156.0,2124.65,1821.62,Passenger,06A04C,2025-11-06T11:11:41Z,2025-11-06T13:42:52Z,True
3cfe25a1,RB382,SYR382,SYR,SYR,A320,YK-AKH,OEJN,JED,2025-11-06T17:44:21Z,34C,OSAP,ALP,OSAP,ALP,2025-11-06T19:49:27Z,,7506.0,1659.12,1617.33,Passenger,778568,2025-11-06T17:38:36Z,2025-11-06T19:46:05Z,True
3cfeedcd,TCJ18,TCJ18,TCJ,TCJ,0000,,OSAP,ALP,,,,,,,,,,251.343,21.7173,Other_service,323232,2025-11-06T21:30:20Z,2025-11-06T23:06:21Z,True
3cfff1d8,RJ431,RJA431,RJA,RJA,E295,JY-REG,OJAI,AMM,2025-11-07T03:57:32Z,08L,OSAP,ALP,OSAP,ALP,2025-11-07T04:48:36Z,,3064.0,577.765,505.93,Passenger,7448A7,2025-11-07T03:56:13Z,2025-11-07T04:45:01Z,True
3cfffd62,VF340,TKJ340,TKJ,TKJ,B738,TC-JHA,LTFJ,SAW,2025-11-07T04:52:01Z,06L,OSAP,ALP,OSAP,ALP,2025-11-07T06:18:26Z,,5185.0,976.16,873.903,Passenger,4BA901,2025-11-07T04:20:45Z,2025-11-07T06:15:11Z,True
3d000c94,TK844,THY844,THY,THY,B739,TC-JYB,LTFM,IST,2025-11-07T05:30:53Z,35L,OSAP,ALP,OSAP,ALP,2025-11-07T07:01:28Z,,5435.0,1061.31,925.512,Passenger,4BAB22,2025-11-07T04:53:12Z,2025-11-07T06:56:58Z,True
3d002cf5,RJ432,RJA432,RJA,RJA,E295,JY-REG,OSAP,ALP,2025-11-07T05:56:51Z,,OJAI,AMM,OJAI,AMM,2025-11-07T06:56:14Z,08L,3563.0,637.829,505.914,Passenger,7448A7,2025-11-07T05:59:36Z,2025-11-07T06:56:50Z,True
3d004c69,,FYC526,FYC,,A320,YK-BAB,ORKK,KIK,,,OSAP,ALP,OSAP,ALP,2025-11-07T08:32:48Z,,,974.727,574.581,Passenger,778822,2025-11-07T07:09:50Z,2025-11-07T08:27:26Z,True
3d0051c1,RJ433,RJA433,RJA,RJA,E290,JY-RED,OJAI,AMM,2025-11-07T07:18:34Z,08R,OSAP,ALP,OSAP,ALP,,,,513.916,453.172,Passenger,7448A4,2025-11-07T07:17:01Z,2025-11-07T07:59:50Z,True
3d0057ec,VF341,TKJ341,TKJ,TKJ,B738,TC-JHA,OSAP,ALP,2025-11-07T07:28:45Z,,LTFJ,SAW,LTFJ,SAW,2025-11-07T08:52:13Z,06R,5008.0,984.332,868.7,Passenger,4BA901,2025-11-07T07:30:39Z,2025-11-07T09:03:55Z,True
3d005951,RB381,SYR381,SYR,SYR,A320,YK-AKH,OSAP,ALP,2025-11-07T07:31:46Z,,,,,,2025-11-07T09:46:36Z,16R,8090.0,1638.96,1612.21,Passenger,778568,2025-11-07T07:33:34Z,2025-11-07T09:49:48Z,True
3d008f71,TK845,THY845,THY,THY,B739,TC-JYB,OSAP,ALP,,,LTFM,IST,LTFM,IST,2025-11-07T10:57:08Z,35R,,1033.73,910.311,Passenger,4BAB22,2025-11-07T09:27:20Z,2025-11-07T11:16:34Z,True
3d00939a,RJ434,RJA434,RJA,RJA,E290,JY-RED,OSAP,ALP,2025-11-07T09:29:10Z,09R,OJAI,AMM,OJAI,AMM,2025-11-07T10:31:19Z,08L,3729.0,635.274,508.143,Passenger,7448A4,2025-11-07T09:31:08Z,2025-11-07T10:31:54Z,True
3d00b142,,FYC455,FYC,,A320,YK-BAB,OSAP,ALP,2025-11-07T10:23:36Z,,UDYZ,EVN,UDYZ,EVN,2025-11-07T11:29:40Z,08,3964.0,817.693,759.11,Passenger,778822,2025-11-07T10:26:41Z,2025-11-07T11:36:14Z,True
3d0111bf,FYC456,FYC456,FYC,,A320,YK-BAB,UDYZ,EVN,2025-11-07T12:58:27Z,26,OSAP,ALP,OSAP,ALP,2025-11-07T14:14:45Z,,4578.0,856.427,752.122,Passenger,778822,2025-11-07T12:54:50Z,2025-11-07T14:04:15Z,True
3d0183e4,,FYC525,FYC,,A320,YK-BAB,OSAP,ALP,2025-11-07T15:05:13Z,,,,,,,,,939.576,601.43,Passenger,778822,2025-11-07T15:07:33Z,2025-11-07T16:14:04Z,True
3d029bc3,,TCT003,,,0000,,OSAP,ALP,,,,,,,,,,933.297,626.163,Other_service,323232,2025-11-07T20:48:51Z,2025-11-08T01:35:35Z,True
3d038e81,VF340,TKJ340,TKJ,TKJ,B738,TC-JFT,LTFJ,SAW,2025-11-08T03:29:12Z,06L,OSAP,ALP,OSAP,ALP,2025-11-08T04:52:05Z,27L,4973.0,980.248,872.468,Passenger,4BA8D4,2025-11-08T03:18:34Z,2025-11-08T04:49:19Z,True
3d03998b,RJ431,RJA431,RJA,RJA,A20N,JY-RAC,OJAI,AMM,2025-11-08T03:55:25Z,26L,OSAP,ALP,OSAP,ALP,2025-11-08T04:46:22Z,27R,3057.0,601.767,508.636,Passenger,744823,2025-11-08T03:44:27Z,2025-11-08T04:43:32Z,True
3d03b613,TK844,THY844,THY,THY,B739,TC-JYB,LTFM,IST,2025-11-08T05:28:39Z,34L,OSAP,ALP,OSAP,ALP,2025-11-08T07:04:56Z,,5777.0,1075.86,936.291,Passenger,4BAB22,2025-11-08T04:53:00Z,2025-11-08T07:01:49Z,True
3d03cfb4,RJ432,RJA432,RJA,RJA,A20N,JY-RAC,OSAP,ALP,2025-11-08T05:51:30Z,,OJAI,AMM,OJAI,AMM,2025-11-08T06:46:09Z,26L,3279.0,581.082,507.707,Passenger,744823,2025-11-08T05:52:37Z,2025-11-08T06:50:01Z,True
3d03d548,VF341,TKJ341,TKJ,TKJ,B738,TC-JFT,OSAP,ALP,2025-11-08T06:03:35Z,,LTFJ,SAW,LTFJ,SAW,2025-11-08T07:26:49Z,06R,4994.0,970.874,858.909,Passenger,4BA8D4,2025-11-08T06:05:13Z,2025-11-08T07:31:27Z,True
3d03f774,RJ433,RJA433,RJA,RJA,E290,JY-REE,OJAI,AMM,2025-11-08T07:32:36Z,26L,OSAP,ALP,OSAP,ALP,2025-11-08T08:29:10Z,,3394.0,615.756,508.572,Passenger,7448A5,2025-11-08T07:29:45Z,2025-11-08T08:26:07Z,True
3d042501,TK845,THY845,THY,THY,B739,TC-JYB,OSAP,ALP,2025-11-08T09:10:56Z,,LTFM,IST,LTFM,IST,2025-11-08T10:44:11Z,35R,5595.0,1040.09,930.248,Passenger,4BAB22,2025-11-08T09:12:29Z,2025-11-08T10:53:21Z,True
3d042cfc,RJ434,RJA434,RJA,RJA,E290,JY-REE,OSAP,ALP,2025-11-08T09:28:02Z,,OJAI,AMM,OJAI,AMM,2025-11-08T10:25:12Z,26R,3430.0,575.748,503.628,Passenger,7448A5,2025-11-08T09:29:35Z,2025-11-08T10:22:29Z,True
3d043b46,TK840,THY840,THY,THY,B739,TC-JYI,LTFM,IST,2025-11-08T10:34:34Z,35L,OSAP,ALP,OSAP,ALP,2025-11-08T12:08:08Z,,5614.0,1125.65,936.724,Passenger,4BAB29,2025-11-08T09:58:48Z,2025-11-08T12:04:55Z,True
3d046532,,FYC762,FYC,,A320,YK-BAA,OMSJ,SHJ,2025-11-08T11:16:52Z,30,OSAP,ALP,OSAP,ALP,2025-11-08T14:19:25Z,27R,10953.0,2251.37,2109.7,Passenger,778821,2025-11-08T11:17:35Z,2025-11-08T14:16:16Z,True
3d04e0cb,TK841,THY841,THY,THY,B739,TC-JYI,OSAP,ALP,,,LTFM,IST,LTFM,IST,2025-11-08T15:50:01Z,35R,,1026.29,914.399,Passenger,4BAB29,2025-11-08T14:23:38Z,2025-11-08T16:03:14Z,True
3d0612f8,,FYC761,FYC,,A320,YK-BAA,OSAP,ALP,,,OMSJ,SHJ,OMSJ,SHJ,2025-11-09T00:03:04Z,30,,2300.21,2113.85,Passenger,778821,2025-11-08T21:14:25Z,2025-11-09T00:03:28Z,True
3d0662da,,TCT234,,,BTB2,TC-T234,OSAP,ALP,,,,,,,,,,4.23221,3.27131,Military_and_government,4B837A,2025-11-08T23:27:21Z,2025-11-08T23:29:33Z,True
3d06c963,VF340,TKJ340,TKJ,TKJ,B738,TC-JHA,LTFJ,SAW,2025-11-09T03:26:33Z,06L,OSAP,ALP,OSAP,ALP,2025-11-09T04:50:38Z,27R,5045.0,960.868,872.913,Passenger,4BA901,2025-11-09T02:55:55Z,2025-11-09T04:47:44Z,True
3d06e1ee,RJ431,RJA431,RJA,RJA,E295,JY-REF,OJAI,AMM,2025-11-09T03:55:00Z,08R,OSAP,ALP,OSAP,ALP,2025-11-09T04:47:00Z,,3120.0,578.563,505.959,Passenger,7448A6,2025-11-09T03:54:31Z,2025-11-09T04:43:49Z,True
3d06f8ce,TK844,THY844,THY,THY,B739,TC-JYI,LTFM,IST,2025-11-09T05:29:17Z,18,OSAP,ALP,OSAP,ALP,,,,976.072,910.487,Passenger,4BAB29,2025-11-09T04:52:32Z,2025-11-09T06:41:15Z,True
3d07151d,RJ432,RJA432,RJA,RJA,E295,JY-REF,OSAP,ALP,,,OJAI,AMM,OJAI,AMM,2025-11-09T06:47:28Z,08L,,576.572,466.334,Passenger,7448A6,2025-11-09T05:59:06Z,2025-11-09T06:51:00Z,True
3d07154a,VF341,TKJ340,TKJ,TKJ,B738,TC-JHA,OSAP,ALP,2025-11-09T05:58:32Z,,LTFJ,SAW,LTFJ,SAW,2025-11-09T07:23:11Z,06R,5079.0,986.776,862.003,Passenger,4BA901,2025-11-09T05:59:42Z,2025-11-09T07:34:36Z,True
3d071a43,QR414,QTR414,QTR,QTR,A333,A7-AEN,OTHH,DOH,2025-11-09T06:22:28Z,34L,OSAP,ALP,OSAP,ALP,2025-11-09T09:09:03Z,,9995.0,2003.77,1821.16,Passenger,06A060,2025-11-09T06:10:29Z,2025-11-09T09:06:00Z,True
3d0732d8,RJ433,RJA433,RJA,RJA,A321,JY-AYV,OJAI,AMM,2025-11-09T07:21:05Z,08R,OSAP,ALP,OSAP,ALP,2025-11-09T08:15:02Z,,3237.0,581.951,509.68,,740736,2025-11-09T07:12:30Z,2025-11-09T08:11:40Z,True
3d0747d3,RB341,SYR341,SYR,SYR,A320,YK-AKG,OSAP,ALP,2025-11-09T08:02:44Z,,OKKK,KWI,OKKK,KWI,2025-11-09T09:51:14Z,16,6510.0,1510.76,1269.2,Passenger,778567,2025-11-09T08:03:47Z,2025-11-09T10:41:55Z,True
3d076d1a,TK845,THY845,THY,THY,B739,TC-JYI,OSAP,ALP,2025-11-09T09:23:10Z,09L,LTFM,IST,LTFM,IST,2025-11-09T11:04:11Z,17L,6061.0,1096.97,923.94,Passenger,4BAB29,2025-11-09T09:28:47Z,2025-11-09T11:23:26Z,True
3d076f72,RJ434,RJA434,RJA,RJA,A321,JY-AYV,OSAP,ALP,2025-11-09T09:31:15Z,,OJAI,AMM,OJAI,AMM,2025-11-09T10:29:25Z,08L,3490.0,613.174,506.324,,740736,2025-11-09T09:33:41Z,2025-11-09T10:34:08Z,True
3d079a33,QR415,QTR415,QTR,QTR,A333,A7-AEN,OSAP,ALP,2025-11-09T11:00:40Z,,OTHH,DOH,OTHH,DOH,2025-11-09T13:39:21Z,34R,9521.0,2214.05,1832.53,Passenger,06A060,2025-11-09T11:01:31Z,2025-11-09T13:41:13Z,True
3d09e221,VF340,TKJ340,TKJ,TKJ,B738,TC-JFT,LTFJ,SAW,2025-11-10T03:27:54Z,24R,OSAP,ALP,OSAP,ALP,2025-11-10T04:57:35Z,,5381.0,1058.71,876.878,Passenger,4BA8D4,2025-11-10T02:52:43Z,2025-11-10T05:03:24Z,True
3d09eb19,RJ431,RJA431,RJA,RJA,A20N,JY-RAH,OJAI,AMM,2025-11-10T03:58:32Z,08R,OSAP,ALP,OSAP,ALP,2025-11-10T04:52:09Z,,3217.0,577.114,508.953,Passenger,744828,2025-11-10T03:12:54Z,2025-11-10T04:48:43Z,True
3d0a1464,TK844,THY844,THY,THY,B739,TC-JYB,LTFM,IST,2025-11-10T05:23:06Z,17R,OSAP,ALP,OSAP,ALP,,,,1079.38,916.475,Passenger,4BAB22,2025-11-10T04:51:33Z,2025-11-10T06:39:06Z,True
3d0a29a0,RJ432,RJA432,RJA,RJA,A20N,JY-RAH,OSAP,ALP,2025-11-10T05:36:12Z,,OJAI,AMM,OJAI,AMM,2025-11-10T06:34:02Z,08L,3470.0,637.811,504.565,Passenger,744828,2025-11-10T05:37:52Z,2025-11-10T06:38:56Z,True
3d0a3d98,VF341,TKJ341,TKJ,TKJ,B738,TC-JFT,OSAP,ALP,2025-11-10T06:17:49Z,,LTFJ,SAW,LTFJ,SAW,2025-11-10T07:41:01Z,06R,4992.0,1006.23,858.981,Passenger,4BA8D4,2025-11-10T06:19:24Z,2025-11-10T07:48:45Z,True
3d0a3ea9,QR414,QTR414,QTR,QTR,A333,A7-AEN,OTHH,DOH,2025-11-10T06:32:35Z,34L,OSAP,ALP,OSAP,ALP,2025-11-10T09:20:15Z,,10060.0,2013.29,1820.49,Passenger,06A060,2025-11-10T06:21:52Z,2025-11-10T09:16:55Z,True
3d0a578c,RJ433,RJA433,RJA,RJA,E290,JY-RED,OJAI,AMM,2025-11-10T07:18:06Z,08R,OSAP,ALP,OSAP,ALP,2025-11-10T08:12:00Z,,3234.0,571.015,491.343,Passenger,7448A4,2025-11-10T07:17:35Z,2025-11-10T08:06:27Z,True
3d0a9310,RJ434,RJA434,RJA,RJA,E290,JY-RED,OSAP,ALP,2025-11-10T09:19:24Z,,OJAI,AMM,OJAI,AMM,2025-11-10T10:16:33Z,08L,3429.0,625.264,501.756,Passenger,7448A4,2025-11-10T09:21:39Z,2025-11-10T10:17:03Z,True
3d0a9665,TK845,THY845,THY,THY,B739,TC-JYB,OSAP,ALP,2025-11-10T09:25:59Z,,LTFM,IST,LTFM,IST,2025-11-10T10:58:42Z,35R,5563.0,1040.49,932.369,Passenger,4BAB22,2025-11-10T09:27:59Z,2025-11-10T11:09:32Z,True
3d0aa5ab,TCJ17,TCJ17,,TCJ,BTB2,TC-J19,OSAP,ALP,,,,,,,,,,818.556,204.411,Military_and_government,4B8339,2025-11-10T09:57:35Z,2025-11-10T21:01:22Z,True
3d0aa61a,TK840,THY840,THY,THY,B739,TC-JYC,LTFM,IST,2025-11-10T10:34:37Z,36,OSAP,ALP,OSAP,ALP,2025-11-10T12:01:16Z,,5199.0,1067.0,921.128,Passenger,4BAB23,2025-11-10T09:58:18Z,2025-11-10T11:56:11Z,True
3d0ac611,RB444,SYR444,SYR,SYR,A320,YK-AKG,LTFM,IST,2025-11-10T11:11:46Z,35L,OSAP,ALP,OSAP,ALP,2025-11-10T12:37:34Z,,5148.0,1067.35,936.001,Passenger,778567,2025-11-10T10:58:19Z,2025-11-10T12:34:36Z,True
3d0acbcc,QR415,QTR415,QTR,QTR,A333,A7-AEN,OSAP,ALP,2025-11-10T11:06:33Z,,OTHH,DOH,OTHH,DOH,2025-11-10T13:34:17Z,34R,8864.0,2129.63,1833.9,Passenger,06A060,2025-11-10T11:07:54Z,2025-11-10T13:41:57Z,True
3d0b49dc,RB445,SYR445,SYR,SYR,A320,YK-AKG,OSAP,ALP,2025-11-10T14:07:04Z,,LTFM,IST,LTFM,IST,2025-11-10T15:35:22Z,35R,5298.0,1021.5,921.645,Passenger,778567,2025-11-10T14:08:46Z,2025-11-10T15:49:37Z,True
3d0b5290,TK841,THY841,THY,THY,B739,TC-JYC,OSAP,ALP,2025-11-10T14:18:17Z,,LTFM,IST,LTFM,IST,2025-11-10T15:46:18Z,35R,5281.0,1610.47,931.005,Passenger,4BAB23,2025-11-10T14:19:32Z,2025-11-10T15:54:52Z,True
3d0bb2ed,,7,,,T134,YK-AYB,OSAP,ALP,,,OSDI,DAM,OSDI,DAM,2025-11-10T17:02:54Z,,,467.447,249.592,,778722,2025-11-10T16:21:04Z,2025-11-10T16:49:32Z,True
3d0c9151,FCY761,FYC761,FYC,FYC,A320,YK-BAB,OSAP,ALP,,,OMSJ,SHJ,OMSJ,SHJ,2025-11-11T00:09:13Z,30,,2268.95,2092.31,Passenger,778822,2025-11-10T21:27:26Z,2025-11-11T00:13:00Z,True
3d0d2d6e,,FYC762,FYC,,A320,YK-BAB,OMSJ,SHJ,2025-11-11T01:33:58Z,30,OSAP,ALP,OSAP,ALP,2025-11-11T04:35:01Z,,10863.0,2246.51,2108.72,Passenger,778822,2025-11-11T01:27:54Z,2025-11-11T04:31:26Z,True
3d0d6262,VF340,TKJ340,TKJ,TKJ,B738,TC-JHA,LTFJ,SAW,2025-11-11T03:21:11Z,24R,OSAP,ALP,OSAP,ALP,2025-11-11T04:44:38Z,,5007.0,955.4,875.539,Passenger,4BA901,2025-11-11T03:08:07Z,2025-11-11T04:40:16Z,True
3d0d7600,RJ431,RJA431,RJA,RJA,A20N,JY-RAB,OJAI,AMM,2025-11-11T04:04:08Z,08R,OSAP,ALP,OSAP,ALP,2025-11-11T04:55:30Z,,3082.0,583.398,509.149,Passenger,744822,2025-11-11T03:50:54Z,2025-11-11T04:52:17Z,True
3d0d91a8,TK844,THY844,THY,THY,B739,TC-JYB,LTFM,IST,2025-11-11T05:47:33Z,17R,OSAP,ALP,OSAP,ALP,,,,971.017,908.072,Passenger,4BAB22,2025-11-11T04:55:20Z,2025-11-11T07:03:16Z,True
3d0db041,RJ432,RJA432,RJA,RJA,A20N,JY-RAB,OSAP,ALP,2025-11-11T05:58:41Z,,OJAI,AMM,OJAI,AMM,2025-11-11T06:57:21Z,08L,3520.0,619.984,503.826,Passenger,744822,2025-11-11T06:01:19Z,2025-11-11T07:02:10Z,True
3d0db5de,VF341,TKJ341,TKJ,TKJ,B738,TC-JHA,OSAP,ALP,2025-11-11T06:09:15Z,,LTFJ,SAW,LTFJ,SAW,2025-11-11T07:40:31Z,24L,5476.0,1001.97,856.224,Passenger,4BA901,2025-11-11T06:13:39Z,2025-11-11T07:49:37Z,True
3d0e1f3a,TK845,THY845,THY,THY,B739,TC-JYB,OSAP,ALP,2025-11-11T09:51:49Z,,LTFM,IST,LTFM,IST,2025-11-11T11:30:22Z,17L,5913.0,1108.03,926.486,Passenger,4BAB22,2025-11-11T09:53:53Z,2025-11-11T11:42:52Z,True
3d0f605f,RB390,SYR390,SYR,SYR,A320,YK-AKG,OERK,RUH,2025-11-11T17:44:54Z,33L,OSAP,ALP,OSAP,ALP,2025-11-11T20:00:01Z,27R,8107.0,1660.06,1534.83,Passenger,778567,2025-11-11T17:29:14Z,2025-11-11T19:57:03Z,True
3d10d919,VF340,TKJ340,TKJ,TKJ,B738,TC-JHC,LTFJ,SAW,2025-11-12T03:27:37Z,06L,OSAP,ALP,OSAP,ALP,,,,993.279,844.263,Passenger,4BA903,2025-11-12T02:49:10Z,2025-11-12T04:34:14Z,True
3d10fadf,RJ431,RJA431,RJA,RJA,E290,JY-REC,OJAI,AMM,2025-11-12T04:14:39Z,26L,OSAP,ALP,OSAP,ALP,2025-11-12T05:10:00Z,,3321.0,546.407,447.753,Passenger,7448A3,2025-11-12T04:01:04Z,2025-11-12T05:00:19Z,True
3d111026,TK844,THY844,THY,THY,B739,TC-JYB,LTFM,IST,2025-11-12T05:27:53Z,36,OSAP,ALP,OSAP,ALP,,,,1017.98,911.71,Passenger,4BAB22,2025-11-12T04:52:10Z,2025-11-12T06:43:12Z,True
3d1133f1,RJ432,RJA432,RJA,RJA,E290,JY-REC,OSAP,ALP,,,OJAI,AMM,OJAI,AMM,2025-11-12T07:02:22Z,26L,,575.824,488.829,Passenger,7448A3,2025-11-12T06:11:10Z,2025-11-12T07:03:30Z,True
3d11366e,VF341,TKJ341,TKJ,TKJ,B738,TC-JHC,OSAP,ALP,,,LTFJ,SAW,LTFJ,SAW,2025-11-12T07:36:53Z,06R,,932.043,848.534,Passenger,4BA903,2025-11-12T06:16:22Z,2025-11-12T07:46:17Z,True
3d1153ec,RB389,SYR389,SYR,SYR,A320,YK-AKG,OSAP,ALP,,,OERK,RUH,OERK,RUH,2025-11-12T09:24:02Z,33L,,1658.3,1505.99,Passenger,778567,2025-11-12T07:21:42Z,2025-11-12T09:30:03Z,True
3d11864b,TK845,THY845,THY,THY,B739,TC-JYB,OSAP,ALP,,,LTFM,IST,LTFM,IST,2025-11-12T10:40:54Z,35R,,1070.58,897.088,Passenger,4BAB22,2025-11-12T09:04:30Z,2025-11-12T10:46:02Z,True
3d11a181,TK840,THY840,THY,THY,B739,TC-JYF,LTFM,IST,2025-11-12T10:24:14Z,36,OSAP,ALP,OSAP,ALP,2025-11-12T11:59:42Z,,5728.0,1103.51,907.78,Passenger,4BAB26,2025-11-12T09:54:22Z,2025-11-12T11:50:29Z,True
3d125a53,TK841,THY841,THY,THY,B739,TC-JYF,OSAP,ALP,2025-11-12T14:12:45Z,,LTFM,IST,LTFM,IST,2025-11-12T15:45:38Z,35R,5573.0,1030.43,921.767,Passenger,4BAB26,2025-11-12T14:14:52Z,2025-11-12T15:58:13Z,True
3d13b4de,FCY761,FYC761,FYC,FYC,A320,YK-BAB,OSAP,ALP,2025-11-12T21:02:02Z,,OMSJ,SHJ,OMSJ,SHJ,2025-11-12T23:48:12Z,30,9970.0,2299.4,2121.23,Passenger,778822,2025-11-12T21:04:56Z,2025-11-12T23:54:24Z,True
3d146145,FCY762,FYC762,FYC,FYC,A320,YK-BAB,OMSJ,SHJ,2025-11-13T01:08:17Z,30,OSAP,ALP,OSAP,ALP,2025-11-13T04:05:50Z,,10653.0,2261.77,2110.67,Passenger,778822,2025-11-13T00:59:34Z,2025-11-13T04:03:07Z,True
3d14befb,VF340,TKJ340,TKJ,TKJ,B738,TC-JFT,LTFJ,SAW,2025-11-13T04:23:09Z,06L,OSAP,ALP,OSAP,ALP,,,,929.469,866.526,Passenger,4BA8D4,2025-11-13T03:52:41Z,2025-11-13T05:35:03Z,True
3d14c153,RJ431,RJA431,RJA,RJA,E295,JY-REB,OJAI,AMM,2025-11-13T03:58:21Z,08R,OSAP,ALP,OSAP,ALP,2025-11-13T04:52:57Z,,3276.0,582.499,510.105,Passenger,7448A2,2025-11-13T03:55:44Z,2025-11-13T04:49:26Z,True
3d14daab,TK844,THY844,THY,THY,B739,TC-JYC,LTFM,IST,2025-11-13T05:31:07Z,34L,OSAP,ALP,OSAP,ALP,2025-11-13T07:06:32Z,,5725.0,1110.27,919.987,Passenger,4BAB23,2025-11-13T04:52:56Z,2025-11-13T07:00:51Z,True
3d14fda2,RJ432,RJA432,RJA,RJA,E295,JY-REB,OSAP,ALP,,,OJAI,AMM,OJAI,AMM,2025-11-13T07:08:21Z,08L,,676.751,516.267,Passenger,7448A2,2025-11-13T06:06:38Z,2025-11-13T07:08:35Z,True
3d15031d,QR414,QTR414,QTR,QTR,A333,A7-AEE,OTHH,DOH,2025-11-13T06:38:00Z,34L,OSAP,ALP,OSAP,ALP,2025-11-13T09:17:35Z,,9575.0,2013.94,1818.62,Passenger,06A03E,2025-11-13T06:18:02Z,2025-11-13T09:14:05Z,True
3d15056e,FCY487,FYC487,FYC,FYC,A320,YK-BAB,OSAP,ALP,,,LTDB,COV,LTDB,COV,2025-11-13T06:47:53Z,21R,,247.883,203.116,Passenger,778822,2025-11-13T06:23:06Z,2025-11-13T06:47:53Z,True
3d1511ed,VF341,TKJ341,TKJ,TKJ,B738,TC-JFT,OSAP,ALP,2025-11-13T06:48:03Z,,LTFJ,SAW,LTFJ,SAW,2025-11-13T08:16:01Z,06R,5278.0,995.243,871.115,Passenger,4BA8D4,2025-11-13T06:50:37Z,2025-11-13T08:25:38Z,True
3d1521a7,RJ433,RJA433,RJA,RJA,E295,JY-REF,OJAI,AMM,2025-11-13T07:24:49Z,08R,OSAP,ALP,OJAI,AMM,2025-11-13T09:21:49Z,26L,7020.0,1209.02,1.0453,Passenger,7448A6,2025-11-13T07:23:59Z,2025-11-13T09:22:21Z,True
3d155f5d,TK845,THY845,THY,THY,B739,TC-JYC,OSAP,ALP,2025-11-13T09:21:04Z,,LTFM,IST,LTFM,IST,2025-11-13T10:52:36Z,35R,5492.0,1012.23,931.64,Passenger,4BAB23,2025-11-13T09:22:51Z,2025-11-13T11:07:38Z,True
3d15c82f,QR415,QTR415,QTR,QTR,A333,A7-AEE,OSAP,ALP,2025-11-13T12:06:58Z,,OTHH,DOH,OTHH,DOH,2025-11-13T15:00:03Z,16R,10385.0,2274.83,1823.1,Passenger,06A03E,2025-11-13T12:08:31Z,2025-11-13T15:03:35Z,True
3d170c70,RB382,SYR382,SYR,SYR,A320,YK-AKG,OEJN,JED,2025-11-13T18:14:39Z,16C,OSAP,ALP,OSAP,ALP,2025-11-13T20:19:15Z,,7476.0,1721.21,1615.67,Passenger,778567,2025-11-13T18:02:21Z,2025-11-13T20:15:40Z,True
3d18a6a4,VF340,TKJ340,TKJ,TKJ,B738,TC-JHC,LTFJ,SAW,2025-11-14T03:17:26Z,06L,OSAP,ALP,OSAP,ALP,,,,994.886,842.001,Passenger,4BA903,2025-11-14T03:05:48Z,2025-11-14T04:30:16Z,True
3d18c0bc,RJ431,RJA431,RJA,RJA,A20N,JY-RAB,OJAI,AMM,2025-11-14T04:12:12Z,26L,OSAP,ALP,OSAP,ALP,2025-11-14T05:06:38Z,,3266.0,601.715,509.657,Passenger,744822,2025-11-14T04:00:19Z,2025-11-14T05:02:55Z,True
3d18d829,TK844,THY844,THY,THY,B739,TC-JYC,LTFM,IST,2025-11-14T05:20:56Z,36,OSAP,ALP,OSAP,ALP,,,,1170.17,880.166,Passenger,4BAB23,2025-11-14T04:53:01Z,2025-11-14T06:35:34Z,True
3d18fd59,RJ432,RJA432,RJA,RJA,A20N,JY-RAB,OSAP,ALP,,,OJAI,AMM,OJAI,AMM,2025-11-14T07:04:37Z,26L,,561.237,487.174,Passenger,744822,2025-11-14T06:12:32Z,2025-11-14T07:09:19Z,True
3d1902c1,VF341,TKJ341,TKJ,TKJ,B738,TC-JHC,OSAP,ALP,,,LTFJ,SAW,LTFJ,SAW,2025-11-14T07:49:25Z,06R,,1053.62,855.049,Passenger,4BA903,2025-11-14T06:23:54Z,2025-11-14T08:00:43Z,True
3d191dc6,RJ433,RJA433,RJA,RJA,E290,JY-RED,OJAI,AMM,2025-11-14T07:22:32Z,26L,OSAP,ALP,OSAP,ALP,,,,550.418,464.145,Passenger,7448A4,2025-11-14T07:21:50Z,2025-11-14T08:03:45Z,True
3d192093,FYC526,FYC526,,,A320,YK-BAB,ORER,EBL,,,OSAP,ALP,OSAP,ALP,,,,783.003,551.96,Passenger,778822,2025-11-14T07:27:45Z,2025-11-14T08:30:45Z,True
3d19215e,RB381,SYR381,SYR,SYR,A320,YK-AKG,OSAP,ALP,,,OEJN,JED,OEJN,JED,2025-11-14T09:44:26Z,16R,,1605.4,1576.8,Passenger,778567,2025-11-14T07:29:28Z,2025-11-14T09:45:46Z,True
3d195849,TK845,THY845,THY,THY,B739,TC-JYC,OSAP,ALP,,,LTFM,IST,LTFM,IST,2025-11-14T10:48:57Z,35R,,1035.94,915.444,Passenger,4BAB23,2025-11-14T09:18:36Z,2025-11-14T11:09:03Z,True
3d195df1,RJ434,RJA434,RJA,RJA,E290,JY-RED,OSAP,ALP,,,OJAI,AMM,OJAI,AMM,2025-11-14T10:22:30Z,26L,,567.153,469.196,Passenger,7448A4,2025-11-14T09:28:46Z,2025-11-14T10:25:31Z,True
3d196a7b,FYC525,FYC525,,,A320,YK-BAB,OSAP,ALP,,,ORER,EBL,ORER,EBL,,,,916.003,578.991,Passenger,778822,2025-11-14T09:52:30Z,2025-11-14T10:55:35Z,True
3d1c9144,VF340,TKJ340,TKJ,TKJ,B738,TC-JHC,LTFJ,SAW,2025-11-15T03:21:24Z,06L,OSAP,ALP,OSAP,ALP,,,,3519.18,1348.83,Passenger,4BA903,2025-11-15T03:08:06Z,2025-11-15T04:30:34Z,True
3d1ca93d,RJ431,RJA431,RJA,RJA,E290,JY-RED,OJAI,AMM,2025-11-15T04:04:44Z,26L,OSAP,ALP,OSAP,ALP,2025-11-15T05:04:31Z,,3587.0,607.872,508.42,Passenger,7448A4,2025-11-15T04:03:42Z,2025-11-15T05:01:05Z,True
3d1cdc6b,RJ432,RJA432,RJA,RJA,E290,JY-RED,OSAP,ALP,2025-11-15T06:04:58Z,,OJAI,AMM,OJAI,AMM,2025-11-15T07:04:27Z,26L,3569.0,578.64,500.496,Passenger,7448A4,2025-11-15T06:07:56Z,2025-11-15T07:04:29Z,True
3d1ce20a,TK844,THY844,THY,THY,B739,TC-JYF,LTFM,IST,2025-11-15T06:55:21Z,35L,OSAP,ALP,OSAP,ALP,,,,2065.09,1339.3,Passenger,4BAB26,2025-11-15T06:20:40Z,2025-11-15T08:12:57Z,True
3d1ce2a8,VF341,TKJ341,TKJ,TKJ,B738,TC-JHC,OSAP,ALP,2025-11-15T06:20:33Z,,LTFJ,SAW,LTFJ,SAW,2025-11-15T07:45:50Z,06R,5117.0,984.84,860.063,Passenger,4BA903,2025-11-15T06:22:21Z,2025-11-15T07:56:51Z,True
3d1cf539,RB515,SYR515,SYR,SYR,A320,YK-AKH,OSAP,ALP,2025-11-15T07:07:12Z,,OMDB,DXB,OMDB,DXB,2025-11-15T09:56:21Z,30L,10149.0,2321.38,2117.67,Passenger,778568,2025-11-15T07:08:33Z,2025-11-15T09:56:48Z,True
3d1d0376,RJ433,RJA433,RJA,RJA,E290,JY-REE,OJAI,AMM,2025-11-15T07:45:03Z,26R,OSAP,ALP,OSAP,ALP,2025-11-15T08:43:50Z,,3527.0,617.73,507.978,Passenger,7448A5,2025-11-15T07:44:12Z,2025-11-15T08:40:04Z,True
3d1d3ec5,RJ434,RJA434,RJA,RJA,E290,JY-REE,OSAP,ALP,2025-11-15T09:45:30Z,,OJAI,AMM,OJAI,AMM,2025-11-15T10:54:08Z,26L,4118.0,692.544,506.689,Passenger,7448A5,2025-11-15T09:48:10Z,2025-11-15T10:54:11Z,True
3d1d4033,TK845,THY845,THY,THY,B739,TC-JYF,OSAP,ALP,2025-11-15T09:48:45Z,,LTFM,IST,LTFM,IST,2025-11-15T11:16:44Z,35R,5279.0,1047.33,919.557,Passenger,4BAB26,2025-11-15T09:50:58Z,2025-11-15T11:43:02Z,True
3d1d4a22,TK840,THY840,THY,THY,B739,TC-JYB,LTFM,IST,2025-11-15T10:24:47Z,36,OSAP,ALP,OSAP,ALP,2025-11-15T11:59:45Z,,5698.0,2080.48,937.34,Passenger,4BAB22,2025-11-15T10:11:35Z,2025-11-15T11:55:57Z,True
3d1d642b,FYC762,FYC762,,,A320,YK-BAA,OMSJ,SHJ,2025-11-15T11:03:54Z,30,OSAP,ALP,OSAP,ALP,2025-11-15T14:06:33Z,,10959.0,2237.63,2107.48,Passenger,778821,2025-11-15T11:02:17Z,2025-11-15T14:02:47Z,True
3d1de522,TK841,THY841,THY,THY,B739,TC-JYB,OSAP,ALP,2025-11-15T14:10:13Z,09L,LTFM,IST,LTFM,IST,2025-11-15T15:40:16Z,35R,5403.0,2265.86,916.945,Passenger,4BAB22,2025-11-15T14:15:49Z,2025-11-15T15:50:06Z,True
3d1f0cec,FYC761,FYC761,,,A320,YK-BAA,OSAP,ALP,2025-11-15T21:09:52Z,,OMSJ,SHJ,OMSJ,SHJ,2025-11-15T23:58:44Z,30,10132.0,2294.04,2119.28,Passenger,778821,2025-11-15T21:13:34Z,2025-11-16T00:10:02Z,True
3d1fc2d2,VF340,TKJ340,TKJ,TKJ,B738,TC-JHA,LTFJ,SAW,2025-11-16T03:33:37Z,06L,OSAP,ALP,OSAP,ALP,,,,3700.53,1373.52,Passenger,4BA901,2025-11-16T03:20:44Z,2025-11-16T04:37:31Z,True
3d1fcfec,RJ431,RJA431,RJA,RJA,A20N,JY-RAD,OJAI,AMM,2025-11-16T04:07:17Z,26L,OSAP,ALP,OSAP,ALP,,,,552.923,432.034,Passenger,744824,2025-11-16T03:54:48Z,2025-11-16T04:52:50Z,True
3d1fe486,TK844,THY844,THY,THY,B739,TC-JYB,LTFM,IST,2025-11-16T05:35:54Z,17R,OSAP,ALP,OSAP,ALP,,,,1746.18,1479.5,Passenger,4BAB22,2025-11-16T04:50:49Z,2025-11-16T06:50:46Z,True
3d20063c,RJ432,RJA432,RJA,RJA,A20N,JY-RAD,OSAP,ALP,2025-11-16T06:12:53Z,,OJAI,AMM,OJAI,AMM,2025-11-16T07:04:45Z,26L,3112.0,579.264,504.744,Passenger,744824,2025-11-16T06:14:43Z,2025-11-16T07:57:24Z,True
3d2008f4,VF341,TKJ341,TKJ,TKJ,B738,TC-JHA,OSAP,ALP,2025-11-16T06:17:55Z,,LTFJ,SAW,LTFJ,SAW,2025-11-16T07:47:57Z,24L,5402.0,1847.55,853.85,Passenger,4BA901,2025-11-16T06:21:37Z,2025-11-16T08:06:31Z,True
3d2009f8,QR414,QTR414,QTR,QTR,A333,A7-AEN,OTHH,DOH,2025-11-16T06:39:59Z,34L,OSAP,ALP,OSAP,ALP,2025-11-16T09:27:19Z,,10040.0,2025.78,1821.19,Passenger,06A060,2025-11-16T06:24:24Z,2025-11-16T09:24:16Z,True
3d2021e9,RJ433,RJA433,RJA,RJA,E295,JY-REA,OJAI,AMM,2025-11-16T07:25:53Z,26L,OSAP,ALP,OSAP,ALP,2025-11-16T08:26:47Z,,3654.0,601.407,509.05,Passenger,7448A1,2025-11-16T07:25:53Z,2025-11-16T08:23:19Z,True
3d203115,RB341,SYR341,SYR,SYR,A320,YK-AKG,OSAP,ALP,2025-11-16T08:04:11Z,,OKKK,KWI,OKKK,KWI,2025-11-16T09:54:32Z,16,6621.0,1462.1,1269.55,Passenger,778567,2025-11-16T08:05:33Z,2025-11-16T10:07:33Z,True
3d2055f8,TK845,THY845,THY,THY,B739,TC-JYB,OSAP,ALP,2025-11-16T09:32:21Z,,LTFM,IST,LTFM,IST,2025-11-16T11:11:41Z,17L,5960.0,1086.03,921.055,Passenger,4BAB22,2025-11-16T09:33:53Z,2025-11-16T11:22:41Z,True
3d2056b8,RJ434,RJA434,RJA,RJA,E295,JY-REA,OSAP,ALP,2025-11-16T09:35:13Z,,OJAI,AMM,OJAI,AMM,2025-11-16T10:28:23Z,26L,3190.0,586.108,505.544,Passenger,7448A1,2025-11-16T09:36:05Z,2025-11-16T10:28:23Z,True
3d2081d3,QR415,QTR415,QTR,QTR,A333,A7-AEN,OSAP,ALP,2025-11-16T11:05:31Z,,OTHH,DOH,OTHH,DOH,2025-11-16T13:43:29Z,16R,9478.0,2180.84,1833.12,Passenger,06A060,2025-11-16T11:06:51Z,2025-11-16T13:46:43Z,True
3d22e08e,VF340,TKJ340,TKJ,TKJ,B738,TC-JHA,LTFJ,SAW,2025-11-17T05:34:02Z,24R,OSAP,ALP,OSAP,ALP,,,,889.761,833.136,Passenger,4BA901,2025-11-17T04:22:07Z,2025-11-17T06:40:13Z,True
3d22ecbf,TK844,THY844,THY,THY,B739,TC-JYF,LTFM,IST,2025-11-17T05:20:16Z,17R,OSAP,ALP,OSAP,ALP,,,,894.346,837.836,Passenger,4BAB26,2025-11-17T04:51:43Z,2025-11-17T06:25:27Z,True
3d22f223,RJ431,RJA431,RJA,RJA,A20N,JY-RAE,OJAI,AMM,2025-11-17T05:10:45Z,08R,OSAP,ALP,OSAP,ALP,2025-11-17T06:08:38Z,27L,3473.0,595.831,508.335,Passenger,744825,2025-11-17T05:02:59Z,2025-11-17T06:06:25Z,True
3d2314f3,QR414,QTR414,QTR,QTR,A333,A7-AEJ,OTHH,DOH,2025-11-17T06:39:31Z,34L,OSAP,ALP,OSAP,ALP,2025-11-17T09:25:42Z,,9971.0,2004.95,1821.4,Passenger,06A04C,2025-11-17T06:18:08Z,2025-11-17T09:22:54Z,True
3d2324e8,RJ432,RJA432,RJA,RJA,A20N,JY-RAE,OSAP,ALP,2025-11-17T06:53:35Z,,OJAI,AMM,OJAI,AMM,2025-11-17T07:49:27Z,08L,3352.0,609.801,506.816,Passenger,744825,2025-11-17T06:54:30Z,2025-11-17T07:52:34Z,True
3d234c2f,VF341,TKJ341,TKJ,TKJ,B738,TC-JHA,OSAP,ALP,2025-11-17T08:17:35Z,,LTFJ,SAW,LTFJ,SAW,2025-11-17T09:45:32Z,24L,5277.0,2956.52,860.079,Passenger,4BA901,2025-11-17T08:18:32Z,2025-11-17T09:56:49Z,True
3d2351ec,,UNO501H,IGC,UNO,CRJ2,YI-BAK,OSDI,DAM,2025-11-17T08:27:13Z,,OSAP,ALP,OSAP,ALP,2025-11-17T09:09:34Z,27R,2541.0,412.651,324.505,Business_jets,72882B,2025-11-17T08:31:16Z,2025-11-17T09:06:55Z,True
3d2369db,TK845,THY845,THY,THY,B739,TC-JYF,OSAP,ALP,2025-11-17T09:18:49Z,,LTFM,IST,LTFM,IST,2025-11-17T11:02:02Z,17L,6193.0,1126.44,921.386,Passenger,4BAB26,2025-11-17T09:20:14Z,2025-11-17T11:10:13Z,True
3d236ee4,,UNO501H,IGC,UNO,CRJ2,YI-BAK,OSAP,ALP,2025-11-17T09:29:00Z,,OSDI,DAM,OSDI,DAM,2025-11-17T10:13:41Z,,2681.0,403.724,317.6,Business_jets,72882B,2025-11-17T09:30:35Z,2025-11-17T10:05:21Z,True
3d237ecf,TK840,THY840,THY,THY,B739,TC-JYI,LTFM,IST,2025-11-17T10:32:20Z,18,OSAP,ALP,OSAP,ALP,2025-11-17T12:06:38Z,,5658.0,1061.13,921.474,Passenger,4BAB29,2025-11-17T10:01:30Z,2025-11-17T12:03:22Z,True
3d23a629,RB444,SYR444,SYR,SYR,A320,YK-AKG,LTFM,IST,2025-11-17T11:53:43Z,18,OSAP,ALP,OSAP,ALP,2025-11-17T13:20:45Z,,5222.0,1082.91,935.952,Passenger,778567,2025-11-17T11:14:25Z,2025-11-17T13:17:57Z,True
3d23cd77,QR415,QTR415,QTR,QTR,A333,A7-AEJ,OSAP,ALP,2025-11-17T12:16:28Z,,OTHH,DOH,OTHH,DOH,2025-11-17T14:55:38Z,34L,9550.0,2144.46,1823.92,Passenger,06A04C,2025-11-17T12:17:32Z,2025-11-17T15:02:29Z,True
3d243172,TK841,THY841,THY,THY,B739,TC-JYI,OSAP,ALP,2025-11-17T14:27:08Z,,LTFM,IST,LTFM,IST,2025-11-17T16:09:05Z,17L,6117.0,1116.86,932.516,Passenger,4BAB29,2025-11-17T14:28:43Z,2025-11-17T16:14:43Z,True
3d244563,RB445,SYR445,SYR,SYR,A320,YK-AKG,OSAP,ALP,2025-11-17T14:51:43Z,,LTFM,IST,LTFM,IST,2025-11-17T16:31:10Z,17L,5967.0,1107.13,922.175,Passenger,778567,2025-11-17T14:52:42Z,2025-11-17T16:40:02Z,True
3d24bca3,FYC488,FYC488,FYC,FYC,A320,YK-BAA,LTDB,COV,2025-11-17T17:28:37Z,03R,OSAP,ALP,OSAP,ALP,,,,246.916,208.829,Passenger,778821,2025-11-17T17:21:19Z,2025-11-17T17:49:07Z,True
3d25687e,FYC761,FYC761,FYC,FYC,A320,YK-BAA,OSAP,ALP,,,OMSJ,SHJ,OMSJ,SHJ,2025-11-18T00:04:03Z,30,,2313.61,2124.21,Passenger,778821,2025-11-17T21:11:41Z,2025-11-18T00:07:46Z,True
3d260a4f,FYC762,FYC762,FYC,FYC,A320,YK-BAA,OMSJ,SHJ,2025-11-18T01:19:43Z,30,OSAP,ALP,OSAP,ALP,2025-11-18T04:19:12Z,,10769.0,2260.31,2112.53,Passenger,778821,2025-11-18T01:17:06Z,2025-11-18T04:16:33Z,True
3d263ebd,RJ431,RJA431,RJA,RJA,A20N,JY-RAL,OJAI,AMM,2025-11-18T05:23:57Z,08L,OSAP,ALP,OSAP,ALP,2025-11-18T06:16:55Z,27L,3178.0,587.495,508.128,Passenger,74482C,2025-11-18T02:59:07Z,2025-11-18T06:14:24Z,True
3d2680a3,TK844,THY844,THY,THY,B739,TC-JYB,LTFM,IST,2025-11-18T06:15:38Z,17R,OSAP,ALP,OSAP,ALP,2025-11-18T07:51:57Z,,5779.0,1054.54,936.563,Passenger,4BAB22,2025-11-18T05:29:18Z,2025-11-18T07:49:07Z,True
3d26841d,FYC525,FYC525,FYC,FYC,A320,YK-BAA,OSAP,ALP,2025-11-18T05:36:24Z,,ORER,EBL,ORER,EBL,2025-11-18T06:58:36Z,,4932.0,1000.91,609.062,Passenger,778821,2025-11-18T05:37:06Z,2025-11-18T06:54:23Z,True
3d2698a2,VF340,TKJ340,TKJ,TKJ,B738,TC-JFH,LTFJ,SAW,2025-11-18T06:56:42Z,24R,OSAP,ALP,OSAP,ALP,2025-11-18T08:24:26Z,,5264.0,1019.73,857.103,Passenger,4BA8C8,2025-11-18T06:22:16Z,2025-11-18T08:20:25Z,True
3d26aa98,RJ432,RJA432,RJA,RJA,A20N,JY-RAL,OSAP,ALP,2025-11-18T07:02:21Z,,OJAI,AMM,OJAI,AMM,2025-11-18T07:56:09Z,08L,3228.0,615.119,507.091,Passenger,74482C,2025-11-18T07:03:16Z,2025-11-18T07:59:37Z,True
3d2703f4,TK845,THY845,THY,THY,B739,TC-JYB,OSAP,ALP,2025-11-18T09:34:54Z,,LTFM,IST,LTFM,IST,2025-11-18T11:15:35Z,17L,6041.0,1088.74,931.57,Passenger,4BAB22,2025-11-18T09:36:34Z,2025-11-18T11:27:42Z,True
3d270cd1,VF341,TKJ341,TKJ,TKJ,B738,TC-JFH,OSAP,ALP,2025-11-18T09:50:33Z,,LTFJ,SAW,LTFJ,SAW,2025-11-18T11:15:16Z,24R,5083.0,945.838,868.524,Passenger,4BA8C8,2025-11-18T09:51:54Z,2025-11-18T11:27:34Z,True
3d277b7a,,7,,,T134,YK-AYB,OSAP,ALP,,,,,,,,,,197.401,178.265,,778722,2025-11-18T12:40:51Z,2025-11-18T14:41:22Z,True
3d287f5d,RB390,SYR390,SYR,SYR,A320,YK-AKG,OERK,RUH,2025-11-18T17:44:08Z,33R,OSAP,ALP,OSAP,ALP,2025-11-18T19:57:56Z,27R,8028.0,1673.56,1535.05,Passenger,778567,2025-11-18T17:38:25Z,2025-11-18T19:55:32Z,True
3d2a262e,RJ431,RJA431,RJA,RJA,E295,JY-REF,OJAI,AMM,2025-11-19T04:09:31Z,08L,OSAP,ALP,OSAP,ALP,2025-11-19T05:05:36Z,,3365.0,588.343,500.567,Passenger,7448A6,2025-11-19T04:08:29Z,2025-11-19T05:00:29Z,True
3d2a3cc7,TK844,THY844,THY,THY,B739,TC-JYC,LTFM,IST,2025-11-19T05:43:07Z,17R,OSAP,ALP,OSAP,ALP,,,,1026.12,913.591,Passenger,4BAB23,2025-11-19T05:01:24Z,2025-11-19T06:58:22Z,True
3d2a483f,VF340,TKJ340,TKJ,TKJ,B738,TC-JFJ,LTFJ,SAW,2025-11-19T05:43:10Z,24R,OSAP,ALP,OSAP,ALP,2025-11-19T07:09:17Z,,5167.0,1016.23,874.849,Passenger,4BA8CA,2025-11-19T05:26:56Z,2025-11-19T07:05:59Z,True
3d2a5c51,RJ432,RJA432,RJA,RJA,E295,JY-REF,OSAP,ALP,2025-11-19T06:08:17Z,,OJAI,AMM,OJAI,AMM,2025-11-19T07:04:01Z,,3344.0,616.94,499.25,Passenger,7448A6,2025-11-19T06:10:52Z,2025-11-19T07:04:18Z,True
3d2a7af8,RB389,SYR389,SYR,SYR,A320,YK-AKG,OSAP,ALP,2025-11-19T07:15:00Z,,OERK,RUH,OERK,RUH,2025-11-19T09:21:27Z,33L,7587.0,1689.31,1540.2,Passenger,778567,2025-11-19T07:17:08Z,2025-11-19T09:26:01Z,True
3d2a9f1f,VF341,TKJ341,TKJ,TKJ,B738,TC-JFJ,OSAP,ALP,,,LTFJ,SAW,LTFJ,SAW,2025-11-19T09:49:41Z,24L,,896.732,850.28,Passenger,4BA8CA,2025-11-19T08:29:03Z,2025-11-19T09:57:21Z,True
3d2a9f31,,TCT378,,,BTB2,TC-T378,OSAP,ALP,,,LTAJ,GZT,LTAJ,GZT,2025-11-19T08:46:33Z,28,,49.4968,5.66478,Military_and_government,4B83B0,2025-11-19T08:29:27Z,2025-11-19T08:46:33Z,True
3d2ab7f1,TK845,THY845,THY,THY,B739,TC-JYC,OSAP,ALP,2025-11-19T09:13:45Z,,LTFM,IST,LTFM,IST,2025-11-19T10:54:21Z,17L,6036.0,1084.67,927.073,Passenger,4BAB23,2025-11-19T09:15:41Z,2025-11-19T11:16:02Z,True
3d2aca5f,TK840,THY840,THY,THY,B739,TC-JYB,LTFM,IST,2025-11-19T10:20:09Z,18,OSAP,ALP,OSAP,ALP,2025-11-19T11:42:43Z,,4954.0,1038.97,925.889,Passenger,4BAB22,2025-11-19T09:51:02Z,2025-11-19T11:38:27Z,True
3d2b710d,TK841,THY841,THY,THY,B739,TC-JYB,OSAP,ALP,2025-11-19T14:01:39Z,,LTFM,IST,LTFM,IST,2025-11-19T15:43:25Z,17L,6106.0,1095.97,929.953,Passenger,4BAB22,2025-11-19T14:03:26Z,2025-11-19T15:53:12Z,True
3d2bdd7c,FYC526,FYC526,FYC,FYC,A320,YK-BAC,ORER,EBL,2025-11-19T16:18:16Z,36,OSAP,ALP,OSAP,ALP,,,,981.265,591.59,Passenger,778823,2025-11-19T16:21:25Z,2025-11-19T17:41:07Z,True
3d2cd0ce,FYC761,FYC761,FYC,FYC,A320,YK-BAC,OSAP,ALP,2025-11-19T21:20:42Z,,OMSJ,SHJ,OMDW,DWC,2025-11-20T00:47:00Z,12,12378.0,2625.95,2126.98,Passenger,778823,2025-11-19T21:23:01Z,2025-11-20T00:49:58Z,True
3d2dc0d5,VF340,TKJ340,TKJ,TKJ,B738,TC-JFH,LTFJ,SAW,2025-11-20T03:37:51Z,24R,OSAP,ALP,OSAP,ALP,,,,880.127,825.115,Passenger,4BA8C8,2025-11-20T03:24:07Z,2025-11-20T04:41:56Z,True
3d2dde82,RJ431,RJA431,RJA,RJA,E290,JY-RED,OJAI,AMM,2025-11-20T04:28:37Z,08R,OSAP,ALP,OSAP,ALP,,,,586.17,505.841,Passenger,7448A4,2025-11-20T04:28:14Z,2025-11-20T05:21:16Z,True
3d2def92,TK844,THY844,THY,THY,B739,TC-JYF,LTFM,IST,2025-11-20T05:24:48Z,18,OSAP,ALP,OSAP,ALP,2025-11-20T06:59:14Z,,5666.0,1145.92,922.637,Passenger,4BAB26,2025-11-20T05:04:20Z,2025-11-20T06:54:37Z,True
3d2e1935,RJ432,RJA432,RJA,RJA,E290,JY-RED,OSAP,ALP,2025-11-20T06:27:47Z,,OJAI,AMM,OJAI,AMM,2025-11-20T07:23:20Z,08L,3333.0,633.838,508.063,Passenger,7448A4,2025-11-20T06:29:26Z,2025-11-20T07:23:30Z,True
3d2e1988,QR414,QTR414,QTR,QTR,A333,A7-AEN,OTHH,DOH,2025-11-20T06:42:25Z,34L,OSAP,ALP,OSAP,ALP,2025-11-20T09:25:44Z,,9799.0,2016.0,1819.75,Passenger,06A060,2025-11-20T06:29:56Z,2025-11-20T09:22:26Z,True
3d2e1ac5,VF341,TKJ341,TKJ,TKJ,B738,TC-JFH,OSAP,ALP,2025-11-20T06:30:56Z,,LTFJ,SAW,LTFJ,SAW,2025-11-20T07:54:49Z,24L,5033.0,942.229,873.168,Passenger,4BA8C8,2025-11-20T06:32:52Z,2025-11-20T08:05:34Z,True
3d2e3784,RJ433,RJA433,RJA,RJA,E295,JY-REG,OJAI,AMM,2025-11-20T07:28:26Z,08R,OSAP,ALP,OSAP,ALP,2025-11-20T08:23:06Z,,3280.0,595.68,509.775,Passenger,7448A7,2025-11-20T07:27:46Z,2025-11-20T08:19:51Z,True
3d2e6081,FYC762,FYC762,FYC,FYC,A320,YK-BAC,OMSJ,SHJ,2025-11-20T08:49:23Z,30,OSAP,ALP,OSAP,ALP,2025-11-20T11:48:25Z,,10742.0,2239.0,2107.87,Passenger,778823,2025-11-20T08:49:43Z,2025-11-20T11:44:24Z,True
3d2e6944,TK845,THY845,THY,THY,B739,TC-JYF,OSAP,ALP,2025-11-20T09:04:59Z,,LTFM,IST,LTFM,IST,2025-11-20T10:45:49Z,17L,6050.0,1088.4,933.074,Passenger,4BAB26,2025-11-20T09:06:56Z,2025-11-20T10:58:13Z,True
3d2e6cc2,,UNO501H,IGC,UNO,CRJ2,YI-BAK,OSDI,DAM,2025-11-20T09:09:22Z,,OSAP,ALP,OSAP,ALP,2025-11-20T09:53:39Z,,2657.0,961.109,187.452,Business_jets,72882B,2025-11-20T09:13:29Z,2025-11-20T10:40:51Z,True
3d2e7be4,RJ434,RJA434,RJA,RJA,E295,JY-REG,OSAP,ALP,2025-11-20T09:40:03Z,,OJAI,AMM,OJAI,AMM,2025-11-20T10:33:17Z,08L,3194.0,595.992,500.399,Passenger,7448A7,2025-11-20T09:42:41Z,2025-11-20T10:33:17Z,True
3d2eac0b,QR415,QTR415,QTR,QTR,A333,A7-AEN,OSAP,ALP,2025-11-20T11:04:03Z,09L,OTHH,DOH,OTHH,DOH,2025-11-20T13:42:24Z,34L,9501.0,2158.59,1820.76,Passenger,06A060,2025-11-20T11:08:37Z,2025-11-20T13:46:30Z,True
3d2ef9fb,FYC487,FYC487,FYC,FYC,A320,YK-BAC,OSAP,ALP,2025-11-20T13:04:40Z,,LTDB,COV,LTDB,COV,2025-11-20T13:44:01Z,03L,2361.0,347.541,212.503,Passenger,778823,2025-11-20T13:06:17Z,2025-11-20T13:44:01Z,True
3d301a64,RB382,SYR382,SYR,SYR,A320,YK-AKG,OEJN,JED,2025-11-20T19:21:33Z,34C,OSAP,ALP,OSAP,ALP,2025-11-20T21:32:39Z,,7866.0,1660.12,1615.25,Passenger,778567,2025-11-20T19:16:34Z,2025-11-20T21:29:21Z,True
3d315b37,VF340,TKJ340,TKJ,TKJ,B738,TC-JFJ,LTFJ,SAW,2025-11-21T03:19:09Z,24R,OSAP,ALP,OSAP,ALP,2025-11-21T04:48:49Z,,5380.0,965.73,875.095,Passenger,4BA8CA,2025-11-21T03:01:38Z,2025-11-21T04:45:31Z,True
3d3179b5,RJ431,RJA431,RJA,RJA,E295,JY-REG,OJAI,AMM,2025-11-21T04:08:27Z,08R,OSAP,ALP,OSAP,ALP,2025-11-21T04:59:38Z,,3071.0,530.696,465.323,Passenger,7448A7,2025-11-21T04:08:20Z,2025-11-21T04:51:46Z,True
3d318c4d,TK844,THY844,THY,THY,B739,TC-JYF,LTFM,IST,2025-11-21T05:24:54Z,17R,OSAP,ALP,OSAP,ALP,2025-11-21T07:01:35Z,,5801.0,1161.36,926.637,Passenger,4BAB26,2025-11-21T04:50:54Z,2025-11-21T06:57:13Z,True
3d31ac79,RJ432,RJA432,RJA,RJA,E295,JY-REG,OSAP,ALP,2025-11-21T05:55:57Z,,OJAI,AMM,OJAI,AMM,2025-11-21T06:51:48Z,08L,3351.0,629.52,500.809,Passenger,7448A7,2025-11-21T05:57:28Z,2025-11-21T06:51:53Z,True
3d31b80b,VF341,TKJ341,TKJ,TKJ,B738,TC-JFJ,OSAP,ALP,2025-11-21T06:18:53Z,,LTFJ,SAW,LTFJ,SAW,2025-11-21T07:45:07Z,24L,5174.0,971.198,859.303,Passenger,4BA8CA,2025-11-21T06:20:59Z,2025-11-21T07:59:57Z,True
3d31d714,FYC526,FYC526,FYC,FYC,A320,YK-BAA,ORER,EBL,,,OSAP,ALP,OSAP,ALP,2025-11-21T08:50:45Z,,,1042.14,573.737,Passenger,778821,2025-11-21T07:27:11Z,2025-11-21T08:47:40Z,True
3d31de3d,RJ433,RJA433,RJA,RJA,E290,JY-REC,OJAI,AMM,2025-11-21T07:44:45Z,08R,OSAP,ALP,OSAP,ALP,2025-11-21T08:42:56Z,,3491.0,572.806,496.292,Passenger,7448A3,2025-11-21T07:43:03Z,2025-11-21T08:38:53Z,True
3d31e680,,TCT379,,,BTB2,TC-T379,OSAP,ALP,,,,,,,,,,0.581442,0.537431,Military_and_government,4B83B1,2025-11-21T08:06:05Z,2025-11-21T08:06:19Z,True
3d31f6b9,RB381,SYR381,SYR,SYR,A320,YK-AKG,OSAP,ALP,2025-11-21T08:29:30Z,,OEJN,JED,OEJN,JED,2025-11-21T10:41:10Z,16R,7900.0,1644.79,1615.73,Passenger,778567,2025-11-21T08:30:58Z,2025-11-21T10:41:51Z,True
3d3206c2,TK845,THY845,THY,THY,B739,TC-JYF,OSAP,ALP,2025-11-21T08:51:49Z,,LTFM,IST,LTFM,IST,2025-11-21T10:25:47Z,,5638.0,1086.96,922.882,Passenger,4BAB26,2025-11-21T08:53:19Z,2025-11-21T10:37:08Z,True
3d322b21,RJ434,RJA434,RJA,RJA,E290,JY-REC,OSAP,ALP,2025-11-21T09:50:03Z,,OJAI,AMM,OJAI,AMM,2025-11-21T10:49:28Z,08L,3565.0,611.406,503.499,Passenger,7448A3,2025-11-21T09:52:05Z,2025-11-21T10:49:32Z,True
3d3247e8,FYC455,FYC455,FYC,FYC,A320,YK-BAA,OSAP,ALP,2025-11-21T10:40:29Z,,UDYZ,EVN,UDYZ,EVN,2025-11-21T11:46:25Z,08,3956.0,816.387,766.789,Passenger,778821,2025-11-21T10:42:52Z,2025-11-21T11:51:15Z,True
3d329b02,FYC456,FYC456,FYC,FYC,A320,YK-BAA,UDYZ,EVN,2025-11-21T13:30:35Z,26,OSAP,ALP,OSAP,ALP,2025-11-21T14:41:33Z,,4258.0,863.508,757.639,Passenger,778821,2025-11-21T13:08:39Z,2025-11-21T14:38:18Z,True
3d3327be,FYC525,FYC525,FYC,FYC,A320,YK-BAA,OSAP,ALP,2025-11-21T15:41:55Z,,ORER,EBL,ORER,EBL,2025-11-21T17:03:16Z,,4881.0,969.618,598.858,Passenger,778821,2025-11-21T15:43:39Z,2025-11-21T16:56:45Z,True
3d34786a,,T510,,,0000,,OSAP,ALP,,,,,,,,,,1.15877,1.15874,Other_service,323232,2025-11-21T22:53:31Z,2025-11-21T22:55:31Z,True
3d3514ef,VF340,TKJ340,TKJ,TKJ,B738,TC-JHA,LTFJ,SAW,2025-11-22T03:25:16Z,24R,OSAP,ALP,OSAP,ALP,,,,948.615,852.746,Passenger,4BA901,2025-11-22T02:56:20Z,2025-11-22T04:37:28Z,True
3d352eb3,RJ431,RJA431,RJA,RJA,A321,JY-AYT,OJAI,AMM,2025-11-22T04:09:09Z,08R,OSAP,ALP,OSAP,ALP,,,,503.384,434.261,Passenger,740734,2025-11-22T03:54:57Z,2025-11-22T04:47:55Z,True
3d3541f9,TK844,THY844,THY,THY,B739,TC-JYC,LTFM,IST,2025-11-22T05:34:09Z,17R,OSAP,ALP,OSAP,ALP,,,,1032.68,913.251,Passenger,4BAB23,2025-11-22T04:42:12Z,2025-11-22T06:52:53Z,True
3d356ad5,RJ432,RJA432,RJA,RJA,A321,JY-AYT,OSAP,ALP,,,OJAI,AMM,OJAI,AMM,2025-11-22T07:04:23Z,08L,,622.631,465.002,Passenger,740734,2025-11-22T06:12:11Z,2025-11-22T07:13:11Z,True
3d356b67,VF341,TKJ341,TKJ,TKJ,B738,TC-JHA,OSAP,ALP,,,LTFJ,SAW,LTFJ,SAW,2025-11-22T07:32:17Z,24L,,943.141,853.939,Passenger,4BA901,2025-11-22T06:13:29Z,2025-11-22T07:40:58Z,True
3d359724,TCJ14,BYKRSIM,,TCJ,0000,,OSAP,ALP,,,,,,,,,,8647.54,146.042,Other_service,323232,2025-11-22T08:10:45Z,2025-11-22T16:37:59Z,True
3d35a2a1,RB515,SYR515,SYR,SYR,A320,YK-AKH,OSAP,ALP,2025-11-22T08:28:33Z,,OMDB,DXB,OMDB,DXB,2025-11-22T11:21:47Z,30L,10394.0,2294.23,2114.6,Passenger,778568,2025-11-22T08:29:59Z,2025-11-22T11:30:21Z,True
3d35b230,TK845,THY845,THY,THY,B739,TC-JYC,OSAP,ALP,2025-11-22T09:01:52Z,,LTFM,IST,LTFM,IST,2025-11-22T10:46:07Z,17L,6255.0,1136.58,921.124,Passenger,4BAB23,2025-11-22T09:03:53Z,2025-11-22T10:53:42Z,True
3d35d7a3,TK840,THY840,THY,THY,B739,TC-JYF,LTFM,IST,2025-11-22T10:45:45Z,18,OSAP,ALP,OSAP,ALP,2025-11-22T12:15:28Z,,5383.0,1035.02,919.508,Passenger,4BAB26,2025-11-22T09:58:07Z,2025-11-22T12:11:30Z,True
3d35ed92,,,HVK,HVK,BTB2,TC-T39,OSAP,ALP,,,LTAJ,GZT,LTAJ,GZT,2025-11-22T20:49:04Z,,,2081.27,3.91327,Military_and_government,4B836D,2025-11-22T10:34:01Z,2025-11-22T20:33:57Z,True
3d35feeb,FYC762,FYC762,FYC,FYC,A320,YK-BAA,OMSJ,SHJ,2025-11-22T11:05:50Z,30,OSAP,ALP,OSAP,ALP,2025-11-22T13:56:54Z,,10264.0,2231.16,2107.46,Passenger,778821,2025-11-22T11:04:45Z,2025-11-22T13:53:30Z,True
3d36807a,TK841,THY841,THY,THY,B739,TC-JYF,OSAP,ALP,2025-11-22T14:16:49Z,,LTFM,IST,LTFM,IST,2025-11-22T16:00:22Z,17L,6213.0,1163.93,932.322,Passenger,4BAB26,2025-11-22T14:18:15Z,2025-11-22T16:12:16Z,True
3d36f0f7,TCJ14,TCJ14,,TCJ,0000,,OSAP,ALP,,,,,,,,,,686.536,58.1224,Other_service,323232,2025-11-22T16:38:21Z,2025-11-22T19:37:04Z,True
3d37aadd,RB342,SYR342,SYR,SYR,A320,YK-AKH,OKKK,KWI,2025-11-22T21:05:11Z,34,OSAP,ALP,OSAP,ALP,,,,1394.6,1256.39,Passenger,778568,2025-11-22T20:45:32Z,2025-11-22T22:47:41Z,True
3d37bb09,FYC761,FYC761,FYC,FYC,A320,YK-BAA,OSAP,ALP,2025-11-22T21:05:50Z,,OMSJ,SHJ,OMSJ,SHJ,2025-11-22T23:53:45Z,12,10075.0,2223.95,2111.61,Passenger,778821,2025-11-22T21:08:30Z,2025-11-22T23:53:45Z,True
3d388a49,VF340,TKJ340,TKJ,TKJ,B738,TC-JFJ,LTFJ,SAW,2025-11-23T03:33:14Z,24R,OSAP,ALP,OSAP,ALP,,,,1021.24,876.868,Passenger,4BA8CA,2025-11-23T03:19:50Z,2025-11-23T04:58:16Z,True
3d389ad2,RJ431,RJA431,RJA,RJA,E295,JY-REF,OJAI,AMM,2025-11-23T04:00:42Z,08R,OSAP,ALP,OSAP,ALP,,,,582.255,510.665,Passenger,7448A6,2025-11-23T04:00:22Z,2025-11-23T04:49:56Z,True
3d38b081,TK844,THY844,THY,THY,B739,TC-JYF,LTFM,IST,2025-11-23T05:35:20Z,17R,OSAP,ALP,OSAP,ALP,2025-11-23T07:13:21Z,,5881.0,1106.26,936.479,Passenger,4BAB26,2025-11-23T04:52:23Z,2025-11-23T07:10:14Z,True
3d38ce84,RJ432,RJA432,RJA,RJA,E295,JY-REF,OSAP,ALP,2025-11-23T06:01:34Z,,OJAI,AMM,OJAI,AMM,2025-11-23T06:58:05Z,08L,3391.0,620.915,503.799,Passenger,7448A6,2025-11-23T06:02:36Z,2025-11-23T06:58:20Z,True
3d38d615,VF341,TKJ341,TKJ,TKJ,B738,TC-JFJ,OSAP,ALP,2025-11-23T06:20:03Z,,LTFJ,SAW,LTFJ,SAW,2025-11-23T07:38:13Z,24L,4690.0,935.633,859.498,Passenger,4BA8CA,2025-11-23T06:21:19Z,2025-11-23T07:48:29Z,True
3d38d6cc,QR414,QTR414,QTR,QTR,A333,A7-AEF,OTHH,DOH,2025-11-23T06:41:02Z,34L,OSAP,ALP,OSAP,ALP,2025-11-23T09:15:20Z,,9258.0,2009.99,1821.71,Passenger,06A040,2025-11-23T06:23:00Z,2025-11-23T09:12:19Z,True
3d38fdf8,RB341,SYR341,SYR,SYR,A320,YK-AKH,OSAP,ALP,2025-11-23T07:55:49Z,,OKKK,KWI,OKKK,KWI,2025-11-23T09:50:16Z,34,6867.0,1486.03,1264.22,Passenger,778568,2025-11-23T07:59:55Z,2025-11-23T10:04:44Z,True
3d392cee,TK845,THY845,THY,THY,B739,TC-JYF,OSAP,ALP,2025-11-23T09:30:42Z,,LTFM,IST,LTFM,IST,2025-11-23T11:06:50Z,17L,5768.0,1106.29,931.489,Passenger,4BAB26,2025-11-23T09:32:43Z,2025-11-23T11:25:45Z,True
3d395b77,QR415,QTR415,QTR,QTR,A333,A7-AEF,OSAP,ALP,2025-11-23T11:00:24Z,,OTHH,DOH,OTHH,DOH,2025-11-23T13:46:23Z,34L,9959.0,2175.69,1822.72,Passenger,06A040,2025-11-23T11:01:51Z,2025-11-23T13:52:17Z,True
3d3be6a0,VF340,TKJ340,TKJ,TKJ,B738,TC-JHA,LTFJ,SAW,2025-11-24T03:17:22Z,24R,OSAP,ALP,OSAP,ALP,,,,940.097,853.858,Passenger,4BA901,2025-11-24T03:03:14Z,2025-11-24T04:35:00Z,True
3d3c005e,RJ431,RJA431,RJA,RJA,E290,JY-RED,OJAI,AMM,2025-11-24T04:04:15Z,08L,OSAP,ALP,OSAP,ALP,,,,635.143,447.43,Passenger,7448A4,2025-11-24T04:03:15Z,2025-11-24T04:45:12Z,True
3d3c1712,TK844,THY844,THY,THY,B739,TC-JYB,LTFM,IST,2025-11-24T05:42:59Z,35L,OSAP,ALP,OSAP,ALP,2025-11-24T07:29:10Z,,6371.0,1158.07,937.048,Passenger,4BAB22,2025-11-24T04:58:04Z,2025-11-24T07:25:59Z,True
3d3c304c,RJ432,RJA432,RJA,RJA,E290,JY-RED,OSAP,ALP,2025-11-24T05:49:44Z,,OJAI,AMM,OJAI,AMM,2025-11-24T06:50:16Z,08L,3632.0,843.842,503.589,Passenger,7448A4,2025-11-24T05:52:59Z,2025-11-24T06:50:39Z,True
3d3c3aaa,VF341,TKJ341,TKJ,TKJ,B738,TC-JHA,OSAP,ALP,,,LTFJ,SAW,LTFJ,SAW,2025-11-24T07:31:30Z,,,935.618,847.191,Passenger,4BA901,2025-11-24T06:14:27Z,2025-11-24T07:29:06Z,True
3d3c3cec,QR414,QTR414,QTR,QTR,A333,A7-AEJ,OTHH,DOH,2025-11-24T07:45:06Z,34L,OSAP,ALP,OSAP,ALP,2025-11-24T10:17:09Z,,9123.0,2004.27,1821.41,Passenger,06A04C,2025-11-24T06:19:36Z,2025-11-24T10:14:00Z,True
3d3c58e2,RJ433,RJA433,RJA,RJA,E290,JY-REC,OJAI,AMM,2025-11-24T07:23:55Z,08R,OSAP,ALP,OSAP,ALP,2025-11-24T08:15:21Z,,3086.0,1875.63,510.472,Passenger,7448A3,2025-11-24T07:23:04Z,2025-11-24T08:16:29Z,True
3d3c8bcc,TK845,THY845,THY,THY,B739,TC-JYB,OSAP,ALP,2025-11-24T09:06:23Z,09L,LTFM,IST,LTFM,IST,2025-11-24T10:38:08Z,35R,5505.0,1036.34,918.788,Passenger,4BAB22,2025-11-24T09:11:31Z,2025-11-24T11:06:53Z,True
3d3c9b84,RJ434,RJA434,RJA,RJA,E290,JY-REC,OSAP,ALP,2025-11-24T09:44:13Z,,OJAI,AMM,OJAI,AMM,2025-11-24T10:46:00Z,08L,3707.0,638.621,504.338,Passenger,7448A3,2025-11-24T09:46:04Z,2025-11-24T10:48:24Z,True
3d3ca0b4,TK840,THY840,THY,THY,B739,TC-JYF,LTFM,IST,2025-11-24T10:29:03Z,35L,OSAP,ALP,OSAP,ALP,,,,1084.6,903.929,Passenger,4BAB26,2025-11-24T09:56:24Z,2025-11-24T11:56:46Z,True
3d3cd87b,QR415,QTR415,QTR,QTR,A333,A7-AEJ,OSAP,ALP,2025-11-24T11:42:29Z,,OTHH,DOH,OTHH,DOH,2025-11-24T14:17:49Z,34R,9320.0,2459.58,1830.84,Passenger,06A04C,2025-11-24T11:44:03Z,2025-11-24T14:20:15Z,True
3d3d0451,RB444,SYR444,SYR,SYR,A320,YK-AKG,LTFM,IST,2025-11-24T14:05:08Z,36,OSAP,ALP,OSAP,ALP,2025-11-24T15:31:47Z,,5199.0,1078.92,938.066,Passenger,778567,2025-11-24T12:54:37Z,2025-11-24T15:28:21Z,True
3d3d4e8e,TK841,THY841,THY,THY,B739,TC-JYF,OSAP,ALP,2025-11-24T14:26:28Z,,LTFM,IST,LTFM,IST,2025-11-24T15:57:40Z,35R,5472.0,1040.7,930.729,Passenger,4BAB26,2025-11-24T14:28:29Z,2025-11-24T16:08:22Z,True
3d3dbf23,FYC488,FYC488,FYC,FYC,A320,YK-BAC,LTDB,COV,2025-11-24T16:48:12Z,03R,OSAP,ALP,OSAP,ALP,2025-11-24T17:20:22Z,,1930.0,321.119,217.648,Passenger,778823,2025-11-24T16:43:14Z,2025-11-24T17:17:06Z,True
3d3dee00,RB445,SYR445,SYR,SYR,A320,YK-AKG,OSAP,ALP,2025-11-24T17:39:38Z,,LTFM,IST,LTFM,IST,2025-11-24T19:10:58Z,35R,5480.0,1049.01,916.67,Passenger,778567,2025-11-24T17:42:12Z,2025-11-24T19:23:49Z,True
3d3e9d6d,FYC761,FYC761,FYC,FYC,A320,YK-BAC,OSAP,ALP,2025-11-24T21:14:49Z,,OMSJ,SHJ,OMSJ,SHJ,2025-11-25T00:07:02Z,12,10333.0,2261.61,2110.97,Passenger,778823,2025-11-24T21:16:42Z,2025-11-25T00:06:40Z,True
3d3f457d,FYC762,FYC762,FYC,FYC,A320,YK-BAC,OMSJ,SHJ,2025-11-25T01:25:46Z,12,OSAP,ALP,OSAP,ALP,2025-11-25T04:20:48Z,,10502.0,2297.02,2109.23,Passenger,778823,2025-11-25T01:22:47Z,2025-11-25T04:17:13Z,True
3d3f76ff,VF340,TKJ340,TKJ,TKJ,B738,TC-JFH,LTFJ,SAW,2025-11-25T03:17:27Z,24R,OSAP,ALP,OSAP,ALP,,,,890.594,831.471,Passenger,4BA8C8,2025-11-25T02:56:04Z,2025-11-25T04:27:48Z,True
3d3f9a1f,RJ431,RJA431,RJA,RJA,E290,JY-REE,OJAI,AMM,2025-11-25T04:12:00Z,26L,OSAP,ALP,OSAP,ALP,,,,596.143,507.635,Passenger,7448A5,2025-11-25T04:10:47Z,2025-11-25T05:05:06Z,True
3d3fa986,TK844,THY844,THY,THY,B739,TC-JYC,LTFM,IST,2025-11-25T05:59:52Z,17R,OSAP,ALP,OSAP,ALP,2025-11-25T07:36:01Z,,5769.0,1096.8,936.73,Passenger,4BAB23,2025-11-25T04:45:58Z,2025-11-25T07:32:52Z,True
3d3fcfca,RJ432,RJA432,RJA,RJA,E290,JY-REE,OSAP,ALP,2025-11-25T06:06:04Z,,OJAI,AMM,OJAI,AMM,2025-11-25T07:05:03Z,26L,3539.0,601.384,507.46,Passenger,7448A5,2025-11-25T06:07:31Z,2025-11-25T07:05:10Z,True
3d3fd142,FYC525,FYC525,FYC,FYC,A320,YK-BAC,OSAP,ALP,,,ORER,EBL,ORER,EBL,,,,1020.06,603.789,Passenger,778823,2025-11-25T06:10:50Z,2025-11-25T07:29:23Z,True
3d3fd36e,VF341,TKJ341,TKJ,TKJ,B738,TC-JFH,OSAP,ALP,2025-11-25T06:13:37Z,,LTFJ,SAW,LTFJ,SAW,2025-11-25T07:31:59Z,24L,4702.0,906.949,859.403,Passenger,4BA8C8,2025-11-25T06:15:26Z,2025-11-25T07:38:41Z,True
3d4024d0,TK845,THY845,THY,THY,B739,TC-JYC,OSAP,ALP,,,LTFM,IST,LTFM,IST,2025-11-25T10:49:54Z,17L,,1069.33,904.143,Passenger,4BAB23,2025-11-25T09:15:36Z,2025-11-25T11:02:16Z,True
3d4198d1,RB390,SYR390,SYR,SYR,A320,YK-AKG,OERK,RUH,2025-11-25T18:02:42Z,15L,OSAP,ALP,OSAP,ALP,2025-11-25T20:17:53Z,,8111.0,1677.47,1530.6,Passenger,778567,2025-11-25T17:58:03Z,2025-11-25T20:14:38Z,True
3d431877,RJ431,RJA431,RJA,RJA,A20N,JY-RAC,OJAI,AMM,2025-11-26T04:02:07Z,26R,OSAP,ALP,OSAP,ALP,,,,541.296,444.555,Passenger,744823,2025-11-26T03:37:36Z,2025-11-26T04:48:16Z,True
3d433930,TK844,THY844,THY,THY,B739,TC-JYB,LTFM,IST,2025-11-26T05:19:59Z,17R,OSAP,ALP,OSAP,ALP,2025-11-26T06:55:31Z,,5732.0,1132.58,937.92,Passenger,4BAB22,2025-11-26T04:51:09Z,2025-11-26T06:52:07Z,True
3d43467b,VF340,TKJ340,TKJ,TKJ,B738,TC-JHC,LTFJ,SAW,2025-11-26T05:37:38Z,24R,OSAP,ALP,OSAP,ALP,2025-11-26T07:01:58Z,,5060.0,1025.55,874.715,Passenger,4BA903,2025-11-26T05:18:58Z,2025-11-26T06:58:45Z,True
3d435f1b,RJ432,RJA432,RJA,RJA,A20N,JY-RAC,OSAP,ALP,2025-11-26T06:10:12Z,,OJAI,AMM,OJAI,AMM,2025-11-26T06:59:51Z,26L,2979.0,578.57,504.936,Passenger,744823,2025-11-26T06:11:32Z,2025-11-26T07:12:47Z,True
3d4381fa,RB389,SYR389,SYR,SYR,A320,YK-AKG,OSAP,ALP,2025-11-26T07:28:43Z,,OERK,RUH,OERK,RUH,2025-11-26T09:30:15Z,15R,7292.0,1639.98,1536.69,Passenger,778567,2025-11-26T07:30:02Z,2025-11-26T09:35:10Z,True
3d43950a,VF341,TKJ341,TKJ,TKJ,B738,TC-JHC,OSAP,ALP,2025-11-26T08:09:33Z,,LTFJ,SAW,LTFJ,SAW,2025-11-26T09:40:16Z,24L,5443.0,960.341,860.567,Passenger,4BA903,2025-11-26T08:11:02Z,2025-11-26T09:49:52Z,True
3d43aedf,TK845,THY845,THY,THY,B739,TC-JYB,OSAP,ALP,2025-11-26T09:00:29Z,,LTFM,IST,LTFM,IST,2025-11-26T10:44:44Z,,6255.0,1119.96,921.093,Passenger,4BAB22,2025-11-26T09:03:06Z,2025-11-26T10:57:55Z,True
3d43cc51,TK840,THY840,THY,THY,B739,TC-JYI,LTFM,IST,2025-11-26T10:37:12Z,18,OSAP,ALP,OSAP,ALP,2025-11-26T12:10:39Z,,5607.0,1128.04,937.764,Passenger,4BAB29,2025-11-26T09:58:38Z,2025-11-26T12:07:13Z,True
3d447c16,TK841,THY841,THY,THY,B739,TC-JYI,OSAP,ALP,2025-11-26T14:15:20Z,,LTFM,IST,LTFM,IST,2025-11-26T15:56:03Z,17L,6043.0,1068.28,918.751,Passenger,4BAB29,2025-11-26T14:18:14Z,2025-11-26T16:03:17Z,True
3d453615,FYC526,FYC526,FYC,FYC,A320,YK-BAA,ORER,EBL,2025-11-26T18:20:43Z,18,OSAP,ALP,OSAP,ALP,2025-11-26T19:44:44Z,,5041.0,986.611,593.25,Passenger,778821,2025-11-26T18:23:57Z,2025-11-26T19:41:13Z,True
3d45fe23,FYC761,FYC761,FYC,FYC,A320,YK-BAA,OSAP,ALP,2025-11-26T23:10:27Z,09L,OMSJ,SHJ,OMSJ,SHJ,2025-11-27T02:03:55Z,12,10408.0,2290.65,2102.33,Passenger,778821,2025-11-26T23:15:26Z,2025-11-27T02:05:20Z,True
3d468271,FYC762,FYC762,FYC,FYC,A320,YK-BAA,OMSJ,SHJ,2025-11-27T03:29:46Z,12,OSAP,ALP,OSAP,ALP,2025-11-27T06:27:28Z,,10662.0,2300.65,2087.66,Passenger,778821,2025-11-27T03:26:15Z,2025-11-27T06:22:02Z,True
3d468fcf,RJ431,RJA431,RJA,RJA,E290,JY-REE,OJAI,AMM,2025-11-27T03:56:28Z,08R,OSAP,ALP,OSAP,ALP,,,,587.076,508.464,Passenger,7448A5,2025-11-27T03:55:59Z,2025-11-27T04:49:46Z,True
3d46a0cd,VF340,TKJ340,TKJ,TKJ,B738,TC-JHA,LTFJ,SAW,2025-11-27T05:10:53Z,24R,OSAP,ALP,OSAP,ALP,,,,959.435,842.216,Passenger,4BA901,2025-11-27T04:36:09Z,2025-11-27T06:26:45Z,True
3d46aa5b,TK844,THY844,THY,THY,B739,TC-JYB,LTFM,IST,2025-11-27T05:31:30Z,17R,OSAP,ALP,OSAP,ALP,,,,1007.59,905.981,Passenger,4BAB22,2025-11-27T04:57:47Z,2025-11-27T06:47:03Z,True
3d46ce75,RJ432,RJA432,RJA,RJA,E290,JY-REE,OSAP,ALP,,,OJAI,AMM,OJAI,AMM,2025-11-27T07:11:28Z,08L,,665.349,511.74,Passenger,7448A5,2025-11-27T06:11:54Z,2025-11-27T07:11:28Z,True
3d46d2e1,QR414,QTR414,QTR,QTR,A333,A7-AEJ,OTHH,DOH,2025-11-27T06:36:20Z,34L,OSAP,ALP,OSAP,ALP,,,,1940.93,1794.3,Passenger,06A04C,2025-11-27T06:20:39Z,2025-11-27T09:01:38Z,True
3d46f216,RJ433,RJA433,RJA,RJA,E290,JY-REC,OJAI,AMM,2025-11-27T07:28:45Z,08R,OSAP,ALP,OSAP,ALP,2025-11-27T08:25:43Z,,3418.0,584.694,508.43,Passenger,7448A3,2025-11-27T07:28:38Z,2025-11-27T08:22:19Z,True
3d46fde7,FYC487,FYC487,FYC,FYC,A320,YK-BAA,OSAP,ALP,2025-11-27T07:51:48Z,,LTDB,COV,LTDB,COV,2025-11-27T08:27:31Z,03R,2143.0,329.386,199.557,Passenger,778821,2025-11-27T07:54:10Z,2025-11-27T08:27:31Z,True
3d47016e,VF341,TKJ341,TKJ,TKJ,B738,TC-JHA,OSAP,ALP,2025-11-27T07:59:36Z,,LTFJ,SAW,LTFJ,SAW,2025-11-27T09:21:35Z,24L,4919.0,953.181,860.455,Passenger,4BA901,2025-11-27T08:01:02Z,2025-11-27T09:31:28Z,True
3d4730aa,RJ434,RJA434,RJA,RJA,E290,JY-REC,OSAP,ALP,2025-11-27T09:26:59Z,,OJAI,AMM,OJAI,AMM,2025-11-27T10:28:48Z,08L,3709.0,624.962,500.42,Passenger,7448A3,2025-11-27T09:29:03Z,2025-11-27T10:28:48Z,True
3d473435,TK845,THY845,THY,THY,B739,TC-JYB,OSAP,ALP,2025-11-27T09:33:21Z,,LTFM,IST,LTFM,IST,2025-11-27T11:14:39Z,17L,6078.0,1121.57,922.012,Passenger,4BAB22,2025-11-27T09:35:15Z,2025-11-27T11:22:22Z,True
3d476c4e,QR415,QTR415,QTR,QTR,A333,A7-AEJ,OSAP,ALP,2025-11-27T11:14:32Z,,OTHH,DOH,OTHH,DOH,2025-11-27T13:51:35Z,34R,9423.0,2118.91,1831.33,Passenger,06A04C,2025-11-27T11:16:40Z,2025-11-27T13:51:35Z,True
3d485f4c,RB382,SYR382,SYR,SYR,A320,YK-AKG,OEJN,JED,2025-11-27T18:06:02Z,34C,OSAP,ALP,OSAP,ALP,2025-11-27T20:15:24Z,,7762.0,1652.58,1614.75,Passenger,778567,2025-11-27T17:58:07Z,2025-11-27T20:12:19Z,True
3d49623e,RJ431,RJA431,RJA,RJA,A320,,OJAI,AMM,2025-11-28T04:08:07Z,08R,OSAP,ALP,OSAP,ALP,2025-11-28T05:09:35Z,,3688.0,587.462,512.303,Passenger,740737,2025-11-28T03:59:48Z,2025-11-28T05:06:13Z,True
3d499674,RJ432,RJA432,RJA,RJA,A320,JY-AYW,OSAP,ALP,2025-11-28T06:02:52Z,,OJAI,AMM,OJAI,AMM,2025-11-28T07:07:00Z,08L,3848.0,613.309,498.403,Passenger,740737,2025-11-28T06:07:06Z,2025-11-28T07:11:59Z,True
3d499e2e,VF340,TKJ340,TKJ,TKJ,B738,TC-JFH,LTFJ,SAW,2025-11-28T06:43:32Z,24R,OSAP,ALP,OSAP,ALP,,,,903.378,835.565,Passenger,4BA8C8,2025-11-28T06:23:43Z,2025-11-28T07:50:21Z,True
3d49b82e,RJ433,RJA433,RJA,RJA,E290,JY-REE,OJAI,AMM,2025-11-28T07:21:57Z,08R,OSAP,ALP,OSAP,ALP,,,,578.199,504.909,Passenger,7448A5,2025-11-28T07:21:26Z,2025-11-28T08:16:40Z,True
3d49c30f,TK844,THY844,THY,THY,B739,TC-JYB,LTFM,IST,2025-11-28T08:15:43Z,18,OSAP,ALP,OSAP,ALP,2025-11-28T09:47:47Z,,5524.0,1083.81,923.612,Passenger,4BAB22,2025-11-28T07:44:41Z,2025-11-28T09:41:38Z,True
3d49d41a,RB381,SYR381,SYR,SYR,A320,YK-AKG,OSAP,ALP,2025-11-28T08:13:55Z,,OEJN,JED,OEJN,JED,2025-11-28T10:23:40Z,34L,7785.0,1714.22,1616.89,Passenger,778567,2025-11-28T08:17:17Z,2025-11-28T10:25:54Z,True
3d49f8f9,RJ434,RJA434,RJA,RJA,E290,JY-REE,OSAP,ALP,2025-11-28T09:23:56Z,,OJAI,AMM,OJAI,AMM,2025-11-28T10:21:15Z,08L,3439.0,634.645,507.793,Passenger,7448A5,2025-11-28T09:25:24Z,2025-11-28T10:21:20Z,True
3d49fdb5,VF341,TKJ341,TKJ,TKJ,B738,TC-JFH,OSAP,ALP,2025-11-28T09:32:27Z,,LTFJ,SAW,LTFJ,SAW,2025-11-28T10:59:58Z,24L,5251.0,970.259,871.852,Passenger,4BA8C8,2025-11-28T09:34:08Z,2025-11-28T11:12:17Z,True
3d4a35ad,TK845,THY845,THY,THY,B739,TC-JYB,OSAP,ALP,2025-11-28T11:07:22Z,,LTFM,IST,LTFM,IST,2025-11-28T12:40:46Z,35R,5604.0,1052.46,928.971,Passenger,4BAB22,2025-11-28T11:09:19Z,2025-11-28T12:50:50Z,True
3d4a55c1,,,,,BTB2,TC-T557,OSAP,ALP,,,,,,,,,,47.0764,25.1768,Military_and_government,4B83DF,2025-11-28T12:02:05Z,2025-11-28T12:19:37Z,True
3d4a9a85,RB521,SYR521,SYR,SYR,A320,YK-AKH,OSAP,ALP,2025-11-28T13:42:50Z,,OTHH,DOH,OTHH,DOH,2025-11-28T16:05:15Z,34L,8545.0,2016.4,1835.16,Passenger,778568,2025-11-28T13:44:27Z,2025-11-28T16:12:38Z,True
3d4b37b4,RB522,SYR522,SYR,SYR,A320,YK-AKH,OTHH,DOH,2025-11-28T17:16:27Z,34L,OSAP,ALP,OSAP,ALP,2025-11-28T19:55:20Z,,9533.0,1934.5,1819.18,Passenger,778568,2025-11-28T17:08:02Z,2025-11-28T19:51:13Z,True
3d4c97ad,VF340,TKJ340,TKJ,TKJ,B738,TC-JFH,LTFJ,SAW,2025-11-29T03:25:28Z,24R,OSAP,ALP,OSAP,ALP,2025-11-29T04:47:20Z,,4912.0,944.109,855.528,Passenger,4BA8C8,2025-11-29T03:12:37Z,2025-11-29T04:39:17Z,True
3d4caed2,RJ431,RJA431,RJA,RJA,A20N,JY-RAK,OJAI,AMM,2025-11-29T04:19:04Z,08R,OSAP,ALP,OSAP,ALP,2025-11-29T05:08:22Z,,2958.0,567.968,509.24,Passenger,74482B,2025-11-29T04:08:53Z,2025-11-29T05:05:07Z,True
3d4cbd09,TK844,THY844,THY,THY,B739,TC-JYB,LTFM,IST,2025-11-29T05:23:58Z,34L,OSAP,ALP,OSAP,ALP,,,,1046.02,915.267,Passenger,4BAB22,2025-11-29T04:46:10Z,2025-11-29T06:39:30Z,True
3d4ce218,RJ432,RJA432,RJA,RJA,A20N,JY-RAK,OSAP,ALP,,,OJAI,AMM,OJAI,AMM,2025-11-29T07:04:49Z,08L,,587.325,471.975,Passenger,74482B,2025-11-29T06:12:42Z,2025-11-29T07:07:33Z,True
3d4ce68f,VF341,TKJ341,TKJ,TKJ,B738,TC-JFH,OSAP,ALP,,,LTFJ,SAW,LTFJ,SAW,2025-11-29T07:39:33Z,24L,,875.845,841.737,Passenger,4BA8C8,2025-11-29T06:23:50Z,2025-11-29T07:50:09Z,True
3d4cf748,RB515,SYR515,SYR,SYR,A320,YK-AKH,OSAP,ALP,,,OMDB,DXB,OMDB,DXB,2025-11-29T09:41:44Z,30L,,2280.47,2106.42,Passenger,778568,2025-11-29T07:06:27Z,2025-11-29T09:41:44Z,True
3d4d01ae,RJ433,RJA433,RJA,RJA,E290,JY-REE,OJAI,AMM,2025-11-29T07:33:24Z,08R,OSAP,ALP,OSAP,ALP,,,,531.093,464.917,Passenger,7448A5,2025-11-29T07:32:55Z,2025-11-29T08:16:16Z,True
3d4d1fd1,TCJ14,T552,,TCJ,0000,,OSAP,ALP,,,,,,,,,,10.5336,10.2823,Other_service,323232,2025-11-29T08:42:41Z,2025-11-29T08:46:26Z,True
3d4d31f4,TK845,THY845,THY,THY,B739,TC-JYB,OSAP,ALP,,,LTFM,IST,LTFM,IST,2025-11-29T10:52:14Z,35R,,1014.59,899.324,Passenger,4BAB22,2025-11-29T09:21:53Z,2025-11-29T11:08:25Z,True
3d4d352b,RJ434,RJA434,RJA,RJA,E290,JY-REE,OSAP,ALP,,,OJAI,AMM,OJAI,AMM,2025-11-29T10:23:14Z,08L,,1361.66,458.496,Passenger,7448A5,2025-11-29T09:28:51Z,2025-11-29T10:23:33Z,True
3d4d4b18,TK840,THY840,THY,THY,B739,TC-JYI,LTFM,IST,2025-11-29T10:33:10Z,36,OSAP,ALP,OSAP,ALP,,,,1036.81,904.359,Passenger,4BAB29,2025-11-29T10:14:46Z,2025-11-29T11:53:04Z,True
3d4d6541,FYC762,FYC762,FYC,FYC,A320,YK-BAA,OMSJ,SHJ,2025-11-29T11:05:54Z,30,OSAP,ALP,OSAP,ALP,2025-11-29T14:15:41Z,,11387.0,2237.35,2104.73,Passenger,778821,2025-11-29T11:04:41Z,2025-11-29T14:11:21Z,True
3d4dd2de,TK841,THY841,THY,THY,B739,TC-JYI,OSAP,ALP,2025-11-29T14:00:53Z,,LTFM,IST,LTFM,IST,2025-11-29T15:40:26Z,17L,5973.0,1090.13,927.623,Passenger,4BAB29,2025-11-29T14:04:08Z,2025-11-29T15:54:43Z,True
3d4ef50c,FYC761,FYC761,FYC,FYC,A320,YK-BAA,OSAP,ALP,2025-11-29T21:13:12Z,,OMSJ,SHJ,OMSJ,SHJ,2025-11-29T23:50:30Z,30,9438.0,2286.05,2111.25,Passenger,778821,2025-11-29T21:16:23Z,2025-11-29T23:50:27Z,True
3d4fa2f2,VF340,TKJ340,TKJ,TKJ,B738,TC-JHA,LTFJ,SAW,2025-11-30T03:45:17Z,24R,OSAP,ALP,OSAP,ALP,,,,934.74,847.374,Passenger,4BA901,2025-11-30T03:02:34Z,2025-11-30T04:55:45Z,True
3d4fb58b,RJ431,RJA431,RJA,RJA,A20N,JY-RAK,OJAI,AMM,2025-11-30T03:58:08Z,08R,OSAP,ALP,OSAP,ALP,2025-11-30T04:44:56Z,,2808.0,654.99,509.3,Passenger,74482B,2025-11-30T03:49:07Z,2025-11-30T04:41:25Z,True
3d4fcc07,TK844,THY844,THY,THY,B739,TC-JYC,LTFM,IST,2025-11-30T05:29:13Z,17R,OSAP,ALP,OSAP,ALP,,,,1081.8,913.553,Passenger,4BAB23,2025-11-30T04:46:14Z,2025-11-30T06:52:30Z,True
3d4fed8d,RJ432,RJA432,RJA,RJA,A20N,JY-RAK,OSAP,ALP,,,OJAI,AMM,OJAI,AMM,2025-11-30T06:58:44Z,08L,,610.23,482.74,Passenger,74482B,2025-11-30T06:05:43Z,2025-11-30T07:27:55Z,True
3d4ff42d,QR414,QTR414,QTR,QTR,A333,A7-AEE,OTHH,DOH,2025-11-30T06:42:15Z,34L,OSAP,ALP,OSAP,ALP,2025-11-30T09:32:56Z,,10241.0,2007.12,1821.54,Passenger,06A03E,2025-11-30T06:22:18Z,2025-11-30T09:29:45Z,True
3d4ff5c9,VF341,TKJ341,TKJ,TKJ,B738,TC-JHA,OSAP,ALP,2025-11-30T06:23:59Z,,LTFJ,SAW,LTFJ,SAW,2025-11-30T07:47:41Z,24L,5022.0,959.696,865.404,Passenger,4BA901,2025-11-30T06:26:05Z,2025-11-30T07:56:45Z,True
3d503115,RB341,SYR341,SYR,SYR,A320,YK-AKG,OSAP,ALP,2025-11-30T08:47:33Z,09L,OKKK,KWI,OKKK,KWI,2025-11-30T10:37:01Z,16,6568.0,1464.56,1261.52,Passenger,778567,2025-11-30T08:49:20Z,2025-11-30T10:47:19Z,True
3d503a16,TK845,THY845,THY,THY,B739,TC-JYC,OSAP,ALP,2025-11-30T09:06:52Z,,LTFM,IST,LTFM,IST,2025-11-30T10:40:44Z,35R,5632.0,1057.8,931.232,Passenger,4BAB23,2025-11-30T09:08:26Z,2025-11-30T10:55:24Z,True
3d5073e1,QR415,QTR415,QTR,QTR,A333,A7-AEE,OSAP,ALP,2025-11-30T11:01:26Z,,OTHH,DOH,OTHH,DOH,2025-11-30T13:42:40Z,34L,9674.0,2223.15,1833.06,Passenger,06A03E,2025-11-30T11:02:46Z,2025-11-30T13:45:13Z,True
3d52b349,RJ431,RJA431,RJA,RJA,A320,JY-AYW,OJAI,AMM,2025-12-01T02:54:37Z,26L,OSAP,ALP,OSAP,ALP,,,,596.023,479.91,Passenger,740737,2025-12-01T02:43:54Z,2025-12-01T03:55:39Z,True
3d52c3e6,VF340,TKJ340,TKJ,TKJ,B738,TC-JFJ,LTFJ,SAW,2025-12-01T03:32:53Z,24R,OSAP,ALP,OSAP,ALP,,,,1022.04,819.583,Passenger,4BA8CA,2025-12-01T03:19:54Z,2025-12-01T05:39:15Z,True
3d52ec3a,TK844,THY844,THY,THY,B739,TC-JYB,LTFM,IST,2025-12-01T06:39:51Z,34L,OSAP,ALP,OSAP,ALP,2025-12-01T08:17:18Z,,5847.0,1130.23,937.049,Passenger,4BAB22,2025-12-01T04:52:43Z,2025-12-01T08:13:39Z,True
3d52f553,RJ432,RJA432,RJA,RJA,A320,JY-AYW,OSAP,ALP,,,OJAI,AMM,OJAI,AMM,2025-12-01T06:04:34Z,08L,,592.757,476.429,Passenger,740737,2025-12-01T05:10:43Z,2025-12-01T06:08:13Z,True
3d53169b,QR414,QTR414,QTR,QTR,A320,A7-AHY,OTHH,DOH,2025-12-01T06:48:08Z,34L,OSAP,ALP,OSAP,ALP,2025-12-01T09:45:14Z,,10626.0,2009.13,1821.24,Passenger,06A153,2025-12-01T06:27:22Z,2025-12-01T09:41:56Z,True
3d532ef8,TCJ18,TCJ18,,TCJ,0000,,OSAP,ALP,,,,,,,,,,2043.25,1043.74,Other_service,323232,2025-12-01T07:15:55Z,2025-12-01T13:02:00Z,True
3d537452,TK845,THY845,THY,THY,B739,TC-JYB,OSAP,ALP,2025-12-01T09:39:07Z,,LTFM,IST,LTFM,IST,2025-12-01T11:14:55Z,35R,5748.0,1061.05,919.292,Passenger,4BAB22,2025-12-01T09:40:56Z,2025-12-01T11:29:52Z,True
3d537c0a,VF341,TKJ341,TKJ,TKJ,B738,TC-JFJ,OSAP,ALP,2025-12-01T09:53:54Z,,LTFJ,SAW,LTFJ,SAW,2025-12-01T11:25:40Z,24L,5506.0,978.979,859.912,Passenger,4BA8CA,2025-12-01T09:56:09Z,2025-12-01T11:37:02Z,True
3d537dde,TK840,THY840,THY,THY,B739,TC-JYI,LTFM,IST,2025-12-01T10:28:24Z,35L,OSAP,ALP,OSAP,ALP,,,,1067.42,907.735,Passenger,4BAB29,2025-12-01T09:59:26Z,2025-12-01T11:45:38Z,True
3d539fc3,QR415,QTR415,QTR,QTR,A320,A7-AHY,OSAP,ALP,2025-12-01T11:00:49Z,09L,OTHH,DOH,OTHH,DOH,2025-12-01T13:45:43Z,34R,9894.0,2200.02,1834.06,Passenger,06A153,2025-12-01T11:02:27Z,2025-12-01T13:55:05Z,True
3d53b0f2,RB444,SYR444,SYR,SYR,A320,YK-AKG,LTFM,IST,2025-12-01T11:41:58Z,36,OSAP,ALP,OSAP,ALP,2025-12-01T13:10:55Z,,5337.0,1072.66,936.655,Passenger,778567,2025-12-01T11:31:31Z,2025-12-01T13:07:25Z,True
3d5433d5,TK841,THY841,THY,THY,B739,TC-JYI,OSAP,ALP,2025-12-01T14:28:27Z,,LTFM,IST,LTFM,IST,2025-12-01T16:11:40Z,35R,6193.0,1087.02,917.781,Passenger,4BAB29,2025-12-01T14:33:01Z,2025-12-01T16:20:35Z,True
3d5435e5,RB445,SYR445,SYR,SYR,A320,YK-AKG,OSAP,ALP,2025-12-01T14:33:17Z,,LTFM,IST,LTFM,IST,2025-12-01T16:16:09Z,35R,6172.0,1083.11,920.159,Passenger,778567,2025-12-01T14:35:34Z,2025-12-01T16:37:46Z,True
3d54c874,FYC488,FYC488,FYC,FYC,A320,YK-BAC,LTDB,COV,2025-12-01T17:58:58Z,03R,OSAP,ALP,OSAP,ALP,2025-12-01T18:28:49Z,,1791.0,311.788,218.26,Passenger,778823,2025-12-01T17:51:21Z,2025-12-01T18:25:34Z,True
3d555bb6,FYC761,FYC761,FYC,FYC,A320,YK-BAC,OSAP,ALP,2025-12-01T21:10:34Z,,OMSJ,SHJ,OMSJ,SHJ,2025-12-01T23:52:28Z,12,9714.0,2278.95,2122.84,Passenger,778823,2025-12-01T21:11:26Z,2025-12-01T23:52:28Z,True
3d55fb0a,FYC762,FYC762,FYC,FYC,A320,YK-BAC,OMSJ,SHJ,2025-12-02T01:14:33Z,12,OSAP,ALP,OSAP,ALP,2025-12-02T04:18:09Z,,11016.0,2264.06,2093.95,Passenger,778823,2025-12-02T01:13:53Z,2025-12-02T04:13:51Z,True
3d567bfb,FYC525,FYC525,FYC,FYC,A320,YK-BAC,OSAP,ALP,2025-12-02T05:33:04Z,,ORER,EBL,ORER,EBL,,,,945.477,607.776,Passenger,778823,2025-12-02T05:34:24Z,2025-12-02T06:39:06Z,True
3d568499,VF340,TKJ340,TKJ,TKJ,B738,TC-JHB,LTFJ,SAW,2025-12-02T06:02:55Z,24R,OSAP,ALP,OSAP,ALP,,,,876.994,823.475,Passenger,4BA902,2025-12-02T05:52:34Z,2025-12-02T07:04:21Z,True
3d568fcd,RJ431,RJA431,RJA,RJA,E290,JY-REE,OJAI,AMM,2025-12-02T06:16:08Z,26L,OSAP,ALP,OSAP,ALP,2025-12-02T07:39:20Z,,4992.0,1087.77,502.747,Passenger,7448A5,2025-12-02T06:15:17Z,2025-12-02T07:35:26Z,True
3d56bc94,TK844,THY844,THY,THY,B739,TC-JYF,LTFM,IST,2025-12-02T08:19:19Z,36,OSAP,ALP,OSAP,ALP,,,,1003.66,905.802,Passenger,4BAB26,2025-12-02T07:53:19Z,2025-12-02T09:30:55Z,True
3d56cb15,RJ432,RJA432,RJA,RJA,E290,JY-REE,OSAP,ALP,2025-12-02T08:20:50Z,,OJAI,AMM,OJAI,AMM,2025-12-02T09:20:35Z,08R,3585.0,641.826,506.033,Passenger,7448A5,2025-12-02T08:23:27Z,2025-12-02T09:21:26Z,True
3d56d630,VF340,TKJ340,TKJ,TKJ,B738,TC-JHB,OSAP,ALP,,,OSAP,ALP,OSAP,ALP,2025-12-02T09:02:39Z,,,86.0416,80.46,Passenger,4BA902,2025-12-02T08:46:34Z,2025-12-02T08:59:02Z,True
3d570404,VF341,TKJ341,TKJ,TKJ,B738,TC-JHB,OSAP,ALP,2025-12-02T10:15:54Z,,LTFJ,SAW,LTFJ,SAW,2025-12-02T11:45:07Z,24L,5353.0,958.7,860.386,Passenger,4BA902,2025-12-02T10:17:56Z,2025-12-02T11:58:02Z,True
3d571b18,TK845,THY845,THY,THY,B739,TC-JYF,OSAP,ALP,2025-12-02T10:58:01Z,,LTFM,IST,LTFM,IST,2025-12-02T12:30:58Z,35R,5577.0,1026.11,921.487,Passenger,4BAB26,2025-12-02T11:00:02Z,2025-12-02T12:44:06Z,True
3d5723a4,,,,,0000,,OSAP,ALP,,,,,,,,,,110.746,73.7141,Other_service,053977,2025-12-02T11:14:56Z,2025-12-02T11:22:47Z,True
3d5837ff,RB390,SYR390,SYR,SYR,A320,YK-AKG,OERK,RUH,,,OSAP,ALP,OSAP,ALP,2025-12-02T20:29:31Z,,,1483.38,1404.11,Passenger,778567,2025-12-02T18:22:36Z,2025-12-02T20:26:03Z,True
3d598f30,VF340,TKJ340,TKJ,TKJ,B738,TC-JFH,LTFJ,SAW,2025-12-03T03:33:24Z,24R,OSAP,ALP,OSAP,ALP,,,,945.371,852.965,Passenger,4BA8C8,2025-12-03T03:08:53Z,2025-12-03T04:43:16Z,True
3d599fd1,RJ431,RJA431,RJA,RJA,E295,JY-REA,OJAI,AMM,2025-12-03T03:45:23Z,26L,OSAP,ALP,OSAP,ALP,2025-12-03T04:41:25Z,,3362.0,590.573,463.78,Passenger,7448A1,2025-12-03T03:45:16Z,2025-12-03T04:33:05Z,True
3d59be7c,TK844,THY844,THY,THY,B739,TC-JYB,LTFM,IST,2025-12-03T05:33:02Z,36,OSAP,ALP,OSAP,ALP,2025-12-03T07:06:05Z,,5583.0,1036.59,916.264,Passenger,4BAB22,2025-12-03T04:54:20Z,2025-12-03T06:48:56Z,True
3d59da9d,RJ432,RJA432,RJA,RJA,E295,JY-REA,OSAP,ALP,2025-12-03T05:51:32Z,,OJAI,AMM,OJAI,AMM,2025-12-03T06:51:44Z,08R,3612.0,631.465,501.493,Passenger,7448A1,2025-12-03T05:53:37Z,2025-12-03T06:52:36Z,True
3d59ebd3,VF341,TKJ341,TKJ,TKJ,B738,TC-JFH,OSAP,ALP,2025-12-03T06:27:43Z,,LTFJ,SAW,LTFJ,SAW,2025-12-03T07:55:10Z,24L,5247.0,939.356,859.44,Passenger,4BA8C8,2025-12-03T06:29:14Z,2025-12-03T08:02:18Z,True
3d5a04a3,RB389,SYR389,SYR,SYR,A320,YK-AKG,OSAP,ALP,2025-12-03T07:22:42Z,,OERK,RUH,OERK,RUH,2025-12-03T09:31:17Z,33L,7715.0,1725.71,1538.91,Passenger,778567,2025-12-03T07:25:04Z,2025-12-03T09:33:51Z,True
3d5a2f2b,TK845,THY845,THY,THY,B739,TC-JYB,OSAP,ALP,,,LTFM,IST,LTFM,IST,2025-12-03T10:29:35Z,35R,,1029.37,916.519,Passenger,4BAB22,2025-12-03T08:54:23Z,2025-12-03T10:39:53Z,True
3d5a5137,TK840,THY840,THY,THY,B739,TC-JYI,LTFM,IST,2025-12-03T10:29:33Z,36,OSAP,ALP,OSAP,ALP,,,,1019.73,909.563,Passenger,4BAB29,2025-12-03T10:02:02Z,2025-12-03T11:43:05Z,True
3d5b0077,TK841,THY841,THY,THY,B739,TC-JYI,OSAP,ALP,2025-12-03T14:14:10Z,,LTFM,IST,LTFM,IST,2025-12-03T15:49:05Z,34L,5695.0,1011.34,921.08,Passenger,4BAB29,2025-12-03T14:19:54Z,2025-12-03T16:05:10Z,True
3d5ba6f8,FYC526,FYC526,FYC,FYC,A320,YK-BAA,ORER,EBL,,,OSAP,ALP,OSAP,ALP,2025-12-03T19:24:59Z,27R,,1041.73,616.31,Passenger,778821,2025-12-03T17:52:12Z,2025-12-03T19:22:13Z,True
3d5c3ea4,FYC761,FYC761,FYC,FYC,A320,YK-BAA,OSAP,ALP,2025-12-03T21:02:03Z,,OMSJ,SHJ,OMSJ,SHJ,2025-12-03T23:43:38Z,30,9695.0,2309.27,2117.82,Passenger,778821,2025-12-03T21:03:13Z,2025-12-03T23:49:18Z,True
3d5cf088,FYC762,FYC762,,FYC,A320,,OMSJ,SHJ,2025-12-04T01:14:13Z,30,OSAP,ALP,OSAP,ALP,2025-12-04T04:32:00Z,,11867.0,2253.02,2122.77,Passenger,778821,2025-12-04T01:13:24Z,2025-12-04T04:28:15Z,True
3d5d2c14,VF340,TKJ340,TKJ,TKJ,B738,TC-JHC,LTFJ,SAW,2025-12-04T03:27:43Z,24R,OSAP,ALP,OSAP,ALP,,,,1052.64,844.425,Passenger,4BA903,2025-12-04T02:59:18Z,2025-12-04T04:36:59Z,True
3d5d3ca5,RJ431,RJA431,RJA,RJA,E295,JY-REG,OJAI,AMM,2025-12-04T03:33:57Z,08R,OSAP,ALP,OSAP,ALP,,,,510.831,444.281,Passenger,7448A7,2025-12-04T03:33:26Z,2025-12-04T04:13:35Z,True
3d5d5fb1,TK844,THY844,THY,THY,B739,TC-JYC,LTFM,IST,2025-12-04T05:23:36Z,36,OSAP,ALP,OSAP,ALP,2025-12-04T07:01:36Z,,5880.0,1115.57,928.918,Passenger,4BAB23,2025-12-04T04:49:17Z,2025-12-04T06:54:16Z,True
3d5d6ed7,,,,,GLF4,,,,2025-12-04T05:15:59Z,,,,,,2025-12-04T06:00:24Z,,,,,Business_jets,,2025-12-04T05:19:45Z,2025-12-04T05:57:00Z,True
3d5d7e36,RJ432,RJA432,RJA,RJA,E295,JY-REG,OSAP,ALP,,,OJAI,AMM,OJAI,AMM,2025-12-04T06:40:59Z,08L,,568.116,436.752,Passenger,7448A7,2025-12-04T05:51:40Z,2025-12-04T06:42:09Z,True
3d5d8b69,VF341,TKJ341,TKJ,TKJ,B738,TC-JHC,OSAP,ALP,,,LTFJ,SAW,LTFJ,SAW,2025-12-04T07:33:52Z,24L,,884.889,846.926,Passenger,4BA903,2025-12-04T06:19:31Z,2025-12-04T07:42:05Z,True
3d5d8c19,FYC487,FYC487,FYC,FYC,A320,YK-BAA,OSAP,ALP,2025-12-04T06:18:22Z,09L,LTDB,COV,LTDB,COV,2025-12-04T06:54:50Z,03R,2188.0,317.347,212.917,Passenger,778821,2025-12-04T06:20:42Z,2025-12-04T06:59:17Z,True
3d5d8d11,QR414,QTR414,QTR,QTR,A320,A7-AHY,OTHH,DOH,2025-12-04T06:33:43Z,34L,OSAP,ALP,OSAP,ALP,2025-12-04T09:23:22Z,,10179.0,2002.21,1821.12,Passenger,06A153,2025-12-04T06:22:57Z,2025-12-04T09:20:24Z,True
3d5dadb4,RJ433,RJA433,RJA,RJA,E290,JY-REE,OJAI,AMM,2025-12-04T07:43:20Z,08L,OSAP,ALP,OSAP,ALP,2025-12-04T08:36:39Z,,3199.0,578.917,503.784,Passenger,7448A5,2025-12-04T07:34:06Z,2025-12-04T08:33:09Z,True
3d5dd8bb,TK845,THY845,THY,THY,B739,TC-JYC,OSAP,ALP,2025-12-04T09:03:37Z,,LTFM,IST,LTFM,IST,2025-12-04T10:36:46Z,35R,5589.0,1042.8,930.8,Passenger,4BAB23,2025-12-04T09:04:55Z,2025-12-04T10:53:11Z,True
3d5deece,RJ434,RJA434,RJA,RJA,E290,JY-REE,OSAP,ALP,2025-12-04T09:48:19Z,,OJAI,AMM,OJAI,AMM,2025-12-04T10:48:21Z,08L,3602.0,646.446,507.25,Passenger,7448A5,2025-12-04T09:49:48Z,2025-12-04T10:52:18Z,True
3d5e13da,QR415,QTR415,QTR,QTR,A320,A7-AHY,OSAP,ALP,2025-12-04T10:58:52Z,,OTHH,DOH,OTHH,DOH,2025-12-04T13:36:32Z,34L,9460.0,2141.34,1824.48,Passenger,06A153,2025-12-04T11:00:03Z,2025-12-04T13:41:51Z,True
3d5ed5fe,,,,,GLF4,,,,2025-12-04T15:27:17Z,,,,,,2025-12-04T16:55:58Z,,,,,Business_jets,,2025-12-04T15:28:47Z,2025-12-04T17:08:44Z,True
3d5f57b4,RB382,SYR382,SYR,SYR,A320,YK-AKG,OEJN,JED,2025-12-04T18:37:55Z,34C,OSAP,ALP,OSAP,ALP,2025-12-04T20:53:06Z,,8111.0,1666.89,1616.49,Passenger,778567,2025-12-04T18:17:15Z,2025-12-04T20:50:06Z,True
3d60c198,VF340,TKJ340,TKJ,TKJ,B738,TC-JHD,LTFJ,SAW,2025-12-05T03:26:00Z,24R,OSAP,ALP,OSAP,ALP,,,,963.224,846.765,Passenger,4BA904,2025-12-05T02:53:29Z,2025-12-05T04:39:55Z,True
3d60d979,RJ431,RJA431,RJA,RJA,E295,JY-REG,OJAI,AMM,2025-12-05T03:39:57Z,08R,OSAP,ALP,OSAP,ALP,,,,532.207,466.371,Passenger,7448A7,2025-12-05T03:38:18Z,2025-12-05T04:25:09Z,True
3d60f6bf,TK844,THY844,THY,THY,B739,TC-JYI,LTFM,IST,2025-12-05T05:23:10Z,36,OSAP,ALP,OSAP,ALP,,,,1054.22,920.745,Passenger,4BAB29,2025-12-05T04:46:06Z,2025-12-05T06:43:39Z,True
3d61125c,RJ432,RJA432,RJA,RJA,E295,JY-REG,OSAP,ALP,2025-12-05T05:41:30Z,27R,OJAI,AMM,OJAI,AMM,2025-12-05T06:41:15Z,08L,3585.0,628.026,506.313,Passenger,7448A7,2025-12-05T05:42:48Z,2025-12-05T06:41:15Z,True
3d61232d,VF341,TKJ341,TKJ,TKJ,B738,TC-JHD,OSAP,ALP,,,LTFJ,SAW,LTFJ,SAW,2025-12-05T07:36:15Z,24L,,924.21,849.932,Passenger,4BA904,2025-12-05T06:19:38Z,2025-12-05T07:44:06Z,True
3d614524,RB381,SYR381,SYR,SYR,A320,YK-AKG,OSAP,ALP,2025-12-05T07:34:32Z,,OEJN,JED,OEJN,JED,2025-12-05T09:45:23Z,16R,7851.0,1647.35,1615.14,Passenger,778567,2025-12-05T07:35:35Z,2025-12-05T09:47:04Z,True
3d6146d3,RJ433,RJA433,RJA,RJA,E290,JY-REC,OJAI,AMM,2025-12-05T07:41:34Z,08L,OSAP,ALP,OSAP,ALP,2025-12-05T08:39:18Z,,3464.0,588.832,509.141,Passenger,7448A3,2025-12-05T07:39:35Z,2025-12-05T08:36:05Z,True
3d617075,TK845,THY844,THY,THY,B739,TC-JYI,OSAP,ALP,,,LTFM,IST,LTFM,IST,2025-12-05T10:39:51Z,35R,,986.907,910.456,Passenger,4BAB29,2025-12-05T09:13:16Z,2025-12-05T10:51:50Z,True
3d6181b9,RJ434,RJA434,RJA,RJA,E290,JY-REC,OSAP,ALP,2025-12-05T09:42:05Z,,OJAI,AMM,OJAI,AMM,2025-12-05T10:42:36Z,08L,3631.0,634.746,507.667,Passenger,7448A3,2025-12-05T09:43:25Z,2025-12-05T10:43:08Z,True
3d62434e,RB521,SYR521,SYR,SYR,A320,YK-AKH,OSAP,ALP,2025-12-05T14:43:50Z,,OTHH,DOH,OTHH,DOH,2025-12-05T17:12:37Z,34L,8927.0,2035.65,1824.29,Passenger,778568,2025-12-05T14:45:43Z,2025-12-05T17:24:38Z,True
3d6432a5,VF340,TKJ340,TKJ,TKJ,B738,TC-JHD,LTFJ,SAW,2025-12-06T03:23:40Z,24R,OSAP,ALP,OSAP,ALP,2025-12-06T04:47:54Z,,5054.0,983.603,856.922,Passenger,4BA904,2025-12-06T03:01:02Z,2025-12-06T04:44:24Z,True
3d644158,RJ431,RJA431,RJA,RJA,A20N,JY-RAG,OJAI,AMM,2025-12-06T03:43:34Z,08R,OSAP,ALP,OSAP,ALP,2025-12-06T04:39:05Z,09R,3331.0,598.39,506.934,Passenger,744827,2025-12-06T03:34:55Z,2025-12-06T04:36:45Z,True
3d645f61,TK844,THY844,THY,THY,B739,TC-JYB,LTFM,IST,2025-12-06T05:33:55Z,34L,OSAP,ALP,OSAP,ALP,,,,1070.3,917.415,Passenger,4BAB22,2025-12-06T04:50:46Z,2025-12-06T06:59:30Z,True
3d646a96,RJ433,RJA433,RJA,RJA,A20N,JY-RAH,OJAI,AMM,2025-12-06T07:33:50Z,08R,OSAP,ALP,OSAP,ALP,2025-12-06T08:27:47Z,,3237.0,633.703,505.177,Passenger,744828,2025-12-06T05:16:37Z,2025-12-06T08:23:27Z,True
3d64747c,RJ432,RJA432,RJA,RJA,A20N,JY-RAG,OSAP,ALP,2025-12-06T05:38:28Z,,OJAI,AMM,OJAI,AMM,2025-12-06T06:38:20Z,08L,3592.0,616.264,504.935,Passenger,744827,2025-12-06T05:40:31Z,2025-12-06T06:43:15Z,True
3d64831a,VF341,TKJ341,TKJ,TKJ,B738,TC-JHD,OSAP,ALP,,,LTFJ,SAW,LTFJ,SAW,2025-12-06T07:35:15Z,24L,,973.056,850.083,Passenger,4BA904,2025-12-06T06:15:45Z,2025-12-06T07:44:53Z,True
3d64c5f2,TK845,THY845,THY,THY,B739,TC-JYB,OSAP,ALP,2025-12-06T09:02:06Z,,LTFM,IST,LTFM,IST,2025-12-06T10:33:55Z,34L,5509.0,1054.65,928.562,Passenger,4BAB22,2025-12-06T09:03:44Z,2025-12-06T10:54:22Z,True
3d64d6c3,RJ434,RJA434,RJA,RJA,A20N,JY-RAH,OSAP,ALP,2025-12-06T09:40:31Z,,OJAI,AMM,OJAI,AMM,2025-12-06T10:45:51Z,08L,3920.0,674.603,507.707,Passenger,744828,2025-12-06T09:42:21Z,2025-12-06T10:49:33Z,True
3d64e147,TK840,THY840,THY,THY,B739,TC-JYC,LTFM,IST,2025-12-06T10:36:56Z,36,OSAP,ALP,OSAP,ALP,2025-12-06T12:18:35Z,,6099.0,1142.45,924.068,Passenger,4BAB23,2025-12-06T10:07:37Z,2025-12-06T12:13:39Z,True
3d650003,FYC762,FYC762,FYC,FYC,A320,YK-BAA,OMSJ,SHJ,2025-12-06T11:08:55Z,30,OSAP,ALP,OSAP,ALP,2025-12-06T14:16:33Z,,11258.0,2221.94,2099.71,Passenger,778821,2025-12-06T11:09:36Z,2025-12-06T14:11:17Z,True
3d655c43,TK841,THY841,THY,THY,B739,TC-JYC,OSAP,ALP,2025-12-06T13:55:31Z,,LTFM,IST,LTFM,IST,2025-12-06T15:27:31Z,35R,5520.0,1056.12,932.558,Passenger,4BAB23,2025-12-06T13:57:53Z,2025-12-06T15:40:44Z,True
3d666620,FYC761,FYC761,FYC,FYC,A320,YK-BAA,OSAP,ALP,2025-12-06T21:15:19Z,,OMSJ,SHJ,OMSJ,SHJ,2025-12-07T00:01:36Z,30,9977.0,2291.99,2110.18,Passenger,778821,2025-12-06T21:17:30Z,2025-12-07T00:03:38Z,True
3d6728e1,VF340,TKJ340,TKJ,TKJ,B738,TC-JHC,LTFJ,SAW,2025-12-07T03:37:38Z,06L,OSAP,ALP,LTAJ,GZT,,,,1068.22,834.807,Passenger,4BA903,2025-12-07T03:05:55Z,2025-12-07T05:25:54Z,True
3d67466b,RJ431,RJA431,RJA,RJA,A20N,JY-RAL,OJAI,AMM,2025-12-07T04:18:40Z,26R,OSAP,ALP,OSAP,ALP,2025-12-07T05:19:30Z,,3650.0,1559.86,1.99886,Passenger,74482C,2025-12-07T04:13:05Z,2025-12-07T07:52:28Z,True
3d675821,TK844,THY844,THY,THY,B739,TC-JYB,LTFM,IST,2025-12-07T05:53:12Z,35L,OSAP,ALP,OSAP,ALP,,,,972.787,903.421,Passenger,4BAB22,2025-12-07T04:50:50Z,2025-12-07T07:11:11Z,True
3d678155,QR414,QTR414,QTR,QTR,A320,A7-AHY,OTHH,DOH,2025-12-07T06:40:17Z,34L,OSAP,ALP,OSAP,ALP,2025-12-07T09:30:58Z,,10241.0,2049.9,1820.1,Passenger,06A153,2025-12-07T06:21:29Z,2025-12-07T09:27:17Z,True
3d67adc7,RB341,SYR341,SYR,SYR,A320,YK-AKG,OSAP,ALP,2025-12-07T08:08:48Z,,OKKK,KWI,OKKK,KWI,2025-12-07T10:00:00Z,16,6672.0,1457.9,1271.44,Passenger,778567,2025-12-07T08:10:17Z,2025-12-07T10:10:29Z,True
3d67c747,TK845,THY845,THY,THY,B739,TC-JYB,OSAP,ALP,2025-12-07T09:09:57Z,,LTFM,IST,LTFM,IST,2025-12-07T10:41:37Z,35R,5500.0,1052.18,922.128,Passenger,4BAB22,2025-12-07T09:12:23Z,2025-12-07T11:02:05Z,True
3d67fc40,QR415,QTR415,QTR,QTR,A320,A7-AHY,OSAP,ALP,2025-12-07T11:07:35Z,,OTHH,DOH,OTHH,DOH,2025-12-07T13:52:38Z,34L,9903.0,2159.87,1835.98,Passenger,06A153,2025-12-07T11:09:21Z,2025-12-07T14:00:20Z,True
3d6a766d,TK844,THY844,THY,THY,B739,TC-JYF,LTFM,IST,,,OSAP,ALP,OSAP,ALP,,,,3.29433,0.0177654,Passenger,4BAB26,2025-12-08T05:00:53Z,2025-12-08T07:17:29Z,True
3d6b22b3,RB444,SYR444,SYR,SYR,A320,YK-AKG,LTFM,IST,2025-12-08T11:31:14Z,36,OSAP,ALP,OSAP,ALP,2025-12-08T12:59:10Z,27L,5276.0,1047.72,935.203,Passenger,778567,2025-12-08T10:44:04Z,2025-12-08T12:56:03Z,True
3d6bc1a7,RB445,SYR445,SYR,SYR,A320,YK-AKG,OSAP,ALP,2025-12-08T14:36:31Z,,LTFM,IST,LTFM,IST,2025-12-08T16:09:24Z,35R,5573.0,1053.71,919.72,Passenger,778567,2025-12-08T14:38:35Z,2025-12-08T16:24:11Z,True
3d6ceafa,FYC761,FYC761,FYC,FYC,A320,YK-BAC,OSAP,ALP,2025-12-08T21:08:20Z,,OMSJ,SHJ,OMSJ,SHJ,2025-12-09T00:00:29Z,12,10329.0,2298.15,2122.11,Passenger,778823,2025-12-08T21:10:22Z,2025-12-09T00:00:29Z,True
3d6d9c17,FYC762,FYC762,FYC,FYC,A320,YK-BAC,OMSJ,SHJ,2025-12-09T01:29:49Z,12,OSAP,ALP,OSAP,ALP,2025-12-09T04:38:13Z,,11304.0,2296.92,2106.9,Passenger,778823,2025-12-09T01:18:36Z,2025-12-09T04:34:47Z,True
3d6e2a16,FYC525,FYC525,FYC,FYC,A320,YK-BAC,OSAP,ALP,2025-12-09T05:54:20Z,,ORER,EBL,ORER,EBL,,,,1025.33,545.283,Passenger,778823,2025-12-09T05:55:28Z,2025-12-09T07:08:52Z,True
3d6e4ae1,TK844,THY844,THY,THY,A321,TC-JSC,LTFM,IST,2025-12-09T07:53:09Z,35L,OSAP,ALP,OSAP,ALP,2025-12-09T09:23:47Z,,5438.0,1069.0,923.407,Passenger,4BAA63,2025-12-09T07:00:50Z,2025-12-09T09:18:16Z,True
3d6e778d,TK6884,THY6884,THY,THY,B739,TC-JYC,LTFM,IST,2025-12-09T09:23:18Z,36,OSAP,ALP,OSAP,ALP,2025-12-09T11:00:15Z,,5817.0,1257.16,896.466,Passenger,4BAB23,2025-12-09T08:35:12Z,2025-12-09T11:30:24Z,True
3d6edc12,TK845,THY845,THY,THY,A321,TC-JSC,OSAP,ALP,2025-12-09T11:40:14Z,09L,LTFM,IST,LTFM,IST,2025-12-09T13:06:42Z,35R,5188.0,1019.4,915.447,Passenger,4BAA63,2025-12-09T11:44:27Z,2025-12-09T13:18:31Z,True
3d6f0173,RJ431,RJA431,RJA,RJA,A321,JY-AYT,OJAI,AMM,2025-12-09T13:03:00Z,26L,OSAP,ALP,OSAP,ALP,2025-12-09T13:59:50Z,,3410.0,597.825,508.859,Passenger,740734,2025-12-09T12:40:00Z,2025-12-09T13:56:13Z,True
3d6f5c3f,RJ432,RJA432,RJA,RJA,A321,JY-AYT,OSAP,ALP,2025-12-09T14:35:04Z,,OJAI,AMM,OJAI,AMM,2025-12-09T15:29:36Z,26L,3272.0,597.505,504.149,Passenger,740734,2025-12-09T14:36:44Z,2025-12-09T15:33:15Z,True
3d720076,RB389,SYR389,SYR,SYR,A320,YK-AKG,OSAP,ALP,2025-12-10T07:25:48Z,,OERK,RUH,OERK,RUH,2025-12-10T09:36:23Z,15R,7835.0,1669.79,1542.9,Passenger,778567,2025-12-10T07:26:37Z,2025-12-10T09:40:32Z,True
3d7235f3,VF340,TKJ340,TKJ,TKJ,B738,TC-JHC,LTFJ,SAW,2025-12-10T09:23:06Z,24R,OSAP,ALP,LTFJ,SAW,2025-12-10T12:15:46Z,24L,10360.0,2027.16,0.106261,Passenger,4BA903,2025-12-10T09:09:38Z,2025-12-10T12:21:51Z,True
3d724104,VF6650,TKJ6650,TKJ,TKJ,B738,TC-JFN,LTFJ,SAW,2025-12-10T09:41:50Z,24R,OSAP,ALP,LTFJ,SAW,2025-12-10T12:28:07Z,24L,9977.0,2004.34,0.669234,Passenger,4BA8CE,2025-12-10T09:30:28Z,2025-12-10T12:40:58Z,True
3d739735,FYC526,FYC526,FYC,FYC,A320,YK-BAA,ORER,EBL,2025-12-10T17:18:00Z,18,OSAP,ALP,OSAP,ALP,,,,809.443,673.483,Passenger,778821,2025-12-10T17:18:00Z,2025-12-10T18:25:47Z,True
3d79724f,RB381,SYR381,SYR,SYR,A320,YK-AKG,OSAP,ALP,2025-12-12T07:14:55Z,,OEJN,JED,OEJN,JED,2025-12-12T09:37:43Z,34L,8568.0,1764.57,1616.54,Passenger,778567,2025-12-12T07:14:55Z,2025-12-12T09:40:01Z,True
3d79a5e3,,FYCBAA,FYC,FYC,A320,YK-BAA,OSDI,DAM,2025-12-12T08:59:23Z,05L,OSAP,ALP,OSAP,ALP,2025-12-12T09:40:31Z,27R,2468.0,352.463,315.96,Passenger,778821,2025-12-12T08:59:23Z,2025-12-12T09:37:31Z,True
3d79bb2a,TK6884,THY6884,THY,THY,A321,TC-JRD,LTFM,IST,2025-12-12T10:15:22Z,36,OSAP,ALP,OSAP,ALP,2025-12-12T11:48:30Z,,5588.0,1090.55,936.848,Passenger,4BAA44,2025-12-12T09:38:59Z,2025-12-12T11:44:51Z,True
3d79bf86,VF6656,TKJ6656,TKJ,TKJ,B738,TC-JHC,LTFJ,SAW,2025-12-12T10:13:12Z,24R,OSAP,ALP,OSAP,ALP,2025-12-12T11:29:10Z,,4558.0,977.346,876.725,Passenger,4BA903,2025-12-12T09:47:28Z,2025-12-12T11:25:27Z,True
3d79d66c,FYC761,FYC761,FYC,FYC,A320,YK-BAA,OSAP,ALP,2025-12-12T10:28:37Z,,OMSJ,SHJ,OMSJ,SHJ,2025-12-12T13:09:26Z,30,9649.0,2309.43,2118.44,Passenger,778821,2025-12-12T10:28:37Z,2025-12-12T13:10:11Z,True
3d7a2757,RJ431,RJA431,RJA,RJA,E295,JY-REF,OJAI,AMM,2025-12-12T12:32:53Z,26L,OSAP,ALP,OSAP,ALP,2025-12-12T13:31:54Z,,3541.0,597.66,506.962,Passenger,7448A6,2025-12-12T12:32:47Z,2025-12-12T13:28:17Z,True
3d7a4004,RJ433,RJA433,RJA,RJA,E295,JY-REB,OJAI,AMM,2025-12-12T13:06:38Z,26L,OSAP,ALP,OSAP,ALP,2025-12-12T14:08:59Z,27R,3741.0,643.249,507.678,Passenger,7448A2,2025-12-12T13:06:31Z,2025-12-12T14:07:16Z,True
3d7a5685,VF6657,TKJ6657,TKJ,TKJ,B738,TC-JHC,OSAP,ALP,2025-12-12T13:33:41Z,,LTFJ,SAW,LTFJ,SAW,2025-12-12T15:15:18Z,24L,6097.0,1060.75,865.912,Passenger,4BA903,2025-12-12T13:33:41Z,2025-12-12T15:24:59Z,True
3d7a79f9,TK6885,THY6885,THY,THY,A321,TC-JRD,OSAP,ALP,2025-12-12T14:14:52Z,,LTFM,IST,LTFM,IST,2025-12-12T16:01:47Z,35R,6415.0,1081.51,927.668,Passenger,4BAA44,2025-12-12T14:14:52Z,2025-12-12T16:12:52Z,True
3d7a7c55,RJ432,RJA432,RJA,RJA,E295,JY-REF,OSAP,ALP,2025-12-12T14:17:33Z,,OJAI,AMM,OJAI,AMM,2025-12-12T15:11:31Z,26R,3238.0,651.265,507.979,Passenger,7448A6,2025-12-12T14:17:33Z,2025-12-12T15:12:37Z,True
3d7a8253,RB523,SYR523,SYR,SYR,A320,YK-AKH,OSAP,ALP,2025-12-12T14:24:20Z,,OTHH,DOH,OTHH,DOH,2025-12-12T16:45:20Z,16L,8460.0,1975.67,1830.35,Passenger,778568,2025-12-12T14:24:20Z,2025-12-12T16:50:58Z,True
3d7a8a41,FYC762,FYC762,FYC,FYC,A320,YK-BAA,OMSJ,SHJ,2025-12-12T14:36:47Z,30,OSAP,ALP,OSAP,ALP,2025-12-12T17:54:46Z,27R,11879.0,2262.82,2116.87,Passenger,778821,2025-12-12T14:33:38Z,2025-12-12T17:52:37Z,True
3d7aa0e1,RJ434,RJA434,RJA,RJA,E295,JY-REB,OSAP,ALP,2025-12-12T14:59:21Z,,OJAI,AMM,OJAI,AMM,2025-12-12T15:54:54Z,26L,3333.0,595.612,508.255,Passenger,7448A2,2025-12-12T14:59:21Z,2025-12-12T15:52:06Z,True
3d7b2e96,RB524,SYR524,SYR,SYR,A320,YK-AKH,OTHH,DOH,2025-12-12T18:01:43Z,34L,OSAP,ALP,OSAP,ALP,2025-12-12T20:47:35Z,,9952.0,1950.36,1821.09,Passenger,778568,2025-12-12T17:46:39Z,2025-12-12T20:44:02Z,True
3d7b73e6,FYC487,FYC487,FYC,FYC,A320,YK-BAA,OSAP,ALP,2025-12-12T19:07:49Z,,LTDB,COV,LTDB,COV,2025-12-12T19:45:32Z,03R,2263.0,317.323,200.05,Passenger,778821,2025-12-12T19:10:31Z,2025-12-12T19:53:58Z,True
3d7d1f42,RB515,SYR515,SYR,SYR,A320,YK-AKH,OSAP,ALP,2025-12-13T07:15:56Z,,OMDB,DXB,OMDB,DXB,2025-12-13T09:55:39Z,30L,9583.0,2314.19,2111.41,Passenger,778568,2025-12-13T07:15:56Z,2025-12-13T09:57:17Z,True
3d7d87fc,FYC762,FYC762,FYC,FYC,A320,YK-BAA,OMSJ,SHJ,2025-12-13T11:05:33Z,30,OSAP,ALP,OSAP,ALP,2025-12-13T14:19:19Z,,11626.0,2253.09,2111.71,Passenger,778821,2025-12-13T11:03:09Z,2025-12-13T14:16:23Z,True
3d7ea19e,RB342,SYR342,SYR,SYR,A320,YK-AKG,OKKK,KWI,2025-12-13T19:16:12Z,34,OSAP,ALP,OSAP,ALP,2025-12-13T21:15:56Z,,7184.0,1410.73,1258.0,Passenger,778567,2025-12-13T17:59:39Z,2025-12-13T21:13:21Z,True
3d7efb23,FYC728,FYC728,FYC,FYC,A320,YK-BAB,OMDB,DXB,2025-12-13T20:27:55Z,30R,OSAP,ALP,OSAP,ALP,2025-12-13T23:39:13Z,27R,11478.0,2261.28,2104.85,Passenger,778822,2025-12-13T20:10:22Z,2025-12-13T23:36:58Z,True
3d7f269d,FYC761,FYC761,,FYC,A320,,OSAP,ALP,2025-12-13T21:17:54Z,,OMSJ,SHJ,OMSJ,SHJ,2025-12-14T00:08:41Z,12,10247.0,2414.91,2120.62,Passenger,778821,2025-12-13T21:18:45Z,2025-12-14T00:08:38Z,True
3d8050c8,RB341,SYR341,SYR,SYR,A320,YK-AKG,OSAP,ALP,2025-12-14T08:03:14Z,,OKKK,KWI,OKKK,KWI,2025-12-14T09:55:53Z,34,6759.0,1487.02,1266.46,Passenger,778567,2025-12-14T08:03:14Z,2025-12-14T10:09:29Z,True
3d806c40,FYC728,FYC728,FYC,FYC,A320,YK-BAB,OSAP,ALP,2025-12-14T09:08:36Z,09L,OSDI,DAM,OSDI,DAM,2025-12-14T09:49:18Z,,2442.0,375.42,304.297,Passenger,778822,2025-12-14T09:08:36Z,2025-12-14T09:45:11Z,True
3d807cc3,QR414,QTR414,QTR,QTR,A320,A7-AHY,OTHH,DOH,2025-12-14T09:53:37Z,34L,OSAP,ALP,OSAP,ALP,2025-12-14T12:50:12Z,27R,10595.0,2004.73,1823.51,Passenger,06A153,2025-12-14T09:45:35Z,2025-12-14T12:47:57Z,True
3d80d164,RJ431,RJA431,RJA,RJA,E290,JY-REE,OJAI,AMM,2025-12-14T12:28:44Z,08R,OSAP,ALP,OSAP,ALP,2025-12-14T13:24:03Z,,3319.0,578.348,496.387,Passenger,7448A5,2025-12-14T12:26:53Z,2025-12-14T13:18:58Z,True
3d810eaa,QR415,QTR415,QTR,QTR,A320,A7-AHY,OSAP,ALP,2025-12-14T14:08:59Z,,OTHH,DOH,OTHH,DOH,2025-12-14T16:38:48Z,34L,8989.0,2100.16,1829.66,Passenger,06A153,2025-12-14T14:08:59Z,2025-12-14T16:49:58Z,True
3d8116c7,RJ432,RJA432,RJA,RJA,E290,JY-REE,OSAP,ALP,2025-12-14T14:22:15Z,,OJAI,AMM,OJAI,AMM,2025-12-14T15:18:32Z,08L,3377.0,629.274,507.132,Passenger,7448A5,2025-12-14T14:22:15Z,2025-12-14T15:19:14Z,True
3d830d40,RJ431,RJA431,RJA,RJA,E290,JY-REC,OJAI,AMM,2025-12-15T04:42:21Z,26R,OSAP,ALP,OSAP,ALP,2025-12-15T05:38:49Z,,3388.0,604.643,507.417,Passenger,7448A3,2025-12-15T04:28:46Z,2025-12-15T05:40:09Z,True
3d833d0e,VF340,TKJ340,TKJ,TKJ,B738,TC-JFH,LTFJ,SAW,2025-12-15T07:09:56Z,06L,OSAP,ALP,OSAP,ALP,2025-12-15T08:34:48Z,,5092.0,1010.92,865.262,Passenger,4BA8C8,2025-12-15T06:00:50Z,2025-12-15T08:35:29Z,True
3d8349b0,QR414,QTR414,QTR,QTR,A320,A7-AHY,OTHH,DOH,2025-12-15T06:39:08Z,34L,OSAP,ALP,OSAP,ALP,2025-12-15T09:29:21Z,,10213.0,2051.35,1820.34,Passenger,06A153,2025-12-15T06:28:55Z,2025-12-15T09:25:50Z,True
3d835afc,RJ432,RJA432,RJA,RJA,E290,JY-REC,OSAP,ALP,2025-12-15T06:53:31Z,,OJAI,AMM,OJAI,AMM,2025-12-15T07:46:51Z,26L,3200.0,587.472,508.271,Passenger,7448A3,2025-12-15T06:53:31Z,2025-12-15T07:49:00Z,True
3d835d06,TK844,THY844,THY,THY,A321,TC-JRA,LTFM,IST,2025-12-15T07:34:05Z,36,OSAP,ALP,OSAP,ALP,2025-12-15T09:12:29Z,,5904.0,1168.9,923.885,Passenger,4BAA41,2025-12-15T06:57:18Z,2025-12-15T09:08:24Z,True
3d837412,TK6932,THY6932,THY,THY,A321,TC-JRR,LTFM,IST,2025-12-15T08:20:08Z,36,OSAP,ALP,OSAP,ALP,2025-12-15T09:57:49Z,27R,5861.0,1071.88,933.504,Passenger,4BAA52,2025-12-15T07:42:06Z,2025-12-15T09:55:33Z,True
3d838e0d,RJ433,RJA433,RJA,RJA,E290,JY-REC,OJAI,AMM,2025-12-15T08:51:00Z,26L,OSAP,ALP,OSAP,ALP,2025-12-15T09:46:42Z,,3342.0,603.705,508.164,Passenger,7448A3,2025-12-15T08:35:11Z,2025-12-15T09:43:11Z,True
3d83b493,TK840,THY840,THY,THY,A321,TC-JSC,LTFM,IST,2025-12-15T10:25:40Z,36,OSAP,ALP,OSAP,ALP,2025-12-15T12:01:18Z,,5738.0,1050.21,928.754,Passenger,4BAA63,2025-12-15T09:51:30Z,2025-12-15T11:59:48Z,True
3d83be32,VF341,TKJ341,TKJ,TKJ,B738,TC-JFH,OSAP,ALP,2025-12-15T10:09:40Z,,LTFJ,SAW,LTFJ,SAW,2025-12-15T11:38:20Z,06R,5320.0,990.891,865.109,Passenger,4BA8C8,2025-12-15T10:09:40Z,2025-12-15T11:48:00Z,True
3d83cf54,RJ434,RJA434,RJA,RJA,E290,JY-REC,OSAP,ALP,2025-12-15T10:41:32Z,,OJAI,AMM,OJAI,AMM,2025-12-15T11:34:30Z,26L,3178.0,601.746,508.075,Passenger,7448A3,2025-12-15T10:41:32Z,2025-12-15T11:34:42Z,True
3d83dd1c,QR415,QTR415,QTR,QTR,A320,A7-AHY,OSAP,ALP,2025-12-15T11:05:26Z,,OTHH,DOH,OTHH,DOH,2025-12-15T13:49:07Z,34R,9821.0,2181.07,1830.77,Passenger,06A153,2025-12-15T11:05:26Z,2025-12-15T13:52:22Z,True
3d83ed1d,TK845,THY845,THY,THY,A321,TC-JRA,OSAP,ALP,2025-12-15T11:32:19Z,,LTFM,IST,LTFM,IST,2025-12-15T13:05:38Z,35R,5599.0,1037.84,926.561,Passenger,4BAA41,2025-12-15T11:32:19Z,2025-12-15T13:20:11Z,True
3d83f2af,RB444,SYR444,SYR,SYR,A320,YK-AKG,LTFM,IST,2025-12-15T12:11:07Z,36,OSAP,ALP,OSAP,ALP,2025-12-15T13:30:51Z,,4784.0,1064.29,939.208,Passenger,778567,2025-12-15T11:41:56Z,2025-12-15T13:28:20Z,True
3d841ecc,TK6933,THY6933,THY,THY,A321,TC-JRR,OSAP,ALP,2025-12-15T12:50:04Z,09L,LTFM,IST,LTFM,IST,2025-12-15T14:30:05Z,35R,6001.0,1070.29,927.046,Passenger,4BAA52,2025-12-15T12:50:04Z,2025-12-15T14:44:12Z,True
3d8474b5,RB445,SYR445,SYR,SYR,A320,YK-AKG,OSAP,ALP,2025-12-15T14:43:04Z,,LTFM,IST,LTFM,IST,2025-12-15T16:18:17Z,35R,5713.0,1035.85,928.237,Passenger,778567,2025-12-15T14:43:04Z,2025-12-15T16:34:37Z,True
3d8482b9,TK841,THY841,THY,THY,A321,TC-JSC,OSAP,ALP,2025-12-15T15:00:00Z,09L,LTFM,IST,LTFM,IST,2025-12-15T16:38:52Z,35R,5932.0,1051.19,927.168,Passenger,4BAA63,2025-12-15T15:00:00Z,2025-12-15T16:53:15Z,True
3d850ef1,FYC488,FYC488,FYC,FYC,A320,YK-BAA,LTDB,COV,2025-12-15T18:43:01Z,03R,OSAP,ALP,OSAP,ALP,2025-12-15T19:15:46Z,,1965.0,300.27,219.556,Passenger,778821,2025-12-15T18:03:52Z,2025-12-15T19:12:22Z,True
3d85a5d6,FYC761,FYC761,FYC,FYC,A320,YK-BAA,OSAP,ALP,2025-12-15T21:23:04Z,,OMSJ,SHJ,OMSJ,SHJ,2025-12-16T00:14:03Z,12,10259.0,2296.19,2119.1,Passenger,778821,2025-12-15T21:24:20Z,2025-12-16T00:13:56Z,True
3d86484c,FYC762,FYC762,FYC,FYC,A320,YK-BAA,OMSJ,SHJ,2025-12-16T01:33:39Z,12,OSAP,ALP,OSAP,ALP,2025-12-16T04:45:02Z,,11483.0,2280.88,2101.04,Passenger,778821,2025-12-16T01:29:55Z,2025-12-16T04:40:42Z,True
3d868356,,YKSYR,SYR,SYR,B735,YK-SYR,OSDI,DAM,2025-12-16T03:00:32Z,,OSAP,ALP,OSAP,ALP,2025-12-16T03:46:29Z,27R,2757.0,431.744,315.621,Passenger,77CF32,2025-12-16T03:00:32Z,2025-12-16T03:44:07Z,True
3d8693a9,RJ431,RJA431,RJA,RJA,E295,JY-REG,OJAI,AMM,2025-12-16T03:37:01Z,26L,OSAP,ALP,OSAP,ALP,2025-12-16T04:36:48Z,,3587.0,570.647,501.466,Passenger,7448A7,2025-12-16T03:35:36Z,2025-12-16T04:37:10Z,True
3d86b46e,VF340,TKJ340,TKJ,TKJ,B738,TC-JFD,LTFJ,SAW,2025-12-16T05:20:04Z,06L,OSAP,ALP,OSAP,ALP,2025-12-16T06:39:10Z,27R,4746.0,951.175,870.158,Passenger,4BA8C4,2025-12-16T04:44:12Z,2025-12-16T06:36:50Z,True
3d86b708,TK844,THY844,THY,THY,B739,TC-JYB,LTFM,IST,2025-12-16T05:35:58Z,34L,OSAP,ALP,OSAP,ALP,2025-12-16T07:12:59Z,,5821.0,1078.66,937.031,Passenger,4BAB22,2025-12-16T04:49:13Z,2025-12-16T07:09:50Z,True
3d86d8a4,RJ432,RJA432,RJA,RJA,E295,JY-REG,OSAP,ALP,2025-12-16T05:52:21Z,,OJAI,AMM,OJAI,AMM,2025-12-16T06:44:34Z,26R,3133.0,605.587,507.79,Passenger,7448A7,2025-12-16T05:52:21Z,2025-12-16T06:45:00Z,True
3d86e5ee,RB521,SYR521,SYR,SYR,B735,YK-SYR,OSAP,ALP,2025-12-16T06:17:44Z,,OTHH,DOH,OTHH,DOH,2025-12-16T08:55:14Z,34R,9450.0,2047.68,1830.96,Passenger,77CF32,2025-12-16T06:17:44Z,2025-12-16T09:00:33Z,True
3d872178,FYC525,FYC525,FYC,FYC,A320,YK-BAA,OSAP,ALP,2025-12-16T08:26:06Z,,,,,,,,,1097.67,599.668,Passenger,778821,2025-12-16T08:26:06Z,2025-12-16T09:51:07Z,True
3d8726d9,VF341,TKJ341,TKJ,TKJ,B738,TC-JFD,OSAP,ALP,2025-12-16T08:36:37Z,,LTFJ,SAW,LTFJ,SAW,2025-12-16T10:03:34Z,24L,5217.0,963.752,866.365,Passenger,4BA8C4,2025-12-16T08:36:37Z,2025-12-16T10:08:13Z,True
3d873d51,TK845,THY845,THY,THY,B739,TC-JYB,OSAP,ALP,2025-12-16T09:20:35Z,09L,LTFM,IST,LTFM,IST,2025-12-16T10:58:03Z,35R,5848.0,1071.64,927.43,Passenger,4BAB22,2025-12-16T09:20:35Z,2025-12-16T11:09:45Z,True
3d875e10,RB342,SYR342,SYR,SYR,A320,YK-AKG,OKKK,KWI,2025-12-16T10:40:55Z,34,OSAP,ALP,OSAP,ALP,,,,1252.74,1154.41,Passenger,778567,2025-12-16T10:23:18Z,2025-12-16T12:18:24Z,True
3d87634a,RB522,SYR522,SYR,SYR,B735,YK-SYR,OTHH,DOH,2025-12-16T10:42:44Z,34R,OSAP,ALP,OSAP,ALP,,,,1792.14,1692.49,Passenger,77CF32,2025-12-16T10:32:52Z,2025-12-16T12:58:08Z,True
3d88a784,RB390,SYR390,SYR,SYR,A320,YK-AKG,OERK,RUH,2025-12-16T17:41:40Z,15L,OSAP,ALP,OSAP,ALP,2025-12-16T20:15:24Z,,9224.0,1746.12,1530.79,Passenger,778567,2025-12-16T17:36:50Z,2025-12-16T20:12:17Z,True
3d891ee8,FYC728,FYC728,FYC,FYC,A320,YK-BAC,OMDB,DXB,2025-12-16T20:01:20Z,12R,OSAP,ALP,OSAP,ALP,,,,2149.15,2010.88,Passenger,778823,2025-12-16T20:01:23Z,2025-12-16T22:50:57Z,True
3d8a52f3,RJ431,RJA431,RJA,RJA,A20N,JY-RAJ,OJAI,AMM,2025-12-17T03:38:07Z,08R,OSAP,ALP,OSAP,ALP,,,,592.679,509.276,Passenger,74482A,2025-12-17T03:28:51Z,2025-12-17T04:38:54Z,True
3d8a7a2b,TK844,THY844,THY,THY,B739,TC-JYC,LTFM,IST,2025-12-17T05:26:48Z,34L,OSAP,ALP,OSAP,ALP,2025-12-17T06:56:15Z,27R,5367.0,1063.85,929.728,Passenger,4BAB23,2025-12-17T04:54:48Z,2025-12-17T06:54:36Z,True
3d8a8390,VF340,TKJ340,TKJ,TKJ,B738,TC-JHC,LTFJ,SAW,2025-12-17T05:29:19Z,06L,OSAP,ALP,OSAP,ALP,,,,874.093,837.901,Passenger,4BA903,2025-12-17T05:14:29Z,2025-12-17T06:38:02Z,True
3d8a9281,RJ432,RJA432,RJA,RJA,A20N,JY-RAJ,OSAP,ALP,2025-12-17T05:44:09Z,,OJAI,AMM,OJAI,AMM,2025-12-17T06:40:04Z,08L,3355.0,618.461,506.679,Passenger,74482A,2025-12-17T05:45:15Z,2025-12-17T06:43:44Z,True
3d8ac4b7,RB389,SYR389,SYR,SYR,A320,YK-AKG,OSAP,ALP,2025-12-17T07:24:05Z,,OERK,RUH,OERK,RUH,2025-12-17T09:34:26Z,33L,7821.0,1737.22,1537.66,Passenger,778567,2025-12-17T07:24:05Z,2025-12-17T09:39:32Z,True
3d8adb66,VF341,TKJ341,TKJ,TKJ,B738,TC-JHC,OSAP,ALP,2025-12-17T08:06:54Z,,LTFJ,SAW,LTFJ,SAW,2025-12-17T09:33:25Z,06R,5191.0,1029.06,865.322,Passenger,4BA903,2025-12-17T08:06:54Z,2025-12-17T09:46:30Z,True
3d8af32f,TK845,THY845,THY,THY,B739,TC-JYC,OSAP,ALP,2025-12-17T08:51:49Z,09L,LTFM,IST,LTFM,IST,2025-12-17T10:19:50Z,35R,5281.0,1033.18,928.487,Passenger,4BAB23,2025-12-17T08:51:54Z,2025-12-17T10:28:36Z,True
3d8b1267,TK840,THY840,THY,THY,B739,TC-JYF,LTFM,IST,2025-12-17T10:30:42Z,36,OSAP,ALP,OSAP,ALP,,,,1061.57,908.716,Passenger,4BAB26,2025-12-17T09:51:38Z,2025-12-17T11:49:34Z,True
3d8b3c20,RB390,SYR390,SYR,SYR,A320,YK-AKG,OERK,RUH,2025-12-17T11:15:09Z,33R,OSAP,ALP,OSAP,ALP,,,,1480.43,1339.3,Passenger,778567,2025-12-17T11:05:43Z,2025-12-17T13:20:39Z,True
3d8b4378,RB522,SYR522,SYR,SYR,A320,YK-AKH,OTHH,DOH,2025-12-17T11:22:34Z,34R,OSAP,ALP,OSAP,ALP,,,,1796.25,1692.21,Passenger,778568,2025-12-17T11:16:53Z,2025-12-17T13:41:27Z,True
3d8bcb1f,TK841,THY841,THY,THY,B739,TC-JYF,OSAP,ALP,2025-12-17T14:18:25Z,,LTFM,IST,LTFM,IST,2025-12-17T15:50:13Z,35R,5508.0,1064.06,927.885,Passenger,4BAB26,2025-12-17T14:18:25Z,2025-12-17T16:01:49Z,True
3d8c92ba,FYC526,FYC526,SYR,FYC,A320,YK-BAG,ORER,EBL,2025-12-17T18:26:00Z,,OSAP,ALP,OSAP,ALP,2025-12-17T19:50:57Z,,5097.0,1045.68,596.254,Passenger,778827,2025-12-17T18:26:00Z,2025-12-17T19:48:37Z,True
3d8cbf88,FYC728,FYC728,FYC,FYC,A320,YK-BAA,OMDB,DXB,2025-12-17T19:38:24Z,12R,OSAP,ALP,OSAP,ALP,,,,2118.42,2013.44,Passenger,778821,2025-12-17T19:21:50Z,2025-12-17T22:23:24Z,True
3d8d1c49,FYC761,FYC761,SYR,FYC,A320,YK-BAG,OSAP,ALP,2025-12-17T21:19:52Z,,OMSJ,SHJ,OMSJ,SHJ,2025-12-18T00:12:45Z,12,10373.0,2306.14,2116.54,Passenger,778827,2025-12-17T21:19:52Z,2025-12-18T00:12:38Z,True
3d8d1c37,RB524,SYR524,SYR,SYR,B735,YK-SYR,OTHH,DOH,2025-12-17T21:33:29Z,34R,OSAP,ALP,OSAP,ALP,2025-12-18T00:25:33Z,27R,10324.0,1963.52,1825.51,Passenger,77CF32,2025-12-17T21:21:50Z,2025-12-18T00:23:09Z,True
3d8dc00b,RB901,SYR901,SYR,SYR,B735,YK-SYR,OSAP,ALP,2025-12-18T01:11:12Z,,,,,,,23R,,404.988,306.941,Passenger,77CF32,2025-12-18T01:11:12Z,2025-12-18T01:51:37Z,True
3d8dccf7,FYC762,FYC762,SYR,FYC,A320,YK-BAG,OMSJ,SHJ,2025-12-18T01:35:09Z,12,OSAP,ALP,OSAP,ALP,2025-12-18T04:45:04Z,27R,11395.0,2311.08,2112.64,Passenger,778827,2025-12-18T01:31:04Z,2025-12-18T04:43:10Z,True
3d8e3ca3,TK844,THY844,THY,THY,B739,TC-JYC,LTFM,IST,2025-12-18T05:45:35Z,34L,OSAP,ALP,OSAP,ALP,2025-12-18T07:21:11Z,,5736.0,1124.44,939.387,Passenger,4BAB23,2025-12-18T05:03:38Z,2025-12-18T07:17:23Z,True
3d8e4930,VF340,TKJ340,TKJ,TKJ,B738,TC-JFJ,LTFJ,SAW,2025-12-18T05:57:41Z,06L,OSAP,ALP,OSAP,ALP,2025-12-18T07:23:24Z,,5143.0,1000.88,875.369,Passenger,4BA8CA,2025-12-18T05:28:18Z,2025-12-18T07:19:49Z,True
3d8e623d,FYC487,FYC487,SYR,FYC,A320,YK-BAG,OSAP,ALP,,,LTDB,COV,LTDB,COV,2025-12-18T06:49:52Z,03R,,325.3,204.599,Passenger,778827,2025-12-18T06:18:31Z,2025-12-18T06:55:57Z,True
3d8e717e,QR414,QTR414,QTR,QTR,A320,A7-AHY,OTHH,DOH,2025-12-18T07:04:52Z,16R,OSAP,ALP,OSAP,ALP,2025-12-18T10:02:01Z,27R,10629.0,2081.22,1823.9,Passenger,06A153,2025-12-18T06:47:40Z,2025-12-18T09:59:58Z,True
3d8ea190,RJ433,RJA433,RJA,RJA,E295,JY-REB,OJAI,AMM,2025-12-18T08:26:21Z,26L,OSAP,ALP,OSAP,ALP,2025-12-18T09:29:28Z,,3787.0,609.539,504.842,Passenger,7448A2,2025-12-18T08:26:12Z,2025-12-18T09:26:12Z,True
3d8ea1c1,,UNO501H,IGC,UNO,CRJ2,YI-BAG,,,,,OSAP,ALP,OSAP,ALP,,,,463.033,32.4424,Business_jets,728827,2025-12-18T08:26:51Z,2025-12-18T09:44:18Z,True
3d8ea840,VF341,TKJ341,TKJ,TKJ,B738,TC-JFJ,OSAP,ALP,2025-12-18T08:37:43Z,,LTFJ,SAW,LTFJ,SAW,2025-12-18T10:00:15Z,24L,4952.0,945.778,865.21,Passenger,4BA8CA,2025-12-18T08:37:43Z,2025-12-18T10:19:21Z,True
3d8ec560,TK845,THY845,THY,THY,B739,TC-JYC,OSAP,ALP,2025-12-18T09:31:41Z,09L,LTFM,IST,LTFM,IST,2025-12-18T11:13:47Z,17L,6126.0,1145.6,927.324,Passenger,4BAB23,2025-12-18T09:31:41Z,2025-12-18T11:25:12Z,True
3d8edfae,RJ434,RJA434,RJA,RJA,E295,JY-REB,OSAP,ALP,2025-12-18T10:19:21Z,,OJAI,AMM,OJAI,AMM,2025-12-18T11:10:48Z,26L,3087.0,593.237,508.29,Passenger,7448A2,2025-12-18T10:19:21Z,2025-12-18T11:10:57Z,True
3d8f021b,QR415,QTR415,QTR,QTR,A320,A7-AHY,OSAP,ALP,2025-12-18T11:16:07Z,,OTHH,DOH,OTHH,DOH,2025-12-18T14:13:44Z,34L,10657.0,2332.75,1829.79,Passenger,06A153,2025-12-18T11:16:07Z,2025-12-18T14:24:42Z,True
3d90ef79,RB523,SYR523,SYR,SYR,A320,YK-AKG,OSAP,ALP,2025-12-18T22:34:01Z,,OTHH,DOH,OTHH,DOH,2025-12-19T01:11:45Z,34L,9464.0,2045.19,1829.77,Passenger,778567,2025-12-18T22:34:01Z,2025-12-19T01:27:19Z,True
3d915b4a,RB524,SYR524,SYR,SYR,A320,YK-AKG,OTHH,DOH,2025-12-19T02:34:36Z,34L,OSAP,ALP,OSAP,ALP,,,,1933.71,1815.96,Passenger,778567,2025-12-19T01:27:20Z,2025-12-19T05:09:00Z,True
3d91b975,VF340,TKJ340,TKJ,TKJ,B738,TC-JFJ,LTFJ,SAW,2025-12-19T05:14:19Z,06L,OSAP,ALP,LTAJ,GZT,,,,1183.62,835.395,Passenger,4BA8CA,2025-12-19T04:43:22Z,2025-12-19T07:03:37Z,True
3d91bd0b,TK844,THY844,THY,THY,B739,TC-JYC,LTFM,IST,2025-12-19T05:53:20Z,34L,OSAP,ALP,OSAP,ALP,,,,1072.79,900.707,Passenger,4BAB23,2025-12-19T04:51:28Z,2025-12-19T07:07:23Z,True
3d9215ad,RB381,SYR381,SYR,SYR,A320,YK-AKG,OSAP,ALP,2025-12-19T07:56:52Z,,OEJN,JED,OEJN,JED,2025-12-19T09:58:08Z,34L,7276.0,1718.39,1616.43,Passenger,778567,2025-12-19T07:56:52Z,2025-12-19T10:01:19Z,True
3d92227d,VF341,TKJ340,TKJ,TKJ,B738,TC-JFJ,OSAP,ALP,2025-12-19T08:20:37Z,28,LTFJ,SAW,LTFJ,SAW,,,,152.076,87.682,Passenger,4BA8CA,2025-12-19T08:21:55Z,2025-12-19T08:41:44Z,True
3d924453,TK845,THY845,THY,THY,B739,TC-JYC,OSAP,ALP,2025-12-19T09:25:47Z,,LTFM,IST,LTFM,IST,2025-12-19T11:06:13Z,35R,6026.0,1035.99,927.583,Passenger,4BAB23,2025-12-19T09:25:47Z,2025-12-19T11:29:20Z,True
3d924dcd,VF341,TKJ341,TKJ,TKJ,B738,TC-JFJ,OSAP,ALP,2025-12-19T09:43:31Z,,LTFJ,SAW,LTFJ,SAW,2025-12-19T11:25:05Z,06R,6094.0,1032.49,865.861,Passenger,4BA8CA,2025-12-19T09:43:31Z,2025-12-19T11:33:30Z,True
3d925b2c,FYC782,FYC782,FYC,FYC,A320,YK-BAA,OSAP,ALP,2025-12-19T10:05:47Z,09L,OSDI,DAM,OSDI,DAM,2025-12-19T10:44:16Z,,2309.0,366.721,309.613,Passenger,778821,2025-12-19T10:06:29Z,2025-12-19T10:35:48Z,True
3d926b5a,RJ433,RJA433,RJA,RJA,E295,JY-REA,OJAI,AMM,2025-12-19T10:35:59Z,26L,OSAP,ALP,OSAP,ALP,2025-12-19T11:56:20Z,27R,4821.0,688.03,507.737,Passenger,7448A1,2025-12-19T10:34:51Z,2025-12-19T11:54:39Z,True
3d92cb3c,RJ434,RJA434,RJA,RJA,E295,JY-REA,OSAP,ALP,2025-12-19T12:57:37Z,,OJAI,AMM,OJAI,AMM,2025-12-19T13:48:58Z,26L,3081.0,584.727,508.094,Passenger,7448A1,2025-12-19T12:57:37Z,2025-12-19T13:49:04Z,True
3d93129a,FYC526,FYC526,FYC,FYC,A320,YK-BAA,ORER,EBL,2025-12-19T14:26:07Z,18,OSAP,ALP,OSAP,ALP,2025-12-19T15:53:17Z,27R,5230.0,1000.29,599.276,Passenger,778821,2025-12-19T14:26:07Z,2025-12-19T15:51:02Z,True
3d936097,RB111,SYR111,SYR,SYR,B735,YK-SYR,OSDI,DAM,2025-12-19T16:01:02Z,,OSAP,ALP,OSAP,ALP,2025-12-19T16:49:36Z,27R,2914.0,386.864,315.92,Passenger,77CF32,2025-12-19T16:01:02Z,2025-12-19T16:46:44Z,True
3d93ae7f,FYC455,FYC455,FYC,FYC,A320,YK-BAA,OSAP,ALP,2025-12-19T17:40:21Z,,UDYZ,EVN,UDYZ,EVN,2025-12-19T18:55:04Z,08,4483.0,850.94,769.367,Passenger,778821,2025-12-19T17:41:15Z,2025-12-19T19:00:20Z,True
3d941915,FYC456,FYC456,FYC,FYC,A320,YK-BAA,UDYZ,EVN,2025-12-19T20:19:34Z,08,OSAP,ALP,OSAP,ALP,2025-12-19T21:34:45Z,,4511.0,838.234,755.003,Passenger,778821,2025-12-19T19:59:24Z,2025-12-19T21:30:32Z,True
3d943a9a,RB112,SYR112,SYR,SYR,B735,YK-SYR,OSAP,ALP,2025-12-19T20:42:42Z,,OSDI,DAM,OSDI,DAM,2025-12-19T21:29:19Z,,2797.0,789.967,8.06904,Passenger,77CF32,2025-12-19T20:43:27Z,2025-12-19T22:17:30Z,True
3d948dc5,FYC525,FYC525,FYC,FYC,A320,YK-BAA,OSAP,ALP,2025-12-19T22:42:11Z,,ORER,EBL,ORER,EBL,2025-12-20T00:08:22Z,,5171.0,1039.19,604.185,Passenger,778821,2025-12-19T22:42:11Z,2025-12-20T00:04:21Z,True
3d952845,VF340,TKJ340,TKJ,TKJ,B738,TC-JHC,LTFJ,SAW,2025-12-20T03:29:52Z,06L,OSAP,ALP,LTFJ,SAW,2025-12-20T06:28:10Z,06R,10698.0,2049.98,0.267539,Passenger,4BA903,2025-12-20T03:15:19Z,2025-12-20T06:38:48Z,True
3d95a86f,RB515,SYR515,SYR,SYR,A320,YK-AKH,OSAP,ALP,2025-12-20T08:01:29Z,,OMDB,DXB,OMDB,DXB,,30L,,2311.89,2110.54,Passenger,778568,2025-12-20T08:01:29Z,2025-12-20T10:56:26Z,True
3d95ad3f,TK844,THY844,THY,THY,B739,TC-JYB,LTFM,IST,2025-12-20T08:58:48Z,35L,OSAP,ALP,OSAP,ALP,2025-12-20T10:26:42Z,27R,5274.0,1055.1,932.605,Passenger,4BAB22,2025-12-20T08:12:28Z,2025-12-20T10:24:16Z,True
3d95c46d,RJ433,RJA433,RJA,RJA,E295,JY-REB,OJAI,AMM,2025-12-20T09:03:06Z,26L,OSAP,ALP,OSAP,ALP,2025-12-20T10:00:13Z,,3427.0,576.481,496.332,Passenger,7448A2,2025-12-20T09:03:06Z,2025-12-20T09:55:28Z,True
3d95cc56,TK840,THY840,THY,THY,B739,TC-JYC,LTFM,IST,2025-12-20T09:49:22Z,36,OSAP,ALP,OSAP,ALP,2025-12-20T11:14:42Z,,5120.0,1011.39,938.02,Passenger,4BAB23,2025-12-20T09:19:45Z,2025-12-20T11:11:11Z,True
3d95fc4e,RJ434,RJA434,RJA,RJA,E295,JY-REB,OSAP,ALP,2025-12-20T10:49:29Z,09L,OJAI,AMM,OJAI,AMM,2025-12-20T11:45:00Z,08L,3331.0,623.346,506.99,Passenger,7448A2,2025-12-20T10:49:29Z,2025-12-20T11:45:46Z,True
3d960493,RB112,SYR112,SYR,SYR,B735,YK-SYR,OSAP,ALP,,,OSDI,DAM,OSDI,DAM,2025-12-20T12:10:23Z,,,583.674,262.073,Passenger,77CF32,2025-12-20T11:03:24Z,2025-12-20T12:13:04Z,True
3d962464,TK845,THY845,THY,THY,B739,TC-JYB,OSAP,ALP,2025-12-20T11:57:28Z,,LTFM,IST,LTFM,IST,2025-12-20T13:32:35Z,35R,5707.0,1466.26,927.612,Passenger,4BAB22,2025-12-20T11:57:28Z,2025-12-20T13:46:28Z,True
3d965d41,TK841,THY841,THY,THY,B739,TC-JYC,OSAP,ALP,2025-12-20T13:20:42Z,,LTFM,IST,LTFM,IST,2025-12-20T14:59:49Z,35R,5947.0,1045.23,926.078,Passenger,4BAB23,2025-12-20T13:20:54Z,2025-12-20T15:18:50Z,True
3d987161,FYC761,FYC761,FYC,FYC,A320,YK-BAC,OSAP,ALP,2025-12-21T02:45:53Z,,OMSJ,SHJ,OMSJ,SHJ,2025-12-21T05:29:54Z,30,9841.0,2322.43,2119.46,Passenger,778823,2025-12-21T02:45:53Z,2025-12-21T05:29:54Z,True
3d98861b,RJ431,RJA431,RJA,RJA,A20N,JY-RAH,OJAI,AMM,2025-12-21T03:45:58Z,08L,OSAP,ALP,OSAP,ALP,2025-12-21T04:54:31Z,,4113.0,650.547,508.514,Passenger,744828,2025-12-21T03:32:40Z,2025-12-21T04:51:24Z,True
3d98a879,TK844,THY844,THY,THY,B739,TC-JYB,LTFM,IST,2025-12-21T05:29:32Z,34L,OSAP,ALP,OSAP,ALP,2025-12-21T07:08:58Z,27R,5966.0,1120.3,932.766,Passenger,4BAB22,2025-12-21T04:54:47Z,2025-12-21T07:06:43Z,True
3d98adcb,VF340,TKJ340,TKJ,TKJ,B738,TC-JHC,LTFJ,SAW,2025-12-21T05:20:59Z,06L,OSAP,ALP,OSAP,ALP,,,,873.315,835.273,Passenger,4BA903,2025-12-21T05:05:49Z,2025-12-21T06:30:14Z,True
3d98c15d,RJ432,RJA432,RJA,RJA,A20N,JY-RAH,OSAP,ALP,2025-12-21T05:51:15Z,,OJAI,AMM,OJAI,AMM,2025-12-21T06:52:06Z,08L,3651.0,645.411,507.665,Passenger,744828,2025-12-21T05:51:15Z,2025-12-21T06:56:19Z,True
3d98ce1a,QR414,QTR414,QTR,QTR,A320,A7-AHY,OTHH,DOH,2025-12-21T06:35:57Z,34L,OSAP,ALP,OSAP,ALP,2025-12-21T09:19:29Z,,9812.0,2019.67,1820.13,Passenger,06A153,2025-12-21T06:20:28Z,2025-12-21T09:25:25Z,True
3d98ff0d,VF341,TKJ341,TKJ,TKJ,B738,TC-JHC,OSAP,ALP,2025-12-21T08:12:56Z,,LTFJ,SAW,LTFJ,SAW,2025-12-21T09:34:43Z,06R,4907.0,989.4,864.978,Passenger,4BA903,2025-12-21T08:12:56Z,2025-12-21T09:42:55Z,True
3d990ee7,FYC762,FYC762,FYC,FYC,A320,YK-BAC,OMSJ,SHJ,2025-12-21T08:58:49Z,30,OSAP,ALP,OSAP,ALP,2025-12-21T12:17:44Z,,11935.0,2271.77,2129.29,Passenger,778823,2025-12-21T08:51:30Z,2025-12-21T12:14:29Z,True
3d991302,TK845,THY845,THY,THY,B739,TC-JYB,OSAP,ALP,2025-12-21T08:58:29Z,,LTFM,IST,LTFM,IST,2025-12-21T10:29:05Z,35R,5436.0,1055.81,926.539,Passenger,4BAB22,2025-12-21T08:58:29Z,2025-12-21T10:40:40Z,True
3d993c2a,RB390,SYR390,SYR,SYR,B735,YK-SYR,OERK,RUH,2025-12-21T10:32:18Z,33R,OSAP,ALP,OSAP,ALP,,,,1406.74,1348.31,Passenger,77CF32,2025-12-21T10:22:59Z,2025-12-21T12:36:16Z,True
3d9940b1,RB341,SYR341,SYR,SYR,A320,YK-AKH,OSAP,ALP,2025-12-21T10:31:48Z,,OKKK,KWI,OKKK,KWI,2025-12-21T12:19:58Z,34,6490.0,1478.9,1267.24,Passenger,778568,2025-12-21T10:31:48Z,2025-12-21T12:28:28Z,True
3d994d45,QR415,QTR415,QTR,QTR,A320,A7-AHY,OSAP,ALP,2025-12-21T10:56:09Z,,OTHH,DOH,OTHH,DOH,2025-12-21T13:29:30Z,34L,9201.0,2136.17,1830.88,Passenger,06A153,2025-12-21T10:56:09Z,2025-12-21T13:35:00Z,True
3d99aaf5,FYC11,FYC011,FYC,FYC,A320,YK-BAC,OSAP,ALP,2025-12-21T13:28:30Z,,OSDI,DAM,OSDI,DAM,2025-12-21T14:13:42Z,,2712.0,435.626,287.786,Passenger,778823,2025-12-21T13:30:45Z,2025-12-21T14:02:05Z,True
3d99b706,RB342,SYR342,SYR,SYR,A320,YK-AKH,OKKK,KWI,2025-12-21T14:00:51Z,34,OSAP,ALP,OSAP,ALP,,,,1289.24,1157.02,Passenger,778568,2025-12-21T13:48:39Z,2025-12-21T15:50:53Z,True
3d9bb120,VF340,TKJ340,TKJ,TKJ,B738,TC-JHC,LTFJ,SAW,2025-12-22T03:22:19Z,06L,OSAP,ALP,OSAP,ALP,2025-12-22T04:45:20Z,27R,4981.0,962.701,859.424,Passenger,4BA903,2025-12-22T03:08:16Z,2025-12-22T04:41:11Z,True
3d9bbbfa,RJ431,RJA431,RJA,RJA,E295,JY-REG,OJAI,AMM,2025-12-22T03:33:04Z,08R,OSAP,ALP,OSAP,ALP,2025-12-22T04:34:50Z,27R,3706.0,611.241,508.878,Passenger,7448A7,2025-12-22T03:32:32Z,2025-12-22T04:33:26Z,True
3d9bde92,TK844,THY844,THY,THY,B739,TC-JYB,LTFM,IST,2025-12-22T05:28:15Z,36,OSAP,ALP,OSAP,ALP,2025-12-22T06:58:06Z,09L,5391.0,1021.53,926.97,Passenger,4BAB22,2025-12-22T04:52:24Z,2025-12-22T06:56:50Z,True
3d9bf0d8,RJ432,RJA432,RJA,RJA,E295,JY-REG,OSAP,ALP,2025-12-22T05:30:07Z,,OJAI,AMM,OJAI,AMM,2025-12-22T06:28:59Z,08L,3532.0,656.376,506.672,Passenger,7448A7,2025-12-22T05:30:07Z,2025-12-22T06:29:02Z,True
3d9c079b,VF341,TKJ341,TKJ,TKJ,B738,TC-JHC,OSAP,ALP,2025-12-22T06:17:45Z,,LTFJ,SAW,LTFJ,SAW,2025-12-22T07:44:44Z,06R,5219.0,1002.97,865.225,Passenger,4BA903,2025-12-22T06:17:45Z,2025-12-22T07:56:07Z,True
3d9c0d69,QR414,QTR414,QTR,QTR,A320,A7-AHY,OTHH,DOH,2025-12-22T06:49:58Z,34L,OSAP,ALP,OSAP,ALP,2025-12-22T09:37:18Z,27R,10040.0,2007.77,1823.25,Passenger,06A153,2025-12-22T06:30:41Z,2025-12-22T09:35:05Z,True
3d9c57d8,TK845,THY845,THY,THY,B739,TC-JYB,OSAP,ALP,2025-12-22T09:06:33Z,,LTFM,IST,LTFM,IST,2025-12-22T10:46:32Z,35R,5999.0,1083.63,926.606,Passenger,4BAB22,2025-12-22T09:06:33Z,2025-12-22T11:00:20Z,True
3d9c5915,TK840,THY840,THY,THY,B739,TC-JYC,LTFM,IST,2025-12-22T09:41:59Z,36,OSAP,ALP,OSAP,ALP,2025-12-22T11:08:59Z,,5220.0,1059.68,920.526,Passenger,4BAB23,2025-12-22T09:09:07Z,2025-12-22T11:11:22Z,True
3d9c8869,RB444,SYR444,SYR,SYR,A320,YK-AKG,LTFM,IST,2025-12-22T11:36:53Z,36,OSAP,ALP,OSAP,ALP,2025-12-22T12:50:48Z,,4435.0,1041.89,923.87,Passenger,778567,2025-12-22T10:40:40Z,2025-12-22T12:53:12Z,True
3d9c92ee,QR415,QTR415,QTR,QTR,A320,A7-AHY,OSAP,ALP,2025-12-22T10:59:07Z,,OTHH,DOH,OTHH,DOH,2025-12-22T13:28:47Z,34R,8980.0,2116.18,1831.4,Passenger,06A153,2025-12-22T10:59:07Z,2025-12-22T13:44:29Z,True
3d9ce27e,TK841,THY841,THY,THY,B739,TC-JYC,OSAP,ALP,2025-12-22T13:04:28Z,,LTFM,IST,LTFM,IST,2025-12-22T14:38:24Z,35R,5636.0,1051.15,926.735,Passenger,4BAB23,2025-12-22T13:04:28Z,2025-12-22T14:51:15Z,True
3d9d1d89,RB445,SYR445,SYR,SYR,A320,YK-AKG,OSAP,ALP,2025-12-22T14:20:28Z,,LTFM,IST,LTFM,IST,2025-12-22T15:53:39Z,35R,5591.0,1035.34,926.852,Passenger,778567,2025-12-22T14:20:28Z,2025-12-22T16:04:35Z,True
3d9f2581,VF340,TKJ340,TKJ,TKJ,B738,TC-JFJ,LTFJ,SAW,2025-12-23T03:23:15Z,06L,OSAP,ALP,OSAP,ALP,2025-12-23T05:09:25Z,,6370.0,1349.98,832.327,Passenger,4BA8CA,2025-12-23T02:53:42Z,2025-12-23T05:49:22Z,True
3d9f6058,TK844,,THY,THY,B739,TC-JYF,LTFM,IST,,,OSAP,ALP,OSAP,ALP,,,,2.27639,1.39174,Passenger,4BAB26,2025-12-23T05:01:25Z,2025-12-23T05:25:57Z,True
3d9fb7de,VF340,TKJ340,TKJ,TKJ,B738,TC-JFJ,LTAJ,GZT,2025-12-23T08:15:25Z,28,OSAP,ALP,OSAP,ALP,2025-12-23T08:39:28Z,09L,1443.0,129.94,88.1331,Passenger,4BA8CA,2025-12-23T08:06:29Z,2025-12-23T08:37:49Z,True
3d9fed5c,VF341,TKJ341,TKJ,TKJ,B738,TC-JFJ,OSAP,ALP,2025-12-23T09:55:23Z,,LTFJ,SAW,LTFJ,SAW,2025-12-23T11:21:13Z,06R,5150.0,984.712,866.647,Passenger,4BA8CA,2025-12-23T09:57:07Z,2025-12-23T11:38:47Z,True
3d9ffad8,RB342,SYR342,SYR,SYR,A320,YK-AKG,OKKK,KWI,2025-12-23T10:31:05Z,16,OSAP,ALP,OSAP,ALP,,,,1247.81,1148.01,Passenger,778567,2025-12-23T10:23:21Z,2025-12-23T12:10:16Z,True
3da02235,RJ431,RJA431,RJA,RJA,E295,JY-REF,OJAI,AMM,2025-12-23T11:33:58Z,26L,OSAP,ALP,OSAP,ALP,2025-12-23T12:28:39Z,,3281.0,589.283,507.045,Passenger,7448A6,2025-12-23T11:33:12Z,2025-12-23T12:30:48Z,True
3da061d5,RJ432,RJA432,RJA,RJA,E295,JY-REF,OSAP,ALP,2025-12-23T13:14:52Z,09L,OJAI,AMM,OJAI,AMM,2025-12-23T14:11:03Z,26L,3371.0,593.265,508.078,Passenger,7448A6,2025-12-23T13:14:52Z,2025-12-23T14:11:24Z,True
3da12420,RB390,SYR390,SYR,SYR,A320,YK-AKG,OERK,RUH,2025-12-23T17:48:29Z,15L,OSAP,ALP,OSAP,ALP,2025-12-23T20:14:29Z,,8760.0,1709.81,1530.5,Passenger,778567,2025-12-23T17:47:13Z,2025-12-23T20:11:31Z,True
3da29784,RJ431,RJA431,RJA,RJA,E290,JY-RED,OJAI,AMM,2025-12-24T04:00:39Z,26L,OSAP,ALP,OJAI,AMM,2025-12-24T05:03:10Z,26L,3751.0,683.273,2.05654,Passenger,7448A4,2025-12-24T04:00:37Z,2025-12-24T05:03:25Z,True
3da2ef70,RB389,SYR389,SYR,SYR,A320,YK-AKG,OSAP,ALP,2025-12-24T07:16:53Z,,OERK,RUH,OERK,RUH,2025-12-24T09:17:57Z,15R,7264.0,1658.98,1539.56,Passenger,778567,2025-12-24T07:16:53Z,2025-12-24T09:20:58Z,True
3da334ac,TK840,THY840,THY,THY,B739,TC-JYI,LTFM,IST,2025-12-24T10:57:53Z,,OSAP,ALP,OSAP,ALP,2025-12-24T12:04:44Z,27R,4011.0,986.616,930.215,Passenger,4BAB29,2025-12-24T10:00:36Z,2025-12-24T12:03:14Z,True
3da34b06,RB390,SYR390,SYR,SYR,A320,YK-AKG,OERK,RUH,,,OSAP,ALP,OSAP,ALP,,,,1230.41,1146.98,Passenger,778567,2025-12-24T11:07:40Z,2025-12-24T12:41:50Z,True
3da3ac33,TK841,THY841,THY,THY,B739,TC-JYI,OSAP,ALP,2025-12-24T13:36:32Z,,LTFM,IST,LTFM,IST,2025-12-24T15:17:22Z,35R,6050.0,1043.46,929.005,Passenger,4BAB29,2025-12-24T13:36:32Z,2025-12-24T15:22:42Z,True
3da3d576,RJ432,RJA432,RJA,RJA,A320,JY-AYR,OSAP,ALP,2025-12-24T14:48:25Z,,OJAI,AMM,OJAI,AMM,2025-12-24T15:44:06Z,08L,3341.0,622.377,506.989,Passenger,740732,2025-12-24T14:48:25Z,2025-12-24T15:44:28Z,True
3da43481,FYC526,FYC526,SYR,FYC,A320,YK-BAG,ORER,EBL,2025-12-24T17:40:30Z,,OSAP,ALP,OSAP,ALP,2025-12-24T19:06:35Z,,5165.0,1004.99,598.279,Passenger,778827,2025-12-24T17:40:30Z,2025-12-24T19:04:24Z,True
3da4a65b,FYC761,FYC761,SYR,FYC,A320,YK-BAG,OSAP,ALP,2025-12-24T21:35:47Z,,OMSJ,SHJ,OMSJ,SHJ,2025-12-25T00:20:03Z,30,9856.0,2316.7,2119.59,Passenger,778827,2025-12-24T21:35:47Z,2025-12-25T00:23:58Z,True
3da5aae7,QR414,QTR414,QTR,QTR,A320,A7-AHY,OTHH,DOH,2025-12-25T09:28:49Z,34R,OSAP,ALP,OSAP,ALP,2025-12-25T12:15:36Z,27R,10007.0,2019.58,1827.7,Passenger,06A153,2025-12-25T09:12:34Z,2025-12-25T12:14:05Z,True
3da5de39,RB342,SYR342,SYR,SYR,A320,YK-AKG,OKKK,KWI,2025-12-25T11:32:00Z,33L,OSAP,ALP,OSAP,ALP,,,,1221.78,1148.65,Passenger,778567,2025-12-25T11:23:34Z,2025-12-25T13:08:28Z,True
3da5d028,RJ433,RJA433,RJA,RJA,A20N,JY-RAF,OJAI,AMM,2025-12-25T12:21:34Z,08L,OSAP,ALP,OSAP,ALP,,,,577.882,508.955,Passenger,744826,2025-12-25T11:24:13Z,2025-12-25T13:09:48Z,True
3da61e7a,QR415,QTR415,QTR,QTR,A320,A7-AHY,OSAP,ALP,2025-12-25T13:48:37Z,27L,OTHH,DOH,OTHH,DOH,2025-12-25T16:17:11Z,34L,8914.0,2121.85,1827.6,Passenger,06A153,2025-12-25T13:48:37Z,2025-12-25T16:20:43Z,True
3da62277,RJ434,RJA434,RJA,RJA,A20N,JY-RAF,OSAP,ALP,2025-12-25T13:57:09Z,,OJAI,AMM,OJAI,AMM,2025-12-25T14:59:16Z,08L,3727.0,675.001,507.892,Passenger,744826,2025-12-25T13:57:09Z,2025-12-25T15:02:17Z,True
3da641e6,FYC487,FYC487,SYR,FYC,A320,YK-BAG,OSAP,ALP,,,LTDB,COV,LTDB,COV,2025-12-25T15:40:52Z,21L,,339.836,211.381,Passenger,778827,2025-12-25T15:09:56Z,2025-12-25T15:46:38Z,True
3da692be,RB382,SYR382,SYR,SYR,A320,YK-AKG,OEJN,JED,2025-12-25T18:38:35Z,34C,OSAP,ALP,OSAP,ALP,2025-12-25T20:51:54Z,,7999.0,1643.21,1609.31,Passenger,778567,2025-12-25T18:33:15Z,2025-12-25T20:48:21Z,True
3da6ee50,RB523,SYR523,SYR,SYR,A320,YK-AKG,OSAP,ALP,2025-12-25T22:33:51Z,09L,OTHH,DOH,OTHH,DOH,2025-12-26T00:57:43Z,34R,8632.0,2013.13,1830.65,Passenger,778567,2025-12-25T22:33:51Z,2025-12-26T01:01:42Z,True
3da7d07b,RB381,SYR381,SYR,SYR,A320,YK-AKG,OSAP,ALP,,,OEJN,JED,OEJN,JED,2025-12-26T10:12:02Z,34L,,1663.84,1571.04,Passenger,778567,2025-12-26T08:05:38Z,2025-12-26T10:14:48Z,True
3da7f4f3,FYC526,FYC526,FYC,FYC,A320,YK-BAA,ORER,EBL,2025-12-26T09:29:12Z,18,OSAP,ALP,OSAP,ALP,2025-12-26T11:02:19Z,27L,5587.0,1012.41,598.717,Passenger,778821,2025-12-26T09:29:12Z,2025-12-26T10:59:44Z,True
3da81749,VF6744,TKJ6744,TKJ,TKJ,B738,TC-JFC,LTFJ,SAW,2025-12-26T12:18:29Z,06L,OSAP,ALP,OSAP,ALP,,,,816.205,794.108,Passenger,4BA8C3,2025-12-26T10:42:08Z,2025-12-26T13:17:11Z,True
3da84315,RB382,SYR382,SYR,SYR,A320,YK-AKG,OEJN,JED,2025-12-26T11:53:51Z,34L,OSAP,ALP,OSAP,ALP,,,,1444.19,1319.9,Passenger,778567,2025-12-26T11:53:55Z,2025-12-26T13:50:07Z,True
3da88c80,FYC455,FYC455,FYC,FYC,A320,YK-BAA,OSAP,ALP,2025-12-26T13:45:20Z,,UDYZ,EVN,UDYZ,EVN,2025-12-26T14:55:03Z,08,4183.0,966.51,767.732,Passenger,778821,2025-12-26T13:45:20Z,2025-12-26T15:01:03Z,True
3da8c210,VF6745,TKJ6745,TKJ,TKJ,B738,TC-JFC,OSAP,ALP,2025-12-26T15:01:17Z,09L,LTFJ,SAW,LTFJ,SAW,2025-12-26T16:31:52Z,06R,5435.0,1041.08,865.542,Passenger,4BA8C3,2025-12-26T15:01:17Z,2025-12-26T16:42:49Z,True
3da8e65c,FYC456,FYC456,FYC,FYC,A320,YK-BAA,UDYZ,EVN,2025-12-26T16:14:37Z,26,OSAP,ALP,OSAP,ALP,,,,425.755,421.285,Passenger,778821,2025-12-26T15:55:31Z,2025-12-26T16:50:05Z,True
3da95dfa,FYC525,FYC525,FYC,FYC,A320,YK-BAA,OSAP,ALP,2025-12-26T18:55:35Z,,ORER,EBL,ORER,EBL,2025-12-26T20:13:33Z,36,4678.0,1007.8,604.739,Passenger,778821,2025-12-26T18:55:35Z,2025-12-26T20:10:58Z,True
3daa7d54,VF340,TKJ340,TKJ,TKJ,B738,TC-JFH,LTFJ,SAW,2025-12-27T04:31:52Z,06L,OSAP,ALP,LTDB,COV,2025-12-27T06:10:31Z,03R,5919.0,1287.9,668.009,Passenger,4BA8C8,2025-12-27T03:49:30Z,2025-12-27T06:12:50Z,True
3daad50b,VF340,TKJ340,TKJ,TKJ,B738,TC-JFH,LTDB,COV,2025-12-27T07:23:38Z,03R,OSAP,ALP,OSAP,ALP,2025-12-27T08:08:39Z,27R,2701.0,547.418,215.636,Passenger,4BA8C8,2025-12-27T07:15:34Z,2025-12-27T08:05:41Z,True
3daae2ac,RB515,SYR515,SYR,SYR,A320,YK-AKH,OSAP,ALP,2025-12-27T07:47:35Z,,OMDB,DXB,OMDB,DXB,2025-12-27T10:28:38Z,30L,9663.0,2307.11,2109.59,Passenger,778568,2025-12-27T07:47:41Z,2025-12-27T10:34:57Z,True
3dab1a20,VF341,TKJ341,TKJ,TKJ,B738,TC-JFH,OSAP,ALP,2025-12-27T09:46:29Z,09L,LTFJ,SAW,LTFJ,SAW,2025-12-27T11:17:35Z,06R,5466.0,1008.99,865.931,Passenger,4BA8C8,2025-12-27T09:46:38Z,2025-12-27T11:27:44Z,True
3dab23ad,RJ433,RJA433,RJA,RJA,E290,JY-REC,OJAI,AMM,2025-12-27T10:06:53Z,26R,OSAP,ALP,OSAP,ALP,2025-12-27T11:09:03Z,27R,3730.0,587.208,506.715,Passenger,7448A3,2025-12-27T10:05:20Z,2025-12-27T11:07:07Z,True
3dab3af2,RB390,SYR390,SYR,SYR,B735,YK-SYR,OERK,RUH,2025-12-27T10:58:11Z,15L,OSAP,ALP,OSAP,ALP,,,,1455.16,1331.06,Passenger,77CF32,2025-12-27T10:49:07Z,2025-12-27T13:18:28Z,True
3dab444c,FYC762,FYC762,FYC,FYC,A320,YK-BAA,OMSJ,SHJ,2025-12-27T11:11:36Z,30,OSAP,ALP,OSAP,ALP,2025-12-27T14:30:05Z,27R,11909.0,2250.59,2112.76,Passenger,778821,2025-12-27T11:08:14Z,2025-12-27T14:26:47Z,True
3dab65a6,RJ434,RJA434,RJA,RJA,E290,JY-REC,OSAP,ALP,2025-12-27T11:59:42Z,,OJAI,AMM,OJAI,AMM,2025-12-27T12:59:18Z,26L,3576.0,613.209,508.08,Passenger,7448A3,2025-12-27T11:59:52Z,2025-12-27T12:59:30Z,True
3daca958,RB342,SYR342,SYR,SYR,A320,YK-AKH,OKKK,KWI,2025-12-27T20:05:59Z,15R,OSAP,ALP,OSAP,ALP,2025-12-27T22:09:20Z,27R,7401.0,1400.38,1260.24,Passenger,778568,2025-12-27T20:02:29Z,2025-12-27T22:06:22Z,True
3dacd19b,FYC761,FYC761,FYC,FYC,A320,YK-BAA,OSAP,ALP,2025-12-27T21:02:58Z,09L,OMSJ,SHJ,OMSJ,SHJ,2025-12-27T23:38:12Z,12,9314.0,2265.91,2118.97,Passenger,778821,2025-12-27T21:03:07Z,2025-12-27T23:41:11Z,True
3dada131,VF340,TKJ340,TKJ,TKJ,B738,TC-JFJ,LTFJ,SAW,2025-12-28T03:41:03Z,24R,OSAP,ALP,OSAP,ALP,2025-12-28T04:59:36Z,,4713.0,968.8,862.08,Passenger,4BA8CA,2025-12-28T03:27:18Z,2025-12-28T04:52:35Z,True
3dadb500,RJ431,RJA431,RJA,RJA,E295,JY-REB,OJAI,AMM,2025-12-28T04:13:59Z,26L,OSAP,ALP,OSAP,ALP,2025-12-28T05:14:20Z,27R,3621.0,602.205,508.025,Passenger,7448A2,2025-12-28T04:13:58Z,2025-12-28T05:11:49Z,True
3dadec59,QR414,QTR414,QTR,QTR,A320,A7-AHY,OTHH,DOH,2025-12-28T06:40:20Z,16R,OSAP,ALP,OSAP,ALP,2025-12-28T09:49:17Z,,11337.0,2054.27,1817.59,Passenger,06A153,2025-12-28T06:20:57Z,2025-12-28T09:46:31Z,True
3dadee2d,VF341,TKJ341,TKJ,TKJ,B738,TC-JFJ,OSAP,ALP,2025-12-28T06:24:35Z,09L,LTFJ,SAW,LTFJ,SAW,2025-12-28T08:08:14Z,24R,6219.0,1185.85,865.811,Passenger,4BA8CA,2025-12-28T06:24:41Z,2025-12-28T08:13:39Z,True
3dadeef8,RJ432,RJA432,RJA,RJA,E295,JY-REB,OSAP,ALP,2025-12-28T06:26:41Z,,OJAI,AMM,OJAI,AMM,2025-12-28T07:23:26Z,26R,3405.0,608.946,507.697,Passenger,7448A2,2025-12-28T06:26:46Z,2025-12-28T07:23:44Z,True
3dae13e3,RB341,SYR341,SYR,SYR,A320,YK-AKH,OSAP,ALP,2025-12-28T07:53:57Z,09L,OKKK,KWI,OKKK,KWI,2025-12-28T09:37:44Z,16,6227.0,1469.59,1266.38,Passenger,778568,2025-12-28T07:54:03Z,2025-12-28T09:48:17Z,True
3dae6f58,TK6897,THY6897,THY,THY,A321,TC-JRA,LTFM,IST,2025-12-28T11:47:48Z,36,OSAP,ALP,OSAP,ALP,,,,1104.25,937.507,Passenger,4BAA41,2025-12-28T11:02:28Z,2025-12-28T13:08:04Z,True
3dae70ad,RB342,SYR342,SYR,SYR,A320,YK-AKH,OKKK,KWI,,15R,OSAP,ALP,OSAP,ALP,,,,1303.35,1182.67,Passenger,778568,2025-12-28T11:05:27Z,2025-12-28T13:09:07Z,True
3dae74f7,QR415,QTR415,QTR,QTR,A320,A7-AHY,OSAP,ALP,2025-12-28T11:11:28Z,,OTHH,DOH,OTHH,DOH,2025-12-28T13:42:45Z,16L,9077.0,2231.36,1830.37,Passenger,06A153,2025-12-28T11:11:36Z,2025-12-28T13:46:37Z,True
3daf0227,TK6898,THY6898,THY,THY,A321,TC-JRA,OSAP,ALP,2025-12-28T14:52:25Z,,LTFM,IST,LTFM,IST,2025-12-28T16:29:57Z,35R,5852.0,1030.28,928.398,Passenger,4BAA41,2025-12-28T14:52:33Z,2025-12-28T16:44:34Z,True
3daf8b9e,RB382,SYR382,SYR,SYR,A320,YK-AKH,OEJN,JED,2025-12-28T18:41:50Z,34C,OSAP,ALP,OSAP,ALP,,,,1345.74,1302.51,Passenger,778568,2025-12-28T18:33:32Z,2025-12-28T20:30:14Z,True
3db0b447,VF340,TKJ340,TKJ,TKJ,B738,TC-JFT,LTFJ,SAW,2025-12-29T03:33:16Z,06L,OSAP,ALP,LTDB,COV,2025-12-29T05:59:16Z,03R,8760.0,1175.13,667.975,Passenger,4BA8D4,2025-12-29T03:19:13Z,2025-12-29T06:03:26Z,True
3db0bc25,RJ431,RJA431,RJA,RJA,E290,JY-REC,OJAI,AMM,2025-12-29T03:38:38Z,26R,OSAP,ALP,OSAP,ALP,2025-12-29T04:43:13Z,,3875.0,1250.64,1.75537,Passenger,7448A3,2025-12-29T03:37:16Z,2025-12-29T06:34:00Z,True
3db1022a,TK844,THY844,THY,THY,B739,TC-JYB,LTFM,IST,2025-12-29T06:37:56Z,36,OSAP,ALP,OSAP,ALP,,,,1078.13,928.068,Passenger,4BAB22,2025-12-29T06:13:27Z,2025-12-29T08:01:05Z,True
3db118ff,QR414,QTR414,QTR,QTR,A320,A7-AHY,OTHH,DOH,2025-12-29T07:17:44Z,34L,OSAP,ALP,OSAP,ALP,2025-12-29T10:22:32Z,27R,11088.0,2012.45,1825.64,Passenger,06A153,2025-12-29T07:04:20Z,2025-12-29T10:19:59Z,True
3db143b2,RJ431,RJA431,RJA,RJA,E290,JY-REC,OJAI,AMM,2025-12-29T08:52:16Z,26L,OSAP,ALP,OSAP,ALP,2025-12-29T09:55:57Z,,3821.0,609.431,507.127,Passenger,7448A3,2025-12-29T08:36:41Z,2025-12-29T09:54:11Z,True
3db1576d,TK840,THY840,THY,THY,B739,TC-JYF,LTFM,IST,2025-12-29T09:48:50Z,36,OSAP,ALP,OSAP,ALP,,,,1023.81,910.127,Passenger,4BAB26,2025-12-29T09:17:08Z,2025-12-29T10:57:43Z,True
3db186ec,TK845,THY845,THY,THY,B739,TC-JYB,OSAP,ALP,,,LTFM,IST,LTFM,IST,2025-12-29T12:23:51Z,35R,,973.786,902.958,Passenger,4BAB22,2025-12-29T10:48:04Z,2025-12-29T12:36:46Z,True
3db188f0,RJ432,RJA432,RJA,RJA,E290,JY-REC,OSAP,ALP,,,OJAI,AMM,OJAI,AMM,2025-12-29T11:46:41Z,26L,,565.461,437.815,Passenger,7448A3,2025-12-29T10:57:54Z,2025-12-29T11:46:46Z,True
3db19967,RB444,SYR444,SYR,SYR,A320,YK-AKG,LTFM,IST,2025-12-29T12:26:07Z,36,OSAP,ALP,OSAP,ALP,2025-12-29T13:38:20Z,,4333.0,1050.98,935.235,Passenger,778567,2025-12-29T11:18:32Z,2025-12-29T13:34:34Z,True
3db1a945,QR415,QTR415,QTR,QTR,A320,A7-AHY,OSAP,ALP,2025-12-29T11:45:07Z,,OTHH,DOH,OTHH,DOH,2025-12-29T14:17:40Z,34L,9153.0,2196.96,1830.2,Passenger,06A153,2025-12-29T11:45:14Z,2025-12-29T14:27:05Z,True
3db1eac0,TK841,THY841,THY,THY,B739,TC-JYF,OSAP,ALP,2025-12-29T13:27:21Z,,LTFM,IST,LTFM,IST,2025-12-29T15:28:18Z,17L,7257.0,1138.4,926.853,Passenger,4BAB26,2025-12-29T13:27:42Z,2025-12-29T15:35:52Z,True
3db226c8,RB445,SYR445,SYR,SYR,A320,YK-AKG,OSAP,ALP,2025-12-29T14:55:33Z,,LTFM,IST,LTFM,IST,2025-12-29T16:42:36Z,17L,6423.0,1066.1,927.492,Passenger,778567,2025-12-29T14:55:37Z,2025-12-29T16:57:27Z,True
3db259dd,FYC488,FYC488,FYC,FYC,A320,YK-BAA,LTDB,COV,2025-12-29T16:17:49Z,03R,OSAP,ALP,OSAP,ALP,2025-12-29T16:51:35Z,,2026.0,350.249,218.883,Passenger,778821,2025-12-29T16:13:48Z,2025-12-29T16:47:37Z,True
3db31bbb,FYC761,FYC761,FYC,FYC,A320,YK-BAA,OSAP,ALP,2025-12-29T21:18:43Z,27L,OMSJ,SHJ,OMSJ,SHJ,2025-12-29T23:52:47Z,30,9244.0,2319.44,2118.91,Passenger,778821,2025-12-29T21:18:43Z,2025-12-29T23:58:34Z,True
3db3a494,FYC762,FYC762,FYC,FYC,A320,YK-BAA,OMSJ,SHJ,2025-12-30T01:05:42Z,30,OSAP,ALP,OSAP,ALP,2025-12-30T04:34:11Z,27L,12509.0,2263.39,2113.31,Passenger,778821,2025-12-30T01:04:28Z,2025-12-30T04:31:26Z,True
3db3e211,VF340,TKJ340,TKJ,TKJ,B738,TC-JHB,LTFJ,SAW,2025-12-30T03:48:29Z,24R,OSAP,ALP,OSAP,ALP,2025-12-30T05:04:55Z,27L,4586.0,1003.38,870.354,Passenger,4BA902,2025-12-30T03:04:02Z,2025-12-30T05:02:48Z,True
3db3f4ca,RJ431,RJA431,RJA,RJA,E295,JY-REA,OJAI,AMM,2025-12-30T03:43:41Z,26R,OSAP,ALP,OSAP,ALP,2025-12-30T04:43:34Z,27R,3593.0,604.447,506.827,Passenger,7448A1,2025-12-30T03:42:18Z,2025-12-30T04:41:46Z,True
3db42ef1,RJ432,RJA432,RJA,RJA,E295,JY-REA,OSAP,ALP,2025-12-30T05:44:00Z,,OJAI,AMM,OJAI,AMM,2025-12-30T06:37:52Z,26L,3232.0,598.7,508.306,Passenger,7448A1,2025-12-30T05:44:00Z,2025-12-30T06:38:05Z,True
3db4316a,FYC525,FYC525,FYC,FYC,A320,YK-BAA,OSAP,ALP,2025-12-30T05:49:38Z,,ORER,EBL,ORER,EBL,2025-12-30T07:15:32Z,,5154.0,1041.93,590.302,Passenger,778821,2025-12-30T05:49:38Z,2025-12-30T07:09:14Z,True
3db439f5,TK844,THY844,THY,THY,B739,TC-JYC,LTFM,IST,2025-12-30T06:43:35Z,17R,OSAP,ALP,OSAP,ALP,2025-12-30T08:08:19Z,,5084.0,1060.01,912.099,Passenger,4BAB23,2025-12-30T06:06:54Z,2025-12-30T08:04:44Z,True
3db44b96,VF341,TKJ341,TKJ,TKJ,B738,TC-JHB,OSAP,ALP,2025-12-30T06:43:39Z,,LTFJ,SAW,LTFJ,SAW,2025-12-30T08:13:07Z,24R,5368.0,929.181,865.816,Passenger,4BA902,2025-12-30T06:43:39Z,2025-12-30T08:20:12Z,True
3db4ad12,TK845,THY845,THY,THY,B739,TC-JYC,OSAP,ALP,2025-12-30T09:59:05Z,09L,LTFM,IST,LTFM,IST,2025-12-30T11:45:52Z,17L,6407.0,1098.46,927.931,Passenger,4BAB23,2025-12-30T09:59:05Z,2025-12-30T11:52:13Z,True
3db5e8b7,RB390,SYR390,SYR,SYR,A320,YK-AKG,OERK,RUH,2025-12-30T17:40:31Z,33R,OSAP,ALP,OSAP,ALP,2025-12-30T20:05:12Z,27R,8681.0,1663.59,1534.83,Passenger,778567,2025-12-30T17:27:06Z,2025-12-30T20:02:26Z,True
3db76e95,RJ431,RJA431,RJA,RJA,E290,JY-RED,OJAI,AMM,2025-12-31T03:30:22Z,26R,OSAP,ALP,OSAP,ALP,2025-12-31T04:25:06Z,09R,3284.0,660.924,505.28,Passenger,7448A4,2025-12-31T03:28:48Z,2025-12-31T04:21:50Z,True
3db7a46c,RJ432,RJA432,RJA,RJA,E290,JY-RED,OSAP,ALP,2025-12-31T05:26:16Z,,OJAI,AMM,OJAI,AMM,2025-12-31T06:22:29Z,26L,3373.0,580.858,508.067,Passenger,7448A4,2025-12-31T05:26:16Z,2025-12-31T06:22:37Z,True
3db7dec0,RB389,SYR389,SYR,SYR,A320,YK-AKG,OSAP,ALP,2025-12-31T07:38:32Z,,OERK,RUH,OERK,RUH,2025-12-31T09:34:41Z,15R,6969.0,1617.7,1540.48,Passenger,778567,2025-12-31T07:38:33Z,2025-12-31T09:38:59Z,True
3db835c6,RB390,SYR390,SYR,SYR,A320,YK-AKG,OERK,RUH,2025-12-31T10:40:53Z,15L,OSAP,ALP,OSAP,ALP,,,,1471.93,1337.0,Passenger,778567,2025-12-31T10:40:53Z,2025-12-31T12:46:06Z,True
3db93318,FYC526,FYC526,FYC,FYC,A320,YK-BAC,ORER,EBL,2025-12-31T17:07:30Z,18,OSAP,ALP,OSAP,ALP,,,,1321.87,712.719,Passenger,778823,2025-12-31T17:09:56Z,2025-12-31T19:11:32Z,True
3dbab500,FYC11,FYC011,FYC,FYC,A320,YK-BAC,OSDI,DAM,2026-01-01T06:05:04Z,,OSAP,ALP,OSAP,ALP,2026-01-01T06:44:59Z,,2395.0,599.24,317.298,Passenger,778823,2026-01-01T06:05:12Z,2026-01-01T06:41:20Z,True
3dbadff5,FYC761,FYC761,FYC,FYC,A320,YK-BAC,OSAP,ALP,2026-01-01T07:55:17Z,,OMSJ,SHJ,OMSJ,SHJ,2026-01-01T10:35:13Z,30,9596.0,2336.27,2115.02,Passenger,778823,2026-01-01T07:57:29Z,2026-01-01T10:36:28Z,True
3dbb416c,FYC762,FYC762,FYC,FYC,A320,YK-BAC,OMSJ,SHJ,2026-01-01T11:55:28Z,30,OSAP,ALP,OSAP,ALP,,,,2118.06,2043.03,Passenger,778823,2026-01-01T11:54:40Z,2026-01-01T15:11:06Z,True
3dbbfe8f,RB382,SYR382,SYR,SYR,A320,YK-AKG,OEJN,JED,2026-01-01T18:08:30Z,34L,OSAP,ALP,OSAP,ALP,2026-01-01T20:17:57Z,,7767.0,1667.99,1615.74,Passenger,778567,2026-01-01T18:08:06Z,2026-01-01T20:14:31Z,True
3dbd0da3,RJ431,RJA431,RJA,RJA,E290,JY-RED,OJAI,AMM,2026-01-02T03:44:04Z,26L,OSAP,ALP,OSAP,ALP,2026-01-02T04:38:43Z,,3279.0,595.522,508.656,Passenger,7448A4,2026-01-02T03:44:04Z,2026-01-02T04:35:27Z,True
3dbd3a7f,RJ432,RJA432,RJA,RJA,E290,JY-RED,OSAP,ALP,2026-01-02T05:35:16Z,09L,OJAI,AMM,OJAI,AMM,2026-01-02T06:29:52Z,26R,3276.0,582.776,507.288,Passenger,7448A4,2026-01-02T05:35:16Z,2026-01-02T06:30:05Z,True
3dbd4f84,TK844,THY844,THY,THY,B739,TC-JYB,LTFM,IST,2026-01-02T06:51:26Z,18,OSAP,ALP,OSAP,ALP,2026-01-02T08:22:18Z,,5452.0,1087.57,930.001,Passenger,4BAB22,2026-01-02T06:25:08Z,2026-01-02T08:23:29Z,True
3dbd691a,RB381,SYR381,SYR,SYR,A320,YK-AKG,OSAP,ALP,2026-01-02T07:26:12Z,,OEJN,JED,OEJN,JED,2026-01-02T09:47:39Z,34L,8487.0,1716.86,1618.42,Passenger,778567,2026-01-02T07:26:12Z,2026-01-02T09:53:08Z,True
3dbd6e22,TK6930,THY6930,THY,THY,A321,TC-JSV,LTFM,IST,2026-01-02T08:11:05Z,18,OSAP,ALP,OSAP,ALP,2026-01-02T09:39:06Z,27R,5281.0,1067.19,932.048,Passenger,4BAA76,2026-01-02T07:38:35Z,2026-01-02T09:37:05Z,True
3dbd7275,RJ433,RJA433,RJA,RJA,E290,JY-RED,OJAI,AMM,2026-01-02T07:51:22Z,26R,OSAP,ALP,OSAP,ALP,2026-01-02T08:47:17Z,,3355.0,606.174,507.565,Passenger,7448A4,2026-01-02T07:49:02Z,2026-01-02T08:44:10Z,True
3dbd8c0b,VF340,TKJ340,TKJ,TKJ,B738,TC-JFC,LTFJ,SAW,2026-01-02T09:13:05Z,24R,OSAP,ALP,OSAP,ALP,2026-01-02T10:38:57Z,,5152.0,984.86,853.404,Passenger,4BA8C3,2026-01-02T08:48:00Z,2026-01-02T10:29:56Z,True
3dbda534,RJ434,RJA434,RJA,RJA,E290,JY-RED,OSAP,ALP,2026-01-02T09:42:12Z,,OJAI,AMM,OJAI,AMM,2026-01-02T10:38:46Z,26L,3394.0,589.672,508.281,Passenger,7448A4,2026-01-02T09:42:12Z,2026-01-02T10:39:03Z,True
3dbdb293,TK845,THY845,THY,THY,B739,TC-JYB,OSAP,ALP,2026-01-02T10:10:03Z,,LTFM,IST,LTFM,IST,2026-01-02T11:47:47Z,17L,5864.0,1063.79,927.291,Passenger,4BAB22,2026-01-02T10:10:03Z,2026-01-02T12:05:11Z,True
3dbdc6f6,RB382,SYR382,SYR,SYR,A320,YK-AKG,OEJN,JED,2026-01-02T11:31:36Z,34C,OSAP,ALP,OSAP,ALP,,,,1424.42,1320.03,Passenger,778567,2026-01-02T11:14:56Z,2026-01-02T13:22:02Z,True
3dbdeea3,TK6931,THY6931,THY,THY,A321,TC-JSV,OSAP,ALP,2026-01-02T12:02:51Z,,LTFM,IST,LTFM,IST,2026-01-02T13:41:14Z,17L,5903.0,1063.26,927.498,Passenger,4BAA76,2026-01-02T12:02:51Z,2026-01-02T13:51:22Z,True
3dbdf878,VF341,TKJ341,TKJ,TKJ,B738,TC-JFC,OSAP,ALP,2026-01-02T12:18:23Z,09L,LTFJ,SAW,LTFJ,SAW,2026-01-02T13:56:20Z,24L,5877.0,1037.42,866.081,Passenger,4BA8C3,2026-01-02T12:18:23Z,2026-01-02T14:05:58Z,True
3dbe401c,RB523,SYR523,SYR,SYR,A320,YK-AKH,OSAP,ALP,2026-01-02T14:06:47Z,,OTHH,DOH,OTHH,DOH,2026-01-02T16:26:02Z,16R,8355.0,2002.89,1829.86,Passenger,778568,2026-01-02T14:06:47Z,2026-01-02T16:33:14Z,True
3dbecb9b,RB524,SYR524,SYR,SYR,A320,YK-AKH,OTHH,DOH,2026-01-02T17:34:04Z,16R,OSAP,ALP,OSAP,ALP,2026-01-02T20:32:42Z,27R,10718.0,1992.64,1828.63,Passenger,778568,2026-01-02T17:18:57Z,2026-01-02T20:31:24Z,True
3dc04dc4,RJ431,RJA431,RJA,RJA,E290,JY-RED,OJAI,AMM,2026-01-03T04:10:22Z,26L,OSAP,ALP,OSAP,ALP,,,,544.758,463.167,Passenger,7448A4,2026-01-03T04:03:33Z,2026-01-03T04:56:54Z,True
3dc0810d,RJ432,RJA432,RJA,RJA,E290,JY-RED,OSAP,ALP,2026-01-03T06:02:07Z,,OJAI,AMM,OJAI,AMM,2026-01-03T06:56:42Z,26L,3275.0,579.866,503.491,Passenger,7448A4,2026-01-03T06:05:01Z,2026-01-03T06:58:47Z,True
3dc08ee8,FYC755,FYC755,FYC,FYC,A320,YK-BAC,OSAP,ALP,2026-01-03T06:36:52Z,09L,OMDW,DWC,OMDW,DWC,2026-01-03T09:18:18Z,30,9686.0,2302.11,2126.02,Passenger,778823,2026-01-03T06:36:52Z,2026-01-03T09:18:03Z,True
3dc0ab3a,RJ433,RJA433,RJA,RJA,E295,JY-REG,OJAI,AMM,2026-01-03T07:45:28Z,26R,OSAP,ALP,OSAP,ALP,2026-01-03T08:42:45Z,,3437.0,597.496,502.391,Passenger,7448A7,2026-01-03T07:44:21Z,2026-01-03T08:39:00Z,True
3dc0afd0,RB515,SYR515,SYR,SYR,A320,YK-AKH,OSAP,ALP,2026-01-03T07:55:14Z,,OMDB,DXB,OMDB,DXB,2026-01-03T10:39:55Z,30L,9881.0,2310.46,2112.45,Passenger,778568,2026-01-03T07:55:14Z,2026-01-03T10:39:58Z,True
3dc0ba1b,TK844,THY844,THY,THY,B739,TC-JYC,LTFM,IST,2026-01-03T08:40:54Z,18,OSAP,ALP,OSAP,ALP,2026-01-03T10:04:26Z,27R,5012.0,1036.16,929.61,Passenger,4BAB23,2026-01-03T08:18:12Z,2026-01-03T10:03:10Z,True
3dc0ceb1,VF340,TKJ340,TKJ,TKJ,B738,TC-JFJ,LTFJ,SAW,2026-01-03T09:31:09Z,24L,OSAP,ALP,OSAP,ALP,,,,980.908,876.118,Passenger,4BA8CA,2026-01-03T09:04:55Z,2026-01-03T10:48:02Z,True
3dc0d361,TK840,THY840,THY,THY,B739,TC-JYB,LTFM,IST,2026-01-03T10:15:52Z,17R,OSAP,ALP,OSAP,ALP,2026-01-03T11:45:24Z,,5372.0,1089.65,937.978,Passenger,4BAB22,2026-01-03T09:15:21Z,2026-01-03T11:41:00Z,True
3dc0dc4f,RJ434,RJA434,RJA,RJA,E295,JY-REG,OSAP,ALP,2026-01-03T09:34:01Z,,OJAI,AMM,OJAI,AMM,2026-01-03T10:29:11Z,26L,3310.0,591.667,508.301,Passenger,7448A7,2026-01-03T09:34:01Z,2026-01-03T10:29:16Z,True
3dc100c7,RB390,SYR390,SYR,SYR,B735,YK-SYR,OERK,RUH,2026-01-03T10:55:25Z,33R,OSAP,ALP,OSAP,ALP,,,,1400.72,1348.23,Passenger,77CF32,2026-01-03T10:47:27Z,2026-01-03T13:04:26Z,True
3dc112a7,TK845,THY845,THY,THY,B739,TC-JYC,OSAP,ALP,2026-01-03T11:18:22Z,,LTFM,IST,LTFM,IST,2026-01-03T13:01:22Z,17L,6180.0,1078.7,927.815,Passenger,4BAB23,2026-01-03T11:18:22Z,2026-01-03T13:11:51Z,True
3dc11643,FYC762,FYC762,SYR,FYC,A320,YK-BAG,OMSJ,SHJ,2026-01-03T11:24:43Z,30,OSAP,ALP,OSAP,ALP,2026-01-03T14:31:07Z,27R,11184.0,2267.43,2112.29,Passenger,778827,2026-01-03T11:24:54Z,2026-01-03T14:28:51Z,True
3dc132aa,VF341,TKJ341,TKJ,TKJ,B738,TC-JFJ,OSAP,ALP,2026-01-03T12:12:27Z,,LTFJ,SAW,LTFJ,SAW,2026-01-03T13:46:03Z,24L,5616.0,977.858,865.734,Passenger,4BA8CA,2026-01-03T12:12:27Z,2026-01-03T13:53:08Z,True
3dc15bba,TK841,THY841,THY,THY,B739,TC-JYB,OSAP,ALP,2026-01-03T13:16:08Z,,LTFM,IST,LTFM,IST,2026-01-03T15:12:47Z,17L,6999.0,1145.11,927.184,Passenger,4BAB22,2026-01-03T13:16:08Z,2026-01-03T15:22:35Z,True
3dc25ed7,RB342,SYR342,SYR,SYR,A320,YK-AKH,OKKK,KWI,2026-01-03T19:32:06Z,33L,OSAP,ALP,OSAP,ALP,2026-01-03T21:29:33Z,,7047.0,1394.32,1253.27,Passenger,778568,2026-01-03T19:25:22Z,2026-01-03T21:26:24Z,True
3dc2a0c4,FYC761,FYC761,SYR,FYC,A320,YK-BAG,OSAP,ALP,2026-01-03T21:05:31Z,,OMSJ,SHJ,OMSJ,SHJ,2026-01-03T23:48:16Z,30,9765.0,2305.23,2120.82,Passenger,778827,2026-01-03T21:05:53Z,2026-01-03T23:49:57Z,True
3dc3d0c0,QR414,QTR414,QTR,QTR,A320,A7-AHY,OTHH,DOH,2026-01-04T07:32:46Z,34L,OSAP,ALP,OSAP,ALP,2026-01-04T10:15:26Z,,9760.0,2001.25,1820.49,Passenger,06A153,2026-01-04T07:23:08Z,2026-01-04T10:12:38Z,True
3dc3de6e,RB341,SYR341,SYR,SYR,A320,YK-AKH,OSAP,ALP,2026-01-04T07:55:44Z,,OKKK,KWI,OKKK,KWI,2026-01-04T09:44:14Z,34,6510.0,1485.16,1266.64,Passenger,778568,2026-01-04T07:55:44Z,2026-01-04T09:51:05Z,True
3dc3e72d,TK844,THY844,THY,THY,B739,TC-JYI,LTFM,IST,2026-01-04T08:53:24Z,17R,OSAP,ALP,OSAP,ALP,2026-01-04T10:26:04Z,27R,5560.0,1116.16,933.782,Passenger,4BAB29,2026-01-04T08:16:06Z,2026-01-04T10:24:03Z,True
3dc3fec3,RJ433,RJA433,RJA,RJA,E290,JY-REE,OJAI,AMM,2026-01-04T09:09:33Z,08R,OSAP,ALP,OSAP,ALP,2026-01-04T10:03:38Z,,3245.0,587.301,510.017,Passenger,7448A5,2026-01-04T09:09:02Z,2026-01-04T10:00:57Z,True
3dc41002,VF340,TKJ340,TKJ,TKJ,B738,TC-JFH,LTFJ,SAW,2026-01-04T09:58:53Z,24R,OSAP,ALP,OSAP,ALP,2026-01-04T11:24:39Z,,5146.0,1038.98,874.265,Passenger,4BA8C8,2026-01-04T09:44:08Z,2026-01-04T11:21:43Z,True
3dc4119d,,7D02E9,,,0000,,OSAP,ALP,,,,,,,,,,4410.45,4188.07,Other_service,000001,2026-01-04T09:47:25Z,2026-01-04T10:21:48Z,True
3dc4361b,RB342,SYR342,SYR,SYR,A320,YK-AKH,OKKK,KWI,2026-01-04T10:57:08Z,33L,OSAP,ALP,OSAP,ALP,,,,1217.72,1147.9,Passenger,778568,2026-01-04T10:52:34Z,2026-01-04T12:33:56Z,True
3dc438fb,RJ434,RJA434,RJA,RJA,E290,JY-REE,OSAP,ALP,2026-01-04T10:56:51Z,,OJAI,AMM,OJAI,AMM,2026-01-04T11:54:35Z,08R,3464.0,640.811,507.58,Passenger,7448A5,2026-01-04T10:56:51Z,2026-01-04T11:54:56Z,True
3dc452cf,QR415,QTR415,QTR,QTR,A320,A7-AHY,OSAP,ALP,2026-01-04T11:40:19Z,,OTHH,DOH,OTHH,DOH,2026-01-04T14:18:22Z,34R,9483.0,2148.95,1830.49,Passenger,06A153,2026-01-04T11:40:19Z,2026-01-04T14:21:55Z,True
3dc46469,TK845,THY845,THY,THY,B739,TC-JYI,OSAP,ALP,2026-01-04T12:08:10Z,09R,LTFM,IST,LTFM,IST,2026-01-04T13:48:49Z,17L,6039.0,1068.08,931.519,Passenger,4BAB29,2026-01-04T12:09:21Z,2026-01-04T14:01:08Z,True
3dc4728d,VF341,TKJ341,TKJ,TKJ,B738,TC-JFH,OSAP,ALP,2026-01-04T12:31:58Z,,LTFJ,SAW,LTFJ,SAW,2026-01-04T13:57:52Z,24L,5154.0,948.287,865.594,Passenger,4BA8C8,2026-01-04T12:31:58Z,2026-01-04T14:06:39Z,True
3dc54aaa,RB382,SYR382,SYR,SYR,A320,YK-AKH,OEJN,JED,2026-01-04T17:57:59Z,34C,OSAP,ALP,OSAP,ALP,,,,1360.09,1317.97,Passenger,778568,2026-01-04T17:48:37Z,2026-01-04T19:43:18Z,True
3dc6adc2,RJ431,RJA431,RJA,RJA,E295,JY-REG,OJAI,AMM,2026-01-05T03:25:46Z,08R,OSAP,ALP,OSAP,ALP,2026-01-05T04:22:05Z,,3379.0,751.644,508.062,Passenger,7448A7,2026-01-05T03:25:46Z,2026-01-05T04:19:13Z,True
3dc6dc25,RJ432,RJA432,RJA,RJA,E295,JY-REG,OSAP,ALP,2026-01-05T05:12:09Z,09L,OJAI,AMM,OJAI,AMM,2026-01-05T06:10:32Z,08L,3503.0,638.696,507.093,Passenger,7448A7,2026-01-05T05:12:09Z,2026-01-05T06:10:36Z,True
3dc6f64b,QR414,QTR414,QTR,QTR,A320,A7-AHY,OTHH,DOH,2026-01-05T06:28:29Z,34L,OSAP,ALP,OSAP,ALP,2026-01-05T09:11:17Z,,9768.0,2011.09,1821.86,Passenger,06A153,2026-01-05T06:10:19Z,2026-01-05T09:08:29Z,True
3dc70dfc,TK844,THY844,THY,THY,B739,TC-JYB,LTFM,IST,2026-01-05T07:25:43Z,17R,OSAP,ALP,OSAP,ALP,2026-01-05T08:58:47Z,27L,5584.0,1083.55,934.246,Passenger,4BAB22,2026-01-05T07:04:18Z,2026-01-05T08:56:27Z,True
3dc72029,RJ433,RJA433,RJA,RJA,E290,JY-REC,OJAI,AMM,2026-01-05T07:46:30Z,08R,OSAP,ALP,OSAP,ALP,2026-01-05T08:42:00Z,,3330.0,590.854,509.792,Passenger,7448A3,2026-01-05T07:45:41Z,2026-01-05T08:39:15Z,True
3dc74465,VF340,TKJ340,TKJ,TKJ,B738,TC-JHA,LTFJ,SAW,2026-01-05T09:20:13Z,24R,OSAP,ALP,OSAP,ALP,2026-01-05T10:47:24Z,,5231.0,1017.82,874.145,Passenger,4BA901,2026-01-05T09:03:46Z,2026-01-05T10:44:26Z,True
3dc74a69,TK840,THY840,THY,THY,B739,TC-JYC,LTFM,IST,2026-01-05T09:48:50Z,18,OSAP,ALP,OSAP,ALP,2026-01-05T11:27:42Z,,5932.0,1147.76,920.742,Passenger,4BAB23,2026-01-05T09:16:10Z,2026-01-05T11:23:39Z,True
3dc75815,RJ434,RJA434,RJA,RJA,E290,JY-REC,OSAP,ALP,2026-01-05T09:44:24Z,09L,OJAI,AMM,OJAI,AMM,2026-01-05T10:41:58Z,08L,3454.0,629.745,506.921,Passenger,7448A3,2026-01-05T09:44:24Z,2026-01-05T10:41:58Z,True
3dc77be7,TK845,THY845,THY,THY,B739,TC-JYB,OSAP,ALP,2026-01-05T10:53:03Z,,LTFM,IST,LTFM,IST,2026-01-05T12:32:31Z,17L,5968.0,1087.49,926.972,Passenger,4BAB22,2026-01-05T10:53:03Z,2026-01-05T12:43:57Z,True
3dc78932,QR415,QTR415,QTR,QTR,A320,A7-AHY,OSAP,ALP,2026-01-05T11:15:15Z,,OTHH,DOH,OTHH,DOH,2026-01-05T13:53:22Z,34L,9487.0,2123.98,1829.79,Passenger,06A153,2026-01-05T11:15:15Z,2026-01-05T13:59:24Z,True
3dc78969,RB444,SYR444,SYR,SYR,B735,YK-SYR,LTFM,IST,2026-01-05T11:34:47Z,18,OSAP,ALP,OSAP,ALP,2026-01-05T13:04:28Z,,5381.0,1041.4,913.591,Passenger,77CF32,2026-01-05T11:15:40Z,2026-01-05T12:59:47Z,True
3dc79fa6,VF341,TKJ341,TKJ,TKJ,B738,TC-JHA,OSAP,ALP,2026-01-05T11:53:29Z,,LTFJ,SAW,LTFJ,SAW,2026-01-05T13:21:22Z,24L,5273.0,965.944,865.494,Passenger,4BA901,2026-01-05T11:53:29Z,2026-01-05T13:30:52Z,True
3dc7d029,TK841,THY841,THY,THY,B739,TC-JYC,OSAP,ALP,2026-01-05T13:05:55Z,,LTFM,IST,LTFM,IST,2026-01-05T14:46:42Z,17L,6047.0,1112.77,927.282,Passenger,4BAB23,2026-01-05T13:05:55Z,2026-01-05T14:59:20Z,True
3dc80fa2,RB445,SYR445,SYR,SYR,B735,YK-SYR,OSAP,ALP,2026-01-05T14:34:54Z,,LTFM,IST,LTFM,IST,2026-01-05T16:18:02Z,16R,6188.0,1086.92,928.253,Passenger,77CF32,2026-01-05T14:34:54Z,2026-01-05T16:34:17Z,True
3dc8839e,FYC488,FYC488,FYC,FYC,A320,YK-BAC,LTDB,COV,2026-01-05T17:25:33Z,03R,OSAP,ALP,OSAP,ALP,2026-01-05T18:01:11Z,27R,2138.0,354.094,202.356,Passenger,778823,2026-01-05T17:15:22Z,2026-01-05T17:57:21Z,True
3dc930ee,FYC761,FYC761,,FYC,A320,,OSAP,ALP,,,OMSJ,SHJ,OMSJ,SHJ,2026-01-05T23:59:47Z,30,,2311.78,2122.18,Passenger,778823,2026-01-05T21:12:11Z,2026-01-06T00:02:51Z,True
3dc9d086,FYC762,FYC762,FYC,FYC,A320,YK-BAC,OMSJ,SHJ,2026-01-06T01:23:36Z,30,OSAP,ALP,OSAP,ALP,2026-01-06T04:24:05Z,,10829.0,2262.78,2110.47,Passenger,778823,2026-01-06T01:15:15Z,2026-01-06T04:21:07Z,True
3dca172f,RJ431,RJA431,RJA,RJA,A20N,JY-RAH,OJAI,AMM,2026-01-06T03:35:38Z,08R,OSAP,ALP,OSAP,ALP,2026-01-06T04:33:03Z,,3445.0,586.819,509.227,Passenger,744828,2026-01-06T03:24:47Z,2026-01-06T04:30:03Z,True
3dca5399,RJ432,RJA432,RJA,RJA,A20N,JY-RAH,OSAP,ALP,2026-01-06T05:39:26Z,09L,OJAI,AMM,OJAI,AMM,2026-01-06T06:37:18Z,08L,3472.0,631.962,507.577,Passenger,744828,2026-01-06T05:39:26Z,2026-01-06T06:40:59Z,True
3dca5ba2,FYC525,FYC525,FYC,FYC,A320,YK-BAC,OSAP,ALP,2026-01-06T05:56:22Z,,ORER,EBL,ORER,EBL,2026-01-06T07:17:09Z,,4847.0,1003.16,605.864,Passenger,778823,2026-01-06T05:56:22Z,2026-01-06T07:13:02Z,True
3dca6240,TK844,THY844,THY,THY,B739,TC-JYF,LTFM,IST,2026-01-06T06:45:57Z,18,OSAP,ALP,OSAP,ALP,2026-01-06T08:16:03Z,,5406.0,1048.91,929.29,Passenger,4BAB26,2026-01-06T06:10:36Z,2026-01-06T08:10:26Z,True
3dcaa68d,VF340,TKJ340,TKJ,TKJ,B738,TC-JHB,LTFJ,SAW,2026-01-06T09:17:55Z,24R,OSAP,ALP,OSAP,ALP,2026-01-06T10:43:55Z,,5160.0,1061.55,859.687,Passenger,4BA902,2026-01-06T08:42:29Z,2026-01-06T10:39:44Z,True
3dcad530,TK845,THY845,THY,THY,B739,TC-JYF,OSAP,ALP,2026-01-06T10:14:45Z,,LTFM,IST,LTFM,IST,2026-01-06T11:53:06Z,17L,5901.0,1083.54,927.85,Passenger,4BAB26,2026-01-06T10:14:45Z,2026-01-06T11:59:26Z,True
3dcad933,RB342,SYR342,SYR,SYR,A320,YK-AKH,OKKK,KWI,2026-01-06T10:23:40Z,33L,OSAP,ALP,OSAP,ALP,,,,1232.44,1149.45,Passenger,778568,2026-01-06T10:22:58Z,2026-01-06T12:01:51Z,True
3dcb0f1b,VF341,TKJ341,TKJ,TKJ,B738,TC-JHB,OSAP,ALP,2026-01-06T12:02:28Z,,LTFJ,SAW,LTFJ,SAW,2026-01-06T13:39:35Z,24L,5827.0,991.878,866.114,Passenger,4BA902,2026-01-06T12:02:28Z,2026-01-06T13:48:51Z,True
3dcc3a90,RB390,SYR390,SYR,SYR,B735,YK-SYR,OERK,RUH,2026-01-06T19:04:59Z,33R,OSAP,ALP,OSAP,ALP,,,,1443.38,1342.82,Passenger,77CF32,2026-01-06T19:00:04Z,2026-01-06T21:20:39Z,True
3dce6829,RB390,SYR390,SYR,SYR,B735,YK-SYR,OERK,RUH,2026-01-07T11:39:33Z,33R,OSAP,ALP,OSAP,ALP,,,,1400.39,1342.81,Passenger,77CF32,2026-01-07T11:35:33Z,2026-01-07T13:39:45Z,True
3dcfb365,FYC526,FYC526,FYC,FYC,A320,YK-BAA,ORER,EBL,2026-01-07T19:15:14Z,18,OSAP,ALP,OSAP,ALP,,,,879.261,733.102,Passenger,778821,2026-01-07T19:15:14Z,2026-01-07T20:30:25Z,True
3dd1b815,RB342,SYR342,SYR,SYR,A320,YK-AKH,OKKK,KWI,2026-01-08T10:20:50Z,33L,OSAP,ALP,OSAP,ALP,,,,1277.0,1183.35,Passenger,778568,2026-01-08T10:10:36Z,2026-01-08T12:20:55Z,True
3dd88e91,RB390,SYR390,SYR,SYR,B735,YK-SYR,OERK,RUH,2026-01-10T10:54:00Z,33R,OSAP,ALP,OSAP,ALP,,,,1399.0,1343.07,Passenger,77CF32,2026-01-10T10:46:05Z,2026-01-10T13:10:59Z,True
3dd8ab36,FYC762,FYC762,FYC,FYC,A320,YK-BAA,OMSJ,SHJ,2026-01-10T11:44:06Z,30,OSAP,ALP,OSAP,ALP,,,,2095.47,2011.48,Passenger,778821,2026-01-10T11:39:56Z,2026-01-10T14:31:24Z,True
3ddba121,RB342,SYR342,SYR,SYR,A320,YK-AKG,OKKK,KWI,2026-01-11T11:12:24Z,33L,OSAP,ALP,OSAP,ALP,,,,1256.14,1171.98,Passenger,778567,2026-01-11T10:39:30Z,2026-01-11T12:57:33Z,True
3ddf108a,RB390,SYR390,SYR,SYR,A320,YK-AKG,OERK,RUH,2026-01-12T11:07:46Z,15L,OSAP,ALP,OSAP,ALP,,,,1463.63,1336.49,Passenger,778567,2026-01-12T10:59:54Z,2026-01-12T13:13:23Z,True
3de03514,FYC488,FYC488,FYC,FYC,A320,YK-BAC,LTDB,COV,2026-01-12T17:30:30Z,03R,OSAP,ALP,OSAP,ALP,,,,666.361,401.745,Passenger,778823,2026-01-12T17:30:45Z,2026-01-12T18:31:15Z,True
3de1a9d2,FYC762,FYC762,FYC,FYC,A320,YK-BAC,OMSJ,SHJ,2026-01-13T01:12:06Z,30,OSAP,ALP,OSAP,ALP,,,,2134.61,2047.92,Passenger,778823,2026-01-13T01:11:24Z,2026-01-13T04:27:57Z,True
3de685f5,RB390,SYR390,SYR,SYR,B735,YK-SYR,OERK,RUH,2026-01-14T11:08:58Z,33R,OSAP,ALP,OSAP,ALP,,,,1393.59,1339.38,Passenger,77CF32,2026-01-14T10:56:52Z,2026-01-14T13:17:17Z,True
3de7d72d,FYC526,FYC526,FYC,FYC,A320,YK-BAA,ORER,EBL,2026-01-14T18:36:24Z,18,OSAP,ALP,OSAP,ALP,,,,868.135,726.234,Passenger,778821,2026-01-14T18:36:24Z,2026-01-14T19:52:06Z,True
3de900f5,FYC762,FYC762,FYC,FYC,A320,YK-BAC,OMSJ,SHJ,2026-01-15T01:06:24Z,30,OSAP,ALP,OSAP,ALP,,,,2086.84,2018.58,Passenger,778823,2026-01-15T01:04:46Z,2026-01-15T04:04:07Z,True
3df1b5f8,FYC762,FYC762,FYC,FYC,A320,YK-BAA,OMSJ,SHJ,2026-01-17T11:17:20Z,30,OSAP,ALP,OSAP,ALP,,,,2159.32,2071.58,Passenger,778821,2026-01-17T10:57:56Z,2026-01-17T14:24:41Z,True
3df92083,FYC488,FYC488,FYC,FYC,A320,YK-BAC,LTDB,COV,2026-01-19T17:41:01Z,03R,OSAP,ALP,OSAP,ALP,,,,619.831,411.424,Passenger,778823,2026-01-19T17:28:02Z,2026-01-19T18:29:50Z,True
3dfa6ab3,FYC762,FYC762,FYC,FYC,A320,YK-BAC,OMSJ,SHJ,2026-01-20T01:07:46Z,12,OSAP,ALP,OSAP,ALP,2026-01-20T04:43:15Z,27R,12929.0,2315.49,2111.77,Passenger,778823,2026-01-20T00:49:40Z,2026-01-20T04:40:25Z,True
3dfac066,RJ431,RJA431,RJA,RJA,A320,JY-AYW,OJAI,AMM,2026-01-20T03:36:55Z,26L,OSAP,ALP,OSAP,ALP,,,,593.343,508.11,Passenger,740737,2026-01-20T03:27:27Z,2026-01-20T04:38:13Z,True
3dfaf65b,RJ432,RJA432,RJA,RJA,A320,JY-AYW,OSAP,ALP,2026-01-20T05:35:02Z,27R,OJAI,AMM,OJAI,AMM,2026-01-20T06:31:08Z,26L,3366.0,606.72,508.177,Passenger,740737,2026-01-20T05:25:13Z,2026-01-20T06:34:05Z,True
3dfaf8b7,FYC525,FYC525,FYC,FYC,A320,YK-BAC,OSAP,ALP,2026-01-20T05:52:35Z,27R,ORER,EBL,ORER,EBL,2026-01-20T07:09:28Z,,4613.0,1059.23,604.405,Passenger,778823,2026-01-20T05:30:22Z,2026-01-20T07:12:52Z,True
3dfe898e,RJ431,RJA431,RJA,RJA,E290,JY-REE,OJAI,AMM,2026-01-21T03:41:21Z,08R,OSAP,ALP,OSAP,ALP,,,,585.029,508.421,Passenger,7448A5,2026-01-21T03:40:51Z,2026-01-21T04:41:08Z,True
3dfebcaf,RJ432,RJA432,RJA,RJA,E290,JY-REE,OSAP,ALP,2026-01-21T05:33:28Z,09L,OJAI,AMM,OJAI,AMM,2026-01-21T06:31:44Z,08L,3496.0,633.119,507.098,Passenger,7448A5,2026-01-21T05:31:56Z,2026-01-21T06:32:06Z,True
3e004060,FYC526,FYC526,FYC,FYC,A320,YK-BAC,ORER,EBL,2026-01-21T16:26:08Z,36,OSAP,ALP,OSAP,ALP,2026-01-21T18:06:13Z,,6005.0,1081.21,604.827,Passenger,778823,2026-01-21T15:55:04Z,2026-01-21T18:08:49Z,True
3e013636,FYC761,FYC761,FYC,FYC,A320,YK-BAC,OSAP,ALP,2026-01-21T21:06:07Z,27R,OMSJ,SHJ,OMSJ,SHJ,2026-01-21T23:39:05Z,30,9178.0,2315.81,2119.51,Passenger,778823,2026-01-21T21:00:13Z,2026-01-21T23:44:21Z,True
3e01f0aa,FYC762,FYC762,FYC,FYC,A320,YK-BAC,OMSJ,SHJ,2026-01-22T01:12:58Z,30,OSAP,ALP,OSAP,ALP,2026-01-22T04:48:38Z,09L,12940.0,2273.18,2124.6,Passenger,778823,2026-01-22T01:09:22Z,2026-01-22T04:46:25Z,True
3e02122e,RJ431,RJA431,RJA,RJA,A20N,JY-RAN,OJAI,AMM,2026-01-22T03:39:15Z,08R,OSAP,ALP,OSAP,ALP,2026-01-22T04:42:08Z,09R,3773.0,597.298,507.028,Passenger,74482E,2026-01-22T02:07:05Z,2026-01-22T04:39:53Z,True
3e02765d,FYC487,FYC487,FYC,FYC,A320,YK-BAC,OSAP,ALP,2026-01-22T05:54:01Z,09L,LTDB,COV,LTDB,COV,2026-01-22T06:39:03Z,03R,2702.0,339.987,208.35,Passenger,778823,2026-01-22T05:26:13Z,2026-01-22T06:39:03Z,True
3e027786,RJ432,RJA432,RJA,RJA,A20N,JY-RAN,OSAP,ALP,2026-01-22T05:37:26Z,09L,OJAI,AMM,OJAI,AMM,2026-01-22T06:41:25Z,08L,3839.0,640.62,508.089,Passenger,74482E,2026-01-22T05:28:39Z,2026-01-22T06:45:22Z,True
3e0662c9,RB381,SYR381,SYR,SYR,A320,YK-AKG,OSAP,ALP,2026-01-23T07:57:44Z,,OEJN,JED,OEJN,JED,2026-01-23T10:11:24Z,16R,8020.0,1652.66,1618.62,Passenger,778567,2026-01-23T06:30:36Z,2026-01-23T10:12:53Z,True
3e09e3e5,RJ431,RJA431,RJA,RJA,A20N,JY-RAN,OJAI,AMM,2026-01-24T09:05:25Z,26L,OSAP,ALP,OSAP,ALP,,,,608.54,506.659,Passenger,74482E,2026-01-24T07:27:12Z,2026-01-24T10:02:20Z,True
3e0a394a,RJ432,RJA432,RJA,RJA,A20N,JY-RAN,OSAP,ALP,2026-01-24T10:51:59Z,09R,OJAI,AMM,OJAI,AMM,2026-01-24T11:44:55Z,26L,3176.0,580.959,508.069,Passenger,74482E,2026-01-24T10:40:45Z,2026-01-24T11:48:15Z,True
3e0a43ed,FYC762,FYC762,FYC,FYC,A320,YK-BAA,OMSJ,SHJ,2026-01-24T11:17:48Z,30,OSAP,ALP,OSAP,ALP,2026-01-24T14:43:21Z,27R,12333.0,2266.06,2112.11,Passenger,778821,2026-01-24T11:01:54Z,2026-01-24T14:40:46Z,True
3e0b8483,FYC761,FYC761,FYC,FYC,A320,YK-BAA,OSAP,ALP,2026-01-24T21:13:12Z,27R,OMSJ,SHJ,OMSJ,SHJ,2026-01-24T23:54:41Z,30,9689.0,2330.43,2118.74,Passenger,778821,2026-01-24T20:11:12Z,2026-01-24T23:58:03Z,True
3e0c634e,RJ431,RJA431,RJA,RJA,A20N,JY-RAN,OJAI,AMM,2026-01-25T03:48:19Z,26L,OSAP,ALP,OSAP,ALP,2026-01-25T05:05:41Z,,4642.0,1555.89,2.71775,Passenger,74482E,2026-01-25T03:46:19Z,2026-01-25T06:25:09Z,True
3e0cbc99,RB341,SYR341,SYR,SYR,A320,YK-AKG,OSAP,ALP,2026-01-25T08:31:01Z,,OKKK,KWI,OKKK,KWI,2026-01-25T10:17:12Z,34,6371.0,1495.49,1266.89,Passenger,778567,2026-01-25T07:27:49Z,2026-01-25T10:31:26Z,True
3e0ce54f,RJ431,RJA431,RJA,RJA,A20N,JY-RAN,OJAI,AMM,2026-01-25T09:39:25Z,08R,OSAP,ALP,OSAP,ALP,,,,567.444,504.719,Passenger,74482E,2026-01-25T09:07:59Z,2026-01-25T10:33:44Z,True
3e0d2078,RJ432,RJA432,RJA,RJA,A20N,JY-RAN,OSAP,ALP,2026-01-25T11:34:13Z,27R,OJAI,AMM,OJAI,AMM,2026-01-25T12:30:05Z,08L,3352.0,638.569,508.184,Passenger,74482E,2026-01-25T11:24:49Z,2026-01-25T12:35:08Z,True
3e0fd22a,RB444,SYR444,SYR,SYR,B735,YK-SYR,LTFM,IST,2026-01-26T11:15:53Z,18,OSAP,ALP,OSAP,ALP,,,,1048.08,927.453,Passenger,77CF32,2026-01-26T10:58:27Z,2026-01-26T12:51:53Z,True
3e0feb4a,RJ431,RJA431,RJA,RJA,A320,JY-AYR,OJAI,AMM,2026-01-26T11:44:33Z,08R,OSAP,ALP,OSAP,ALP,,,,432.913,360.867,Passenger,740732,2026-01-26T11:48:00Z,2026-01-26T12:22:41Z,True
3e1031d2,RJ432,RJA432,RJA,RJA,A320,JY-AYR,OSAP,ALP,,,OJAI,AMM,OJAI,AMM,2026-01-26T14:48:30Z,08L,,593.109,480.128,Passenger,740732,2026-01-26T13:53:25Z,2026-01-26T14:55:28Z,True
3e1039f8,RB445,SYR445,SYR,SYR,B735,YK-SYR,OSAP,ALP,2026-01-26T14:08:37Z,09L,LTFM,IST,LTFM,IST,2026-01-26T15:47:14Z,17L,5917.0,1228.21,928.587,Passenger,77CF32,2026-01-26T14:06:25Z,2026-01-26T15:53:35Z,True
3e1122ab,FYC761,FYC761,FYC,FYC,A320,YK-BAA,OSAP,ALP,2026-01-26T21:15:44Z,,OMSJ,SHJ,OMSJ,SHJ,2026-01-26T23:49:07Z,30,9203.0,2314.82,2118.54,Passenger,778821,2026-01-26T20:03:09Z,2026-01-26T23:51:44Z,True
3e11e9c2,FYC762,FYC762,FYC,FYC,A320,YK-BAA,OMSJ,SHJ,2026-01-27T01:26:39Z,30,OSAP,ALP,OSAP,ALP,,,,2257.87,2105.35,Passenger,778821,2026-01-27T01:06:09Z,2026-01-27T04:44:59Z,True
3e1236f8,RJ431,RJA431,RJA,RJA,E295,JY-REG,OJAI,AMM,2026-01-27T03:31:28Z,08L,OSAP,ALP,OSAP,ALP,,,,581.634,509.696,Passenger,7448A7,2026-01-27T03:30:26Z,2026-01-27T04:21:52Z,True
3e126d46,RJ432,RJA432,RJA,RJA,E295,JY-REG,OSAP,ALP,2026-01-27T05:24:20Z,09R,OJAI,AMM,OJAI,AMM,2026-01-27T06:30:26Z,26L,3966.0,603.593,507.839,Passenger,7448A7,2026-01-27T05:22:39Z,2026-01-27T06:27:38Z,True
3e12785b,FYC525,FYC525,FYC,FYC,A320,YK-BAA,OSAP,ALP,2026-01-27T06:55:58Z,09L,ORER,EBL,ORER,EBL,,,,995.296,604.939,Passenger,778821,2026-01-27T05:46:02Z,2026-01-27T08:10:12Z,True
3e138228,,7,,,T134,YK-AYB,OSAP,ALP,,,,,,,,,,360.423,247.646,,778722,2026-01-27T14:01:56Z,2026-01-27T14:29:32Z,True
3e141722,RB390,SYR390,SYR,SYR,B735,YK-SYR,OERK,RUH,2026-01-27T17:49:23Z,15L,OSAP,ALP,OSAP,ALP,2026-01-27T20:20:54Z,27R,9091.0,1660.46,1533.7,Passenger,77CF32,2026-01-27T17:26:38Z,2026-01-27T20:17:43Z,True
3e15ba5e,RJ431,RJA431,RJA,RJA,E295,JY-REA,OJAI,AMM,2026-01-28T03:31:42Z,26R,OSAP,ALP,OSAP,ALP,2026-01-28T04:28:32Z,,3410.0,596.612,507.768,Passenger,7448A1,2026-01-28T03:30:21Z,2026-01-28T04:25:08Z,True
3e15f342,RJ432,RJA432,RJA,RJA,E295,JY-REA,OSAP,ALP,2026-01-28T05:31:52Z,,OJAI,AMM,OJAI,AMM,2026-01-28T06:28:13Z,26L,3381.0,597.693,508.177,Passenger,7448A1,2026-01-28T05:30:32Z,2026-01-28T06:28:17Z,True
3e162068,RB389,SYR389,SYR,SYR,B735,YK-SYR,OSAP,ALP,2026-01-28T07:17:18Z,,OERK,RUH,OERK,RUH,2026-01-28T09:31:55Z,15R,8077.0,1695.56,1540.14,Passenger,77CF32,2026-01-28T07:03:26Z,2026-01-28T09:38:16Z,True
3e17b87f,FYC526,FYC526,FYC,FYC,A320,YK-BAC,ORER,EBL,2026-01-28T17:43:40Z,,OSAP,ALP,OSAP,ALP,2026-01-28T19:15:29Z,27R,5509.0,1017.93,598.089,Passenger,778823,2026-01-28T17:33:00Z,2026-01-28T19:12:31Z,True
3e1860db,FYC761,FYC761,FYC,FYC,A320,YK-BAC,OSAP,ALP,2026-01-28T21:00:26Z,,OMSJ,SHJ,OMSJ,SHJ,2026-01-28T23:34:52Z,12,9266.0,2261.52,2119.06,Passenger,778823,2026-01-28T20:57:03Z,2026-01-28T23:35:00Z,True
3e191ecb,FYC762,FYC762,FYC,FYC,A320,YK-BAC,OMSJ,SHJ,2026-01-29T01:12:20Z,12,OSAP,ALP,OSAP,ALP,,,,2289.72,2112.89,Passenger,778823,2026-01-29T01:03:48Z,2026-01-29T04:35:43Z,True
3e197630,RJ431,RJA431,RJA,RJA,E290,JY-RED,OJAI,AMM,2026-01-29T03:34:56Z,26L,OSAP,ALP,OSAP,ALP,2026-01-29T04:32:50Z,27R,3474.0,587.385,508.029,Passenger,7448A4,2026-01-29T03:33:42Z,2026-01-29T04:29:41Z,True
3e19b45c,RJ432,RJA432,RJA,RJA,E290,JY-RED,OSAP,ALP,2026-01-29T05:41:35Z,27R,OJAI,AMM,OJAI,AMM,2026-01-29T06:35:31Z,26L,3236.0,602.349,508.261,Passenger,7448A4,2026-01-29T05:40:13Z,2026-01-29T06:36:06Z,True
3e19b7ce,FYC487,FYC487,FYC,FYC,A320,YK-BAC,OSAP,ALP,2026-01-29T05:50:08Z,27R,LTDB,COV,LTDB,COV,2026-01-29T06:26:08Z,03R,2160.0,314.705,209.032,Passenger,778823,2026-01-29T05:47:27Z,2026-01-29T06:41:04Z,True
3e1b55c1,RB382,SYR382,SYR,SYR,A320,YK-AKG,OEJN,JED,2026-01-29T18:12:22Z,34C,OSAP,ALP,OSAP,ALP,2026-01-29T20:28:51Z,,8189.0,1688.88,1618.94,Passenger,778567,2026-01-29T16:39:02Z,2026-01-29T20:38:55Z,True
3e1d7a2c,RJ431,RJA431,RJA,RJA,E295,JY-REG,OJAI,AMM,2026-01-30T04:50:10Z,26L,OSAP,ALP,OSAP,ALP,2026-01-30T05:47:18Z,,3428.0,618.733,507.139,Passenger,7448A7,2026-01-30T04:49:03Z,2026-01-30T05:49:14Z,True
3e1db002,RJ432,RJA432,RJA,RJA,E295,JY-REG,OSAP,ALP,2026-01-30T06:41:39Z,,OJAI,AMM,OJAI,AMM,2026-01-30T07:37:25Z,26L,3346.0,585.635,507.842,Passenger,7448A7,2026-01-30T06:39:29Z,2026-01-30T07:37:31Z,True
3e1db3c9,RB381,SYR381,SYR,SYR,A320,YK-AKG,OSAP,ALP,2026-01-30T07:37:19Z,,OEJN,JED,OEJN,JED,2026-01-30T09:47:37Z,34L,7818.0,1715.66,1616.83,Passenger,778567,2026-01-30T06:47:30Z,2026-01-30T09:48:44Z,True
3e217657,RB515,SYR515,SYR,SYR,A320,YK-AKH,OSAP,ALP,2026-01-31T07:12:32Z,27R,OMDB,DXB,OMDB,DXB,2026-01-31T09:51:19Z,30L,9527.0,2315.04,2109.87,Passenger,778568,2026-01-31T07:09:47Z,2026-01-31T10:00:35Z,True
3e21e9e9,FYC762,FYC762,FYC,FYC,A320,YK-BAA,OMSJ,SHJ,2026-01-31T11:21:15Z,30,OSAP,ALP,OSAP,ALP,,,,2264.9,2035.8,Passenger,778821,2026-01-31T11:19:26Z,2026-01-31T14:20:37Z,True
3e27fc8d,RJ433,RJA433,RJA,RJA,A20N,JY-RAE,OJAI,AMM,2026-02-02T09:44:31Z,26L,OSAP,ALP,OSAP,ALP,,,,593.777,507.274,Passenger,744825,2026-02-02T09:38:53Z,2026-02-02T10:38:31Z,True
3e282385,RJ434,RJA434,RJA,RJA,A20N,JY-RAE,OSAP,ALP,2026-02-02T11:52:16Z,27R,OJAI,AMM,OJAI,AMM,2026-02-02T12:51:36Z,26L,3560.0,587.531,508.337,Passenger,744825,2026-02-02T10:53:31Z,2026-02-02T13:00:01Z,True
3e282ac3,RB444,SYR444,SYR,SYR,B735,YK-SYR,LTFM,IST,2026-02-02T11:21:02Z,35L,OSAP,ALP,OSAP,ALP,2026-02-02T12:53:25Z,27R,5543.0,1068.13,933.851,Passenger,77CF32,2026-02-02T11:05:54Z,2026-02-02T12:50:09Z,True
3e28a02e,RB445,SYR445,SYR,SYR,B735,YK-SYR,OSAP,ALP,2026-02-02T14:11:34Z,,LTFM,IST,LTFM,IST,2026-02-02T15:54:09Z,34L,6155.0,1087.87,928.035,Passenger,77CF32,2026-02-02T14:03:43Z,2026-02-02T16:07:10Z,True
3e29192b,FYC488,FYC488,FYC,FYC,A320,YK-BAA,LTDB,COV,2026-02-02T17:28:50Z,21L,OSAP,ALP,OSAP,ALP,2026-02-02T18:01:38Z,27R,1968.0,335.42,208.897,Passenger,778821,2026-02-02T16:34:53Z,2026-02-02T18:04:20Z,True
3e29fd07,FYC761,FYC761,FYC,FYC,A320,YK-BAA,OSAP,ALP,2026-02-02T21:19:31Z,,OMSJ,SHJ,OMSJ,SHJ,2026-02-02T23:56:54Z,30,9443.0,2308.16,2117.33,Passenger,778821,2026-02-02T21:18:46Z,2026-02-03T00:28:40Z,True
3e2a936c,FYC762,FYC762,FYC,FYC,A320,YK-BAA,OMSJ,SHJ,2026-02-03T01:35:06Z,30,OSAP,ALP,OSAP,ALP,2026-02-03T05:02:39Z,,12453.0,2261.58,2108.35,Passenger,778821,2026-02-03T00:43:40Z,2026-02-03T04:59:28Z,True
3e2ae309,RJ431,RJA431,RJA,RJA,E295,JY-REF,OJAI,AMM,2026-02-03T03:04:46Z,26R,OSAP,ALP,OSAP,ALP,,,,603.324,507.457,Passenger,7448A6,2026-02-03T03:04:01Z,2026-02-03T03:59:04Z,True
3e2b1d04,RJ432,RJA432,RJA,RJA,E295,JY-REF,OSAP,ALP,2026-02-03T05:07:14Z,27L,OJAI,AMM,OJAI,AMM,2026-02-03T06:11:08Z,26R,3834.0,638.217,507.265,Passenger,7448A6,2026-02-03T05:06:26Z,2026-02-03T06:11:08Z,True
3e2b3251,FYC525,FYC525,FYC,FYC,A320,YK-BAA,OSAP,ALP,2026-02-03T06:11:43Z,27R,ORER,EBL,ORER,EBL,,,,1106.45,604.752,Passenger,778821,2026-02-03T05:50:40Z,2026-02-03T07:46:54Z,True
3e2ea4f1,RJ431,RJA431,RJA,RJA,E290,JY-REE,OJAI,AMM,2026-02-04T03:30:12Z,26R,OSAP,ALP,OSAP,ALP,2026-02-04T04:38:10Z,,4078.0,607.223,507.723,Passenger,7448A5,2026-02-04T03:28:38Z,2026-02-04T04:34:55Z,True
3e2ee232,RJ432,RJA432,RJA,RJA,E290,JY-REE,OSAP,ALP,2026-02-04T05:36:16Z,27R,OJAI,AMM,OJAI,AMM,2026-02-04T06:31:19Z,26R,3303.0,613.721,507.413,Passenger,7448A5,2026-02-04T05:35:30Z,2026-02-04T06:31:29Z,True
3e2f0780,RB389,SYR389,SYR,SYR,B735,YK-SYR,OSAP,ALP,2026-02-04T07:04:30Z,27L,OERK,RUH,OERK,RUH,2026-02-04T09:10:11Z,33L,7541.0,1692.22,1540.15,Passenger,77CF32,2026-02-04T06:51:56Z,2026-02-04T09:17:37Z,True
3e3088e6,FYC526,FYC526,FYC,FYC,A320,YK-BAC,ORER,EBL,2026-02-04T16:52:17Z,,OSAP,ALP,OSAP,ALP,,,,1026.2,600.53,Passenger,778823,2026-02-04T16:55:32Z,2026-02-04T18:24:12Z,True
3e3150b2,FYC761,FYC761,FYC,FYC,A320,YK-BAC,OSAP,ALP,2026-02-04T20:58:10Z,,OMSJ,SHJ,OMSJ,SHJ,2026-02-04T23:35:03Z,30,9413.0,2314.68,2119.19,Passenger,778823,2026-02-04T20:56:32Z,2026-02-04T23:35:03Z,True
3e321a08,FYC762,FYC762,FYC,FYC,A320,YK-BAC,OMSJ,SHJ,2026-02-05T01:22:26Z,30,OSAP,ALP,OSAP,ALP,2026-02-05T04:48:36Z,27R,12370.0,2255.28,2114.51,Passenger,778823,2026-02-05T01:21:35Z,2026-02-05T04:45:35Z,True
3e3262a0,RJ431,RJA431,RJA,RJA,E295,JY-REB,OJAI,AMM,2026-02-05T03:29:57Z,26L,OSAP,ALP,OSAP,ALP,2026-02-05T04:28:13Z,27R,3496.0,613.47,508.122,Passenger,7448A2,2026-02-05T03:28:25Z,2026-02-05T04:25:30Z,True
3e329fb0,RJ432,RJA432,RJA,RJA,E295,JY-REB,OSAP,ALP,2026-02-05T05:36:15Z,09R,OJAI,AMM,OJAI,AMM,2026-02-05T06:39:34Z,08L,3799.0,654.903,507.761,Passenger,7448A2,2026-02-05T05:35:03Z,2026-02-05T06:43:41Z,True
3e32a7f2,FYC487,FYC487,FYC,FYC,A320,YK-BAC,OSAP,ALP,2026-02-05T06:03:33Z,09L,LTDB,COV,LTDB,COV,2026-02-05T06:38:47Z,03R,2114.0,314.015,209.015,Passenger,778823,2026-02-05T05:51:43Z,2026-02-05T06:42:16Z,True
3e362d19,RJ431,RJA431,RJA,RJA,E295,JY-REF,OJAI,AMM,2026-02-06T03:21:49Z,08R,OSAP,ALP,OSAP,ALP,,,,660.986,507.602,Passenger,7448A6,2026-02-06T03:21:40Z,2026-02-06T04:25:12Z,True
3e366abd,RJ432,RJA432,RJA,RJA,E295,JY-REF,OSAP,ALP,2026-02-06T05:23:33Z,09L,OJAI,AMM,OJAI,AMM,2026-02-06T06:19:00Z,26R,3327.0,591.5,507.617,Passenger,7448A6,2026-02-06T05:24:30Z,2026-02-06T06:19:02Z,True
3e376fd3,RB516,SYR381,SYR,SYR,A320,YK-AKG,OSAP,ALP,2026-02-06T14:18:50Z,09R,OEJN,JED,OEJN,JED,2026-02-06T16:36:30Z,34L,8260.0,1738.98,1618.55,Passenger,778567,2026-02-06T13:19:22Z,2026-02-06T16:44:14Z,True
3e3a1831,RJ431,RJA431,RJA,RJA,E290,JY-REC,OJAI,AMM,2026-02-07T03:15:03Z,26L,OSAP,ALP,OSAP,ALP,,,,587.188,504.518,Passenger,7448A3,2026-02-07T03:13:11Z,2026-02-07T04:11:35Z,True
3e3a5c50,RJ432,RJA432,RJA,RJA,E290,JY-REC,OSAP,ALP,2026-02-07T05:12:47Z,09L,OJAI,AMM,OJAI,AMM,2026-02-07T06:11:56Z,26R,3549.0,586.049,506.891,Passenger,7448A3,2026-02-07T05:16:19Z,2026-02-07T06:11:57Z,True
3e3a76ac,RB515,SYR515,SYR,SYR,A320,YK-AKG,OSAP,ALP,2026-02-07T07:10:55Z,,OMDB,DXB,OMDB,DXB,2026-02-07T09:57:35Z,30L,10000.0,2296.49,2110.36,Passenger,778567,2026-02-07T06:25:41Z,2026-02-07T10:03:25Z,True
3e3aa3c6,RJ433,RJA433,RJA,RJA,E290,JY-REE,OJAI,AMM,2026-02-07T07:52:32Z,26L,OSAP,ALP,OSAP,ALP,,,,592.944,485.11,Passenger,7448A5,2026-02-07T07:51:09Z,2026-02-07T08:47:31Z,True
3e3ad4b1,RJ434,RJA434,RJA,RJA,E290,JY-REE,OSAP,ALP,2026-02-07T09:44:55Z,,OJAI,AMM,OJAI,AMM,2026-02-07T10:45:37Z,26R,3642.0,598.255,507.997,Passenger,7448A5,2026-02-07T09:35:31Z,2026-02-07T10:51:25Z,True
3e3b0607,FYC762,FYC762,FYC,FYC,A320,YK-BAA,OMSJ,SHJ,2026-02-07T11:41:02Z,30,OSAP,ALP,OSAP,ALP,,,,2201.26,2078.4,Passenger,778821,2026-02-07T11:10:59Z,2026-02-07T14:49:22Z,True
3e3ca1b0,FYC761,FYC761,FYC,FYC,A320,YK-BAA,OSAP,ALP,2026-02-07T21:17:14Z,09L,OMSJ,SHJ,OMSJ,SHJ,2026-02-07T23:53:59Z,30,9405.0,2304.7,2118.93,Passenger,778821,2026-02-07T20:46:59Z,2026-02-08T00:16:06Z,True
3e3e8a16,RJ431,RJA431,RJA,RJA,E290,JY-REE,OJAI,AMM,2026-02-08T12:46:47Z,26L,OSAP,ALP,OSAP,ALP,,,,587.139,495.53,Passenger,7448A5,2026-02-08T12:45:18Z,2026-02-08T13:41:18Z,True
3e3ed1fa,RJ432,RJA432,RJA,RJA,E290,JY-REE,OSAP,ALP,2026-02-08T14:32:22Z,09L,OJAI,AMM,OJAI,AMM,2026-02-08T15:34:42Z,26L,3740.0,562.913,508.161,Passenger,7448A5,2026-02-08T14:30:56Z,2026-02-08T15:35:11Z,True
3e40c1f3,RJ431,RJA431,RJA,RJA,A20N,JY-RAL,OJAI,AMM,2026-02-09T03:38:29Z,26R,OSAP,ALP,OSAP,ALP,,,,572.826,501.027,Passenger,74482C,2026-02-09T02:48:45Z,2026-02-09T04:29:32Z,True
3e4105af,RJ432,RJA432,RJA,RJA,A20N,JY-RAL,OSAP,ALP,2026-02-09T05:17:32Z,09L,OJAI,AMM,OJAI,AMM,2026-02-09T06:23:43Z,26L,3971.0,621.802,508.049,Passenger,74482C,2026-02-09T05:14:15Z,2026-02-09T06:26:31Z,True
3e41352e,TK844,THY844,THY,THY,B739,TC-JYC,LTFM,IST,2026-02-09T07:21:02Z,35L,OSAP,ALP,OSAP,ALP,,,,1041.0,932.095,Passenger,4BAB23,2026-02-09T06:54:06Z,2026-02-09T08:37:44Z,True
3e413947,VF340,TKJ340,TKJ,TKJ,B738,TC-JHB,LTFJ,SAW,2026-02-09T07:46:31Z,06L,OSAP,ALP,OSAP,ALP,,,,946.943,871.504,Passenger,4BA902,2026-02-09T07:02:15Z,2026-02-09T08:58:34Z,True
3e419d8f,TK845,THY845,THY,THY,B739,TC-JYC,OSAP,ALP,2026-02-09T10:37:37Z,,LTFM,IST,LTFM,IST,2026-02-09T12:19:03Z,35R,6086.0,1035.11,927.582,Passenger,4BAB23,2026-02-09T10:22:52Z,2026-02-09T12:31:02Z,True
3e419e21,TK840,THY840,THY,THY,B739,TC-JYB,LTFM,IST,2026-02-09T10:53:08Z,36,OSAP,ALP,OSAP,ALP,,,,1127.31,931.467,Passenger,4BAB22,2026-02-09T10:23:56Z,2026-02-09T12:20:29Z,True
3e41a3d5,VF341,TKJ341,TKJ,TKJ,B738,TC-JHB,OSAP,ALP,2026-02-09T10:43:27Z,09L,LTFJ,SAW,LTFJ,SAW,2026-02-09T12:21:42Z,06R,5895.0,990.419,866.113,Passenger,4BA902,2026-02-09T10:34:34Z,2026-02-09T12:32:40Z,True
3e41b55c,RB444,SYR444,SYR,SYR,B735,YK-SYR,LTFM,IST,2026-02-09T11:21:18Z,35L,OSAP,ALP,OSAP,ALP,,,,1053.72,928.044,Passenger,77CF32,2026-02-09T11:04:57Z,2026-02-09T12:46:47Z,True
3e422952,TK841,THY841,THY,THY,B739,TC-JYB,OSAP,ALP,2026-02-09T14:16:10Z,,LTFM,IST,LTFM,IST,2026-02-09T16:01:55Z,35R,6345.0,1090.3,928.67,Passenger,4BAB22,2026-02-09T13:52:35Z,2026-02-09T16:11:37Z,True
3e4235f2,RB445,SYR445,SYR,SYR,B735,YK-SYR,OSAP,ALP,2026-02-09T14:20:00Z,09L,LTFM,IST,LTFM,IST,2026-02-09T16:10:10Z,35R,6610.0,1064.59,927.831,Passenger,77CF32,2026-02-09T14:07:13Z,2026-02-09T16:23:43Z,True
3e42e04e,FYC488,FYC488,FYC,FYC,A320,YK-BAC,LTDB,COV,2026-02-09T18:06:46Z,03R,OSAP,ALP,OSAP,ALP,,,,365.875,219.125,Passenger,778823,2026-02-09T17:24:46Z,2026-02-09T18:35:04Z,True
3e43858d,FYC761,FYC761,FYC,FYC,A320,YK-BAC,OSAP,ALP,2026-02-09T20:51:57Z,09L,OMSJ,SHJ,OMSJ,SHJ,,,,2303.72,2118.31,Passenger,778823,2026-02-09T20:44:14Z,2026-02-09T23:33:11Z,True
3e444893,FYC762,FYC762,FYC,FYC,A320,YK-BAC,OMSJ,SHJ,2026-02-10T01:18:51Z,,OSAP,ALP,OSAP,ALP,,,,2247.52,2100.92,Passenger,778823,2026-02-10T01:03:53Z,2026-02-10T04:34:42Z,True
3e449e3d,RJ431,RJA431,RJA,RJA,E295,JY-REG,OJAI,AMM,2026-02-10T03:37:09Z,26L,OSAP,ALP,OSAP,ALP,,,,566.995,477.14,Passenger,7448A7,2026-02-10T03:36:11Z,2026-02-10T04:23:46Z,True
3e44b90f,VF340,TKJ340,TKJ,TKJ,B738,TC-JHB,LTFJ,SAW,2026-02-10T05:02:23Z,06L,OSAP,ALP,OSAP,ALP,,,,1217.55,866.075,Passenger,4BA902,2026-02-10T04:39:59Z,2026-02-10T06:27:29Z,True
3e44bf5b,TK844,THY844,THY,THY,B739,TC-JYF,LTFM,IST,2026-02-10T05:17:41Z,34L,OSAP,ALP,OSAP,ALP,,,,1139.6,927.459,Passenger,4BAB26,2026-02-10T04:47:37Z,2026-02-10T06:55:49Z,True
3e44d683,RJ432,RJA432,RJA,RJA,E295,JY-REG,OSAP,ALP,2026-02-10T05:33:57Z,,OJAI,AMM,OJAI,AMM,2026-02-10T06:37:27Z,26L,3810.0,589.022,508.281,Passenger,7448A7,2026-02-10T05:35:44Z,2026-02-10T06:37:38Z,True
3e44d893,FYC525,FYC525,FYC,FYC,A320,YK-BAC,OSAP,ALP,2026-02-10T05:48:27Z,09L,ORER,EBL,ORER,EBL,,,,1061.6,597.991,Passenger,778823,2026-02-10T05:40:30Z,2026-02-10T07:14:30Z,True
3e4523b2,VF341,TKJ341,TKJ,TKJ,B738,TC-JHB,OSAP,ALP,2026-02-10T08:21:25Z,,LTFJ,SAW,LTFJ,SAW,2026-02-10T09:55:31Z,06R,5646.0,1119.51,865.799,Passenger,4BA902,2026-02-10T08:18:22Z,2026-02-10T10:05:03Z,True
3e45310d,TK845,THY845,THY,THY,B739,TC-JYF,OSAP,ALP,2026-02-10T08:58:24Z,09L,LTFM,IST,LTFM,IST,2026-02-10T10:37:00Z,35R,5916.0,1046.77,928.404,Passenger,4BAB26,2026-02-10T08:46:08Z,2026-02-10T10:47:05Z,True
3e4858a1,RJ431,RJA431,RJA,RJA,A320,JY-AYR,OJAI,AMM,2026-02-11T03:39:12Z,,OSAP,ALP,OSAP,ALP,,,,448.336,384.781,Passenger,740732,2026-02-11T03:42:03Z,2026-02-11T04:12:06Z,True
3e487c2a,TK844,THY844,THY,THY,B739,TC-JYC,LTFM,IST,2026-02-11T05:38:58Z,36,OSAP,ALP,OSAP,ALP,,,,1040.82,928.662,Passenger,4BAB23,2026-02-11T04:55:49Z,2026-02-11T06:55:58Z,True
3e4890d3,RJ432,RJA432,RJA,RJA,A320,JY-AYR,OSAP,ALP,,,OJAI,AMM,OJAI,AMM,,,,517.309,430.325,Passenger,740732,2026-02-11T05:40:01Z,2026-02-11T06:23:11Z,True
3e48bdbb,RB389,SYR389,SYR,SYR,B735,YK-SYR,OSAP,ALP,2026-02-11T07:19:19Z,09L,,,,,,,,1758.96,1538.98,Passenger,77CF32,2026-02-11T07:11:32Z,2026-02-11T09:46:17Z,True
3e48e334,TK845,THY845,THY,THY,B739,TC-JYC,OSAP,ALP,2026-02-11T08:35:35Z,,LTFM,IST,LTFM,IST,2026-02-11T10:23:03Z,17L,6448.0,1129.84,928.169,Passenger,4BAB23,2026-02-11T08:30:11Z,2026-02-11T10:32:06Z,True
3e490f3d,TK840,THY840,THY,THY,B739,TC-JYF,LTFM,IST,2026-02-11T10:28:20Z,18,OSAP,ALP,OSAP,ALP,,,,1154.34,927.324,Passenger,4BAB26,2026-02-11T09:59:34Z,2026-02-11T11:59:14Z,True
3e499890,TK841,THY841,THY,THY,B739,TC-JYF,OSAP,ALP,2026-02-11T13:45:59Z,,LTFM,IST,LTFM,IST,2026-02-11T15:33:17Z,17L,6438.0,1126.12,929.171,Passenger,4BAB26,2026-02-11T13:37:21Z,2026-02-11T15:38:07Z,True
3e4a70fb,FYC526,FYC526,FYC,FYC,A320,YK-BAC,ORER,EBL,2026-02-11T18:02:04Z,,OSAP,ALP,OSAP,ALP,,,,990.06,589.017,Passenger,778823,2026-02-11T18:01:42Z,2026-02-11T19:32:01Z,True
3e4b448d,FYC761,FYC761,FYC,FYC,A320,YK-BAC,OSAP,ALP,2026-02-11T22:25:39Z,,OMSJ,SHJ,OMSJ,SHJ,2026-02-12T01:02:54Z,12,9435.0,2266.18,2117.56,Passenger,778823,2026-02-11T22:15:59Z,2026-02-12T01:02:54Z,True
3e4bca86,FYC762,FYC762,FYC,FYC,A320,YK-BAC,OMSJ,SHJ,2026-02-12T02:26:03Z,12,OSAP,ALP,OSAP,ALP,,,,2228.48,2061.17,Passenger,778823,2026-02-12T01:16:17Z,2026-02-12T05:34:47Z,True
3e4c1546,RJ431,RJA431,RJA,RJA,A20N,JY-RAL,OJAI,AMM,2026-02-12T03:36:02Z,26L,OSAP,ALP,OSAP,ALP,,,,575.028,493.838,Passenger,74482C,2026-02-12T03:23:14Z,2026-02-12T04:23:21Z,True
3e4c42c2,TK844,THY844,THY,THY,B739,TC-JYB,LTFM,IST,2026-02-12T05:41:00Z,17R,OSAP,ALP,OSAP,ALP,,,,1047.7,931.394,Passenger,4BAB22,2026-02-12T04:55:04Z,2026-02-12T07:09:12Z,True
3e4c4417,VF340,TKJ340,TKJ,TKJ,B738,TC-JHE,LTFJ,SAW,2026-02-12T05:34:15Z,06L,OSAP,ALP,OSAP,ALP,,,,978.769,872.507,Passenger,4BA905,2026-02-12T04:57:30Z,2026-02-12T06:47:39Z,True
3e4c50bb,RJ432,RJA432,RJA,RJA,A20N,JY-RAL,OSAP,ALP,2026-02-12T05:31:16Z,09L,OJAI,AMM,OJAI,AMM,2026-02-12T06:26:54Z,26L,3338.0,564.724,507.99,Passenger,74482C,2026-02-12T05:21:22Z,2026-02-12T06:31:14Z,True
3e4c7b06,FYC487,FYC487,FYC,FYC,A320,YK-BAC,OSAP,ALP,2026-02-12T06:44:37Z,,LTDB,COV,LTDB,COV,2026-02-12T07:23:51Z,03R,2354.0,331.146,209.834,Passenger,778823,2026-02-12T06:47:13Z,2026-02-12T07:23:51Z,True
3e4c99a2,RJ433,RJA433,RJA,RJA,E290,JY-REC,OJAI,AMM,2026-02-12T07:51:46Z,26R,OSAP,ALP,OSAP,ALP,,,,535.284,455.079,Passenger,7448A3,2026-02-12T07:50:25Z,2026-02-12T08:35:36Z,True
3e4cb2b6,VF341,TKJ341,TKJ,TKJ,B738,TC-JHE,OSAP,ALP,2026-02-12T08:38:36Z,09L,LTFJ,SAW,LTFJ,SAW,2026-02-12T09:59:58Z,24L,4882.0,1256.63,857.635,Passenger,4BA905,2026-02-12T08:41:27Z,2026-02-12T10:10:50Z,True
3e4cb57f,TK845,THY845,THY,THY,B739,TC-JYB,OSAP,ALP,2026-02-12T08:58:05Z,,LTFM,IST,LTFM,IST,2026-02-12T10:40:50Z,17L,6165.0,1099.06,928.42,Passenger,4BAB22,2026-02-12T08:47:13Z,2026-02-12T10:49:08Z,True
3e4cd28a,RJ434,RJA434,RJA,RJA,E290,JY-REC,OSAP,ALP,2026-02-12T09:43:02Z,,OJAI,AMM,OJAI,AMM,2026-02-12T10:40:17Z,26L,3435.0,640.129,508.13,Passenger,7448A3,2026-02-12T09:43:22Z,2026-02-12T10:40:45Z,True
3e501933,VF340,TKJ340,TKJ,TKJ,B738,TC-JHB,LTFJ,SAW,2026-02-13T03:31:42Z,06L,OSAP,ALP,OSAP,ALP,,,,1089.12,858.727,Passenger,4BA902,2026-02-13T03:13:03Z,2026-02-13T04:50:44Z,True
3e503a16,RJ431,RJA431,RJA,RJA,E290,JY-REE,OJAI,AMM,2026-02-13T04:00:35Z,26R,OSAP,ALP,OSAP,ALP,,,,578.051,504.782,Passenger,7448A5,2026-02-13T03:59:49Z,2026-02-13T04:59:32Z,True
3e50557a,TK844,THY844,THY,THY,B739,TC-JYC,LTFM,IST,2026-02-13T05:26:00Z,17R,OSAP,ALP,OSAP,ALP,,,,1280.78,929.102,Passenger,4BAB23,2026-02-13T04:54:46Z,2026-02-13T07:03:00Z,True
3e507671,RJ432,RJA432,RJA,RJA,E290,JY-REE,OSAP,ALP,2026-02-13T05:58:36Z,27R,OJAI,AMM,OJAI,AMM,2026-02-13T07:02:50Z,08L,3854.0,624.193,506.68,Passenger,7448A5,2026-02-13T05:59:51Z,2026-02-13T07:03:27Z,True
3e507f56,VF341,TKJ341,TKJ,TKJ,B738,TC-JHB,OSAP,ALP,2026-02-13T06:22:48Z,09L,LTFJ,SAW,LTFJ,SAW,2026-02-13T07:49:28Z,06R,5200.0,1307.42,865.568,Passenger,4BA902,2026-02-13T06:17:57Z,2026-02-13T08:00:45Z,True
3e50c36a,TK845,THY845,THY,THY,B739,TC-JYC,OSAP,ALP,2026-02-13T08:45:14Z,,LTFM,IST,LTFM,IST,2026-02-13T10:23:51Z,17L,5917.0,1124.78,927.048,Passenger,4BAB23,2026-02-13T08:34:26Z,2026-02-13T10:38:46Z,True
3e51da94,RB381,SYR381,SYR,SYR,A320,YK-AKG,OSAP,ALP,2026-02-13T15:25:25Z,,OEJN,JED,OEJN,JED,2026-02-13T17:52:49Z,34L,8844.0,1721.52,1616.56,Passenger,778567,2026-02-13T15:13:13Z,2026-02-13T17:53:59Z,True
3e51f979,FYC455,FYC455,FYC,FYC,A320,YK-BAG,OSAP,ALP,2026-02-13T15:55:17Z,,UDYZ,EVN,UDYZ,EVN,2026-02-13T16:57:55Z,08,3758.0,843.609,767.122,Passenger,778827,2026-02-13T15:47:02Z,2026-02-13T17:06:50Z,True
3e52455d,FYC456,FYC456,FYC,FYC,A320,YK-BAG,UDYZ,EVN,2026-02-13T18:30:47Z,26,OSAP,ALP,OSAP,ALP,,,,846.277,758.651,Passenger,778827,2026-02-13T17:07:09Z,2026-02-13T19:56:16Z,True
3e52f30c,FYC456,FYC525,FYC,FYC,A320,YK-BAG,OSAP,ALP,2026-02-13T21:30:38Z,,,,,,,,,1121.29,604.759,Passenger,778827,2026-02-13T20:10:54Z,2026-02-13T23:19:37Z,True
3e54361d,RJ431,RJA431,RJA,RJA,E295,JY-REG,OJAI,AMM,2026-02-14T03:37:47Z,26L,OSAP,ALP,OSAP,ALP,,,,529.041,445.649,Passenger,7448A7,2026-02-14T03:35:26Z,2026-02-14T04:20:33Z,True
3e54593e,TK844,THY844,THY,THY,B739,TC-JYI,LTFM,IST,2026-02-14T05:26:52Z,18,OSAP,ALP,OSAP,ALP,,,,1040.95,927.78,Passenger,4BAB29,2026-02-14T04:50:10Z,2026-02-14T06:56:46Z,True
3e546c4c,RJ432,RJA432,RJA,RJA,E295,JY-REG,OSAP,ALP,2026-02-14T05:28:52Z,,OJAI,AMM,OJAI,AMM,2026-02-14T06:29:27Z,26L,3635.0,585.562,507.85,Passenger,7448A7,2026-02-14T05:30:23Z,2026-02-14T06:29:36Z,True
3e5482a7,RB515,SYR515,SYR,SYR,A320,YK-AKG,OSAP,ALP,2026-02-14T07:21:24Z,,OMDB,DXB,OMDB,DXB,2026-02-14T09:55:30Z,30L,9246.0,2278.72,2110.43,Passenger,778567,2026-02-14T06:19:17Z,2026-02-14T10:01:55Z,True
3e54be01,TK845,THY845,THY,THY,B739,TC-JYI,OSAP,ALP,2026-02-14T08:39:04Z,27R,LTFM,IST,LTFM,IST,2026-02-14T10:26:56Z,17L,6472.0,1116.32,928.17,Passenger,4BAB29,2026-02-14T08:32:51Z,2026-02-14T10:36:23Z,True
3e54ee39,TK840,THY840,THY,THY,B739,TC-JYC,LTFM,IST,2026-02-14T11:11:39Z,17R,OSAP,ALP,OSAP,ALP,,,,1097.77,933.337,Passenger,4BAB23,2026-02-14T10:09:20Z,2026-02-14T12:36:03Z,True
3e550ec0,FYC762,FYC762,FYC,FYC,A320,YK-BAA,OMSJ,SHJ,2026-02-14T11:23:48Z,30,OSAP,ALP,OSAP,ALP,,,,2247.22,2116.74,Passenger,778821,2026-02-14T11:06:07Z,2026-02-14T14:45:17Z,True
3e558293,TK841,THY841,THY,THY,B739,TC-JYC,OSAP,ALP,2026-02-14T14:03:18Z,,LTFM,IST,LTFM,IST,2026-02-14T15:53:36Z,17L,6618.0,1066.73,928.945,Passenger,4BAB23,2026-02-14T13:54:14Z,2026-02-14T15:58:05Z,True
3e56c22b,FYC761,FYC761,FYC,FYC,A320,YK-BAA,OSAP,ALP,2026-02-14T21:08:41Z,09L,OMSJ,SHJ,OMSJ,SHJ,2026-02-14T23:47:31Z,30,9530.0,2299.28,2118.78,Passenger,778821,2026-02-14T20:43:09Z,2026-02-14T23:55:24Z,True
3e57f448,TK844,THY844,THY,THY,B739,TC-JYF,LTFM,IST,2026-02-15T06:57:58Z,17R,OSAP,ALP,OSAP,ALP,,,,1115.96,927.715,Passenger,4BAB26,2026-02-15T06:22:41Z,2026-02-15T08:28:23Z,True
3e5847d4,TK845,THY845,THY,THY,B739,TC-JYF,OSAP,ALP,2026-02-15T09:43:10Z,,LTFM,IST,LTFM,IST,2026-02-15T11:29:08Z,17L,6358.0,1093.93,928.302,Passenger,4BAB26,2026-02-15T09:28:09Z,2026-02-15T11:39:21Z,True
3e58929b,RJ431,RJA431,RJA,RJA,E295,JY-REF,OJAI,AMM,2026-02-15T11:46:20Z,08R,OSAP,ALP,OSAP,ALP,,,,626.969,509.442,Passenger,7448A6,2026-02-15T11:45:43Z,2026-02-15T12:41:23Z,True
3e58d6fc,RJ432,RJA432,RJA,RJA,E295,JY-REF,OSAP,ALP,2026-02-15T13:34:48Z,,OJAI,AMM,OJAI,AMM,2026-02-15T14:31:40Z,08L,3412.0,630.706,507.131,Passenger,7448A6,2026-02-15T13:34:37Z,2026-02-15T14:31:54Z,True
3e5ad2b6,VF340,TKJ340,TKJ,TKJ,B738,TC-JHC,LTFJ,SAW,2026-02-16T03:22:28Z,24R,OSAP,ALP,OSAP,ALP,,,,979.3,865.575,Passenger,4BA903,2026-02-16T02:43:29Z,2026-02-16T04:41:00Z,True
3e5ae57b,RJ431,RJA431,RJA,RJA,A20N,JY-RAJ,OJAI,AMM,2026-02-16T03:36:12Z,08R,OSAP,ALP,OSAP,ALP,,,,574.084,509.42,Passenger,74482A,2026-02-16T03:24:40Z,2026-02-16T04:24:46Z,True
3e5b0f2d,TK844,THY844,THY,THY,B739,TC-JYI,LTFM,IST,2026-02-16T05:20:01Z,17R,OSAP,ALP,OSAP,ALP,,,,1124.39,929.178,Passenger,4BAB29,2026-02-16T04:55:51Z,2026-02-16T06:53:54Z,True
3e5b1cbf,RJ432,RJA432,RJA,RJA,A20N,JY-RAJ,OSAP,ALP,2026-02-16T05:29:16Z,,OJAI,AMM,OJAI,AMM,2026-02-16T06:30:35Z,08L,3679.0,635.989,508.232,Passenger,74482A,2026-02-16T05:23:31Z,2026-02-16T06:34:47Z,True
3e5b3546,VF341,TKJ341,TKJ,TKJ,B738,TC-JHC,OSAP,ALP,2026-02-16T06:23:38Z,,LTFJ,SAW,LTFJ,SAW,2026-02-16T07:59:43Z,24L,5765.0,1036.64,866.229,Passenger,4BA903,2026-02-16T06:14:02Z,2026-02-16T08:08:39Z,True
3e5b7880,TK845,THY845,THY,THY,B739,TC-JYI,OSAP,ALP,2026-02-16T08:48:53Z,,LTFM,IST,LTFM,IST,2026-02-16T10:40:32Z,17L,6699.0,1136.42,928.255,Passenger,4BAB29,2026-02-16T08:36:29Z,2026-02-16T10:54:32Z,True
3e5ba4b6,TK840,THY840,THY,THY,B739,TC-JYC,LTFM,IST,2026-02-16T10:33:38Z,18,OSAP,ALP,OSAP,ALP,,,,1031.19,917.61,Passenger,4BAB23,2026-02-16T10:09:06Z,2026-02-16T11:47:33Z,True
3e5bbe98,RB444,SYR444,SYR,SYR,B735,YK-SYR,LTFM,IST,2026-02-16T11:13:21Z,18,OSAP,ALP,OSAP,ALP,,,,1040.09,917.373,Passenger,77CF32,2026-02-16T10:57:17Z,2026-02-16T12:35:09Z,True
3e5c3069,TK841,THY841,THY,THY,B739,TC-JYC,OSAP,ALP,2026-02-16T14:05:01Z,,LTFM,IST,LTFM,IST,2026-02-16T15:42:39Z,35R,5858.0,1020.59,927.777,Passenger,4BAB23,2026-02-16T13:58:41Z,2026-02-16T15:54:57Z,True
3e5c3e0b,RB445,SYR445,SYR,SYR,B735,YK-SYR,OSAP,ALP,2026-02-16T14:23:25Z,09L,LTFM,IST,LTFM,IST,2026-02-16T16:10:40Z,17L,6435.0,1080.04,928.14,Passenger,77CF32,2026-02-16T14:17:12Z,2026-02-16T16:19:32Z,True
3e5d6bd6,FYC761,FYC761,FYC,FYC,A320,YK-BAC,OSAP,ALP,2026-02-16T20:55:01Z,09L,OMSJ,SHJ,OMSJ,SHJ,2026-02-16T23:42:31Z,,10050.0,2294.83,2120.43,Passenger,778823,2026-02-16T20:52:39Z,2026-02-16T23:42:20Z,True
3e5e2c29,FYC762,FYC762,FYC,FYC,A320,YK-BAC,OMSJ,SHJ,2026-02-17T01:43:06Z,30,OSAP,ALP,OSAP,ALP,,,,2157.22,2047.73,Passenger,778823,2026-02-17T01:41:13Z,2026-02-17T04:26:40Z,True
3e5e64a4,RJ431,RJA431,RJA,RJA,E295,JY-REG,OJAI,AMM,2026-02-17T03:33:46Z,26L,OSAP,ALP,OSAP,ALP,,,,570.384,501.708,Passenger,7448A7,2026-02-17T03:33:34Z,2026-02-17T04:17:30Z,True
3e5e721e,VF340,TKJ340,TKJ,TKJ,B738,TC-JFH,LTFJ,SAW,2026-02-17T04:40:24Z,24R,OSAP,ALP,OSAP,ALP,,,,1140.34,866.002,Passenger,4BA8C8,2026-02-17T04:02:18Z,2026-02-17T06:13:09Z,True
3e5e8695,TK844,THY844,THY,THY,B739,TC-JYC,LTFM,IST,2026-02-17T05:19:33Z,18,OSAP,ALP,OSAP,ALP,,,,1316.79,925.019,Passenger,4BAB23,2026-02-17T04:47:58Z,2026-02-17T06:39:54Z,True
3e5e9d70,RJ432,RJA432,RJA,RJA,E295,JY-REG,OSAP,ALP,2026-02-17T05:33:42Z,09L,OJAI,AMM,OJAI,AMM,2026-02-17T06:39:57Z,26L,3975.0,586.165,507.886,Passenger,7448A7,2026-02-17T05:34:36Z,2026-02-17T06:40:06Z,True
3e5e9e78,FYC525,FYC525,FYC,FYC,A320,YK-BAC,OSAP,ALP,2026-02-17T05:47:54Z,09L,ORER,EBL,ORER,EBL,,,,1032.05,604.516,Passenger,778823,2026-02-17T05:36:55Z,2026-02-17T07:09:56Z,True
3e5ecddc,VF341,TKJ341,TKJ,TKJ,B738,TC-JFH,OSAP,ALP,2026-02-17T07:30:11Z,,LTFJ,SAW,LTFJ,SAW,2026-02-17T08:56:26Z,24L,5175.0,1024.26,865.926,Passenger,4BA8C8,2026-02-17T07:17:28Z,2026-02-17T09:07:33Z,True
3e5ef593,TK845,THY845,THY,THY,B739,TC-JYC,OSAP,ALP,2026-02-17T08:40:53Z,,LTFM,IST,LTFM,IST,2026-02-17T10:23:57Z,17L,6184.0,1101.91,927.938,Passenger,4BAB23,2026-02-17T08:39:27Z,2026-02-17T10:31:44Z,True
3e61f9e4,VF340,TKJ340,TKJ,TKJ,B738,TC-JHD,LTFJ,SAW,2026-02-18T03:22:47Z,24R,OSAP,ALP,OSAP,ALP,,,,975.057,866.224,Passenger,4BA904,2026-02-18T03:13:25Z,2026-02-18T04:53:27Z,True
3e6203a1,RJ431,RJA431,RJA,RJA,E290,JY-RED,OJAI,AMM,2026-02-18T03:34:31Z,26L,OSAP,ALP,OSAP,ALP,,,,567.94,486.385,Passenger,7448A4,2026-02-18T03:33:22Z,2026-02-18T04:18:18Z,True
3e622827,TK844,THY844,THY,THY,B739,TC-JYC,LTFM,IST,2026-02-18T05:32:04Z,36,OSAP,ALP,OSAP,ALP,,,,1093.83,938.522,Passenger,4BAB23,2026-02-18T04:50:54Z,2026-02-18T07:07:03Z,True
3e6235ca,RJ432,RJA432,RJA,RJA,E290,JY-RED,OSAP,ALP,2026-02-18T05:16:00Z,,OJAI,AMM,OJAI,AMM,2026-02-18T06:19:00Z,26L,3780.0,627.939,508.3,Passenger,7448A4,2026-02-18T05:18:03Z,2026-02-18T06:19:34Z,True
3e624811,VF341,TKJ341,TKJ,TKJ,B738,TC-JHD,OSAP,ALP,2026-02-18T06:03:27Z,09L,LTFJ,SAW,LTFJ,SAW,2026-02-18T07:29:38Z,24L,5171.0,963.938,865.965,Passenger,4BA904,2026-02-18T05:55:19Z,2026-02-18T07:35:49Z,True
3e626952,RB389,SYR389,SYR,SYR,B735,YK-SYR,OSAP,ALP,2026-02-18T07:16:15Z,,,,,,,,,1659.78,1539.51,Passenger,77CF32,2026-02-18T07:04:59Z,2026-02-18T09:35:19Z,True
3e6299bd,TK845,THY845,THY,THY,B739,TC-JYC,OSAP,ALP,2026-02-18T08:52:35Z,,LTFM,IST,LTFM,IST,2026-02-18T10:27:54Z,36,5719.0,1050.9,928.089,Passenger,4BAB23,2026-02-18T08:42:41Z,2026-02-18T10:44:56Z,True
3e62c06b,TK840,THY840,THY,THY,B739,TC-JYB,LTFM,IST,2026-02-18T10:29:00Z,34L,OSAP,ALP,OSAP,ALP,,,,1096.74,932.134,Passenger,4BAB22,2026-02-18T09:53:32Z,2026-02-18T11:58:24Z,True
3e635d99,TK841,THY841,THY,THY,B739,TC-JYB,OSAP,ALP,2026-02-18T13:52:23Z,,LTFM,IST,LTFM,IST,2026-02-18T15:26:39Z,35R,5656.0,1050.64,928.394,Passenger,4BAB22,2026-02-18T13:45:46Z,2026-02-18T15:37:12Z,True
3e6411e9,FYC526,FYC526,FYC,FYC,A320,YK-BAC,ORER,EBL,2026-02-18T17:53:27Z,18,OSAP,ALP,OSAP,ALP,,,,976.767,595.525,Passenger,778823,2026-02-18T17:39:22Z,2026-02-18T19:15:46Z,True
3e64a334,FYC761,FYC761,FYC,FYC,A320,YK-BAC,OSAP,ALP,2026-02-18T20:59:02Z,09L,OMSJ,SHJ,OMSJ,SHJ,2026-02-18T23:51:19Z,30,10337.0,2301.44,2120.38,Passenger,778823,2026-02-18T20:58:47Z,2026-02-18T23:51:14Z,True
3e65548c,FYC762,FYC762,FYC,FYC,A320,YK-BAC,OMSJ,SHJ,2026-02-19T01:22:54Z,30,OSAP,ALP,OSAP,ALP,,,,2251.7,2120.22,Passenger,778823,2026-02-19T01:20:41Z,2026-02-19T04:21:01Z,True
3e659729,RJ431,RJA431,RJA,RJA,A20N,JY-RAB,OJAI,AMM,2026-02-19T03:34:37Z,26R,OSAP,ALP,OSAP,ALP,,,,584.569,508.996,Passenger,744822,2026-02-19T03:25:21Z,2026-02-19T04:25:33Z,True
3e65a8aa,VF340,TKJ340,TKJ,TKJ,B738,TC-JFH,LTFJ,SAW,2026-02-19T04:14:31Z,24R,OSAP,ALP,OSAP,ALP,,,,971.979,867.766,Passenger,4BA8C8,2026-02-19T04:01:45Z,2026-02-19T05:24:22Z,True
3e65beb9,TK844,THY844,THY,THY,B739,TC-JYI,LTFM,IST,2026-02-19T05:25:29Z,17R,OSAP,ALP,OSAP,ALP,,,,1100.82,927.897,Passenger,4BAB29,2026-02-19T04:49:38Z,2026-02-19T07:02:03Z,True
3e65cbc3,RJ432,RJA432,RJA,RJA,A20N,JY-RAB,OSAP,ALP,2026-02-19T05:22:22Z,09L,OJAI,AMM,OJAI,AMM,2026-02-19T06:21:33Z,26L,3551.0,579.784,508.056,Passenger,744822,2026-02-19T05:15:36Z,2026-02-19T06:24:02Z,True
3e65cdd8,FYC487,FYC487,FYC,FYC,A320,YK-BAC,OSAP,ALP,2026-02-19T05:43:13Z,,LTDB,COV,LTDB,COV,2026-02-19T06:25:59Z,03R,2566.0,337.3,208.344,Passenger,778823,2026-02-19T05:19:55Z,2026-02-19T06:26:19Z,True
3e65eb8d,VF341,TKJ341,TKJ,TKJ,B738,TC-JFH,OSAP,ALP,2026-02-19T06:28:38Z,09L,LTFJ,SAW,LTFJ,SAW,2026-02-19T08:04:42Z,24L,5764.0,963.501,866.009,Passenger,4BA8C8,2026-02-19T06:18:40Z,2026-02-19T08:12:01Z,True
3e663415,TK845,THY845,THY,THY,B739,TC-JYI,OSAP,ALP,2026-02-19T08:46:26Z,,LTFM,IST,LTFM,IST,2026-02-19T10:48:15Z,18,7309.0,1234.34,927.414,Passenger,4BAB29,2026-02-19T08:44:55Z,2026-02-19T10:55:09Z,True
3e692d38,VF340,TKJ340,TKJ,TKJ,B738,TC-JHD,LTFJ,SAW,2026-02-20T03:28:32Z,24R,OSAP,ALP,OSAP,ALP,,,,958.039,875.096,Passenger,4BA904,2026-02-20T03:14:32Z,2026-02-20T04:47:00Z,True
3e6932d9,RJ431,RJA431,RJA,RJA,A20N,JY-RAB,OJAI,AMM,2026-02-20T03:34:20Z,08R,OSAP,ALP,OSAP,ALP,,,,505.433,446.983,Passenger,744822,2026-02-20T03:26:11Z,2026-02-20T04:13:03Z,True
3e695c92,TK844,THY844,THY,THY,B739,TC-JYF,LTFM,IST,2026-02-20T05:25:58Z,17R,OSAP,ALP,OSAP,ALP,,,,1066.58,927.726,Passenger,4BAB26,2026-02-20T04:51:58Z,2026-02-20T06:53:52Z,True
3e6964f4,RJ432,RJA432,RJA,RJA,A20N,JY-RAB,OSAP,ALP,2026-02-20T05:12:56Z,,OJAI,AMM,OJAI,AMM,2026-02-20T06:13:34Z,08L,3638.0,635.406,507.678,Passenger,744822,2026-02-20T05:07:28Z,2026-02-20T06:16:48Z,True
3e69799e,VF341,TKJ341,TKJ,TKJ,B738,TC-JHD,OSAP,ALP,2026-02-20T05:56:37Z,,LTFJ,SAW,LTFJ,SAW,2026-02-20T07:28:16Z,24L,5499.0,979.601,866.159,Passenger,4BA904,2026-02-20T05:49:04Z,2026-02-20T07:37:30Z,True
3e69c8dc,TK845,THY845,THY,THY,B739,TC-JYF,OSAP,ALP,2026-02-20T08:47:29Z,,LTFM,IST,LTFM,IST,2026-02-20T10:18:33Z,17L,5464.0,1062.98,929.177,Passenger,4BAB26,2026-02-20T08:25:02Z,2026-02-20T10:22:42Z,True
3e6a92b5,RB381,SYR381,SYR,SYR,A320,YK-AKG,OSAP,ALP,2026-02-20T14:43:49Z,,OEJN,JED,OEJN,JED,2026-02-20T17:00:43Z,34L,8214.0,1738.83,1617.9,Passenger,778567,2026-02-20T13:34:07Z,2026-02-20T17:03:45Z,True
3e6cefa6,VF340,TKJ340,TKJ,TKJ,B738,TC-JHE,LTFJ,SAW,2026-02-21T03:21:47Z,06L,OSAP,ALP,OSAP,ALP,,,,940.158,865.96,Passenger,4BA905,2026-02-21T02:57:04Z,2026-02-21T04:47:44Z,True
3e6d0075,RJ431,RJA431,RJA,RJA,E290,JY-REE,OJAI,AMM,2026-02-21T03:39:13Z,08R,OSAP,ALP,OSAP,ALP,,,,578.767,508.957,Passenger,7448A5,2026-02-21T03:30:52Z,2026-02-21T04:35:02Z,True
3e6d2574,RJ432,RJA432,RJA,RJA,E290,JY-REE,OSAP,ALP,2026-02-21T05:28:18Z,,OJAI,AMM,OJAI,AMM,2026-02-21T06:38:55Z,08L,4237.0,647.654,508.328,Passenger,7448A5,2026-02-21T04:50:32Z,2026-02-21T06:49:28Z,True
3e6d27a6,TK844,THY844,THY,THY,B739,TC-JYC,LTFM,IST,2026-02-21T05:34:38Z,35L,OSAP,ALP,OSAP,ALP,,,,1051.05,919.79,Passenger,4BAB23,2026-02-21T04:55:01Z,2026-02-21T07:01:07Z,True
3e6d46cb,VF341,TKJ341,TKJ,TKJ,B738,TC-JHE,OSAP,ALP,2026-02-21T06:08:55Z,,LTFJ,SAW,LTFJ,SAW,2026-02-21T07:37:46Z,06R,5331.0,973.91,865.875,Passenger,4BA905,2026-02-21T05:59:52Z,2026-02-21T07:47:04Z,True
3e6d6136,RB515,SYR515,SYR,SYR,A320,YK-AKG,OSAP,ALP,2026-02-21T07:12:29Z,09L,OMDB,DXB,OMDB,DXB,2026-02-21T09:59:07Z,30L,9998.0,2322.32,2110.78,Passenger,778567,2026-02-21T06:59:12Z,2026-02-21T10:04:50Z,True
3e6d8c50,TK845,THY845,THY,THY,B739,TC-JYC,OSAP,ALP,2026-02-21T08:49:26Z,,LTFM,IST,LTFM,IST,2026-02-21T10:26:36Z,35R,5830.0,1134.31,928.252,Passenger,4BAB23,2026-02-21T08:34:54Z,2026-02-21T10:34:13Z,True
3e6fe80f,FYC762,FYC762,FYC,FYC,A320,YK-BAC,OMSJ,SHJ,2026-02-21T22:37:54Z,30,OSAP,ALP,OSAP,ALP,,,,2193.76,2077.12,Passenger,778823,2026-02-21T22:36:10Z,2026-02-22T01:34:05Z,True
3e70842f,VF340,TKJ340,TKJ,TKJ,B738,TC-JHE,LTFJ,SAW,2026-02-22T03:41:09Z,06L,OSAP,ALP,OSAP,ALP,,,,1127.28,865.13,Passenger,4BA905,2026-02-22T03:04:52Z,2026-02-22T05:02:21Z,True
3e7086f4,FYC761,FYC761,FYC,FYC,A320,YK-BAC,OSAP,ALP,2026-02-22T03:11:40Z,09L,OMSJ,SHJ,OMSJ,SHJ,2026-02-22T05:49:43Z,30,9483.0,2314.45,2117.96,Passenger,778823,2026-02-22T03:10:31Z,2026-02-22T05:49:43Z,True
3e709398,RJ431,RJA431,RJA,RJA,E295,JY-REG,OJAI,AMM,2026-02-22T03:40:05Z,26L,OSAP,ALP,OSAP,ALP,,,,559.128,467.179,Passenger,7448A7,2026-02-22T03:38:53Z,2026-02-22T04:22:30Z,True
3e70b548,TK844,THY844,THY,THY,B739,TC-JYI,LTFM,IST,2026-02-22T05:27:54Z,35L,OSAP,ALP,OSAP,ALP,,,,1051.28,938.351,Passenger,4BAB29,2026-02-22T04:57:48Z,2026-02-22T06:52:26Z,True
3e70c032,RJ432,RJA432,RJA,RJA,E295,JY-REG,OSAP,ALP,2026-02-22T05:19:42Z,,OJAI,AMM,OJAI,AMM,2026-02-22T06:20:41Z,26L,3659.0,574.98,508.154,Passenger,7448A7,2026-02-22T05:21:34Z,2026-02-22T06:20:47Z,True
3e70d342,VF341,TKJ341,TKJ,TKJ,B738,TC-JHE,OSAP,ALP,2026-02-22T06:13:30Z,,LTFJ,SAW,LTFJ,SAW,2026-02-22T07:43:04Z,06R,5374.0,992.144,865.972,Passenger,4BA905,2026-02-22T06:04:31Z,2026-02-22T07:54:53Z,True
3e70ec82,TK845,THY845,THY,THY,B739,TC-JYI,OSAP,ALP,2026-02-22T08:43:27Z,,LTFM,IST,LTFM,IST,2026-02-22T10:17:56Z,35R,5669.0,1081.4,927.531,Passenger,4BAB29,2026-02-22T07:01:18Z,2026-02-22T10:31:54Z,True
3e73c722,VF340,TKJ340,TKJ,TKJ,B738,TC-JHD,LTFJ,SAW,2026-02-23T03:24:10Z,06L,OSAP,ALP,OSAP,ALP,,,,937.587,868.479,Passenger,4BA904,2026-02-23T03:04:47Z,2026-02-23T04:37:32Z,True
3e73d2dc,RJ431,RJA431,RJA,RJA,E290,JY-REE,OJAI,AMM,2026-02-23T03:31:30Z,26R,OSAP,ALP,OSAP,ALP,,,,569.051,494.986,Passenger,7448A5,2026-02-23T03:30:54Z,2026-02-23T04:15:25Z,True
3e73f963,TK844,THY844,THY,THY,B739,TC-JYF,LTFM,IST,2026-02-23T05:23:42Z,36,OSAP,ALP,OSAP,ALP,,,,1083.55,936.933,Passenger,4BAB26,2026-02-23T04:54:39Z,2026-02-23T06:51:01Z,True
3e7401f9,RJ432,RJA432,RJA,RJA,E290,JY-REE,OSAP,ALP,2026-02-23T05:13:00Z,,OJAI,AMM,OJAI,AMM,2026-02-23T06:16:46Z,26R,3826.0,586.389,507.465,Passenger,7448A5,2026-02-23T05:12:19Z,2026-02-23T06:16:54Z,True
3e7417be,VF341,TKJ341,TKJ,TKJ,B738,TC-JHD,OSAP,ALP,2026-02-23T05:59:45Z,,LTFJ,SAW,LTFJ,SAW,2026-02-23T07:25:12Z,06R,5127.0,976.488,865.456,Passenger,4BA904,2026-02-23T05:57:51Z,2026-02-23T07:32:40Z,True
3e746438,TK845,THY845,THY,THY,B739,TC-JYF,OSAP,ALP,2026-02-23T08:39:19Z,,LTFM,IST,LTFM,IST,2026-02-23T10:39:22Z,16R,7203.0,1220.88,927.073,Passenger,4BAB26,2026-02-23T08:29:51Z,2026-02-23T11:01:57Z,True
3e74a95a,RB444,SYR444,SYR,SYR,B735,YK-SYR,LTFM,IST,2026-02-23T11:00:12Z,17R,OSAP,ALP,OSAP,ALP,,,,1021.83,911.66,Passenger,77CF32,2026-02-23T10:35:23Z,2026-02-23T12:23:13Z,True
3e7535f0,RB445,SYR445,SYR,SYR,B735,YK-SYR,OSAP,ALP,2026-02-23T14:10:57Z,,LTFM,IST,LTFM,IST,2026-02-23T15:53:31Z,17L,6154.0,1077.09,928.413,Passenger,77CF32,2026-02-23T14:03:16Z,2026-02-23T16:00:44Z,True
3e7787e3,RJ431,RJA431,RJA,RJA,E290,JY-RED,OJAI,AMM,2026-02-24T03:32:47Z,26L,OSAP,ALP,OSAP,ALP,,,,591.824,508.282,Passenger,7448A4,2026-02-24T03:31:50Z,2026-02-24T04:25:48Z,True
3e77adba,TK844,THY844,THY,THY,B739,TC-JYC,LTFM,IST,2026-02-24T05:31:36Z,18,OSAP,ALP,OSAP,ALP,,,,1037.43,930.088,Passenger,4BAB23,2026-02-24T04:49:11Z,2026-02-24T06:52:27Z,True
3e77ba59,RJ432,RJA432,RJA,RJA,E290,JY-RED,OSAP,ALP,2026-02-24T05:12:42Z,,OJAI,AMM,OJAI,AMM,2026-02-24T06:12:47Z,26L,3605.0,604.398,507.956,Passenger,7448A4,2026-02-24T05:14:50Z,2026-02-24T06:13:12Z,True
3e78182b,TK845,THY845,THY,THY,B739,TC-JYC,OSAP,ALP,2026-02-24T08:28:20Z,09L,LTFM,IST,LTFM,IST,2026-02-24T10:09:34Z,17L,6074.0,1096.97,926.856,Passenger,4BAB23,2026-02-24T08:23:25Z,2026-02-24T10:18:04Z,True
3e7b622c,VF340,TKJ340,TKJ,TKJ,B738,TC-JHC,LTFJ,SAW,2026-02-25T03:39:50Z,24R,OSAP,ALP,OSAP,ALP,,,,985.605,865.222,Passenger,4BA903,2026-02-25T03:10:53Z,2026-02-25T05:04:49Z,True
3e7b70fd,RJ431,RJA431,RJA,RJA,E290,JY-REE,OJAI,AMM,2026-02-25T03:40:25Z,26L,OSAP,ALP,OSAP,ALP,,,,533.478,475.044,Passenger,7448A5,2026-02-25T03:38:44Z,2026-02-25T04:23:47Z,True
3e7b97ef,TK844,THY844,THY,THY,B739,TC-JYC,LTFM,IST,2026-02-25T05:17:29Z,36,OSAP,ALP,OSAP,ALP,,,,1095.62,927.576,Passenger,4BAB23,2026-02-25T04:58:38Z,2026-02-25T06:52:25Z,True
3e7ba460,RJ432,RJA432,RJA,RJA,E290,JY-REE,OSAP,ALP,2026-02-25T05:22:57Z,,OJAI,AMM,OJAI,AMM,,,,635.831,507.096,Passenger,7448A5,2026-02-25T05:23:34Z,2026-02-25T06:24:01Z,True
3e7bb47b,VF341,TKJ341,TKJ,TKJ,B738,TC-JHC,OSAP,ALP,2026-02-25T06:07:39Z,,LTFJ,SAW,LTFJ,SAW,2026-02-25T07:44:18Z,06R,5799.0,1002.08,865.96,Passenger,4BA903,2026-02-25T05:55:28Z,2026-02-25T07:56:09Z,True
3e7be095,RB389,SYR389,SYR,SYR,B735,YK-SYR,OSAP,ALP,2026-02-25T07:18:28Z,09L,OERK,RUH,OERK,RUH,2026-02-25T09:37:39Z,33L,8351.0,1705.29,1537.9,Passenger,77CF32,2026-02-25T07:22:02Z,2026-02-25T09:45:02Z,True
3e7c0359,TK845,THY845,THY,THY,B739,TC-JYC,OSAP,ALP,2026-02-25T08:32:08Z,,LTFM,IST,LTFM,IST,2026-02-25T10:13:03Z,35R,6055.0,1035.45,927.768,Passenger,4BAB23,2026-02-25T08:28:44Z,2026-02-25T10:21:55Z,True
3e7dbe22,FYC526,FYC526,FYC,FYC,A320,YK-BAC,ORER,EBL,2026-02-25T18:04:29Z,18,OSAP,ALP,OSAP,ALP,,,,1014.16,584.074,Passenger,778823,2026-02-25T17:44:43Z,2026-02-25T19:30:03Z,True
3e7f1ded,,,,,GLF4,,,,2026-02-26T03:43:15Z,,,,,,,,,,,Business_jets,,2026-02-26T01:14:31Z,2026-02-26T04:59:30Z,True
3e7f49fa,FYC761,FYC761,FYC,FYC,A320,YK-BAC,OSAP,ALP,2026-02-26T02:25:18Z,09L,OMSJ,SHJ,OMSJ,SHJ,2026-02-26T05:11:12Z,30,9954.0,2307.93,2119.08,Passenger,778823,2026-02-26T02:27:13Z,2026-02-26T05:11:09Z,True
3e7f67c5,VF340,TKJ340,TKJ,TKJ,B738,TC-JHE,LTFJ,SAW,2026-02-26T03:36:37Z,06L,OSAP,ALP,OSAP,ALP,,,,1055.77,865.953,Passenger,4BA905,2026-02-26T03:21:05Z,2026-02-26T04:59:26Z,True
3e7f6db9,RJ431,RJA431,RJA,RJA,E290,JY-RED,OJAI,AMM,2026-02-26T03:34:05Z,26L,OSAP,ALP,OSAP,ALP,,,,538.036,461.211,Passenger,7448A4,2026-02-26T03:32:19Z,2026-02-26T04:17:29Z,True
3e7f9310,TK844,THY844,THY,THY,B739,TC-JYI,LTFM,IST,2026-02-26T05:27:13Z,36,OSAP,ALP,OSAP,ALP,,,,1022.89,927.854,Passenger,4BAB29,2026-02-26T04:48:12Z,2026-02-26T06:56:18Z,True
3e7fa854,RJ432,RJA432,RJA,RJA,E290,JY-RED,OSAP,ALP,2026-02-26T05:27:44Z,,OJAI,AMM,OJAI,AMM,2026-02-26T06:28:46Z,26R,3662.0,583.959,507.249,Passenger,7448A4,2026-02-26T05:29:38Z,2026-02-26T06:28:52Z,True
3e7fb251,VF341,TKJ341,TKJ,TKJ,B738,TC-JHE,OSAP,ALP,2026-02-26T05:56:38Z,09L,LTFJ,SAW,LTFJ,SAW,2026-02-26T07:23:23Z,06R,5205.0,965.18,865.979,Passenger,4BA905,2026-02-26T05:49:23Z,2026-02-26T07:31:52Z,True
3e800d28,TK845,THY845,THY,THY,B739,TC-JYI,OSAP,ALP,2026-02-26T08:50:14Z,,LTFM,IST,LTFM,IST,2026-02-26T10:26:04Z,35R,5750.0,1084.41,928.255,Passenger,4BAB29,2026-02-26T08:42:41Z,2026-02-26T10:33:45Z,True
3e80432d,,,,,GLF4,,,,2026-02-26T11:31:06Z,,,,,,2026-02-26T13:04:50Z,,,,,Business_jets,,2026-02-26T10:12:22Z,2026-02-26T13:44:37Z,True
3e808281,FYC487,FYC487,FYC,FYC,A320,YK-BAC,OSAP,ALP,2026-02-26T11:55:11Z,,LTDB,COV,LTDB,COV,2026-02-26T12:35:49Z,03R,2438.0,335.755,208.78,Passenger,778823,2026-02-26T11:45:43Z,2026-02-26T12:37:23Z,True
3e838e95,RJ431,RJA431,RJA,RJA,E295,JY-REF,OJAI,AMM,2026-02-27T03:25:41Z,26R,OSAP,ALP,OSAP,ALP,,,,522.18,448.997,Passenger,7448A6,2026-02-27T03:24:59Z,2026-02-27T04:09:31Z,True
3e83bd73,TK844,THY844,THY,THY,B739,TC-JYI,LTFM,IST,2026-02-27T05:19:34Z,34L,OSAP,ALP,OSAP,ALP,,,,1044.48,938.832,Passenger,4BAB29,2026-02-27T04:55:15Z,2026-02-27T06:41:07Z,True
3e83c5fa,RJ432,RJA432,RJA,RJA,E295,JY-REF,OSAP,ALP,2026-02-27T05:09:20Z,09L,OJAI,AMM,OJAI,AMM,2026-02-27T06:06:37Z,26L,3437.0,589.741,508.234,Passenger,7448A6,2026-02-27T05:10:59Z,2026-02-27T06:06:40Z,True
3e842be1,TK845,THY845,THY,THY,B739,TC-JYI,OSAP,ALP,2026-02-27T08:39:01Z,27R,LTFM,IST,LTFM,IST,2026-02-27T10:12:54Z,35R,5633.0,1058.62,927.955,Passenger,4BAB29,2026-02-27T08:28:47Z,2026-02-27T10:22:27Z,True
3e84f443,RB381,SYR381,SYR,SYR,A320,YK-AKG,OSAP,ALP,2026-02-27T14:07:53Z,09L,OEJN,JED,OEJN,JED,2026-02-27T16:37:59Z,34L,9006.0,1745.33,1618.78,Passenger,778567,2026-02-27T13:20:58Z,2026-02-27T16:45:19Z,True
3e87a0c1,VF340,TKJ340,TKJ,TKJ,B738,TC-JHE,LTFJ,SAW,2026-02-28T03:34:29Z,06L,OSAP,ALP,OSAP,ALP,,,,980.096,865.834,Passenger,4BA905,2026-02-28T02:48:17Z,2026-02-28T05:04:23Z,True
3e87c6bb,RJ431,RJA431,RJA,RJA,E290,JY-REE,OJAI,AMM,2026-02-28T04:04:33Z,26L,OSAP,ALP,OSAP,ALP,,,,593.325,508.545,Passenger,7448A5,2026-02-28T04:03:45Z,2026-02-28T05:03:29Z,True
3e87dcc4,TK844,THY844,THY,THY,B739,TC-JYF,LTFM,IST,2026-02-28T05:21:11Z,34L,OSAP,ALP,OSAP,ALP,,,,1121.13,929.332,Passenger,4BAB26,2026-02-28T04:52:29Z,2026-02-28T06:53:26Z,True
3e87fddc,RJ432,RJA432,RJA,RJA,E290,JY-REE,OSAP,ALP,2026-02-28T06:00:05Z,,OJAI,AMM,OJAI,AMM,2026-02-28T06:58:09Z,26L,3484.0,584.57,508.21,Passenger,7448A5,2026-02-28T06:01:14Z,2026-02-28T06:58:09Z,True
3e87fee9,VF341,TKJ341,TKJ,TKJ,B738,TC-JHE,OSAP,ALP,2026-02-28T06:17:18Z,,LTFJ,SAW,LTFJ,SAW,2026-02-28T07:46:46Z,06R,5368.0,999.32,865.922,Passenger,4BA905,2026-02-28T06:03:17Z,2026-02-28T07:56:28Z,True
3e88408a,TK845,THY845,THY,THY,B739,TC-JYF,OSAP,ALP,2026-02-28T08:44:41Z,27R,LTFM,IST,LTFM,IST,2026-02-28T10:15:01Z,35R,5420.0,1058.46,929.277,Passenger,4BAB26,2026-02-28T08:27:54Z,2026-02-28T10:19:47Z,True
3e9bc136,RB443,SYR443,SYR,SYR,A320,YK-AKG,OSAP,ALP,2026-03-05T14:29:19Z,09L,LTFM,IST,LTFM,IST,2026-03-05T16:14:05Z,17L,6286.0,1109.47,928.033,Passenger,778567,2026-03-05T13:21:40Z,2026-03-05T16:27:52Z,True
3e9cabc7,RB444,SYR444,SYR,SYR,A320,YK-AKG,LTFM,IST,2026-03-05T18:11:48Z,36,OSAP,ALP,OSAP,ALP,,,,1091.09,927.681,Passenger,778567,2026-03-05T17:57:24Z,2026-03-05T19:36:25Z,True
3e9e11a4,RJ431,RJA431,RJA,RJA,A320,JY-AYR,OJAI,AMM,2026-03-06T02:03:05Z,26L,OSAP,ALP,OSAP,ALP,,,,1370.41,478.146,Passenger,740732,2026-03-06T02:05:14Z,2026-03-06T03:48:44Z,True
3e9e6277,RJ432,RJA432,RJA,RJA,A320,JY-AYR,OSAP,ALP,2026-03-06T04:41:16Z,,OJAI,AMM,OJAI,AMM,2026-03-06T06:33:15Z,08L,6719.0,1482.15,506.462,Passenger,740732,2026-03-06T04:42:19Z,2026-03-06T06:39:46Z,True
3e9fb277,RB381,SYR381,SYR,SYR,A320,YK-AKG,OSAP,ALP,2026-03-06T13:51:12Z,,OEJN,JED,OEJN,JED,2026-03-06T16:34:10Z,34L,9778.0,2138.79,1618.06,Passenger,778567,2026-03-06T13:52:52Z,2026-03-06T16:37:51Z,True
3ea1cd68,RJ431,RJA431,RJA,RJA,A320,JY-AYR,OJAI,AMM,2026-03-07T02:01:42Z,26L,OSAP,ALP,OSAP,ALP,,,,1703.59,507.997,Passenger,740732,2026-03-07T01:50:35Z,2026-03-07T04:03:25Z,True
3ea22414,RJ432,RJA432,RJA,RJA,A320,JY-AYR,OSAP,ALP,,,OJAI,AMM,OJAI,AMM,2026-03-07T06:53:42Z,,,1524.12,493.971,Passenger,740732,2026-03-07T04:51:48Z,2026-03-07T06:44:14Z,True
3ea2623d,RB389,SYR389,SYR,SYR,A320,YK-AKG,OSAP,ALP,2026-03-07T07:14:32Z,,,,,,,,,2661.7,1537.26,Passenger,778567,2026-03-07T07:10:06Z,2026-03-07T10:33:47Z,True
3ea3700a,RB443,SYR443,SYR,SYR,B735,YK-SYR,OSAP,ALP,2026-03-07T14:54:27Z,09L,LTFM,IST,LTFM,IST,2026-03-07T16:36:38Z,35R,6131.0,1029.46,927.497,Passenger,77CF32,2026-03-07T14:42:21Z,2026-03-07T16:58:19Z,True
3ea3e99b,RB444,SYR444,SYR,SYR,B735,YK-SYR,LTFM,IST,2026-03-07T18:50:23Z,35L,OSAP,ALP,OSAP,ALP,,,,1056.87,926.981,Passenger,77CF32,2026-03-07T17:33:29Z,2026-03-07T20:17:10Z,True
3ea510be,RJ431,RJA431,RJA,RJA,A20N,JY-RAL,OJAI,AMM,2026-03-08T02:19:31Z,26L,OSAP,ALP,OSAP,ALP,,,,1375.35,507.234,Passenger,74482C,2026-03-08T02:07:39Z,2026-03-08T04:13:51Z,True
3ea557e8,RJ432,RJA432,RJA,RJA,A20N,JY-RAL,OSAP,ALP,2026-03-08T05:00:45Z,,OJAI,AMM,OJAI,AMM,2026-03-08T06:50:28Z,26R,6583.0,1411.88,507.835,Passenger,74482C,2026-03-08T04:52:50Z,2026-03-08T06:54:31Z,True
3ea6bc82,RB381,SYR381,SYR,SYR,B735,YK-SYR,OSAP,ALP,2026-03-08T15:16:47Z,,OEJN,JED,OEJN,JED,,,,3035.31,1527.03,Passenger,77CF32,2026-03-08T15:07:26Z,2026-03-08T18:10:09Z,True
3ea87436,RJ431,RJA431,RJA,RJA,E290,JY-REE,OJAI,AMM,2026-03-09T01:39:28Z,26L,OSAP,ALP,OSAP,ALP,,,,1494.14,488.084,Passenger,7448A5,2026-03-09T01:37:16Z,2026-03-09T03:28:40Z,True
3ea8cc8f,RJ432,RJA432,RJA,RJA,E290,JY-REE,OSAP,ALP,2026-03-09T04:54:49Z,,OJAI,AMM,OJAI,AMM,2026-03-09T06:52:25Z,26L,7056.0,1450.88,508.203,Passenger,7448A5,2026-03-09T04:52:29Z,2026-03-09T06:52:35Z,True
3ea9197d,RJ433,RJA433,RJA,RJA,E290,JY-REC,OJAI,AMM,2026-03-09T07:35:06Z,26R,OSAP,ALP,OSAP,ALP,,,,1404.54,506.777,Passenger,7448A3,2026-03-09T07:33:58Z,2026-03-09T09:32:02Z,True
3ea97e90,RJ434,RJA434,RJA,RJA,E290,JY-REC,OSAP,ALP,2026-03-09T10:35:38Z,,OJAI,AMM,OJAI,AMM,2026-03-09T12:27:22Z,26L,6704.0,1537.1,508.261,Passenger,7448A3,2026-03-09T10:35:26Z,2026-03-09T12:27:39Z,True
3eaa2fef,RB443,SYR443,SYR,SYR,A320,YK-AKG,OSAP,ALP,2026-03-09T14:36:57Z,,LTFM,IST,LTFM,IST,2026-03-09T16:14:03Z,35R,5826.0,1160.53,927.758,Passenger,778567,2026-03-09T14:27:32Z,2026-03-09T16:23:38Z,True
3eaae7c8,RB444,SYR444,SYR,SYR,A320,YK-AKG,LTFM,IST,2026-03-09T18:04:41Z,36,OSAP,ALP,OSAP,ALP,,,,1028.71,921.062,Passenger,778567,2026-03-09T17:45:35Z,2026-03-09T19:24:28Z,True
3eac4d53,RJ431,RJA431,RJA,RJA,E295,JY-REG,OJAI,AMM,2026-03-10T01:26:07Z,26L,OSAP,ALP,OSAP,ALP,,,,1386.83,507.536,Passenger,7448A7,2026-03-10T01:24:58Z,2026-03-10T03:27:06Z,True
3eaca50a,RJ432,RJA432,RJA,RJA,E295,JY-REG,OSAP,ALP,2026-03-10T04:17:55Z,,OJAI,AMM,OJAI,AMM,2026-03-10T06:19:11Z,08L,7276.0,1549.56,506.679,Passenger,7448A7,2026-03-10T04:16:41Z,2026-03-10T06:19:12Z,True
3eacc21c,RJ433,RJA433,RJA,RJA,A20N,JY-RAI,OJAI,AMM,2026-03-10T07:18:32Z,08L,OSAP,ALP,OSAP,ALP,,,,1435.46,490.314,Passenger,744829,2026-03-10T05:21:02Z,2026-03-10T09:09:34Z,True
3ead4f83,RJ434,RJA434,RJA,RJA,A20N,JY-RAI,OSAP,ALP,2026-03-10T10:01:25Z,,OJAI,AMM,OJAI,AMM,2026-03-10T11:54:58Z,,6813.0,1497.24,508.084,Passenger,744829,2026-03-10T09:52:38Z,2026-03-10T11:59:39Z,True
3eade1bb,RB389,SYR389,SYR,SYR,A320,YK-AKG,OSAP,ALP,2026-03-10T13:58:28Z,09L,OERK,RUH,OERK,RUH,2026-03-10T17:13:07Z,33L,11679.0,2701.79,1540.79,Passenger,778567,2026-03-10T13:04:19Z,2026-03-10T17:19:18Z,True
3eb0362a,RJ431,RJA431,RJA,RJA,E295,JY-REF,OJAI,AMM,2026-03-11T01:13:56Z,,OSAP,ALP,OSAP,ALP,,,,1320.94,462.749,Passenger,7448A6,2026-03-11T01:13:31Z,2026-03-11T03:01:26Z,True
3eb09125,RJ432,RJA432,RJA,RJA,E295,JY-REF,OSAP,ALP,2026-03-11T04:17:21Z,,OJAI,AMM,OJAI,AMM,2026-03-11T06:13:59Z,08L,6998.0,1420.39,506.658,Passenger,7448A6,2026-03-11T04:15:49Z,2026-03-11T06:14:13Z,True
3eb0cc7c,RB389,SYR389,SYR,SYR,A320,YK-AKG,OSAP,ALP,2026-03-11T07:26:45Z,,OERK,RUH,OERK,RUH,2026-03-11T10:30:00Z,15R,10995.0,2643.25,1538.39,Passenger,778567,2026-03-11T06:25:36Z,2026-03-11T10:44:39Z,True
3eb22114,RB443,SYR443,SYR,SYR,B735,YK-SYR,OSAP,ALP,2026-03-11T14:50:06Z,09L,LTFM,IST,LTFM,IST,2026-03-11T16:27:15Z,35R,5829.0,1039.7,927.576,Passenger,77CF32,2026-03-11T14:45:01Z,2026-03-11T16:39:40Z,True
3eb2a28b,RB381,SYR381,SYR,SYR,A320,YK-AKG,OSAP,ALP,2026-03-11T17:10:32Z,,OEJN,JED,OEJN,JED,2026-03-11T20:07:23Z,34L,10611.0,2513.09,1614.15,Passenger,778567,2026-03-11T17:14:28Z,2026-03-11T20:13:14Z,True
3eb2b7af,RB444,SYR444,SYR,SYR,B735,YK-SYR,LTFM,IST,2026-03-11T17:51:02Z,36,OSAP,ALP,OSAP,ALP,,,,1045.82,921.048,Passenger,77CF32,2026-03-11T17:40:38Z,2026-03-11T19:19:53Z,True
3eb409d4,RJ431,RJA431,RJA,RJA,E290,JY-REE,OJAI,AMM,2026-03-12T01:28:09Z,26L,OSAP,ALP,OSAP,ALP,,,,1396.86,487.916,Passenger,7448A5,2026-03-12T01:26:47Z,2026-03-12T03:22:54Z,True
3eb45e0a,FYC901,FYC901,FYC,FYC,A320,YK-BAC,OSAP,ALP,2026-03-12T04:01:43Z,27R,,,,,,,,4046.13,2130.06,Passenger,778823,2026-03-12T04:07:23Z,2026-03-12T08:17:37Z,True
3eb46b3f,RJ432,RJA432,RJA,RJA,E290,JY-REE,OSAP,ALP,,,OJAI,AMM,OJAI,AMM,2026-03-12T06:34:43Z,08L,,1561.98,492.32,Passenger,7448A5,2026-03-12T04:36:29Z,2026-03-12T06:35:09Z,True
3eb47c2e,RB357,SYR357,SYR,SYR,B735,YK-SYR,OSAP,ALP,2026-03-12T05:22:03Z,,HLLM,MJI,HLLM,MJI,2026-03-12T08:55:03Z,10,12780.0,2376.95,2222.49,Passenger,77CF32,2026-03-12T05:11:29Z,2026-03-12T09:21:51Z,True
3eb47c9c,FYC487,FYC487,FYC,FYC,A320,YK-BAG,OSAP,ALP,2026-03-12T05:58:13Z,,LTDB,COV,LTDB,COV,2026-03-12T06:35:18Z,03R,2225.0,311.788,208.755,Passenger,778827,2026-03-12T05:16:47Z,2026-03-12T06:35:18Z,True
3eb4b318,RJ433,RJA433,RJA,RJA,A20N,JY-RAA,OJAI,AMM,2026-03-12T07:14:19Z,08R,OSAP,ALP,OSAP,ALP,,,,1456.26,496.262,Passenger,744821,2026-03-12T07:04:25Z,2026-03-12T09:02:50Z,True
3eb51d16,RJ434,RJA434,RJA,RJA,A20N,JY-RAA,OSAP,ALP,2026-03-12T10:08:41Z,27R,OJAI,AMM,OJAI,AMM,2026-03-12T12:04:02Z,26L,6921.0,1403.6,507.462,Passenger,744821,2026-03-12T10:09:47Z,2026-03-12T12:06:37Z,True
3eb52bc9,RB501,SYR501,SYR,SYR,A320,YK-AKG,OSAP,ALP,2026-03-12T11:23:29Z,,,,,,,,,4923.75,2154.95,Passenger,778567,2026-03-12T10:31:35Z,2026-03-12T15:27:57Z,True
3eb61917,RB381,SYR381,SYR,SYR,B735,YK-SYR,OSAP,ALP,2026-03-12T15:19:04Z,,OEJN,JED,OEJN,JED,2026-03-12T18:42:59Z,,12235.0,2332.37,1618.64,Passenger,77CF32,2026-03-12T15:08:18Z,2026-03-12T18:54:48Z,True
3eb7a32b,FYC485,FYC485,FYC,FYC,A320,YK-BAG,OSAP,ALP,2026-03-12T23:14:13Z,,LTFJ,SAW,LTFJ,SAW,2026-03-13T00:36:45Z,06L,4952.0,984.29,865.777,Passenger,778827,2026-03-12T23:13:14Z,2026-03-13T00:42:21Z,True
3eb7fab3,RJ431,RJA431,RJA,RJA,E290,JY-REC,OJAI,AMM,2026-03-13T01:27:12Z,26R,OSAP,ALP,OSAP,ALP,,,,1373.02,506.983,Passenger,7448A3,2026-03-13T01:25:05Z,2026-03-13T03:28:03Z,True
3eb80996,FYC486,FYC486,FYC,FYC,A320,YK-BAG,LTFJ,SAW,2026-03-13T02:08:43Z,06L,OSAP,ALP,OSAP,ALP,,,,947.874,865.799,Passenger,778827,2026-03-13T01:51:08Z,2026-03-13T03:37:56Z,True
3eb84326,FYC901,FYC901,FYC,FYC,A320,YK-BAC,OSAP,ALP,2026-03-13T04:14:52Z,,,,,,,,,3992.73,2119.6,Passenger,778823,2026-03-13T03:41:36Z,2026-03-13T08:36:00Z,True
3eb85e3d,RJ432,RJA432,RJA,RJA,E290,JY-REC,OSAP,ALP,2026-03-13T04:39:56Z,,OJAI,AMM,OJAI,AMM,2026-03-13T06:40:50Z,26L,7254.0,1469.42,507.897,Passenger,7448A3,2026-03-13T04:40:46Z,2026-03-13T06:41:14Z,True
3eb8a2e1,RJ433,RJA433,RJA,RJA,A20N,JY-RAN,OJAI,AMM,2026-03-13T07:17:45Z,26R,OSAP,ALP,OSAP,ALP,,,,1394.53,507.774,Passenger,74482E,2026-03-13T07:03:05Z,2026-03-13T09:09:52Z,True
3eb906d2,RJ434,RJA434,RJA,RJA,A20N,JY-RAN,OSAP,ALP,2026-03-13T10:09:56Z,,OJAI,AMM,OJAI,AMM,2026-03-13T12:10:08Z,26L,7212.0,1471.41,507.956,Passenger,74482E,2026-03-13T09:57:36Z,2026-03-13T12:13:24Z,True
3eb9958f,RB381,SYR381,SYR,SYR,A320,YK-AKG,OSAP,ALP,2026-03-13T13:57:35Z,,OEJN,JED,OEJN,JED,2026-03-13T16:48:54Z,34L,10279.0,2165.15,1618.54,Passenger,778567,2026-03-13T13:04:37Z,2026-03-13T16:53:06Z,True
3eb9f765,RB443,SYR443,SYR,SYR,B735,YK-SYR,OSAP,ALP,2026-03-13T14:59:09Z,,LTFM,IST,LTFM,IST,2026-03-13T16:32:43Z,35R,5614.0,1039.29,928.316,Passenger,77CF32,2026-03-13T14:46:02Z,2026-03-13T16:45:33Z,True
3eba8f58,RB444,SYR444,SYR,SYR,B735,YK-SYR,LTFM,IST,2026-03-13T18:05:33Z,35L,OSAP,ALP,OSAP,ALP,,,,1017.8,913.905,Passenger,77CF32,2026-03-13T17:29:41Z,2026-03-13T19:26:10Z,True
3ebb96e3,FYC485,FYC485,FYC,FYC,A320,YK-BAG,OSAP,ALP,2026-03-13T23:19:46Z,,LTFJ,SAW,LTFJ,SAW,2026-03-14T00:43:22Z,06R,5016.0,1000.41,865.902,Passenger,778827,2026-03-13T23:14:02Z,2026-03-14T00:55:08Z,True
3ebbe5e5,RJ431,RJA431,RJA,RJA,E295,JY-REF,OJAI,AMM,2026-03-14T01:22:22Z,08R,OSAP,ALP,OSAP,ALP,,,,1445.57,489.974,Passenger,7448A6,2026-03-14T01:21:15Z,2026-03-14T03:10:25Z,True
3ebbf248,FYC486,FYC486,FYC,FYC,A320,YK-BAG,LTFJ,SAW,2026-03-14T01:57:01Z,06R,OSAP,ALP,OSAP,ALP,,,,959.803,865.761,Passenger,778827,2026-03-14T01:45:21Z,2026-03-14T03:20:37Z,True
3ebc3763,FYC901,FYC901,FYC,FYC,A320,YK-BAC,OSAP,ALP,2026-03-14T04:16:59Z,,OMSJ,SHJ,OMSJ,SHJ,2026-03-14T08:34:26Z,,15447.0,3835.33,2118.59,Passenger,778823,2026-03-14T04:14:05Z,2026-03-14T08:34:21Z,True
3ebc3bf6,RJ432,RJA432,RJA,RJA,E295,JY-REF,OSAP,ALP,2026-03-14T04:24:59Z,,OJAI,AMM,OJAI,AMM,2026-03-14T06:25:13Z,08L,7214.0,1439.9,506.937,Passenger,7448A6,2026-03-14T04:25:57Z,2026-03-14T06:26:32Z,True
3ebc6910,RB389,SYR389,SYR,SYR,A320,YK-AKG,OSAP,ALP,2026-03-14T06:08:26Z,,OERK,RUH,OERK,RUH,2026-03-14T09:23:56Z,15R,11730.0,2686.16,1541.11,Passenger,778567,2026-03-14T06:07:07Z,2026-03-14T09:34:48Z,True
3ebdd31e,RB443,SYR443,SYR,SYR,B735,YK-SYR,OSAP,ALP,2026-03-14T15:59:02Z,09L,LTFM,IST,LTFM,IST,2026-03-14T17:34:46Z,34L,5744.0,1677.24,928.344,Passenger,77CF32,2026-03-14T15:31:20Z,2026-03-14T17:53:25Z,True
3ebe6545,RB444,SYR444,SYR,SYR,B735,YK-SYR,LTFM,IST,2026-03-14T18:57:19Z,36,OSAP,ALP,OSAP,ALP,,,,1207.8,916.622,Passenger,77CF32,2026-03-14T18:29:39Z,2026-03-14T20:23:38Z,True
3ebf2236,FYC485,FYC485,FYC,FYC,A320,YK-BAG,OSAP,ALP,2026-03-14T23:20:46Z,,LTFJ,SAW,LTFJ,SAW,2026-03-15T00:40:45Z,06R,4799.0,951.894,865.801,Passenger,778827,2026-03-14T23:14:06Z,2026-03-15T00:52:35Z,True
3ebf79b2,FYC486,FYC486,FYC,FYC,A320,YK-BAG,LTFJ,SAW,2026-03-15T02:14:50Z,06R,OSAP,ALP,OSAP,ALP,,,,1092.01,865.737,Passenger,778827,2026-03-15T01:58:04Z,2026-03-15T03:41:16Z,True
3ebf9078,DN551,DNA551,DNA,DNA,A320,YR-JUL,LROP,OTP,2026-03-15T03:07:47Z,08L,OSAP,ALP,OSAP,ALP,,,,2142.73,1318.62,Passenger,4A2AAC,2026-03-15T02:49:00Z,2026-03-15T05:11:06Z,True
3ebffedb,DN552,DNA552,DNA,DNA,A320,YR-JUL,OSAP,ALP,2026-03-15T07:19:13Z,,LROP,OTP,LROP,OTP,2026-03-15T09:21:51Z,08R,7358.0,1434.24,1324.53,Passenger,4A2AAC,2026-03-15T07:15:09Z,2026-03-15T09:33:23Z,True
3ec06087,RB501,SYR501,SYR,SYR,A320,YK-AKG,OSAP,ALP,2026-03-15T13:10:05Z,,,,,,,,,3995.97,2151.23,Passenger,778567,2026-03-15T10:35:01Z,2026-03-15T17:21:35Z,True
3ec0ff7f,RB381,SYR381,SYR,SYR,B735,YK-SYR,OSAP,ALP,2026-03-15T14:32:44Z,,OEJN,JED,OEJN,JED,2026-03-15T17:42:05Z,34L,11361.0,2336.31,1617.87,Passenger,77CF32,2026-03-15T14:24:13Z,2026-03-15T17:44:07Z,True
3ec24baa,FYC485,FYC485,FYC,FYC,A320,YK-BAG,OSAP,ALP,2026-03-15T23:16:02Z,,LTFJ,SAW,LTFJ,SAW,2026-03-16T00:42:32Z,06R,5190.0,942.148,865.743,Passenger,778827,2026-03-15T23:10:11Z,2026-03-16T00:54:20Z,True
3ec297a5,RJ431,RJA431,RJA,RJA,A20N,JY-RAL,OJAI,AMM,2026-03-16T01:26:25Z,26L,OSAP,ALP,OSAP,ALP,,,,1431.04,508.38,Passenger,74482C,2026-03-16T01:11:28Z,2026-03-16T03:31:21Z,True
3ec2b142,FYC486,FYC486,FYC,FYC,A320,YK-BAG,LTFJ,SAW,2026-03-16T02:18:35Z,06L,OSAP,ALP,OSAP,ALP,,,,1111.66,874.528,Passenger,778827,2026-03-16T02:04:03Z,2026-03-16T03:33:35Z,True
3ec2ea35,FYC1901,FYC1901,FYC,FYC,A320,YK-BAC,OSAP,ALP,2026-03-16T04:20:24Z,,,,,,,,,4254.16,2119.91,Passenger,778823,2026-03-16T04:17:17Z,2026-03-16T08:28:26Z,True
3ec2eff3,RJ432,RJA432,RJA,RJA,A20N,JY-RAL,OSAP,ALP,2026-03-16T04:39:22Z,,OJAI,AMM,OJAI,AMM,2026-03-16T06:45:10Z,26L,7548.0,1576.92,507.976,Passenger,74482C,2026-03-16T04:30:14Z,2026-03-16T06:50:01Z,True
3ec2f88a,FYC481,FYC481,FYC,FYC,A320,YK-BAG,OSAP,ALP,2026-03-16T04:55:39Z,,LTDB,COV,LTDB,COV,2026-03-16T05:26:26Z,21L,1847.0,338.325,209.236,Passenger,778827,2026-03-16T04:49:38Z,2026-03-16T05:31:26Z,True
3ec3357c,RJ433,RJA433,RJA,RJA,A20N,JY-RAJ,OJAI,AMM,2026-03-16T07:06:59Z,26L,OSAP,ALP,OJAI,AMM,2026-03-16T11:20:42Z,26L,15223.0,3403.7,0.167518,Passenger,74482A,2026-03-16T06:56:58Z,2026-03-16T11:22:37Z,True
3ec36376,RB443,SYR443,SYR,SYR,B735,YK-SYR,OSAP,ALP,2026-03-16T08:35:30Z,09L,LTFM,IST,LTFM,IST,2026-03-16T10:12:42Z,35R,5832.0,1039.13,928.581,Passenger,77CF32,2026-03-16T08:27:10Z,2026-03-16T10:19:18Z,True
3ec3b9a6,RB444,SYR444,SYR,SYR,B735,YK-SYR,LTFM,IST,2026-03-16T11:12:55Z,35L,OSAP,ALP,OSAP,ALP,,,,1054.23,932.814,Passenger,77CF32,2026-03-16T10:54:21Z,2026-03-16T12:36:18Z,True
3ec49ee6,RB387,SYR387,SYR,SYR,A320,YK-AKG,OSAP,ALP,2026-03-16T17:38:55Z,27R,OERK,RUH,OERK,RUH,2026-03-16T20:47:43Z,33L,11328.0,2795.12,1541.17,Passenger,778567,2026-03-16T16:11:18Z,2026-03-16T21:04:32Z,True
3ec57bdf,RB445,SYR445,SYR,SYR,B735,YK-SYR,OSAP,ALP,2026-03-16T21:51:39Z,09L,LTFM,IST,LTFM,IST,2026-03-17T00:00:47Z,35R,7748.0,1427.6,927.979,Passenger,77CF32,2026-03-16T21:43:16Z,2026-03-17T00:11:53Z,True
3ec592c3,FYC485,FYC485,FYC,FYC,A320,YK-BAG,OSAP,ALP,2026-03-16T23:46:50Z,,LTFJ,SAW,LTFJ,SAW,2026-03-17T01:10:31Z,06R,5021.0,976.868,865.681,Passenger,778827,2026-03-16T22:19:11Z,2026-03-17T01:25:14Z,True
3ec5eeb2,RJ431,RJA431,RJA,RJA,A320,JY-AYW,OJAI,AMM,2026-03-17T00:56:33Z,26L,OSAP,ALP,OSAP,ALP,,,,1606.41,488.855,Passenger,740737,2026-03-17T00:46:59Z,2026-03-17T02:49:08Z,True
3ec5f2c2,RB446,SYR446,SYR,SYR,B735,YK-SYR,LTFM,IST,2026-03-17T01:16:14Z,35R,OSAP,ALP,OSAP,ALP,,,,1148.96,941.403,Passenger,77CF32,2026-03-17T00:53:42Z,2026-03-17T02:38:38Z,True
3ec6056d,FYC486,FYC486,FYC,FYC,A320,YK-BAG,LTFJ,SAW,2026-03-17T02:31:23Z,06L,OSAP,ALP,OSAP,ALP,,,,1522.3,871.196,Passenger,778827,2026-03-17T01:25:20Z,2026-03-17T03:45:04Z,True
3ec659e2,RJ432,RJA432,RJA,RJA,A320,JY-AYW,OSAP,ALP,2026-03-17T04:07:02Z,,OJAI,AMM,OJAI,AMM,2026-03-17T06:21:34Z,26R,8072.0,1648.92,505.746,Passenger,740737,2026-03-17T04:08:14Z,2026-03-17T06:25:18Z,True
3ec65b5f,FYC9301,FYC9301,FYC,FYC,A320,YK-BAC,OSAP,ALP,2026-03-17T04:14:30Z,,OMAA,AUH,OMAA,AUH,2026-03-17T08:21:14Z,,14804.0,3781.72,2115.74,Passenger,778823,2026-03-17T04:11:45Z,2026-03-17T08:28:55Z,True
3ec6a0eb,RJ433,RJA433,RJA,RJA,A20N,JY-RAD,OJAI,AMM,2026-03-17T07:24:17Z,08L,OSAP,ALP,OSAP,ALP,,,,1465.45,508.15,Passenger,744824,2026-03-17T06:37:11Z,2026-03-17T09:16:34Z,True
3ec6e601,RB501,SYR501,SYR,SYR,A320,YK-AKG,OSAP,ALP,2026-03-17T10:52:41Z,,OMSJ,SHJ,OMSJ,SHJ,2026-03-17T15:13:22Z,,15641.0,3790.68,2118.28,Passenger,778567,2026-03-17T08:46:43Z,2026-03-17T15:15:00Z,True
3ec718af,RJ434,RJA434,RJA,RJA,A20N,JY-RAD,OSAP,ALP,2026-03-17T10:19:08Z,,OJAI,AMM,OJAI,AMM,,,,1839.77,535.29,Passenger,744824,2026-03-17T10:11:24Z,2026-03-17T12:20:53Z,True
3ec7afa8,RB389,SYR389,SYR,SYR,B735,YK-SYR,OSAP,ALP,2026-03-17T13:34:05Z,,OERK,RUH,OERK,RUH,2026-03-17T17:05:26Z,33L,12681.0,2728.76,1540.78,Passenger,77CF32,2026-03-17T13:28:27Z,2026-03-17T17:13:11Z,True
3ec994c5,FYC485,FYC485,FYC,FYC,A320,YK-BAG,OSAP,ALP,2026-03-17T23:17:45Z,,LTFJ,SAW,LTFJ,SAW,2026-03-18T00:43:03Z,06L,5118.0,1027.53,865.714,Passenger,778827,2026-03-17T23:08:29Z,2026-03-18T00:46:12Z,True
3ec9edca,RJ431,RJA431,RJA,RJA,E295,JY-REA,OJAI,AMM,2026-03-18T01:22:37Z,08R,OSAP,ALP,OSAP,ALP,,,,1518.46,508.528,Passenger,7448A1,2026-03-18T01:21:45Z,2026-03-18T03:18:18Z,True
3ec9fde7,FYC486,FYC486,FYC,FYC,A320,YK-BAG,LTFJ,SAW,2026-03-18T02:01:52Z,06L,OSAP,ALP,OSAP,ALP,,,,953.835,861.558,Passenger,778827,2026-03-18T01:49:27Z,2026-03-18T03:20:13Z,True
3eca48eb,FYC1901,FYC1901,FYC,FYC,A320,YK-BAC,OSAP,ALP,2026-03-18T04:17:12Z,27R,OMSJ,SHJ,OMSJ,SHJ,2026-03-18T08:36:16Z,,15544.0,4112.1,2118.55,Passenger,778823,2026-03-18T04:13:59Z,2026-03-18T08:36:03Z,True
3eca4e10,RJ432,RJA432,RJA,RJA,E295,JY-REA,OSAP,ALP,2026-03-18T04:24:35Z,,OJAI,AMM,OJAI,AMM,2026-03-18T06:27:18Z,08L,7363.0,1519.8,507.013,Passenger,7448A1,2026-03-18T04:25:03Z,2026-03-18T06:27:47Z,True
3ecc627d,RB443,SYR443,SYR,SYR,B735,YK-SYR,OSAP,ALP,,,LTFM,IST,LTFM,IST,2026-03-18T17:52:18Z,35R,,1047.44,891.041,Passenger,77CF32,2026-03-18T16:22:41Z,2026-03-18T17:50:43Z,True
3eccfc02,RB444,SYR444,SYR,SYR,B735,YK-SYR,LTFM,IST,2026-03-18T18:59:55Z,35R,OSAP,ALP,OSAP,ALP,,,,1040.44,909.169,Passenger,77CF32,2026-03-18T19:01:58Z,2026-03-18T20:20:58Z,True
3ecdaaf8,FYC485,FYC485,FYC,FYC,A320,YK-BAG,OSAP,ALP,2026-03-18T22:58:17Z,,LTFJ,SAW,LTFJ,SAW,2026-03-19T00:18:13Z,06L,4796.0,981.575,865.718,Passenger,778827,2026-03-18T22:20:02Z,2026-03-19T00:21:10Z,True
3ecdda7c,RJ431,RJA431,RJA,RJA,A20N,JY-RAK,OJAI,AMM,2026-03-19T01:06:10Z,08L,OSAP,ALP,OSAP,ALP,,,,1620.41,507.217,Passenger,74482B,2026-03-18T23:20:31Z,2026-03-19T03:12:42Z,True
3ece3863,FYC486,FYC486,FYC,FYC,A320,YK-BAG,LTFJ,SAW,2026-03-19T01:50:31Z,06L,OSAP,ALP,OSAP,ALP,,,,1371.06,865.862,Passenger,778827,2026-03-19T01:35:52Z,2026-03-19T03:32:06Z,True
3ece6a10,DN551,DNA551,DNA,DNA,A320,YR-JUL,LROP,OTP,2026-03-19T03:10:36Z,08L,OSAP,ALP,OSAP,ALP,,,,1601.12,1325.96,Passenger,4A2AAC,2026-03-19T02:59:51Z,2026-03-19T05:19:18Z,True
3ece7bfb,FYC487,FYC487,FYC,FYC,A320,YK-BAG,OSAP,ALP,2026-03-19T04:39:21Z,,LTDB,COV,LTDB,COV,,,,317.268,208.766,Passenger,778827,2026-03-19T03:35:41Z,2026-03-19T05:13:02Z,True
3ece8be5,RJ432,RJA432,RJA,RJA,A20N,JY-RAK,OSAP,ALP,2026-03-19T04:18:13Z,,OJAI,AMM,OJAI,AMM,2026-03-19T06:21:34Z,,7401.0,1531.78,507.703,Passenger,74482B,2026-03-19T04:08:06Z,2026-03-19T06:25:17Z,True
3ece9435,FYC9301,FYC9301,FYC,FYC,A320,YK-BAC,OSAP,ALP,2026-03-19T04:33:24Z,,OMAA,AUH,OMAA,AUH,2026-03-19T08:43:39Z,,15015.0,3845.22,2114.9,Passenger,778823,2026-03-19T04:26:09Z,2026-03-19T08:46:56Z,True
3ecec3d8,DN552,DNA552,DNA,DNA,A320,YR-JUL,OSAP,ALP,2026-03-19T06:19:58Z,,LROP,OTP,LROP,OTP,2026-03-19T08:13:47Z,08L,6829.0,1412.17,1325.65,Passenger,4A2AAC,2026-03-19T06:03:41Z,2026-03-19T08:23:24Z,True
3ececbb3,FYC482,FYC482,FYC,FYC,A320,YK-BAG,LTDB,COV,2026-03-19T06:30:04Z,03R,OSAP,ALP,OSAP,ALP,,,,302.219,208.971,Passenger,778827,2026-03-19T06:19:38Z,2026-03-19T07:09:45Z,True
3ecf33c9,,,SYR,SYR,B735,YK-SYR,OSAP,ALP,2026-03-19T09:38:44Z,,,,,,,,,4066.42,2145.17,Passenger,77CF32,2026-03-19T09:26:13Z,2026-03-19T14:21:42Z,True
3ecfec13,RB381,SYR381,SYR,SYR,A320,YK-AKG,OSAP,ALP,2026-03-19T13:38:20Z,,OEJN,JED,OEJN,JED,2026-03-19T16:20:24Z,34L,9724.0,2184.08,1618.83,Passenger,778567,2026-03-19T13:09:34Z,2026-03-19T16:37:55Z,True
3ed236bd,FYC485,FYC485,FYC,FYC,A320,YK-BAG,OSAP,ALP,2026-03-19T23:14:28Z,27R,LTFJ,SAW,LTFJ,SAW,2026-03-20T00:33:49Z,06L,4761.0,933.92,865.905,Passenger,778827,2026-03-19T23:02:23Z,2026-03-20T00:43:52Z,True
3ed28168,FYC486,FYC486,FYC,FYC,A320,YK-BAG,LTFJ,SAW,2026-03-20T01:59:51Z,06L,OSAP,ALP,OSAP,ALP,,,,950.398,876.601,Passenger,778827,2026-03-20T00:43:53Z,2026-03-20T03:16:18Z,True
3ed28bb3,RJ431,RJA431,RJA,RJA,A20N,JY-RAL,OJAI,AMM,2026-03-20T01:12:52Z,26R,OSAP,ALP,OSAP,ALP,,,,1613.29,509.177,Passenger,74482C,2026-03-20T00:59:27Z,2026-03-20T03:05:17Z,True
3ed2f1bd,RJ432,RJA432,RJA,RJA,A20N,JY-RAL,OSAP,ALP,2026-03-20T04:02:47Z,,OJAI,AMM,OJAI,AMM,2026-03-20T06:05:08Z,26L,7341.0,2143.99,508.142,Passenger,74482C,2026-03-20T03:58:31Z,2026-03-20T06:08:49Z,True
3ed2f8ed,FYC1901,FYC1901,FYC,FYC,A320,YK-BAC,OSAP,ALP,2026-03-20T04:25:53Z,,OMSJ,SHJ,OMSJ,SHJ,2026-03-20T08:42:36Z,,15403.0,3915.35,2118.46,Passenger,778823,2026-03-20T04:13:45Z,2026-03-20T08:44:47Z,True
3ed360e1,RJ433,RJA433,RJA,RJA,E295,JY-REG,OJAI,AMM,2026-03-20T07:50:19Z,26R,OSAP,ALP,OSAP,ALP,2026-03-20T09:44:43Z,,6864.0,1407.31,506.526,Passenger,7448A7,2026-03-20T07:46:13Z,2026-03-20T10:17:50Z,True
3ed3c223,RJ434,RJA434,RJA,RJA,E295,JY-REG,OSAP,ALP,2026-03-20T11:17:20Z,,OJAI,AMM,OJAI,AMM,2026-03-20T13:18:15Z,26L,7255.0,1425.48,508.207,Passenger,7448A7,2026-03-20T10:21:13Z,2026-03-20T13:18:23Z,True
3ed3c400,FYC1902,FYC1902,FYC,FYC,A320,YK-BAC,OMSJ,SHJ,2026-03-20T10:29:52Z,30,OSAP,ALP,OSAP,ALP,,,,3683.15,2135.86,Passenger,778823,2026-03-20T10:24:05Z,2026-03-20T15:12:11Z,True
3ed49edf,RB443,SYR443,SYR,SYR,B735,YK-SYR,OSAP,ALP,2026-03-20T14:24:28Z,09L,LTFM,IST,LTFM,IST,2026-03-20T15:57:41Z,35R,5593.0,1038.08,928.596,Passenger,77CF32,2026-03-20T14:18:07Z,2026-03-20T16:04:32Z,True
3ed4c37c,RB381,SYR381,SYR,SYR,A320,YK-AKG,OSAP,ALP,2026-03-20T15:50:15Z,,OEJN,JED,OEJN,JED,2026-03-20T18:48:53Z,34L,10718.0,2322.03,1618.72,Passenger,778567,2026-03-20T15:35:06Z,2026-03-20T18:54:48Z,True
3ed56c13,RB444,SYR444,SYR,SYR,B735,YK-SYR,LTFM,IST,2026-03-20T17:43:25Z,35L,OSAP,ALP,OSAP,ALP,,,,1040.66,934.104,Passenger,77CF32,2026-03-20T17:28:29Z,2026-03-20T19:14:06Z,True
3ed693bc,FYC485,FYC485,FYC,FYC,A320,YK-BAG,OSAP,ALP,2026-03-20T23:26:19Z,,LTFJ,SAW,LTFJ,SAW,2026-03-21T00:42:10Z,06L,4551.0,974.498,866.704,Passenger,778827,2026-03-20T23:23:50Z,2026-03-21T00:46:16Z,True
3ed6e44e,RJ431,RJA431,RJA,RJA,E290,JY-REE,OJAI,AMM,2026-03-21T01:31:51Z,26L,OSAP,ALP,OSAP,ALP,,,,1417.76,506.596,Passenger,7448A5,2026-03-21T01:31:54Z,2026-03-21T03:33:28Z,True
3ed6ec07,FYC486,FYC486,FYC,FYC,A320,YK-BAG,LTFJ,SAW,2026-03-21T01:58:44Z,06L,OSAP,ALP,OSAP,ALP,,,,996.948,865.812,Passenger,778827,2026-03-21T01:45:55Z,2026-03-21T03:30:55Z,True
3ed72a97,FYC1901,FYC1901,FYC,FYC,A320,YK-BAC,OSAP,ALP,2026-03-21T04:01:06Z,,,,,,,,,4051.14,2119.75,Passenger,778823,2026-03-21T03:54:51Z,2026-03-21T08:25:34Z,True
3ed738c7,RJ432,RJA432,RJA,RJA,E290,JY-REE,OSAP,ALP,2026-03-21T04:28:01Z,,OJAI,AMM,OJAI,AMM,2026-03-21T06:24:42Z,26L,7001.0,1483.48,508.106,Passenger,7448A5,2026-03-21T04:29:02Z,2026-03-21T06:24:42Z,True
3ed767ef,RB389,SYR389,SYR,SYR,B735,YK-SYR,OSAP,ALP,2026-03-21T06:15:34Z,27L,OERK,RUH,OERK,RUH,2026-03-21T09:46:57Z,15R,12683.0,2724.91,1537.82,Passenger,77CF32,2026-03-21T06:17:41Z,2026-03-21T09:53:54Z,True
3eda56eb,FYC485,FYC485,FYC,FYC,A320,YK-BAG,OSAP,ALP,2026-03-21T22:59:00Z,27R,LTFJ,SAW,LTFJ,SAW,2026-03-22T00:15:58Z,06R,4618.0,936.478,865.754,Passenger,778827,2026-03-21T22:51:21Z,2026-03-22T00:28:02Z,True
3edaab52,RJ431,RJA431,RJA,RJA,E295,JY-REF,OJAI,AMM,2026-03-22T01:17:55Z,26R,OSAP,ALP,OSAP,ALP,,,,1428.71,506.366,Passenger,7448A6,2026-03-22T01:16:42Z,2026-03-22T03:22:57Z,True
3edab530,FYC486,FYC486,FYC,FYC,A320,YK-BAG,LTFJ,SAW,2026-03-22T01:54:45Z,06R,OSAP,ALP,OSAP,ALP,,,,959.628,882.456,Passenger,778827,2026-03-22T01:35:07Z,2026-03-22T03:15:05Z,True
3edacc93,DN551,DNA551,DNA,DNA,A320,YR-JUL,LROP,OTP,2026-03-22T02:55:19Z,08L,OSAP,ALP,OSAP,ALP,,,,1478.2,1316.7,Passenger,4A2AAC,2026-03-22T02:21:38Z,2026-03-22T04:48:45Z,True
3edb04c8,RJ432,RJA432,RJA,RJA,E295,JY-REF,OSAP,ALP,2026-03-22T04:33:40Z,,OJAI,AMM,OJAI,AMM,2026-03-22T06:27:35Z,26L,6835.0,1528.04,508.111,Passenger,7448A6,2026-03-22T04:34:05Z,2026-03-22T06:27:52Z,True
3edb2996,DN552,DNA552,DNA,DNA,A320,YR-JUL,OSAP,ALP,2026-03-22T06:22:43Z,27R,LROP,OTP,LROP,OTP,2026-03-22T08:17:25Z,08R,6882.0,1391.29,1324.53,Passenger,4A2AAC,2026-03-22T05:59:53Z,2026-03-22T08:21:34Z,True
3edbb565,RB501,SYR501,SYR,SYR,A320,YK-AKG,OSAP,ALP,2026-03-22T11:03:57Z,,,,,,,,,3911.68,2118.09,Passenger,778567,2026-03-22T10:34:39Z,2026-03-22T15:25:00Z,True
3edc4af0,RB381,SYR381,SYR,SYR,B735,YK-SYR,OSAP,ALP,2026-03-22T13:53:57Z,27R,OEJN,JED,OEJN,JED,2026-03-22T17:01:07Z,34L,11230.0,2308.47,1618.53,Passenger,77CF32,2026-03-22T13:47:25Z,2026-03-22T17:07:01Z,True
3eddf18a,FYC485,FYC485,FYC,FYC,A320,YK-BAG,OSAP,ALP,2026-03-22T23:12:59Z,,LTFJ,SAW,LTFJ,SAW,2026-03-23T00:30:41Z,06L,4662.0,939.446,865.681,Passenger,778827,2026-03-22T22:45:33Z,2026-03-23T00:38:13Z,True
3ede4b3a,RJ431,RJA431,RJA,RJA,E295,JY-REF,OJAI,AMM,2026-03-23T01:15:45Z,26L,OSAP,ALP,OSAP,ALP,,,,1474.01,507.266,Passenger,7448A6,2026-03-23T01:14:05Z,2026-03-23T03:19:01Z,True
3ede535b,FYC486,FYC486,FYC,FYC,A320,YK-BAG,LTFJ,SAW,2026-03-23T01:47:18Z,06L,OSAP,ALP,OSAP,ALP,,,,1110.18,865.852,Passenger,778827,2026-03-23T01:28:13Z,2026-03-23T03:11:03Z,True
3edea001,FYC1901,FYC1901,FYC,FYC,A320,YK-BAC,OSAP,ALP,2026-03-23T04:18:06Z,,OMSJ,SHJ,OMSJ,SHJ,2026-03-23T08:38:30Z,,15624.0,3847.74,2117.5,Passenger,778823,2026-03-23T04:05:36Z,2026-03-23T08:38:30Z,True
3edeaab9,RJ432,RJA432,RJA,RJA,E295,JY-REF,OSAP,ALP,2026-03-23T04:30:11Z,,OJAI,AMM,OJAI,AMM,2026-03-23T06:30:30Z,26L,7219.0,1473.92,508.157,Passenger,7448A6,2026-03-23T04:30:56Z,2026-03-23T06:30:47Z,True
3edeacc5,FYC481,FYC481,FYC,FYC,A320,YK-BAG,OSAP,ALP,2026-03-23T04:44:15Z,,LTDB,COV,LTDB,COV,2026-03-23T05:38:07Z,03R,3232.0,401.259,208.855,Passenger,778827,2026-03-23T04:35:38Z,2026-03-23T05:53:14Z,True
3eded231,FYC488,FYC488,FYC,FYC,A320,YK-BAG,LTDB,COV,2026-03-23T07:26:42Z,03R,OSAP,ALP,OSAP,ALP,,,,581.865,206.072,Passenger,778827,2026-03-23T05:55:02Z,2026-03-23T07:50:15Z,True
3edf098f,RB443,SYR443,SYR,SYR,B735,YK-SYR,OSAP,ALP,2026-03-23T08:03:40Z,09L,LTFM,IST,LTFM,IST,2026-03-23T09:37:45Z,35R,5645.0,1063.1,928.07,Passenger,77CF32,2026-03-23T07:50:06Z,2026-03-23T09:48:28Z,True
3edf700a,RB444,SYR444,SYR,SYR,B735,YK-SYR,LTFM,IST,2026-03-23T11:11:35Z,35L,OSAP,ALP,OSAP,ALP,,,,1012.74,914.066,Passenger,77CF32,2026-03-23T10:41:08Z,2026-03-23T12:34:46Z,True
3ee0328d,RB445,SYR445,SYR,SYR,B735,YK-SYR,OSAP,ALP,2026-03-23T14:35:38Z,09L,LTFM,IST,LTFM,IST,2026-03-23T16:24:24Z,34L,6526.0,1113.63,928.531,Passenger,77CF32,2026-03-23T14:28:53Z,2026-03-23T16:41:13Z,True
3ee1f3d3,FYC485,FYC485,FYC,FYC,A320,YK-BAG,OSAP,ALP,2026-03-23T23:19:42Z,,LTFJ,SAW,LTFJ,SAW,2026-03-24T00:39:31Z,06L,4789.0,990.271,865.844,Passenger,778827,2026-03-23T23:15:29Z,2026-03-24T00:47:42Z,True
3ee23241,FYC486,FYC486,FYC,FYC,A320,YK-BAG,LTFJ,SAW,2026-03-24T02:03:23Z,06L,OSAP,ALP,OSAP,ALP,,,,1105.37,845.644,Passenger,778827,2026-03-24T00:47:47Z,2026-03-24T03:13:15Z,True
3ee28127,RJ431,RJA431,RJA,RJA,E295,JY-REG,OJAI,AMM,2026-03-24T03:00:32Z,26L,OSAP,ALP,OSAP,ALP,,,,1492.67,507.064,Passenger,7448A7,2026-03-24T02:59:23Z,2026-03-24T05:05:10Z,True
3ee29cfc,FYC9401,FYC9401,FYC,FYC,A320,YK-BAC,OSAP,ALP,2026-03-24T03:59:35Z,,OMDW,DWC,OMDW,DWC,2026-03-24T08:13:50Z,,15255.0,3837.46,2120.66,Passenger,778823,2026-03-24T03:55:35Z,2026-03-24T08:18:40Z,True
3ee2dca8,RJ432,RJA432,RJA,RJA,E295,JY-REG,OSAP,ALP,2026-03-24T06:04:00Z,,OJAI,AMM,OJAI,AMM,2026-03-24T07:57:50Z,26L,6830.0,1445.4,507.635,Passenger,7448A7,2026-03-24T06:04:50Z,2026-03-24T07:58:29Z,True
3ee31210,RB501,SYR501,SYR,SYR,A320,YK-AKG,OSAP,ALP,2026-03-24T07:53:15Z,,,,,,,,,4512.74,2176.52,Passenger,778567,2026-03-24T07:48:59Z,2026-03-24T11:54:54Z,True
3ee3fc3b,RB389,SYR389,SYR,SYR,B735,YK-SYR,OSAP,ALP,2026-03-24T13:15:50Z,,OERK,RUH,OERK,RUH,2026-03-24T16:34:16Z,15R,11906.0,2920.97,1541.37,Passenger,77CF32,2026-03-24T13:04:59Z,2026-03-24T16:45:19Z,True
3ee51f18,RB390,SYR390,SYR,SYR,B735,YK-SYR,OERK,RUH,2026-03-24T18:42:44Z,15L,OSAP,ALP,OSAP,ALP,2026-03-24T22:40:52Z,,14288.0,2683.25,1541.43,Passenger,77CF32,2026-03-24T17:53:19Z,2026-03-24T22:41:15Z,True
3ee62e0b,FYC485,FYC485,FYC,FYC,A320,YK-BAG,OSAP,ALP,2026-03-24T23:12:26Z,,LTFJ,SAW,LTFJ,SAW,2026-03-25T00:32:38Z,06R,4812.0,958.951,865.773,Passenger,778827,2026-03-24T23:03:25Z,2026-03-25T00:52:35Z,True
3ee67d31,FYC486,FYC486,FYC,FYC,A320,YK-BAG,LTFJ,SAW,2026-03-25T01:47:45Z,06R,OSAP,ALP,OSAP,ALP,,,,948.509,879.362,Passenger,778827,2026-03-25T00:52:40Z,2026-03-25T03:13:54Z,True
3ee68525,RJ431,RJA431,RJA,RJA,E295,JY-REA,OJAI,AMM,2026-03-25T01:06:05Z,26R,OSAP,ALP,OSAP,ALP,,,,1413.46,498.909,Passenger,7448A1,2026-03-25T01:04:21Z,2026-03-25T03:09:16Z,True
3ee6be4a,,T7MID,,,GLF4,T7-MID,OSAP,ALP,2026-03-25T02:40:30Z,27R,,,,,,,,6387.1,2105.8,Business_jets,500395,2026-03-25T02:37:00Z,2026-03-25T06:36:31Z,True
3ee6c3d9,RB503,SYR503,SYR,SYR,B735,YK-SYR,OSAP,ALP,2026-03-25T03:03:10Z,,OMAA,AUH,OMAA,AUH,2026-03-25T07:53:07Z,13L,17397.0,5248.57,2115.17,Passenger,77CF32,2026-03-25T02:46:32Z,2026-03-25T07:59:34Z,True
3ee6f110,FYC1901,FYC1901,FYC,FYC,A320,YK-BAC,OSAP,ALP,2026-03-25T04:25:20Z,,OMSJ,SHJ,OMSJ,SHJ,2026-03-25T08:45:58Z,,15638.0,4123.35,2116.5,Passenger,778823,2026-03-25T04:13:03Z,2026-03-25T08:45:34Z,True
3ee6f452,RJ432,RJA432,RJA,RJA,E295,JY-REA,OSAP,ALP,2026-03-25T04:19:10Z,,OJAI,AMM,OJAI,AMM,2026-03-25T06:16:48Z,26L,7058.0,1441.78,508.267,Passenger,7448A1,2026-03-25T04:20:15Z,2026-03-25T06:16:49Z,True
3ee712ad,RB389,SYR389,SYR,SYR,A320,YK-AKG,OSAP,ALP,2026-03-25T07:16:37Z,,OERK,RUH,OERK,RUH,2026-03-25T10:12:53Z,33L,10576.0,2673.58,1541.05,Passenger,778567,2026-03-25T05:22:00Z,2026-03-25T10:28:58Z,True
3ee92397,RB443,SYR443,SYR,SYR,B735,YK-SYR,OSAP,ALP,2026-03-25T17:28:08Z,,LTFM,IST,LTFM,IST,2026-03-25T18:57:33Z,34L,5365.0,1028.04,928.598,Passenger,77CF32,2026-03-25T17:18:44Z,2026-03-25T19:09:55Z,True
3ee9b3dd,RB444,SYR444,SYR,SYR,B735,YK-SYR,LTFM,IST,2026-03-25T20:05:25Z,35L,OSAP,ALP,OSAP,ALP,,,,1052.89,922.335,Passenger,77CF32,2026-03-25T19:54:39Z,2026-03-25T21:44:55Z,True
3eea54ad,FYC485,FYC485,FYC,FYC,A320,YK-BAC,OSAP,ALP,2026-03-25T23:14:41Z,,LTFJ,SAW,LTFJ,SAW,2026-03-26T00:32:38Z,06R,4677.0,988.385,865.199,Passenger,778823,2026-03-25T23:12:09Z,2026-03-26T00:37:56Z,True
3eea9f10,RJ431,RJA431,RJA,RJA,A20N,JY-RAL,OJAI,AMM,2026-03-26T01:15:38Z,26R,OSAP,ALP,OSAP,ALP,,,,1444.49,507.602,Passenger,74482C,2026-03-26T01:00:30Z,2026-03-26T03:17:18Z,True
3eeaba2c,FYC486,FYC486,FYC,FYC,A320,YK-BAC,LTFJ,SAW,2026-03-26T01:54:25Z,06R,OSAP,ALP,OSAP,ALP,,,,909.94,865.166,Passenger,778823,2026-03-26T01:42:57Z,2026-03-26T03:01:34Z,True
3eeae2e5,DN551,DNA551,DNA,DNA,A320,YR-JUL,LROP,OTP,2026-03-26T03:04:17Z,08L,OSAP,ALP,OSAP,ALP,,,,1411.55,1324.95,Passenger,4A2AAC,2026-03-26T02:55:07Z,2026-03-26T05:03:38Z,True
3eeb0c2e,RJ432,RJA432,RJA,RJA,A20N,JY-RAL,OSAP,ALP,2026-03-26T04:25:03Z,,OJAI,AMM,OJAI,AMM,2026-03-26T06:22:20Z,,7037.0,1407.94,508.034,Passenger,74482C,2026-03-26T04:17:52Z,2026-03-26T06:27:52Z,True
3eeb4c2a,DN552,DNA552,DNA,DNA,A320,YR-JUL,OSAP,ALP,2026-03-26T06:43:02Z,,LROP,OTP,LROP,OTP,2026-03-26T08:43:06Z,08L,7204.0,1403.34,1324.59,Passenger,4A2AAC,2026-03-26T06:28:11Z,2026-03-26T08:51:42Z,True
3eec0b52,RB501,SYR501,SYR,SYR,A320,YK-AKG,OSAP,ALP,2026-03-26T11:50:07Z,,OMSJ,SHJ,OMSJ,SHJ,2026-03-26T16:09:21Z,12,15554.0,3964.37,2119.23,Passenger,778567,2026-03-26T11:45:11Z,2026-03-26T16:13:13Z,True
3eec9b3a,RB381,SYR381,SYR,SYR,B735,YK-SYR,OSAP,ALP,2026-03-26T14:26:23Z,,OEJN,JED,OEJN,JED,2026-03-26T17:26:44Z,34R,10821.0,2284.72,1618.7,Passenger,77CF32,2026-03-26T14:20:29Z,2026-03-26T17:49:26Z,True
3eee463c,FYC485,FYC485,FYC,FYC,A320,YK-BAG,OSAP,ALP,2026-03-26T23:27:03Z,,LTFJ,SAW,LTFJ,SAW,2026-03-27T00:52:13Z,06R,5110.0,984.441,865.806,Passenger,778827,2026-03-26T22:39:54Z,2026-03-27T01:03:07Z,True
3eeea0f6,RJ431,RJA431,RJA,RJA,A20N,JY-RAF,OJAI,AMM,2026-03-27T00:47:48Z,26L,OSAP,ALP,OSAP,ALP,,,,1372.86,508.225,Passenger,744826,2026-03-27T00:35:50Z,2026-03-27T02:53:45Z,True
3eeecafb,RB503,SYR503,SYR,SYR,A320,YK-AKG,OSAP,ALP,2026-03-27T01:46:16Z,,OMAA,AUH,OMAA,AUH,2026-03-27T05:51:11Z,13L,14695.0,6155.07,2115.22,Passenger,778567,2026-03-27T01:43:38Z,2026-03-27T05:57:32Z,True
3eeecf58,FYC486,FYC486,FYC,FYC,A320,YK-BAG,LTFJ,SAW,2026-03-27T02:23:36Z,06R,OSAP,ALP,OSAP,ALP,,,,977.606,871.983,Passenger,778827,2026-03-27T01:50:55Z,2026-03-27T03:38:09Z,True
3eef0f8f,RJ432,RJA432,RJA,RJA,A20N,JY-RAF,OSAP,ALP,2026-03-27T04:05:22Z,,OJAI,AMM,OJAI,AMM,2026-03-27T06:06:36Z,26L,7274.0,1669.34,507.978,Passenger,744826,2026-03-27T03:56:52Z,2026-03-27T06:10:21Z,True
3eef1779,FYC1901,FYC1901,FYC,FYC,A320,YK-BAC,OSAP,ALP,2026-03-27T04:17:52Z,,OMSJ,SHJ,OMSJ,SHJ,2026-03-27T08:25:03Z,30,14831.0,3817.04,2118.33,Passenger,778823,2026-03-27T04:13:19Z,2026-03-27T08:30:41Z,True
3eef915e,FYC455,FYC455,FYC,FYC,A320,YK-BAG,OSAP,ALP,2026-03-27T10:15:33Z,27R,UDYZ,EVN,UDYZ,EVN,2026-03-27T11:32:30Z,08,4617.0,1208.3,766.969,Passenger,778827,2026-03-27T08:25:42Z,2026-03-27T11:37:45Z,True
3ef0181a,FYC456,FYC456,FYC,FYC,A320,YK-BAG,UDYZ,EVN,2026-03-27T12:55:24Z,26,OSAP,ALP,OSAP,ALP,,,,1053.46,766.966,Passenger,778827,2026-03-27T11:37:46Z,2026-03-27T14:12:58Z,True
3ef1438b,RB381,SYR381,SYR,SYR,A320,YK-AKG,OSAP,ALP,2026-03-27T16:55:24Z,,OEJN,JED,OEJN,JED,2026-03-27T19:38:56Z,34L,9812.0,2222.76,1618.26,Passenger,778567,2026-03-27T16:53:40Z,2026-03-27T19:48:58Z,True
3ef25a44,FYC485,FYC485,FYC,FYC,A320,YK-BAG,OSAP,ALP,2026-03-27T23:08:25Z,27R,LTFJ,SAW,LTFJ,SAW,2026-03-28T00:29:24Z,24L,4859.0,967.242,865.677,Passenger,778827,2026-03-27T22:10:17Z,2026-03-28T00:43:03Z,True
3ef2c434,FYC486,FYC486,FYC,FYC,A320,YK-BAG,LTFJ,SAW,2026-03-28T02:00:24Z,24L,OSAP,ALP,OSAP,ALP,,,,1051.94,865.681,Passenger,778827,2026-03-28T00:43:07Z,2026-03-28T03:28:06Z,True
3ef2c508,RJ431,RJA431,RJA,RJA,A20N,JY-RAG,OJAI,AMM,2026-03-28T00:57:14Z,26R,OSAP,ALP,OSAP,ALP,,,,1485.23,506.672,Passenger,744827,2026-03-28T00:44:35Z,2026-03-28T02:51:15Z,True
3ef331c4,RJ432,RJA432,RJA,RJA,A20N,JY-RAG,OSAP,ALP,2026-03-28T04:24:01Z,,OJAI,AMM,OJAI,AMM,2026-03-28T06:15:18Z,,6677.0,1395.2,507.79,Passenger,744827,2026-03-28T04:14:29Z,2026-03-28T06:18:47Z,True
3ef33364,FYC1901,FYC1901,FYC,FYC,A320,YK-BAC,OSAP,ALP,2026-03-28T04:18:32Z,,OMSJ,SHJ,OMSJ,SHJ,2026-03-28T08:29:57Z,30,15085.0,3797.13,2118.36,Passenger,778823,2026-03-28T04:18:36Z,2026-03-28T08:35:07Z,True
3ef36a3f,RB389,SYR389,SYR,SYR,A320,YK-AKG,OSAP,ALP,2026-03-28T06:24:39Z,,OERK,RUH,OERK,RUH,2026-03-28T09:24:08Z,33L,10769.0,2690.4,1540.92,Passenger,778567,2026-03-28T06:18:42Z,2026-03-28T09:32:36Z,True
3ef3e4be,FYC1902,FYC1902,FYC,FYC,A320,YK-BAC,OMSJ,SHJ,2026-03-28T10:17:45Z,30,OSAP,ALP,OSAP,ALP,,,,4069.99,2119.63,Passenger,778823,2026-03-28T10:13:50Z,2026-03-28T15:14:44Z,True
3ef4b345,RB443,SYR443,SYR,SYR,B735,YK-SYR,OSAP,ALP,2026-03-28T14:34:41Z,,LTFM,IST,LTFM,IST,2026-03-28T16:17:02Z,16R,6141.0,1066.61,928.66,Passenger,77CF32,2026-03-28T14:30:45Z,2026-03-28T16:31:02Z,True
3ef4fd90,RB381,SYR381,SYR,SYR,A320,YK-AKG,OSAP,ALP,2026-03-28T15:46:47Z,,OEJN,JED,OEJN,JED,2026-03-28T18:31:04Z,34L,9857.0,2176.73,1608.28,Passenger,778567,2026-03-28T15:52:10Z,2026-03-28T18:39:13Z,True
3ef54c4d,RB444,SYR444,SYR,SYR,B735,YK-SYR,LTFM,IST,2026-03-28T17:43:19Z,17R,OSAP,ALP,OSAP,ALP,,,,1035.28,929.224,Passenger,77CF32,2026-03-28T17:24:13Z,2026-03-28T19:14:31Z,True
3ef626ac,FYC485,FYC485,FYC,FYC,A320,YK-BAG,OSAP,ALP,2026-03-28T23:01:45Z,27R,LTFJ,SAW,LTFJ,SAW,2026-03-29T00:18:26Z,06R,4601.0,957.174,865.684,Passenger,778827,2026-03-28T22:21:57Z,2026-03-29T00:29:53Z,True
3ef67a62,RJ431,RJA431,RJA,RJA,A20N,JY-RAN,OJAI,AMM,2026-03-29T00:47:46Z,08L,OSAP,ALP,OSAP,ALP,,,,1670.53,506.913,Passenger,74482E,2026-03-29T00:36:36Z,2026-03-29T02:41:03Z,True
3ef6a2ea,FYC486,FYC486,FYC,FYC,A320,YK-BAG,LTFJ,SAW,2026-03-29T01:55:03Z,06R,OSAP,ALP,OSAP,ALP,,,,954.222,878.629,Passenger,778827,2026-03-29T01:50:51Z,2026-03-29T03:11:56Z,True
3ef6b0d1,DN551,DNA551,DNA,DNA,A320,YR-JUL,LROP,OTP,2026-03-29T02:28:45Z,08L,OSAP,ALP,OSAP,ALP,,,,2443.02,1324.42,Passenger,4A2AAC,2026-03-29T02:19:08Z,2026-03-29T04:44:43Z,True
3ef6d448,RB389,SYR389,SYR,SYR,A320,YK-AKG,OSAP,ALP,2026-03-29T03:34:50Z,,OERK,RUH,OERK,RUH,2026-03-29T06:45:55Z,15R,11465.0,2600.04,1540.92,Passenger,778567,2026-03-29T03:33:26Z,2026-03-29T06:54:52Z,True
3ef6e6dd,RJ432,RJA432,RJA,RJA,A20N,JY-RAN,OSAP,ALP,2026-03-29T04:12:29Z,,OJAI,AMM,OJAI,AMM,2026-03-29T06:19:11Z,26R,7602.0,1544.56,504.448,Passenger,74482E,2026-03-29T04:12:55Z,2026-03-29T06:15:06Z,True
3ef6fc6e,DN552,DNA552,DNA,DNA,A320,YR-JUL,OSAP,ALP,2026-03-29T05:52:07Z,,LROP,OTP,LROP,OTP,2026-03-29T07:46:46Z,08R,6879.0,1393.18,1324.78,Passenger,4A2AAC,2026-03-29T04:59:47Z,2026-03-29T07:51:00Z,True
3ef713bc,FYC9601,FYC9601,FYC,FYC,A320,YK-BAC,OSAP,ALP,2026-03-29T05:59:20Z,,OMDB,DXB,OMDB,DXB,2026-03-29T10:21:30Z,30R,15730.0,3933.27,2109.36,Passenger,778823,2026-03-29T05:51:03Z,2026-03-29T10:29:36Z,True
3ef7b182,RB501,SYR501,SYR,SYR,B735,YK-SYR,OSAP,ALP,2026-03-29T11:03:48Z,,,,,,,,,4198.95,2169.28,Passenger,77CF32,2026-03-29T10:54:23Z,2026-03-29T15:45:10Z,True
3ef8adcb,RB381,SYR381,SYR,SYR,A320,YK-AKG,OSAP,ALP,2026-03-29T16:03:06Z,,OEJN,JED,OEJN,JED,2026-03-29T18:58:08Z,34R,10502.0,2407.69,1605.5,Passenger,778567,2026-03-29T16:09:19Z,2026-03-29T19:06:54Z,True
3ef9fd53,FYC485,FYC485,FYC,FYC,A320,YK-BAG,OSAP,ALP,2026-03-29T23:53:25Z,,LTFJ,SAW,LTFJ,SAW,2026-03-30T01:15:54Z,24R,4949.0,939.06,865.713,Passenger,778827,2026-03-29T23:43:17Z,2026-03-30T01:21:43Z,True
3efa2f3b,RJ431,RJA431,RJA,RJA,E290,JY-RED,OJAI,AMM,2026-03-30T01:09:31Z,26L,OSAP,ALP,OSAP,ALP,,,,1390.72,507.701,Passenger,7448A4,2026-03-30T01:07:58Z,2026-03-30T03:13:31Z,True
3efa4b50,FYC486,FYC486,FYC,FYC,A320,YK-BAG,LTFJ,SAW,2026-03-30T02:15:12Z,24L,OSAP,ALP,OSAP,ALP,,,,1000.3,865.756,Passenger,778827,2026-03-30T01:58:24Z,2026-03-30T03:43:54Z,True
3efa6efb,RB443,SYR443,SYR,SYR,B735,YK-SYR,OSAP,ALP,2026-03-30T03:38:48Z,09L,LTFM,IST,LTFM,IST,2026-03-30T05:10:14Z,34L,5486.0,1056.21,928.337,Passenger,77CF32,2026-03-30T03:09:00Z,2026-03-30T05:34:05Z,True
3efa8cb5,FYC1901,FYC1901,FYC,FYC,A320,YK-BAC,OSAP,ALP,2026-03-30T04:12:26Z,,OMSJ,SHJ,OMSJ,SHJ,2026-03-30T08:32:25Z,,15599.0,4328.12,2117.22,Passenger,778823,2026-03-30T04:10:36Z,2026-03-30T08:33:59Z,True
3efa928c,RJ432,RJA432,RJA,RJA,E290,JY-RED,OSAP,ALP,2026-03-30T04:21:37Z,,OJAI,AMM,OJAI,AMM,2026-03-30T06:36:08Z,26L,8071.0,1663.13,508.194,Passenger,7448A4,2026-03-30T04:22:42Z,2026-03-30T06:36:08Z,True
3efad104,RB444,SYR444,SYR,SYR,B735,YK-SYR,LTFM,IST,2026-03-30T06:45:17Z,35L,OSAP,ALP,OSAP,ALP,,,,1078.17,930.462,Passenger,77CF32,2026-03-30T06:28:38Z,2026-03-30T08:14:52Z,True
3efd33a2,RB445,SYR445,SYR,SYR,B735,YK-SYR,OSAP,ALP,2026-03-30T20:02:33Z,,LTFM,IST,LTFM,IST,2026-03-30T21:41:31Z,17L,5938.0,1239.28,927.52,Passenger,77CF32,2026-03-30T19:52:39Z,2026-03-30T21:54:03Z,True
3efdbdc7,RB446,SYR446,SYR,SYR,B735,YK-SYR,LTFM,IST,2026-03-30T23:28:11Z,17R,OSAP,ALP,OSAP,ALP,,,,1138.69,938.936,Passenger,77CF32,2026-03-30T22:55:18Z,2026-03-31T00:55:26Z,True
3efdc221,FYC485,FYC485,FYC,FYC,A320,YK-BAG,OSAP,ALP,2026-03-30T23:10:11Z,,LTFJ,SAW,LTFJ,SAW,2026-03-31T00:33:09Z,24L,4978.0,1120.59,865.59,Passenger,778827,2026-03-30T23:00:40Z,2026-03-31T00:43:46Z,True
3efe030f,RJ431,RJA431,RJA,RJA,A20N,JY-RAD,OJAI,AMM,2026-03-31T00:47:23Z,26L,OSAP,ALP,OSAP,ALP,,,,1485.77,508.866,Passenger,744824,2026-03-31T00:35:56Z,2026-03-31T02:41:16Z,True
3efe2f9f,FYC486,FYC486,FYC,FYC,A320,YK-BAG,LTFJ,SAW,2026-03-31T01:50:46Z,24R,OSAP,ALP,OSAP,ALP,,,,1343.72,865.513,Passenger,778827,2026-03-31T01:46:57Z,2026-03-31T03:01:39Z,True
3efe7b7a,FYC9601,FYC9601,FYC,FYC,A320,YK-BAC,OSAP,ALP,2026-03-31T04:09:58Z,,OMDB,DXB,OMDB,DXB,2026-03-31T08:21:55Z,,15117.0,4116.62,2111.18,Passenger,778823,2026-03-31T04:08:54Z,2026-03-31T08:21:55Z,True
3efe8099,RJ432,RJA432,RJA,RJA,A20N,JY-RAD,OSAP,ALP,2026-03-31T04:30:27Z,27L,OJAI,AMM,OJAI,AMM,2026-03-31T06:31:16Z,,7249.0,2361.05,508.199,Passenger,744824,2026-03-31T04:19:19Z,2026-03-31T06:33:26Z,True
3eff5af2,RB501,SYR501,SYR,SYR,B735,YK-SYR,OSAP,ALP,2026-03-31T11:00:09Z,,OMSJ,SHJ,OMSJ,SHJ,2026-03-31T15:45:54Z,,17145.0,3989.66,2119.02,Passenger,77CF32,2026-03-31T10:50:27Z,2026-03-31T15:50:11Z,True
3f008f9f,RB381,SYR381,SYR,SYR,A320,YK-AKG,OSAP,ALP,2026-03-31T18:01:27Z,,OEJN,JED,OEJN,JED,2026-03-31T20:50:34Z,34L,10147.0,2718.2,1619.01,Passenger,778567,2026-03-31T16:47:33Z,2026-03-31T21:05:12Z,True
3f01a955,FYC485,FYC485,FYC,FYC,A320,YK-BAG,OSAP,ALP,2026-03-31T22:57:18Z,,LTFJ,SAW,LTFJ,SAW,2026-04-01T00:23:07Z,24L,5149.0,964.828,865.745,Passenger,778827,2026-03-31T22:52:58Z,2026-04-01T00:31:29Z,True
3f01edbf,RJ431,RJA431,RJA,RJA,A20N,JY-RAI,OJAI,AMM,2026-04-01T00:44:34Z,08R,OSAP,ALP,OSAP,ALP,,,,1998.03,510.181,Passenger,744829,2026-04-01T00:35:14Z,2026-04-01T03:08:30Z,True
3f020e15,FYC486,FYC486,FYC,FYC,A320,YK-BAG,LTFJ,SAW,2026-04-01T01:47:49Z,24L,OSAP,ALP,OSAP,ALP,,,,1198.02,864.322,Passenger,778827,2026-04-01T01:27:20Z,2026-04-01T02:57:28Z,True
3f0219b4,DN551,DNA551,DNA,DNA,A320,YR-JUL,LROP,OTP,2026-04-01T02:03:17Z,08L,OSAP,ALP,OSAP,ALP,,,,1331.81,1297.86,Passenger,4A2AAC,2026-04-01T01:47:11Z,2026-04-01T03:41:20Z,True
3f02576b,RB389,SYR389,SYR,SYR,A320,YK-AKG,OSAP,ALP,2026-04-01T03:49:17Z,,OERK,RUH,OERK,RUH,2026-04-01T06:54:33Z,15R,11116.0,2929.76,1541.29,Passenger,778567,2026-04-01T03:40:53Z,2026-04-01T07:04:51Z,True
3f0271da,RJ432,RJA432,RJA,RJA,A20N,JY-RAI,OSAP,ALP,2026-04-01T04:42:35Z,,OJAI,AMM,OJAI,AMM,2026-04-01T06:42:05Z,08L,7170.0,1377.22,507.752,Passenger,744829,2026-04-01T04:32:09Z,2026-04-01T06:44:55Z,True
3f027883,FYC1901,FYC1901,FYC,FYC,A320,YK-BAC,OSAP,ALP,2026-04-01T04:49:18Z,,,,,,,,,3822.55,2116.25,Passenger,778823,2026-04-01T04:44:47Z,2026-04-01T09:12:17Z,True
3f029bae,DN552,DNA552,DNA,DNA,A320,YR-JUL,OSAP,ALP,2026-04-01T05:58:51Z,,LROP,OTP,LROP,OTP,2026-04-01T08:21:29Z,08R,8558.0,1423.98,1324.76,Passenger,4A2AAC,2026-04-01T05:52:52Z,2026-04-01T08:25:34Z,True
3f02c023,RJ433,RJA433,RJA,RJA,E295,JY-REG,OJAI,AMM,2026-04-01T07:00:30Z,08R,OSAP,ALP,OSAP,ALP,,,,1421.05,508.735,Passenger,7448A7,2026-04-01T06:59:45Z,2026-04-01T09:01:25Z,True
3f02fd22,RB503,SYR503,SYR,SYR,B735,YK-SYR,OSAP,ALP,2026-04-01T08:39:53Z,27R,,,,,,,,3787.96,2125.16,Passenger,77CF32,2026-04-01T08:41:31Z,2026-04-01T13:14:14Z,True
3f03359a,RJ434,RJA434,RJA,RJA,E295,JY-REG,OSAP,ALP,2026-04-01T10:09:21Z,,OJAI,AMM,OJAI,AMM,2026-04-01T12:17:14Z,08L,7673.0,1544.73,506.743,Passenger,7448A7,2026-04-01T10:07:52Z,2026-04-01T12:17:15Z,True
3f056104,RB443,SYR443,SYR,SYR,B735,YK-SYR,OSAP,ALP,2026-04-01T22:00:07Z,,LTFM,IST,LTFM,IST,2026-04-01T23:37:12Z,35R,5825.0,1037.32,927.491,Passenger,77CF32,2026-04-01T21:07:43Z,2026-04-01T23:49:44Z,True
3f05889b,FYC485,FYC485,FYC,FYC,A320,YK-BAG,OSAP,ALP,2026-04-01T23:01:17Z,,LTFJ,SAW,LTFJ,SAW,2026-04-02T00:25:13Z,06L,5036.0,934.749,865.669,Passenger,778827,2026-04-01T22:06:34Z,2026-04-02T00:29:28Z,True
3f05e9f9,RB444,SYR444,SYR,SYR,B735,YK-SYR,LTFM,IST,2026-04-02T00:48:25Z,36,OSAP,ALP,OSAP,ALP,,,,1033.26,914.892,Passenger,77CF32,2026-04-02T00:36:17Z,2026-04-02T02:16:40Z,True
3f05eaf9,RJ431,RJA431,RJA,RJA,A20N,JY-RAK,OJAI,AMM,2026-04-02T00:48:21Z,08R,OSAP,ALP,OSAP,ALP,,,,1399.62,507.834,Passenger,74482B,2026-04-02T00:37:37Z,2026-04-02T02:43:03Z,True
3f060957,FYC486,FYC486,FYC,FYC,A320,YK-BAG,LTFJ,SAW,2026-04-02T01:42:15Z,06L,OSAP,ALP,OSAP,ALP,,,,957.085,854.2,Passenger,778827,2026-04-02T01:27:52Z,2026-04-02T02:53:55Z,True
3f065492,RJ432,RJA432,RJA,RJA,A20N,JY-RAK,OSAP,ALP,2026-04-02T03:59:13Z,,OJAI,AMM,OJAI,AMM,2026-04-02T06:01:13Z,08L,7320.0,1452.36,507.704,Passenger,74482B,2026-04-02T03:49:39Z,2026-04-02T06:04:57Z,True
3f0663a2,FYC1901,FYC1901,FYC,FYC,A320,YK-BAC,OSAP,ALP,2026-04-02T04:18:32Z,27R,OMSJ,SHJ,OMSJ,SHJ,2026-04-02T08:51:23Z,,16371.0,3788.16,2119.46,Passenger,778823,2026-04-02T04:18:20Z,2026-04-02T08:52:15Z,True
3f076533,RJ433,RJA433,RJA,RJA,A20N,JY-RAA,OJAI,AMM,2026-04-02T11:52:06Z,26L,OSAP,ALP,OSAP,ALP,,,,1558.46,508.709,Passenger,744821,2026-04-02T11:34:38Z,2026-04-02T13:54:36Z,True
3f079aaa,RB381,SYR381,SYR,SYR,A320,YK-AKG,OSAP,ALP,2026-04-02T13:14:59Z,27R,OEJN,JED,OEJN,JED,2026-04-02T16:01:38Z,16R,9999.0,2091.51,1618.63,Passenger,778567,2026-04-02T12:45:53Z,2026-04-02T16:06:55Z,True
3f07f33b,RJ434,RJA434,RJA,RJA,A20N,JY-RAA,OSAP,ALP,2026-04-02T15:01:56Z,,OJAI,AMM,OJAI,AMM,2026-04-02T17:03:39Z,,7303.0,1403.71,507.992,Passenger,744821,2026-04-02T14:15:32Z,2026-04-02T17:38:00Z,True
3f07f3d3,RB445,SYR445,SYR,SYR,B735,YK-SYR,OSAP,ALP,2026-04-02T14:15:38Z,,LTFM,IST,LTFM,IST,2026-04-02T15:55:29Z,17L,5991.0,1063.94,928.109,Passenger,77CF32,2026-04-02T14:16:09Z,2026-04-02T16:09:30Z,True
3f087c16,RB446,SYR446,SYR,SYR,B735,YK-SYR,LTFM,IST,2026-04-02T17:04:46Z,18,OSAP,ALP,OSAP,ALP,,,,1029.2,924.362,Passenger,77CF32,2026-04-02T16:51:13Z,2026-04-02T18:25:53Z,True
3f096896,FYC485,FYC485,FYC,FYC,A320,YK-BAG,OSAP,ALP,2026-04-02T22:48:30Z,,LTFJ,SAW,LTFJ,SAW,2026-04-03T00:09:54Z,24L,4884.0,947.589,865.633,Passenger,778827,2026-04-02T22:03:36Z,2026-04-03T00:19:05Z,True
3f09d103,RJ431,RJA431,RJA,RJA,A20N,JY-RAG,OJAI,AMM,2026-04-03T00:56:16Z,26R,OSAP,ALP,OJAI,AMM,2026-04-03T04:53:31Z,,14235.0,2817.37,0.550823,Passenger,744827,2026-04-03T00:42:07Z,2026-04-03T04:56:21Z,True
3f09e50d,FYC486,FYC486,FYC,FYC,A320,YK-BAG,LTFJ,SAW,2026-04-03T01:32:40Z,24L,OSAP,ALP,OSAP,ALP,,,,1044.89,865.835,Passenger,778827,2026-04-03T01:15:21Z,2026-04-03T03:05:55Z,True
3f0a3918,FYC9601,FYC9601,FYC,FYC,A320,YK-BAC,OSAP,ALP,2026-04-03T03:59:24Z,,OMDB,DXB,OMDB,DXB,2026-04-03T08:41:29Z,30L,16925.0,3860.9,2110.45,Passenger,778823,2026-04-03T03:53:57Z,2026-04-03T08:44:37Z,True
3f0b0422,RB501,SYR501,SYR,SYR,A320,YK-AKG,OSAP,ALP,2026-04-03T11:16:55Z,,OMSJ,SHJ,OMSJ,SHJ,,,,5364.24,2120.01,Passenger,778567,2026-04-03T10:04:52Z,2026-04-03T16:02:11Z,True
3f0b968a,RB443,SYR443,SYR,SYR,B735,YK-SYR,OSAP,ALP,2026-04-03T13:35:05Z,27R,LTFM,IST,LTFM,IST,2026-04-03T15:15:56Z,16R,6051.0,1094.64,928.127,Passenger,77CF32,2026-04-03T13:20:43Z,2026-04-03T15:28:27Z,True
3f0c5c93,RB444,SYR444,SYR,SYR,B735,YK-SYR,LTFM,IST,2026-04-03T17:34:54Z,17R,OSAP,ALP,OSAP,ALP,,,,1033.2,943.63,Passenger,77CF32,2026-04-03T17:14:53Z,2026-04-03T18:58:42Z,True
3f0d32f1,FYC485,FYC485,FYC,FYC,A320,YK-BAG,OSAP,ALP,2026-04-03T22:53:52Z,27R,LTFJ,SAW,LTFJ,SAW,2026-04-04T00:19:14Z,06R,5122.0,944.871,865.808,Passenger,778827,2026-04-03T22:06:56Z,2026-04-04T00:32:33Z,True
3f0d8f57,RJ431,RJA431,RJA,RJA,A20N,JY-RAD,OJAI,AMM,2026-04-04T00:45:10Z,26R,OSAP,ALP,OSAP,ALP,,,,1459.48,507.996,Passenger,744824,2026-04-04T00:32:47Z,2026-04-04T02:48:39Z,True
3f0daaaf,FYC486,FYC486,FYC,FYC,A320,YK-BAG,LTFJ,SAW,2026-04-04T01:46:09Z,06R,OSAP,ALP,OSAP,ALP,,,,949.326,873.506,Passenger,778827,2026-04-04T01:18:27Z,2026-04-04T02:58:33Z,True
3f0dffa4,FYC1901,FYC1901,FYC,FYC,A320,YK-BAC,OSAP,ALP,2026-04-04T04:08:37Z,,OMSJ,SHJ,OMSJ,SHJ,,,,3860.96,2118.54,Passenger,778823,2026-04-04T03:59:49Z,2026-04-04T08:34:26Z,True
3f0e0610,RJ432,RJA432,RJA,RJA,A20N,JY-RAD,OSAP,ALP,2026-04-04T04:26:05Z,,OJAI,AMM,OJAI,AMM,2026-04-04T06:21:08Z,26L,6903.0,1411.97,508.071,Passenger,744824,2026-04-04T04:12:22Z,2026-04-04T06:24:29Z,True
3f0e6908,RJ433,RJA433,RJA,RJA,A320,JY-AYR,OJAI,AMM,2026-04-04T07:42:45Z,26R,OSAP,ALP,OSAP,ALP,,,,1489.08,506.396,Passenger,740732,2026-04-04T07:39:19Z,2026-04-04T09:51:49Z,True
3f0edeab,RJ434,RJA434,RJA,RJA,A320,JY-AYR,OSAP,ALP,,,OJAI,AMM,OJAI,AMM,,,,1475.05,502.814,Passenger,740732,2026-04-04T11:04:21Z,2026-04-04T12:56:58Z,True
3f107e22,RB443,SYR443,SYR,SYR,A320,YK-AKG,OSAP,ALP,2026-04-04T20:04:15Z,09L,LTFM,IST,LTFM,IST,2026-04-04T22:09:53Z,36,7538.0,1236.51,927.567,Passenger,778567,2026-04-04T19:56:05Z,2026-04-04T22:22:25Z,True
3f10cf82,FYC485,FYC485,FYC,FYC,A320,YK-BAG,OSAP,ALP,2026-04-04T22:55:49Z,27R,LTFJ,SAW,LTFJ,SAW,2026-04-05T00:18:40Z,06L,4971.0,924.727,865.727,Passenger,778827,2026-04-04T22:14:06Z,2026-04-05T00:23:10Z,True
3f10f0ff,RB357,SYR357,SYR,SYR,B735,YK-SYR,OSAP,ALP,2026-04-04T23:10:46Z,,HLLM,MJI,HLLM,MJI,2026-04-05T02:51:37Z,28,13251.0,2357.27,2223.43,Passenger,77CF32,2026-04-04T23:11:52Z,2026-04-05T02:59:40Z,True
3f10f9dc,RB444,SYR444,SYR,SYR,A320,YK-AKG,LTFM,IST,2026-04-04T23:48:29Z,36,OSAP,ALP,OSAP,ALP,,,,1006.08,919.402,Passenger,778567,2026-04-04T23:27:40Z,2026-04-05T01:01:49Z,True
3f111cd1,RJ431,RJA431,RJA,RJA,A20N,JY-RAD,OJAI,AMM,2026-04-05T00:43:20Z,26L,OSAP,ALP,OSAP,ALP,,,,1418.08,508.6,Passenger,744824,2026-04-05T00:29:34Z,2026-04-05T03:11:42Z,True
3f113dbf,FYC486,FYC486,FYC,FYC,A320,YK-BAG,LTFJ,SAW,2026-04-05T01:50:49Z,06L,OSAP,ALP,OSAP,ALP,,,,956.448,865.735,Passenger,778827,2026-04-05T01:28:57Z,2026-04-05T03:11:19Z,True
3f11477b,DN551,DNA551,DNA,DNA,A320,YR-JUL,LROP,OTP,2026-04-05T02:01:28Z,08L,OSAP,ALP,OSAP,ALP,,,,1377.22,1325.59,Passenger,4A2AAC,2026-04-05T01:47:29Z,2026-04-05T03:57:56Z,True
3f118d41,RB389,SYR389,SYR,SYR,A320,YK-AKG,OSAP,ALP,2026-04-05T04:06:39Z,,OERK,RUH,OERK,RUH,2026-04-05T07:15:03Z,15R,11304.0,3223.86,1545.0,Passenger,778567,2026-04-05T04:08:49Z,2026-04-05T07:21:18Z,True
3f119726,RJ432,RJA432,RJA,RJA,A20N,JY-RAD,OSAP,ALP,2026-04-05T04:37:22Z,27R,OJAI,AMM,OJAI,AMM,2026-04-05T06:37:30Z,26R,7208.0,1455.24,507.741,Passenger,744824,2026-04-05T04:29:50Z,2026-04-05T06:42:34Z,True
3f11b0ff,FYC9601,FYC9601,FYC,FYC,A320,YK-BAC,OSAP,ALP,2026-04-05T05:33:41Z,,OMDB,DXB,OMDB,DXB,2026-04-05T09:56:23Z,,15762.0,4001.88,2113.52,Passenger,778823,2026-04-05T05:25:04Z,2026-04-05T09:56:23Z,True
3f11b8dd,DN552,DNA552,DNA,DNA,A320,YR-JUL,OSAP,ALP,2026-04-05T05:41:58Z,27R,LROP,OTP,LROP,OTP,2026-04-05T07:47:00Z,08R,7502.0,1406.34,1321.62,Passenger,4A2AAC,2026-04-05T05:42:57Z,2026-04-05T08:04:18Z,True
3f125e9c,RJ433,RJA433,RJA,RJA,A20N,JY-RAN,OJAI,AMM,2026-04-05T11:15:00Z,26R,OSAP,ALP,OSAP,ALP,,,,1754.37,495.011,Passenger,74482E,2026-04-05T10:54:58Z,2026-04-05T13:11:07Z,True
3f12e576,RJ434,RJA434,RJA,RJA,A20N,JY-RAN,OSAP,ALP,2026-04-05T14:25:04Z,,OJAI,AMM,OJAI,AMM,2026-04-05T16:28:41Z,26R,7417.0,2123.78,507.712,Passenger,74482E,2026-04-05T14:16:45Z,2026-04-05T16:32:51Z,True
3f133ca9,RB381,SYR381,SYR,SYR,A320,YK-AKG,OSAP,ALP,2026-04-05T16:16:38Z,27R,OEJN,JED,OEJN,JED,2026-04-05T19:17:29Z,34L,10851.0,2138.18,1605.82,Passenger,778567,2026-04-05T16:22:45Z,2026-04-05T19:28:54Z,True
3f1438aa,FYC485,FYC485,FYC,FYC,A320,YK-BAG,OSAP,ALP,2026-04-05T23:11:29Z,,LTFJ,SAW,LTFJ,SAW,2026-04-06T00:29:32Z,,4683.0,940.585,865.587,Passenger,778827,2026-04-05T23:02:39Z,2026-04-06T00:43:11Z,True
3f1476a2,RJ431,RJA431,RJA,RJA,A20N,JY-RAG,OJAI,AMM,2026-04-06T00:58:35Z,26R,OSAP,ALP,OSAP,ALP,,,,1375.02,507.881,Passenger,744827,2026-04-06T00:47:13Z,2026-04-06T02:55:47Z,True
3f1488f7,FYC486,FYC486,FYC,FYC,A320,YK-BAG,LTFJ,SAW,2026-04-06T01:59:03Z,06R,OSAP,ALP,OSAP,ALP,,,,964.052,875.451,Passenger,778827,2026-04-06T01:20:06Z,2026-04-06T03:15:00Z,True
3f14d8e1,FYC1901,FYC1901,FYC,FYC,A320,YK-BAC,OSAP,ALP,2026-04-06T04:02:10Z,,OMSJ,SHJ,OMSJ,SHJ,2026-04-06T08:27:08Z,,15898.0,4216.87,2120.42,Passenger,778823,2026-04-06T03:59:16Z,2026-04-06T08:27:27Z,True
3f14d9b1,RJ432,RJA432,RJA,RJA,A20N,JY-RAG,OSAP,ALP,2026-04-06T04:09:06Z,,OJAI,AMM,OJAI,AMM,2026-04-06T06:08:59Z,,7193.0,1473.76,508.073,Passenger,744827,2026-04-06T04:00:44Z,2026-04-06T06:10:02Z,True
3f15262b,RJ433,RJA433,RJA,RJA,A20N,JY-RAN,OJAI,AMM,2026-04-06T06:48:33Z,26L,OSAP,ALP,OSAP,ALP,2026-04-06T08:45:50Z,,7037.0,1424.01,508.04,Passenger,74482E,2026-04-06T06:37:05Z,2026-04-06T08:49:41Z,True
3f154128,RB443,SYR443,SYR,SYR,A320,YK-AKG,OSAP,ALP,2026-04-06T07:26:09Z,,LTFM,IST,LTFM,IST,2026-04-06T08:55:21Z,35R,5352.0,1028.7,915.427,Passenger,778567,2026-04-06T07:29:32Z,2026-04-06T09:05:56Z,True
3f159a21,RB444,SYR444,SYR,SYR,A320,YK-AKG,LTFM,IST,2026-04-06T10:09:00Z,36,OSAP,ALP,OSAP,ALP,,,,1046.63,928.271,Passenger,778567,2026-04-06T09:45:18Z,2026-04-06T11:37:45Z,True
3f159dc7,RJ434,RJA434,RJA,RJA,A20N,JY-RAN,OSAP,ALP,2026-04-06T09:58:41Z,,OJAI,AMM,OJAI,AMM,2026-04-06T11:58:37Z,26L,7196.0,1551.97,508.016,Passenger,74482E,2026-04-06T09:50:13Z,2026-04-06T12:02:03Z,True
3f16424b,RB381,SYR381,SYR,SYR,B735,YK-SYR,OSAP,ALP,2026-04-06T13:09:26Z,,OEJN,JED,OEJN,JED,2026-04-06T16:28:55Z,34L,11969.0,2569.96,1618.66,Passenger,77CF32,2026-04-06T13:02:22Z,2026-04-06T16:36:28Z,True
3f17bc58,RB445,SYR445,SYR,SYR,A320,YK-AKG,OSAP,ALP,2026-04-06T20:00:12Z,,LTFM,IST,LTFM,IST,2026-04-06T21:35:25Z,17L,5713.0,1088.58,927.886,Passenger,778567,2026-04-06T19:34:43Z,2026-04-06T21:55:56Z,True
3f182c02,RB446,SYR446,SYR,SYR,A320,YK-AKG,LTFM,IST,2026-04-06T23:25:17Z,18,OSAP,ALP,OSAP,ALP,,,,1039.67,927.243,Passenger,778567,2026-04-06T21:56:02Z,2026-04-07T00:50:53Z,True
3f1834e8,FYC485,FYC485,FYC,FYC,A320,YK-BAG,OSAP,ALP,2026-04-06T22:57:04Z,,LTFJ,SAW,LTFJ,SAW,2026-04-07T00:16:04Z,24L,4740.0,911.105,865.858,Passenger,778827,2026-04-06T22:07:39Z,2026-04-07T00:22:50Z,True
3f189f91,RJ431,RJA431,RJA,RJA,A20N,JY-RAG,OJAI,AMM,2026-04-07T00:49:10Z,26L,OSAP,ALP,OSAP,ALP,,,,1439.23,508.186,Passenger,744827,2026-04-07T00:37:10Z,2026-04-07T02:54:30Z,True
3f18c390,FYC486,FYC486,FYC,FYC,A320,YK-BAG,LTFJ,SAW,2026-04-07T02:01:20Z,24L,OSAP,ALP,OSAP,ALP,,,,1000.49,865.276,Passenger,778827,2026-04-07T01:31:09Z,2026-04-07T03:21:14Z,True
3f1916d2,FYC9601,FYC9601,FYC,FYC,A320,YK-BAC,OSAP,ALP,2026-04-07T04:01:02Z,,OMDB,DXB,OMDB,DXB,2026-04-07T08:31:11Z,,16209.0,3932.89,2111.17,Passenger,778823,2026-04-07T03:52:51Z,2026-04-07T08:35:49Z,True
3f191a1a,RJ432,RJA432,RJA,RJA,A20N,JY-RAG,OSAP,ALP,2026-04-07T04:06:10Z,27R,OJAI,AMM,OJAI,AMM,2026-04-07T06:04:14Z,26R,7084.0,1388.27,507.829,Passenger,744827,2026-04-07T03:58:58Z,2026-04-07T06:10:11Z,True
3f192dda,RB1385,SYR1385,SYR,SYR,A320,YK-AKG,OSAP,ALP,2026-04-07T05:42:33Z,,OEMA,MED,OEMA,MED,2026-04-07T08:24:12Z,35,9699.0,1937.39,1310.93,Passenger,778567,2026-04-07T04:36:40Z,2026-04-07T08:27:56Z,True
3f197002,RJ433,RJA433,RJA,RJA,E295,JY-REF,OJAI,AMM,2026-04-07T06:42:14Z,26L,OSAP,ALP,OSAP,ALP,,,,1679.61,508.578,Passenger,7448A6,2026-04-07T06:41:18Z,2026-04-07T08:40:48Z,True
3f19c681,RJ434,RJA434,RJA,RJA,E295,JY-REF,OSAP,ALP,2026-04-07T09:50:45Z,,OJAI,AMM,OJAI,AMM,2026-04-07T11:50:37Z,26L,7192.0,2001.91,508.023,Passenger,7448A6,2026-04-07T09:01:26Z,2026-04-07T11:54:39Z,True
3f19fa51,RB501,SYR501,SYR,SYR,B735,YK-SYR,OSAP,ALP,2026-04-07T10:29:27Z,,OMSJ,SHJ,OMSJ,SHJ,,,,3847.71,2157.98,Passenger,77CF32,2026-04-07T10:18:45Z,2026-04-07T15:12:42Z,True
3f1aef34,RB443,SYR443,SYR,SYR,A320,YK-AKG,OSAP,ALP,,,LTFM,IST,LTFM,IST,2026-04-07T16:19:17Z,35R,,1027.97,916.596,Passenger,778567,2026-04-07T14:46:08Z,2026-04-07T16:37:28Z,True
3f1b5ce7,RB444,SYR444,SYR,SYR,A320,YK-AKG,LTFM,IST,2026-04-07T17:30:54Z,36,OSAP,ALP,OSAP,ALP,,,,1025.1,913.277,Passenger,778567,2026-04-07T16:37:30Z,2026-04-07T18:43:58Z,True
3f1ca3d0,FYC485,FYC485,FYC,FYC,A320,YK-BAG,OSAP,ALP,2026-04-07T23:22:29Z,,LTFJ,SAW,LTFJ,SAW,2026-04-08T00:50:51Z,06L,5302.0,979.179,865.857,Passenger,778827,2026-04-07T23:19:37Z,2026-04-08T00:54:06Z,True
3f1cadf1,RB389,SYR389,SYR,SYR,A320,YK-AKG,OSAP,ALP,2026-04-08T00:23:57Z,,OERK,RUH,OERK,RUH,2026-04-08T03:29:50Z,15R,11153.0,2597.09,1541.32,Passenger,778567,2026-04-07T23:33:33Z,2026-04-08T03:43:36Z,True
3f1cd7ad,RJ431,RJA431,RJA,RJA,A20N,JY-RAF,OJAI,AMM,2026-04-08T00:47:02Z,26L,OSAP,ALP,OSAP,ALP,,,,1669.74,503.132,Passenger,744826,2026-04-08T00:31:10Z,2026-04-08T02:58:19Z,True
3f1d09c3,FYC486,FYC486,FYC,FYC,A320,YK-BAG,LTFJ,SAW,2026-04-08T01:51:46Z,24R,OSAP,ALP,OSAP,ALP,,,,993.67,877.18,Passenger,778827,2026-04-08T01:40:50Z,2026-04-08T03:04:54Z,True
3f1d3ce8,DN551,DNA551,DNA,DNA,A320,YR-JUL,LROP,OTP,2026-04-08T03:07:37Z,08L,OSAP,ALP,OSAP,ALP,,,,1383.63,1325.61,Passenger,4A2AAC,2026-04-08T02:55:21Z,2026-04-08T04:54:33Z,True
3f1d691e,FYC1901,FYC1901,FYC,FYC,A320,YK-BAC,OSAP,ALP,2026-04-08T04:06:56Z,,,,,,,,,3770.69,2119.34,Passenger,778823,2026-04-08T04:06:19Z,2026-04-08T08:13:37Z,True
3f1d6a88,RJ432,RJA432,RJA,RJA,A20N,JY-RAF,OSAP,ALP,2026-04-08T04:17:09Z,,OJAI,AMM,OJAI,AMM,2026-04-08T06:09:20Z,26L,6731.0,1639.82,508.159,Passenger,744826,2026-04-08T04:08:39Z,2026-04-08T06:12:50Z,True
3f1db180,DN552,DNA552,DNA,DNA,A320,YR-JUL,OSAP,ALP,2026-04-08T06:29:12Z,,LROP,OTP,LROP,OTP,2026-04-08T08:43:35Z,08R,8063.0,1411.63,1325.71,Passenger,4A2AAC,2026-04-08T06:04:01Z,2026-04-08T08:50:49Z,True
3f1dd4b9,RJ433,RJA433,RJA,RJA,E290,JY-RED,OJAI,AMM,2026-04-08T07:02:19Z,26R,OSAP,ALP,OSAP,ALP,,,,1423.76,507.307,Passenger,7448A4,2026-04-08T07:01:26Z,2026-04-08T09:01:10Z,True
3f1e5024,RJ434,RJA434,RJA,RJA,E290,JY-RED,OSAP,ALP,2026-04-08T09:57:47Z,27R,OJAI,AMM,OJAI,AMM,2026-04-08T11:56:15Z,26L,7108.0,1546.45,508.311,Passenger,7448A4,2026-04-08T10:00:23Z,2026-04-08T11:56:48Z,True
3f1efe7c,RB443,SYR443,SYR,SYR,B735,YK-SYR,OSAP,ALP,2026-04-08T13:25:26Z,09L,LTFM,IST,LTFM,IST,2026-04-08T15:10:18Z,35R,6292.0,1047.95,928.313,Passenger,77CF32,2026-04-08T13:18:05Z,2026-04-08T15:20:38Z,True
3f1fa7b6,,YKBAG,FYC,FYC,A320,YK-BAG,OSAP,ALP,2026-04-08T15:55:05Z,09L,,,,,,,,432.589,313.805,Passenger,778827,2026-04-08T15:54:03Z,2026-04-08T16:37:31Z,True
3f1fc448,RB444,SYR444,SYR,SYR,B735,YK-SYR,LTFM,IST,2026-04-08T16:55:41Z,35L,OSAP,ALP,OSAP,ALP,,,,1053.79,931.262,Passenger,77CF32,2026-04-08T16:22:01Z,2026-04-08T18:19:18Z,True
3f1ff31a,FYC1902,FYC1902,FYC,FYC,A320,YK-BAC,OSAP,ALP,2026-04-08T17:11:59Z,09R,,,,,,,,1879.31,309.787,Passenger,778823,2026-04-08T17:08:03Z,2026-04-08T17:53:12Z,True
3f2169e1,RJ431,RJA431,RJA,RJA,A20N,JY-RAK,OJAI,AMM,2026-04-09T00:35:04Z,26R,OSAP,ALP,OSAP,ALP,,,,1390.39,507.287,Passenger,74482B,2026-04-09T00:24:02Z,2026-04-09T02:28:40Z,True
3f21cd02,RJ432,RJA432,RJA,RJA,A20N,JY-RAK,OSAP,ALP,2026-04-09T04:04:16Z,27R,OJAI,AMM,OJAI,AMM,2026-04-09T05:59:48Z,26R,6932.0,1729.83,507.721,Passenger,74482B,2026-04-09T02:43:44Z,2026-04-09T06:04:10Z,True
3f22edb0,FYC1902,FYC1902,FYC,FYC,A320,YK-BAG,OMSJ,SHJ,2026-04-09T12:18:29Z,30,OSAP,ALP,OSAP,ALP,,,,2716.43,2047.17,Passenger,778827,2026-04-09T10:19:38Z,2026-04-09T17:25:09Z,True
3f231c58,RJ433,RJA433,RJA,RJA,A20N,JY-RAH,OJAI,AMM,2026-04-09T11:32:11Z,26L,OSAP,ALP,OSAP,ALP,,,,761.141,481.44,Passenger,744828,2026-04-09T11:20:51Z,2026-04-09T12:47:59Z,True
3f2367c6,RB443,SYR443,SYR,SYR,A320,YK-AKG,OSAP,ALP,2026-04-09T13:39:46Z,,LTFM,IST,LTFM,IST,2026-04-09T15:12:31Z,35R,5565.0,994.049,927.639,Passenger,778567,2026-04-09T12:50:26Z,2026-04-09T15:24:48Z,True
3f237c59,RJ434,RJA433,RJA,RJA,A20N,JY-RAH,OSAP,ALP,,,OJAI,AMM,OJAI,AMM,,,,7.31246,7.31247,Passenger,744828,2026-04-09T13:03:03Z,2026-04-09T13:18:05Z,True
3f23cc81,RJ434,RJA434,RJA,RJA,A20N,JY-RAH,OSAP,ALP,2026-04-09T14:26:10Z,,OJAI,AMM,OJAI,AMM,2026-04-09T15:31:55Z,26L,3945.0,696.968,507.987,Passenger,744828,2026-04-09T14:20:21Z,2026-04-09T15:35:25Z,True
3f246897,RB444,SYR444,SYR,SYR,A320,YK-AKG,LTFM,IST,2026-04-09T17:32:35Z,36,OSAP,ALP,OSAP,ALP,,,,1081.32,926.964,Passenger,778567,2026-04-09T16:52:57Z,2026-04-09T18:56:59Z,True
3f252fd6,RB444,SYR444,SYR,SYR,A320,YK-AKG,OSAP,ALP,2026-04-09T20:24:50Z,09L,,,,,,,,335.708,304.219,Passenger,778567,2026-04-09T20:24:55Z,2026-04-09T20:54:59Z,True
3f25ced6,FYC7782,FYC7782,FYC,FYC,A320,YK-BAC,OOMS,MCT,2026-04-09T23:40:53Z,26R,OSAP,ALP,OSAP,ALP,,,,3038.59,2387.44,Passenger,778823,2026-04-09T23:39:02Z,2026-04-10T03:55:04Z,True
3f262455,RJ431,RJA431,RJA,RJA,A20N,JY-RAH,OJAI,AMM,2026-04-10T01:39:46Z,26L,OSAP,ALP,OSAP,ALP,,,,639.119,508.009,Passenger,744828,2026-04-10T01:29:09Z,2026-04-10T02:44:15Z,True
3f2662cf,RJ432,RJA432,RJA,RJA,A20N,JY-RAH,OSAP,ALP,2026-04-10T03:55:54Z,,OJAI,AMM,OJAI,AMM,2026-04-10T04:56:15Z,26R,3621.0,805.453,507.684,Passenger,744828,2026-04-10T02:59:18Z,2026-04-10T04:59:49Z,True
3f278dd2,RJ433,RJA433,RJA,RJA,A320,JY-AYR,OJAI,AMM,2026-04-10T10:46:43Z,26L,OSAP,ALP,OSAP,ALP,,,,532.189,423.723,Passenger,740732,2026-04-10T10:49:19Z,2026-04-10T11:31:52Z,True
3f27fb8f,RJ434,RJA434,RJA,RJA,A320,JY-AYR,OSAP,ALP,2026-04-10T13:00:31Z,,OJAI,AMM,OJAI,AMM,2026-04-10T14:04:12Z,26L,3821.0,587.802,507.998,Passenger,740732,2026-04-10T12:55:21Z,2026-04-10T14:08:18Z,True
3f28183e,RB443,SYR443,SYR,SYR,B735,YK-SYR,OSAP,ALP,2026-04-10T13:35:52Z,,LTFM,IST,LTFM,IST,2026-04-10T15:14:27Z,35R,5915.0,1028.73,928.123,Passenger,77CF32,2026-04-10T13:23:22Z,2026-04-10T15:24:00Z,True
3f2a8ae4,RJ431,RJA431,RJA,RJA,A20N,JY-RAN,OJAI,AMM,2026-04-11T01:50:59Z,26R,OSAP,ALP,OSAP,ALP,,,,599.144,490.557,Passenger,74482E,2026-04-11T01:36:35Z,2026-04-11T02:51:17Z,True
3f2adc81,RJ432,RJA432,RJA,RJA,A20N,JY-RAN,OSAP,ALP,2026-04-11T04:29:26Z,,OJAI,AMM,OJAI,AMM,2026-04-11T05:26:17Z,08R,3411.0,646.218,508.12,Passenger,74482E,2026-04-11T04:15:37Z,2026-04-11T05:29:29Z,True
3f2b39cb,RJ433,RJA433,RJA,RJA,A20N,JY-RAB,OJAI,AMM,2026-04-11T07:46:51Z,26L,OSAP,ALP,OSAP,ALP,,,,589.41,508.71,Passenger,744822,2026-04-11T07:29:35Z,2026-04-11T08:40:24Z,True
3f2b86c9,RJ434,RJA434,RJA,RJA,A20N,JY-RAB,OSAP,ALP,2026-04-11T09:43:11Z,,OJAI,AMM,OJAI,AMM,2026-04-11T10:42:24Z,26L,3553.0,621.81,508.022,Passenger,744822,2026-04-11T09:36:22Z,2026-04-11T10:47:06Z,True
3f2e438d,RJ431,RJA431,RJA,RJA,A20N,JY-RAN,OJAI,AMM,2026-04-12T01:45:41Z,26R,OSAP,ALP,OSAP,ALP,,,,596.179,507.227,Passenger,74482E,2026-04-12T01:35:02Z,2026-04-12T02:45:54Z,True
3f2e8620,RJ432,RJA432,RJA,RJA,A20N,JY-RAN,OSAP,ALP,2026-04-12T04:10:47Z,09L,OJAI,AMM,OJAI,AMM,2026-04-12T05:05:27Z,,3280.0,571.386,508.072,Passenger,74482E,2026-04-12T04:02:34Z,2026-04-12T05:06:57Z,True
3f2f8c76,RJ433,RJA433,RJA,RJA,E295,JY-REB,OJAI,AMM,2026-04-12T12:02:25Z,26L,OSAP,ALP,OSAP,ALP,,,,533.07,446.097,Passenger,7448A2,2026-04-12T12:01:17Z,2026-04-12T12:46:11Z,True
3f2fedca,RJ434,RJA434,RJA,RJA,E295,JY-REB,OSAP,ALP,2026-04-12T14:05:38Z,,OJAI,AMM,OJAI,AMM,2026-04-12T15:01:55Z,26L,3377.0,599.533,508.016,Passenger,7448A2,2026-04-12T14:03:08Z,2026-04-12T15:02:01Z,True
3f31bc21,RJ431,RJA431,RJA,RJA,A20N,JY-RAL,OJAI,AMM,2026-04-13T01:49:27Z,26R,OSAP,ALP,OSAP,ALP,,,,636.586,507.917,Passenger,74482C,2026-04-13T01:36:13Z,2026-04-13T02:51:19Z,True
3f320825,RJ432,RJA432,RJA,RJA,A20N,JY-RAL,OSAP,ALP,2026-04-13T04:08:47Z,,OJAI,AMM,OJAI,AMM,2026-04-13T05:04:20Z,26L,3333.0,607.197,508.095,Passenger,74482C,2026-04-13T03:57:30Z,2026-04-13T05:07:59Z,True
3f325863,RB444,SYR444,SYR,SYR,B735,YK-SYR,LTFM,IST,2026-04-13T06:29:06Z,35L,OSAP,ALP,OSAP,ALP,,,,1054.27,931.707,Passenger,77CF32,2026-04-13T06:16:14Z,2026-04-13T07:50:19Z,True
3f3290cb,RJ433,RJA433,RJA,RJA,E290,JY-REE,OJAI,AMM,2026-04-13T07:55:29Z,26R,OSAP,ALP,OSAP,ALP,,,,590.226,476.883,Passenger,7448A5,2026-04-13T07:54:23Z,2026-04-13T08:52:20Z,True
3f32d221,,UNO501H,IGC,UNO,CRJ2,YI-BAI,OSAP,ALP,2026-04-13T09:50:01Z,,,,,,,,,318.888,296.533,Business_jets,728829,2026-04-13T09:51:50Z,2026-04-13T10:22:55Z,True
3f32df3c,RJ434,RJA434,RJA,RJA,E290,JY-REE,OSAP,ALP,2026-04-13T10:10:48Z,,OJAI,AMM,OJAI,AMM,2026-04-13T11:03:00Z,,3132.0,956.424,504.458,Passenger,7448A5,2026-04-13T10:12:12Z,2026-04-13T11:03:00Z,True
3f34a89b,RB445,SYR445,SYR,SYR,B735,YK-SYR,OSAP,ALP,2026-04-13T19:52:06Z,09L,LTFM,IST,LTFM,IST,2026-04-13T21:36:49Z,35R,6283.0,1038.62,927.745,Passenger,77CF32,2026-04-13T19:42:51Z,2026-04-13T21:50:10Z,True
3f358e07,RJ431,RJA431,RJA,RJA,A20N,JY-RAK,OJAI,AMM,2026-04-14T01:51:53Z,08L,OSAP,ALP,OSAP,ALP,,,,602.24,504.098,Passenger,74482B,2026-04-14T01:04:13Z,2026-04-14T02:48:13Z,True
3f35ab16,FYC492,FYC492,FYC,FYC,A320,YK-BAC,LTFJ,SAW,2026-04-14T02:03:08Z,06R,OSAP,ALP,OSAP,ALP,,,,941.955,865.933,Passenger,778823,2026-04-14T01:47:00Z,2026-04-14T03:18:15Z,True
3f35e362,RJ432,RJA432,RJA,RJA,A20N,JY-RAK,OSAP,ALP,2026-04-14T04:04:18Z,27R,OJAI,AMM,OJAI,AMM,2026-04-14T05:06:57Z,08L,3759.0,671.348,508.063,Passenger,74482B,2026-04-14T03:18:18Z,2026-04-14T05:12:42Z,True
3f36259b,FYC9601,FYC9601,FYC,FYC,A320,YK-BAC,OSAP,ALP,2026-04-14T05:17:49Z,09L,OMDB,DXB,OMDB,DXB,2026-04-14T08:46:02Z,30L,12493.0,2900.02,2111.19,Passenger,778823,2026-04-14T05:09:29Z,2026-04-14T08:48:57Z,True
3f367db9,RJ433,RJA433,RJA,RJA,E290,JY-RED,OJAI,AMM,2026-04-14T07:38:53Z,08L,OSAP,ALP,OSAP,ALP,,,,617.01,500.437,Passenger,7448A4,2026-04-14T07:36:46Z,2026-04-14T08:33:41Z,True
3f36e18f,RJ434,RJA434,RJA,RJA,E290,JY-RED,OSAP,ALP,2026-04-14T10:18:56Z,,OJAI,AMM,OJAI,AMM,2026-04-14T11:21:10Z,08R,3734.0,673.406,507.302,Passenger,7448A4,2026-04-14T10:18:54Z,2026-04-14T11:21:47Z,True
3f395e40,FYC491,FYC491,FYC,FYC,A320,YK-BAC,OSAP,ALP,2026-04-14T23:02:18Z,,LTFJ,SAW,LTFJ,SAW,2026-04-15T00:32:11Z,06R,5393.0,941.726,865.862,Passenger,778823,2026-04-14T22:55:02Z,2026-04-15T00:40:50Z,True
3f39cdb4,RJ431,RJA431,RJA,RJA,A20N,JY-RAA,OJAI,AMM,2026-04-15T01:42:52Z,08L,OSAP,ALP,OSAP,ALP,,,,573.98,508.325,Passenger,744821,2026-04-15T01:40:53Z,2026-04-15T02:40:35Z,True
3f3a0d5f,RJ432,RJA432,RJA,RJA,A20N,JY-RAA,OSAP,ALP,2026-04-15T03:54:51Z,09L,OJAI,AMM,OJAI,AMM,2026-04-15T04:55:36Z,08L,3645.0,651.971,508.136,Passenger,744821,2026-04-15T03:43:32Z,2026-04-15T05:01:06Z,True
3f3a6cc9,RB389,SYR389,SYR,SYR,A320,YK-AKG,OSAP,ALP,2026-04-15T07:35:47Z,09L,OERK,RUH,OERK,RUH,2026-04-15T09:52:55Z,33L,8228.0,2785.88,1541.39,Passenger,778567,2026-04-15T06:48:09Z,2026-04-15T10:03:48Z,True
3f3a909c,RJ433,RJA433,RJA,RJA,A20N,JY-RAN,OJAI,AMM,2026-04-15T08:01:47Z,08R,OSAP,ALP,OSAP,ALP,,,,647.509,506.81,Passenger,74482E,2026-04-15T07:52:12Z,2026-04-15T08:53:17Z,True
3f3ad6e0,RJ434,RJA434,RJA,RJA,A20N,JY-RAN,OSAP,ALP,2026-04-15T09:51:47Z,09R,OJAI,AMM,OJAI,AMM,2026-04-15T10:51:07Z,08R,3560.0,621.002,508.035,Passenger,74482E,2026-04-15T09:44:14Z,2026-04-15T10:55:27Z,True
3f3b7893,FYC526,FYC526,FYC,FYC,A320,YK-BAA,ORER,EBL,,,OSAP,ALP,OSAP,ALP,,,,1203.67,597.396,Passenger,778821,2026-04-15T13:07:22Z,2026-04-15T14:33:19Z,True
3f3c170d,FYC455,FYC455,FYC,FYC,A320,YK-BAA,OSAP,ALP,2026-04-15T15:56:38Z,09L,UDYZ,EVN,UDYZ,EVN,2026-04-15T17:06:01Z,08,4163.0,1085.49,766.962,Passenger,778821,2026-04-15T15:42:30Z,2026-04-15T17:30:03Z,True
3f3cac90,FYC456,FYC456,FYC,FYC,A320,YK-BAA,UDYZ,EVN,2026-04-15T18:43:08Z,08,OSAP,ALP,OSAP,ALP,,,,916.238,779.29,Passenger,778821,2026-04-15T18:27:43Z,2026-04-15T20:04:38Z,True
3f3d31eb,FYC525,FYC525,FYC,FYC,A320,YK-BAA,OSAP,ALP,2026-04-15T21:14:03Z,09L,ORER,EBL,ORER,EBL,,,,1200.48,604.491,Passenger,778821,2026-04-15T21:10:43Z,2026-04-15T22:42:44Z,True
3f3de8fa,RJ431,RJA431,RJA,RJA,A20N,JY-RAI,OJAI,AMM,2026-04-16T01:46:51Z,08R,OSAP,ALP,OSAP,ALP,,,,575.747,507.754,Passenger,744829,2026-04-16T01:36:15Z,2026-04-16T02:37:50Z,True
3f3e307e,RJ432,RJA432,RJA,RJA,A20N,JY-RAI,OSAP,ALP,2026-04-16T03:57:55Z,,OJAI,AMM,OJAI,AMM,2026-04-16T04:58:34Z,08L,3639.0,642.656,508.186,Passenger,744829,2026-04-16T03:47:31Z,2026-04-16T05:04:05Z,True
3f3f4c9b,RJ433,RJA433,RJA,RJA,E290,JY-REC,OJAI,AMM,2026-04-16T11:23:23Z,08R,OSAP,ALP,OSAP,ALP,,,,584.853,504.04,Passenger,7448A3,2026-04-16T11:22:29Z,2026-04-16T12:16:17Z,True
3f3fb99b,RJ434,RJA434,RJA,RJA,E290,JY-REC,OSAP,ALP,2026-04-16T13:14:54Z,27R,OJAI,AMM,OJAI,AMM,2026-04-16T14:11:38Z,08L,3404.0,615.515,506.515,Passenger,7448A3,2026-04-16T13:16:16Z,2026-04-16T14:12:09Z,True
3f424a5c,RJ431,RJA431,RJA,RJA,A20N,JY-RAH,OJAI,AMM,2026-04-17T01:51:37Z,08R,OSAP,ALP,OSAP,ALP,,,,2900.21,507.283,Passenger,744828,2026-04-17T01:37:38Z,2026-04-17T02:50:15Z,True
3f4258a1,FYC492,FYC492,FYC,FYC,A320,YK-BAC,LTFJ,SAW,2026-04-17T02:07:35Z,06L,OSAP,ALP,OSAP,ALP,,,,950.965,857.516,Passenger,778823,2026-04-17T02:01:08Z,2026-04-17T03:23:34Z,True
3f429748,RJ432,RJA432,RJA,RJA,A20N,JY-RAH,OSAP,ALP,2026-04-17T04:04:30Z,,OJAI,AMM,OJAI,AMM,2026-04-17T05:02:01Z,,3451.0,642.219,508.124,Passenger,744828,2026-04-17T03:54:36Z,2026-04-17T05:05:40Z,True
3f42b23b,FYC9601,FYC9601,FYC,FYC,A320,YK-BAC,OSAP,ALP,2026-04-17T04:48:17Z,09L,OMDB,DXB,OMDB,DXB,2026-04-17T08:22:23Z,30L,12846.0,3174.91,2109.72,Passenger,778823,2026-04-17T04:43:48Z,2026-04-17T08:31:42Z,True
3f43af04,RJ433,RJA433,RJA,RJA,A20N,JY-RAN,OJAI,AMM,2026-04-17T11:39:23Z,26L,OSAP,ALP,OSAP,ALP,,,,640.601,506.524,Passenger,74482E,2026-04-17T11:17:18Z,2026-04-17T12:35:13Z,True
3f44293a,RJ434,RJA434,RJA,RJA,A20N,JY-RAN,OSAP,ALP,2026-04-17T13:33:14Z,,OJAI,AMM,OJAI,AMM,2026-04-17T14:35:34Z,26L,3740.0,630.504,508.069,Passenger,74482E,2026-04-17T13:23:56Z,2026-04-17T14:39:48Z,True
3f462e2e,FYC491,FYC491,FYC,FYC,A320,YK-BAC,OSAP,ALP,2026-04-17T23:00:54Z,,LTFJ,SAW,LTFJ,SAW,2026-04-18T00:23:55Z,06L,4981.0,979.936,864.787,Passenger,778823,2026-04-17T23:00:20Z,2026-04-18T00:29:31Z,True
3f4690a2,RJ431,RJA431,RJA,RJA,A20N,JY-RAH,OJAI,AMM,2026-04-18T01:49:24Z,26R,OSAP,ALP,OSAP,ALP,2026-04-18T03:50:53Z,,7289.0,1324.96,507.649,Passenger,744828,2026-04-18T01:36:01Z,2026-04-18T03:55:08Z,True
3f46f42f,RJ432,RJA432,RJA,RJA,A20N,JY-RAH,OSAP,ALP,,,OJAI,AMM,OJAI,AMM,2026-04-18T05:49:20Z,26R,,555.916,493.233,Passenger,744828,2026-04-18T04:57:48Z,2026-04-18T06:00:27Z,True
3f474471,RJ433,RJA433,RJA,RJA,A20N,JY-RAH,OJAI,AMM,2026-04-18T08:01:55Z,26L,OSAP,ALP,OSAP,ALP,,,,593.595,506.237,Passenger,744828,2026-04-18T07:37:36Z,2026-04-18T08:50:26Z,True
3f479636,RJ434,RJA434,RJA,RJA,A20N,JY-RAH,OSAP,ALP,2026-04-18T09:44:54Z,,OJAI,AMM,OJAI,AMM,2026-04-18T10:46:16Z,26L,3682.0,608.371,508.017,Passenger,744828,2026-04-18T09:39:08Z,2026-04-18T10:49:16Z,True
3f4a3b9c,RJ431,RJA431,RJA,RJA,A20N,JY-RAD,OJAI,AMM,2026-04-19T01:48:15Z,26L,OSAP,ALP,OSAP,ALP,,,,602.397,507.714,Passenger,744824,2026-04-19T00:42:39Z,2026-04-19T02:44:02Z,True
3f4a9173,RJ432,RJA432,RJA,RJA,A20N,JY-RAD,OSAP,ALP,2026-04-19T03:50:35Z,,OJAI,AMM,OJAI,AMM,2026-04-19T04:50:03Z,26R,3568.0,593.553,507.852,Passenger,744824,2026-04-19T03:43:41Z,2026-04-19T04:54:28Z,True
3f4b3411,RJ433,RJA433,RJA,RJA,A20N,JY-RAN,OJAI,AMM,2026-04-19T12:04:36Z,26L,OSAP,ALP,OSAP,ALP,,,,594.775,506.648,Passenger,74482E,2026-04-19T09:11:36Z,2026-04-19T12:55:53Z,True
3f4bf776,RJ434,RJA434,RJA,RJA,A20N,JY-RAN,OSAP,ALP,2026-04-19T13:54:02Z,09L,OJAI,AMM,OJAI,AMM,,,,534.7,464.732,Passenger,74482E,2026-04-19T13:47:32Z,2026-04-19T14:42:11Z,True
3f4dfdb2,RJ431,RJA431,RJA,RJA,E295,JY-REA,OJAI,AMM,2026-04-20T01:49:06Z,26L,OSAP,ALP,OSAP,ALP,,,,532.257,447.618,Passenger,7448A1,2026-04-20T01:47:56Z,2026-04-20T02:33:27Z,True
3f4e3ebe,RJ432,RJA432,RJA,RJA,E295,JY-REA,OSAP,ALP,2026-04-20T03:56:26Z,09L,OJAI,AMM,OJAI,AMM,2026-04-20T04:58:31Z,26L,3725.0,591.749,508.292,Passenger,7448A1,2026-04-20T03:57:32Z,2026-04-20T04:58:39Z,True
3f4e7dc2,RB444,SYR444,SYR,SYR,B735,YK-SYR,LTFM,IST,2026-04-20T06:08:53Z,36,OSAP,ALP,OSAP,ALP,,,,1027.56,936.001,Passenger,77CF32,2026-04-20T05:59:17Z,2026-04-20T07:34:08Z,True
3f4eae97,RJ433,RJA433,RJA,RJA,E295,JY-REG,OJAI,AMM,2026-04-20T07:41:25Z,26L,OSAP,ALP,OSAP,ALP,,,,641.052,509.483,Passenger,7448A7,2026-04-20T07:29:26Z,2026-04-20T08:33:48Z,True
3f4ef4b8,RJ434,RJA434,RJA,RJA,E295,JY-REG,OSAP,ALP,2026-04-20T09:32:06Z,,OJAI,AMM,OJAI,AMM,2026-04-20T10:32:24Z,26L,3618.0,695.059,507.613,Passenger,7448A7,2026-04-20T09:24:59Z,2026-04-20T10:35:59Z,True
3f511a22,RB445,SYR445,SYR,SYR,B735,YK-SYR,OSAP,ALP,2026-04-20T20:04:57Z,09L,LTFM,IST,LTFM,IST,2026-04-20T21:39:54Z,18,5697.0,1047.35,927.599,Passenger,77CF32,2026-04-20T19:50:48Z,2026-04-20T21:44:10Z,True
3f520a7b,FYC492,FYC492,FYC,FYC,A320,YK-BAC,LTFJ,SAW,2026-04-21T01:47:36Z,24L,OSAP,ALP,OSAP,ALP,,,,1225.7,877.326,Passenger,778823,2026-04-21T01:26:08Z,2026-04-21T03:02:35Z,True
3f520acb,RJ431,RJA431,RJA,RJA,A20N,JY-RAK,OJAI,AMM,2026-04-21T01:39:07Z,26R,OSAP,ALP,OSAP,ALP,,,,1735.92,507.697,Passenger,74482B,2026-04-21T01:26:41Z,2026-04-21T02:35:38Z,True
3f523bf9,RJ432,RJA432,RJA,RJA,A20N,JY-RAK,OSAP,ALP,2026-04-21T03:43:57Z,09L,OJAI,AMM,OJAI,AMM,2026-04-21T04:42:13Z,08L,3496.0,683.242,508.111,Passenger,74482B,2026-04-21T02:50:57Z,2026-04-21T04:46:02Z,True
3f527dae,FYC9601,FYC9601,FYC,FYC,A320,YK-BAC,OSAP,ALP,2026-04-21T04:57:55Z,09L,OMDB,DXB,OMDB,DXB,2026-04-21T08:15:47Z,,11872.0,3329.25,2107.38,Passenger,778823,2026-04-21T04:54:36Z,2026-04-21T08:24:05Z,True
3f52db2b,RJ433,RJA433,RJA,RJA,E290,JY-REC,OJAI,AMM,2026-04-21T07:54:30Z,26R,OSAP,ALP,OSAP,ALP,2026-04-21T08:54:02Z,,3572.0,4984.59,507.306,Passenger,7448A3,2026-04-21T07:41:07Z,2026-04-21T08:54:02Z,True
3f532542,RJ434,RJA434,RJA,RJA,E290,JY-REC,OSAP,ALP,2026-04-21T09:50:53Z,,OJAI,AMM,OJAI,AMM,2026-04-21T10:45:33Z,26L,3280.0,566.426,507.659,Passenger,7448A3,2026-04-21T09:41:26Z,2026-04-21T10:51:30Z,True
3f53438a,FYC9602,FYC9602,FYC,FYC,A320,YK-BAC,OMDB,DXB,2026-04-21T10:52:24Z,30R,OSAP,ALP,OSAP,ALP,2026-04-21T15:06:12Z,27R,15228.0,3080.51,2106.87,Passenger,778823,2026-04-21T10:27:31Z,2026-04-21T15:03:19Z,True
3f55d318,FYC491,FYC491,FYC,FYC,A320,YK-BAC,OSAP,ALP,2026-04-21T23:03:26Z,,LTFJ,SAW,LTFJ,SAW,2026-04-22T00:29:20Z,06R,5154.0,941.489,866.103,Passenger,778823,2026-04-21T23:02:03Z,2026-04-22T00:44:41Z,True
3f564d87,RJ431,RJA431,RJA,RJA,E295,JY-REB,OJAI,AMM,2026-04-22T02:12:54Z,26R,OSAP,ALP,OSAP,ALP,2026-04-22T03:20:17Z,,4043.0,630.592,504.825,Passenger,7448A2,2026-04-22T02:11:58Z,2026-04-22T03:06:52Z,True
3f568f93,RJ432,RJA432,RJA,RJA,E295,JY-REB,OSAP,ALP,2026-04-22T04:14:23Z,,OJAI,AMM,OJAI,AMM,2026-04-22T05:08:02Z,08R,3219.0,627.649,508.029,Passenger,7448A2,2026-04-22T04:13:39Z,2026-04-22T05:08:02Z,True
3f5a4171,RJ431,RJA431,RJA,RJA,A20N,JY-RAF,OJAI,AMM,2026-04-23T01:51:08Z,26R,OSAP,ALP,OSAP,ALP,2026-04-23T02:52:41Z,,3693.0,825.488,508.451,Passenger,744826,2026-04-23T00:18:36Z,2026-04-23T02:44:40Z,True
3f5a994b,VF340,TKJ340,TKJ,TKJ,B738,TC-JHB,LTFJ,SAW,2026-04-23T02:58:09Z,06L,OSAP,ALP,OSAP,ALP,,,,942.221,871.442,Passenger,4BA902,2026-04-23T02:41:44Z,2026-04-23T04:11:59Z,True
3f5ab67a,RJ432,RJA432,RJA,RJA,A20N,JY-RAF,OSAP,ALP,2026-04-23T03:46:56Z,,OJAI,AMM,OJAI,AMM,2026-04-23T04:41:48Z,26L,3292.0,618.655,508.062,Passenger,744826,2026-04-23T03:36:29Z,2026-04-23T04:44:42Z,True
3f5b2183,VF341,TKJ341,TKJ,TKJ,B738,TC-JHB,OSAP,ALP,2026-04-23T07:03:47Z,,LTFJ,SAW,LTFJ,SAW,2026-04-23T08:36:49Z,06R,5582.0,1037.53,866.051,Passenger,4BA902,2026-04-23T06:54:24Z,2026-04-23T08:47:37Z,True
3f5b7181,RJ433,RJA433,RJA,RJA,A20N,JY-RAN,OJAI,AMM,2026-04-23T11:13:00Z,26L,OSAP,ALP,OSAP,ALP,,,,590.049,509.168,Passenger,74482E,2026-04-23T09:04:04Z,2026-04-23T12:05:14Z,True
3f5c269f,RJ434,RJA434,RJA,RJA,A20N,JY-RAN,OSAP,ALP,2026-04-23T12:57:20Z,,OJAI,AMM,OJAI,AMM,2026-04-23T13:57:01Z,26L,3581.0,595.466,508.018,Passenger,74482E,2026-04-23T12:50:22Z,2026-04-23T14:00:06Z,True
3f5ec8f6,FYC492,FYC492,FYC,FYC,A320,YK-BAC,LTFJ,SAW,2026-04-24T01:45:30Z,24L,OSAP,ALP,OSAP,ALP,,,,1053.23,858.822,Passenger,778823,2026-04-24T01:21:08Z,2026-04-24T02:54:56Z,True
3f5edace,RJ431,RJA431,RJA,RJA,E295,JY-REA,OJAI,AMM,2026-04-24T01:50:31Z,26R,OSAP,ALP,OSAP,ALP,,,,547.047,435.976,Passenger,7448A1,2026-04-24T01:48:56Z,2026-04-24T02:35:54Z,True
3f5f1b26,RJ432,RJA432,RJA,RJA,E295,JY-REA,OSAP,ALP,2026-04-24T03:43:06Z,,OJAI,AMM,OJAI,AMM,2026-04-24T04:40:39Z,26L,3453.0,588.099,508.113,Passenger,7448A1,2026-04-24T03:43:11Z,2026-04-24T04:41:11Z,True
3f5f4b97,FYC9601,FYC9601,FYC,FYC,A320,YK-BAC,OSAP,ALP,2026-04-24T05:12:31Z,09L,OMDB,DXB,OMDB,DXB,2026-04-24T08:48:59Z,30L,12988.0,4152.08,2109.72,Passenger,778823,2026-04-24T05:09:40Z,2026-04-24T09:03:09Z,True
3f6009c8,RJ433,RJA433,RJA,RJA,A20N,JY-RAC,OJAI,AMM,2026-04-24T10:22:51Z,26L,OSAP,ALP,OSAP,ALP,2026-04-24T11:26:33Z,,3822.0,604.691,508.203,Passenger,744823,2026-04-24T10:11:18Z,2026-04-24T11:26:33Z,True
3f6079c9,RJ434,RJA434,RJA,RJA,A20N,JY-RAC,OSAP,ALP,2026-04-24T12:32:44Z,,OJAI,AMM,OJAI,AMM,2026-04-24T13:30:29Z,26L,3465.0,649.023,508.02,Passenger,744823,2026-04-24T12:24:46Z,2026-04-24T13:33:13Z,True
3f62c29f,FYC491,FYC491,FYC,FYC,A320,YK-BAC,OSAP,ALP,2026-04-24T22:51:38Z,,LTFJ,SAW,LTFJ,SAW,2026-04-25T00:12:56Z,06R,4878.0,928.889,865.729,Passenger,778823,2026-04-24T22:47:19Z,2026-04-25T00:25:42Z,True
3f6339aa,RJ431,RJA431,RJA,RJA,E290,JY-REC,OJAI,AMM,2026-04-25T01:54:31Z,26L,OSAP,ALP,OSAP,ALP,2026-04-25T02:59:53Z,27R,3922.0,588.167,507.372,Passenger,7448A3,2026-04-25T01:52:58Z,2026-04-25T02:53:07Z,True
3f63758a,RJ432,RJA432,RJA,RJA,E290,JY-REC,OSAP,ALP,2026-04-25T03:52:00Z,,OJAI,AMM,OJAI,AMM,2026-04-25T04:53:10Z,26L,3670.0,588.927,508.569,Passenger,7448A3,2026-04-25T03:53:22Z,2026-04-25T04:53:13Z,True
3f6381ed,TK844,THY844,THY,THY,B739,TC-JYI,LTFM,IST,2026-04-25T04:54:02Z,17R,OSAP,ALP,OSAP,ALP,2026-04-25T06:22:21Z,,5299.0,1033.05,928.303,Passenger,4BAB29,2026-04-25T04:17:16Z,2026-04-25T06:25:56Z,True
3f63ea00,RJ433,RJA433,RJA,RJA,A20N,JY-RAC,OJAI,AMM,2026-04-25T08:02:22Z,08L,OSAP,ALP,OSAP,ALP,2026-04-25T09:04:16Z,,3714.0,574.919,507.676,Passenger,744823,2026-04-25T07:47:33Z,2026-04-25T09:04:16Z,True
3f6402a5,TK845,THY845,THY,THY,B739,TC-JYI,OSAP,ALP,2026-04-25T08:29:43Z,09L,LTFM,IST,LTFM,IST,2026-04-25T10:10:47Z,35R,6064.0,1099.2,928.457,Passenger,4BAB29,2026-04-25T08:26:34Z,2026-04-25T10:20:29Z,True
3f643cdf,RJ434,RJA434,RJA,RJA,A20N,JY-RAC,OSAP,ALP,2026-04-25T10:06:45Z,09R,OJAI,AMM,OJAI,AMM,2026-04-25T11:06:20Z,08L,3575.0,635.408,508.117,Passenger,744823,2026-04-25T09:53:08Z,2026-04-25T11:13:51Z,True
3f66e994,RJ431,RJA431,RJA,RJA,A20N,JY-RAK,OJAI,AMM,2026-04-26T01:52:13Z,26L,OSAP,ALP,OSAP,ALP,2026-04-26T02:48:52Z,,3399.0,650.371,507.692,Passenger,74482B,2026-04-26T01:40:58Z,2026-04-26T02:48:52Z,True
3f670f18,VF340,TKJ340,TKJ,TKJ,B738,TC-JHE,LTFJ,SAW,2026-04-26T03:26:04Z,06L,OSAP,ALP,OSAP,ALP,,,,939.492,861.015,Passenger,4BA905,2026-04-26T03:05:41Z,2026-04-26T04:40:40Z,True
3f672191,RJ432,RJA432,RJA,RJA,A20N,JY-RAK,OSAP,ALP,2026-04-26T03:56:56Z,09L,OJAI,AMM,OJAI,AMM,2026-04-26T04:53:22Z,26L,3386.0,583.198,508.066,Passenger,74482B,2026-04-26T03:50:14Z,2026-04-26T04:57:11Z,True
3f676385,VF341,TKJ341,TKJ,TKJ,B738,TC-JHE,OSAP,ALP,2026-04-26T06:24:17Z,09L,LTFJ,SAW,LTFJ,SAW,2026-04-26T07:49:02Z,06R,5085.0,983.467,865.909,Passenger,4BA905,2026-04-26T06:16:55Z,2026-04-26T08:00:06Z,True
3f67fc70,RJ433,RJA433,RJA,RJA,A20N,JY-RAN,OJAI,AMM,2026-04-26T11:08:38Z,26L,OSAP,ALP,OSAP,ALP,,,,573.427,448.073,Passenger,74482E,2026-04-26T10:51:30Z,2026-04-26T11:50:16Z,True
3f6858a5,RJ434,RJA434,RJA,RJA,A20N,JY-RAN,OSAP,ALP,2026-04-26T13:08:15Z,09L,OJAI,AMM,OJAI,AMM,2026-04-26T14:14:27Z,26L,3972.0,687.233,508.016,Passenger,74482E,2026-04-26T12:58:42Z,2026-04-26T14:18:38Z,True
3f695069,FYC490,FYC490,FYC,FYC,A320,YK-BAG,LTFJ,SAW,2026-04-26T19:22:03Z,24R,OSAP,ALP,OSAP,ALP,,,,1127.39,1028.27,Passenger,778827,2026-04-26T18:08:41Z,2026-04-26T20:45:51Z,True
3f6a75a7,RJ431,RJA431,RJA,RJA,A20N,JY-RAJ,OJAI,AMM,2026-04-27T01:44:38Z,08R,OSAP,ALP,OSAP,ALP,2026-04-27T02:42:45Z,27R,3487.0,584.368,508.381,Passenger,74482A,2026-04-27T01:35:32Z,2026-04-27T02:35:48Z,True
3f6aaf2d,RJ432,RJA432,RJA,RJA,A20N,JY-RAJ,OSAP,ALP,2026-04-27T03:32:54Z,09L,OJAI,AMM,OJAI,AMM,2026-04-27T04:28:07Z,26L,3313.0,582.132,503.175,Passenger,74482A,2026-04-27T03:36:03Z,2026-04-27T04:33:54Z,True
3f6ac63a,TK844,THY844,THY,THY,B739,TC-JYC,LTFM,IST,2026-04-27T05:16:32Z,34L,OSAP,ALP,OSAP,ALP,2026-04-27T06:50:29Z,,5637.0,1060.07,934.343,Passenger,4BAB23,2026-04-27T04:22:02Z,2026-04-27T06:40:48Z,True
3f6af1f0,RB444,SYR444,SYR,SYR,B735,YK-SYR,LTFM,IST,2026-04-27T06:07:18Z,35L,OSAP,ALP,OSAP,ALP,2026-04-27T07:33:06Z,,5148.0,1038.36,927.607,Passenger,77CF32,2026-04-27T05:49:20Z,2026-04-27T07:33:06Z,True
3f6b4461,,UNO501H,IGC,UNO,CRJ2,YI-BAI,OSDI,DAM,2026-04-27T08:15:41Z,,OSAP,ALP,OSAP,ALP,2026-04-27T09:06:10Z,,3029.0,1109.29,311.83,Business_jets,728829,2026-04-27T08:16:24Z,2026-04-27T08:57:14Z,True
3f6b4df6,TK845,THY845,THY,THY,B739,TC-JYC,OSAP,ALP,2026-04-27T08:48:39Z,,LTFM,IST,LTFM,IST,2026-04-27T10:19:14Z,35R,5435.0,1067.0,927.85,Passenger,4BAB23,2026-04-27T08:32:43Z,2026-04-27T10:29:53Z,True
3f6b701e,,UNO501H,IGC,UNO,CRJ2,YI-BAI,OSAP,ALP,2026-04-27T09:24:23Z,09R,OSDI,DAM,OSDI,DAM,2026-04-27T10:17:07Z,23R,3164.0,447.818,309.041,Business_jets,728829,2026-04-27T09:26:54Z,2026-04-27T10:09:06Z,True
3f6d860a,RB445,SYR445,SYR,SYR,B735,YK-SYR,OSAP,ALP,,,LTFM,IST,LTFM,IST,2026-04-27T21:22:35Z,35R,,1021.16,916.71,Passenger,77CF32,2026-04-27T19:51:22Z,2026-04-27T21:30:35Z,True
3f6e6c51,FYC492,FYC492,FYC,FYC,A320,YK-BAC,LTFJ,SAW,2026-04-28T01:32:43Z,06L,OSAP,ALP,OSAP,ALP,,,,927.102,849.149,Passenger,778823,2026-04-28T01:23:52Z,2026-04-28T02:39:05Z,True
3f6e7216,RJ431,RJA431,RJA,RJA,E290,JY-RED,OJAI,AMM,2026-04-28T01:34:55Z,26L,OSAP,ALP,OSAP,ALP,2026-04-28T02:39:14Z,27R,3859.0,659.447,508.1,Passenger,7448A4,2026-04-28T01:33:47Z,2026-04-28T02:31:14Z,True
3f6ea6fc,VF340,TKJ340,TKJ,TKJ,B738,TC-JFH,LTFJ,SAW,2026-04-28T03:25:18Z,06L,OSAP,ALP,OSAP,ALP,2026-04-28T04:52:56Z,,5258.0,984.965,871.174,Passenger,4BA8C8,2026-04-28T03:11:55Z,2026-04-28T04:43:58Z,True
3f6eaedc,RJ432,RJA432,RJA,RJA,E290,JY-RED,OSAP,ALP,2026-04-28T03:26:04Z,,OJAI,AMM,OJAI,AMM,2026-04-28T04:21:09Z,,3305.0,609.261,508.105,Passenger,7448A4,2026-04-28T03:27:38Z,2026-04-28T04:21:09Z,True
3f6ee514,FYC9601,FYC9601,FYC,FYC,A320,YK-BAC,OSAP,ALP,2026-04-28T05:13:27Z,09L,OMDB,DXB,OMDB,DXB,2026-04-28T08:38:22Z,30L,12295.0,3165.42,2110.12,Passenger,778823,2026-04-28T05:06:01Z,2026-04-28T08:45:14Z,True
3f6efa20,VF341,TKJ341,TKJ,TKJ,B738,TC-JFH,OSAP,ALP,2026-04-28T06:01:23Z,,LTFJ,SAW,LTFJ,SAW,,,,1046.19,867.982,Passenger,4BA8C8,2026-04-28T05:47:09Z,2026-04-28T07:26:14Z,True
3f6f9898,TK840,THY840,THY,THY,B739,TC-JYC,LTFM,IST,2026-04-28T10:42:04Z,36,OSAP,ALP,OSAP,ALP,2026-04-28T12:18:25Z,,5781.0,1124.32,927.675,Passenger,4BAB23,2026-04-28T10:09:01Z,2026-04-28T12:18:25Z,True
3f705cfa,TK841,THY841,THY,THY,B739,TC-JYC,OSAP,ALP,2026-04-28T14:09:42Z,,LTFM,IST,LTFM,IST,2026-04-28T15:43:58Z,35R,5656.0,1064.44,928.243,Passenger,4BAB23,2026-04-28T14:01:25Z,2026-04-28T15:51:08Z,True
3f721e30,FYC491,FYC491,FYC,FYC,A320,YK-BAC,OSAP,ALP,2026-04-28T22:49:41Z,,LTFJ,SAW,LTFJ,SAW,2026-04-29T00:12:40Z,,4979.0,954.061,865.815,Passenger,778823,2026-04-28T22:46:33Z,2026-04-29T00:21:36Z,True
3f726299,FYC486,FYC486,FYC,FYC,A320,YK-BAC,LTFJ,SAW,2026-04-29T01:44:10Z,06L,OSAP,ALP,OSAP,ALP,,,,1150.31,892.563,Passenger,778823,2026-04-29T00:21:41Z,2026-04-29T02:59:05Z,True
3f7294d3,RJ431,RJA431,RJA,RJA,E295,JY-REF,OJAI,AMM,2026-04-29T01:42:51Z,26R,OSAP,ALP,OSAP,ALP,,,,595.519,499.378,Passenger,7448A6,2026-04-29T01:41:23Z,2026-04-29T02:38:49Z,True
3f72d0f9,RJ432,RJA432,RJA,RJA,E295,JY-REF,OSAP,ALP,2026-04-29T03:30:58Z,,OJAI,AMM,OJAI,AMM,2026-04-29T04:25:50Z,26R,3292.0,593.032,506.967,Passenger,7448A6,2026-04-29T03:30:55Z,2026-04-29T04:25:50Z,True
3f7303f8,FYC486,FYC486,FYC,FYC,A320,YK-BAC,OSAP,ALP,2026-04-29T05:02:29Z,09L,,,,,,,,357.534,296.828,Passenger,778823,2026-04-29T05:01:43Z,2026-04-29T05:33:07Z,True
3f74745a,FYC526,FYC526,FYC,FYC,A320,YK-BAG,,,,,OSAP,ALP,OSAP,ALP,2026-04-29T15:04:52Z,27R,,991.652,604.724,Passenger,778827,2026-04-29T13:37:42Z,2026-04-29T15:04:52Z,True
3f74fdd6,FYC455,FYC455,FYC,FYC,A320,YK-BAG,OSAP,ALP,2026-04-29T16:03:04Z,,UDYZ,EVN,UDYZ,EVN,2026-04-29T17:14:24Z,08,4280.0,1069.44,766.957,Passenger,778827,2026-04-29T15:54:46Z,2026-04-29T17:20:22Z,True
3f757c43,FYC456,FYC456,FYC,FYC,A320,YK-BAG,UDYZ,EVN,2026-04-29T18:30:07Z,26,OSAP,ALP,OSAP,ALP,2026-04-29T19:46:38Z,,4591.0,874.402,767.524,Passenger,778827,2026-04-29T18:09:33Z,2026-04-29T19:46:38Z,True
3f75ff31,FYC525,FYC525,FYC,FYC,A320,YK-BAG,OSAP,ALP,2026-04-29T20:52:19Z,,ORER,EBL,ORER,EBL,2026-04-29T22:26:39Z,36,5660.0,1095.95,604.911,Passenger,778827,2026-04-29T20:45:11Z,2026-04-29T22:26:39Z,True
3f76d198,RJ431,RJA431,RJA,RJA,A20N,JY-RAI,OJAI,AMM,2026-04-30T01:52:27Z,26R,OSAP,ALP,OSAP,ALP,2026-04-30T02:50:55Z,,3508.0,592.612,507.742,Passenger,744829,2026-04-30T01:35:37Z,2026-04-30T02:50:55Z,True
3f77019d,VF340,TKJ340,TKJ,TKJ,B738,TC-JFH,LTFJ,SAW,2026-04-30T03:19:13Z,06L,OSAP,ALP,OSAP,ALP,2026-04-30T04:41:56Z,,4963.0,1295.48,874.936,Passenger,4BA8C8,2026-04-30T02:56:38Z,2026-04-30T04:32:12Z,True
3f771789,RJ432,RJA432,RJA,RJA,A20N,JY-RAI,OSAP,ALP,2026-04-30T03:47:00Z,,OJAI,AMM,OJAI,AMM,2026-04-30T04:37:03Z,,3003.0,579.288,507.779,Passenger,744829,2026-04-30T03:37:29Z,2026-04-30T04:45:43Z,True
3f775e02,VF341,TKJ341,TKJ,TKJ,B738,TC-JFH,OSAP,ALP,2026-04-30T05:54:04Z,,LTFJ,SAW,LTFJ,SAW,2026-04-30T07:23:33Z,06R,5369.0,1012.81,865.913,Passenger,4BA8C8,2026-04-30T05:41:44Z,2026-04-30T07:32:30Z,True
3f77c91b,,UNO501H,IGC,UNO,CRJ2,YI-BAI,OSDI,DAM,2026-04-30T08:34:27Z,,OSAP,ALP,OSAP,ALP,2026-04-30T09:24:03Z,,2976.0,412.145,305.913,Business_jets,728829,2026-04-30T08:34:41Z,2026-04-30T09:14:25Z,True
3f77fd9b,,UNO501H,IGC,UNO,CRJ2,YI-BAI,OSAP,ALP,2026-04-30T09:50:55Z,,,,,,,,,380.045,310.835,Business_jets,728829,2026-04-30T09:51:30Z,2026-04-30T10:28:56Z,True
3f7806f9,TK840,THY840,THY,THY,B739,TC-JYF,LTFM,IST,2026-04-30T10:55:10Z,36,OSAP,ALP,OSAP,ALP,,,,1114.82,934.781,Passenger,4BAB26,2026-04-30T10:04:57Z,2026-04-30T12:30:34Z,True
3f78d61b,TK841,THY841,THY,THY,B739,TC-JYF,OSAP,ALP,2026-04-30T14:08:29Z,,LTFM,IST,LTFM,IST,2026-04-30T15:40:46Z,35R,5537.0,1037.06,928.742,Passenger,4BAB26,2026-04-30T13:59:20Z,2026-04-30T15:49:39Z,True
3f7b242e,FYC492,FYC492,FYC,FYC,A320,YK-BAC,LTFJ,SAW,2026-05-01T01:23:17Z,06L,OSAP,ALP,OSAP,ALP,,,,928.065,852.614,Passenger,778823,2026-05-01T01:06:13Z,2026-05-01T02:32:24Z,True
3f7b5bd5,RJ431,RJA431,RJA,RJA,A20N,JY-RAH,OJAI,AMM,2026-05-01T02:49:58Z,26L,OSAP,ALP,OSAP,ALP,2026-05-01T03:50:11Z,27L,3613.0,589.95,508.645,Passenger,744828,2026-05-01T02:35:35Z,2026-05-01T03:42:37Z,True
3f7b6063,VF340,TKJ340,TKJ,TKJ,B738,TC-JHB,LTFJ,SAW,2026-05-01T03:26:44Z,06L,OSAP,ALP,OSAP,ALP,,,,934.162,871.375,Passenger,4BA902,2026-05-01T02:43:14Z,2026-05-01T04:41:16Z,True
3f7ba650,RJ432,RJA432,RJA,RJA,A20N,JY-RAH,OSAP,ALP,2026-05-01T04:58:33Z,,OJAI,AMM,OJAI,AMM,2026-05-01T05:56:39Z,26L,3486.0,606.416,508.051,Passenger,744828,2026-05-01T04:49:59Z,2026-05-01T05:59:49Z,True
3f7bad19,FYC9601,FYC9601,FYC,FYC,A320,YK-BAC,OSAP,ALP,2026-05-01T05:06:14Z,,OMDB,DXB,OMDB,DXB,2026-05-01T08:31:47Z,30L,12333.0,3061.9,2111.17,Passenger,778823,2026-05-01T05:01:53Z,2026-05-01T08:34:11Z,True
3f7bc21e,VF341,TKJ341,TKJ,TKJ,B738,TC-JHB,OSAP,ALP,2026-05-01T06:27:58Z,,LTFJ,SAW,LTFJ,SAW,2026-05-01T07:59:16Z,06R,5478.0,1071.45,865.846,Passenger,4BA902,2026-05-01T05:43:17Z,2026-05-01T08:14:58Z,True
3f7caca1,RJ433,RJA433,RJA,RJA,E290,JY-RED,OJAI,AMM,2026-05-01T11:29:52Z,26L,OSAP,ALP,OSAP,ALP,2026-05-01T12:27:36Z,09L,3464.0,562.042,501.125,Passenger,7448A4,2026-05-01T11:29:43Z,2026-05-01T12:19:13Z,True
3f7d2721,RJ434,RJA434,RJA,RJA,E290,JY-RED,OSAP,ALP,2026-05-01T13:32:29Z,,OJAI,AMM,OJAI,AMM,2026-05-01T14:27:08Z,26L,3279.0,536.313,507.937,Passenger,7448A4,2026-05-01T13:33:34Z,2026-05-01T14:27:12Z,True
3f7f0316,FYC491,FYC491,FYC,FYC,A320,YK-BAC,OSAP,ALP,2026-05-01T22:23:47Z,,LTFJ,SAW,LTFJ,SAW,2026-05-01T23:50:20Z,06L,5193.0,931.314,865.69,Passenger,778823,2026-05-01T22:17:34Z,2026-05-01T23:55:24Z,True
3f7fa595,RJ431,RJA431,RJA,RJA,A20N,JY-RAD,OJAI,AMM,2026-05-02T02:53:46Z,26R,OSAP,ALP,OSAP,ALP,2026-05-02T03:47:58Z,27R,3252.0,588.838,507.808,Passenger,744824,2026-05-02T02:42:47Z,2026-05-02T03:45:58Z,True
3f7faeaa,VF340,TKJ340,TKJ,TKJ,B738,TC-JHB,LTFJ,SAW,2026-05-02T03:41:37Z,06L,OSAP,ALP,OSAP,ALP,2026-05-02T05:05:07Z,27R,5010.0,951.442,872.209,Passenger,4BA902,2026-05-02T03:00:16Z,2026-05-02T04:57:18Z,True
3f7fd594,TK844,THY844,THY,THY,B739,TC-JYC,LTFM,IST,2026-05-02T04:59:36Z,34L,OSAP,ALP,OSAP,ALP,2026-05-02T06:29:27Z,,5391.0,1067.3,934.64,Passenger,4BAB23,2026-05-02T04:20:54Z,2026-05-02T06:20:15Z,True
3f7fe4fd,RJ432,RJA432,RJA,RJA,A20N,JY-RAD,OSAP,ALP,2026-05-02T05:02:55Z,,OJAI,AMM,OJAI,AMM,2026-05-02T05:53:51Z,26L,3056.0,542.993,508.018,Passenger,744824,2026-05-02T04:52:59Z,2026-05-02T05:57:47Z,True
3f8007e6,VF341,TKJ341,TKJ,TKJ,B738,TC-JHB,OSAP,ALP,2026-05-02T06:20:35Z,,LTFJ,SAW,LTFJ,SAW,2026-05-02T07:52:25Z,06R,5510.0,1357.38,865.483,Passenger,4BA902,2026-05-02T06:07:41Z,2026-05-02T08:00:29Z,True
3f803c64,RJ433,RJA433,RJA,RJA,A21N,JY-RAO,OJAI,AMM,2026-05-02T08:06:09Z,26L,OSAP,ALP,OSAP,ALP,,,,607.789,506.24,Passenger,74482F,2026-05-02T07:49:40Z,2026-05-02T08:54:49Z,True
3f8054dc,TK845,THY845,THY,THY,B739,TC-JYC,OSAP,ALP,2026-05-02T08:31:27Z,,LTFM,IST,LTFM,IST,2026-05-02T10:09:24Z,35R,5877.0,1099.54,927.276,Passenger,4BAB23,2026-05-02T08:28:45Z,2026-05-02T10:23:28Z,True
3f809109,RJ434,RJA434,RJA,RJA,A21N,JY-RAO,OSAP,ALP,2026-05-02T10:05:38Z,,OJAI,AMM,OJAI,AMM,2026-05-02T11:02:32Z,26L,3414.0,615.511,508.016,Passenger,74482F,2026-05-02T09:56:39Z,2026-05-02T11:05:42Z,True
3f836b93,RJ431,RJA431,RJA,RJA,E295,JY-REF,OJAI,AMM,2026-05-03T02:48:56Z,08L,OSAP,ALP,OSAP,ALP,,,,559.747,478.829,Passenger,7448A6,2026-05-03T02:47:40Z,2026-05-03T03:32:44Z,True
3f836c6f,VF340,TKJ340,TKJ,TKJ,B738,TC-JHB,LTFJ,SAW,2026-05-03T03:37:43Z,06L,OSAP,ALP,OSAP,ALP,2026-05-03T05:05:31Z,,5268.0,1289.03,864.872,Passenger,4BA902,2026-05-03T02:49:38Z,2026-05-03T05:05:31Z,True
3f83a257,RJ432,RJA432,RJA,RJA,E295,JY-REF,OSAP,ALP,2026-05-03T04:46:46Z,,OJAI,AMM,OJAI,AMM,2026-05-03T05:49:09Z,26L,3743.0,593.573,508.142,Passenger,7448A6,2026-05-03T04:47:22Z,2026-05-03T05:49:39Z,True
3f83c0bc,VF341,TKJ341,TKJ,TKJ,B738,TC-JHB,OSAP,ALP,2026-05-03T06:10:03Z,27R,LTFJ,SAW,LTFJ,SAW,2026-05-03T07:33:15Z,06R,4992.0,989.117,865.96,Passenger,4BA902,2026-05-03T05:55:14Z,2026-05-03T07:43:40Z,True
3f8718e3,VF340,TKJ340,TKJ,TKJ,B738,TC-JHE,LTFJ,SAW,2026-05-04T03:08:08Z,06L,OSAP,ALP,OSAP,ALP,2026-05-04T04:37:09Z,,5341.0,946.587,865.509,Passenger,4BA905,2026-05-04T02:51:07Z,2026-05-04T04:37:09Z,True
3f871a83,RJ431,RJA431,RJA,RJA,E295,JY-REF,OJAI,AMM,2026-05-04T02:56:29Z,26R,OSAP,ALP,OSAP,ALP,2026-05-04T03:50:52Z,27R,3263.0,602.802,506.791,Passenger,7448A6,2026-05-04T02:54:16Z,2026-05-04T03:48:51Z,True
3f874575,TK844,THY844,THY,THY,B739,TC-JYC,LTFM,IST,2026-05-04T05:01:43Z,34L,OSAP,ALP,OSAP,ALP,,,,1055.5,936.71,Passenger,4BAB23,2026-05-04T04:19:45Z,2026-05-04T06:26:17Z,True
3f875d35,RJ432,RJA432,RJA,RJA,E295,JY-REF,OSAP,ALP,,,OJAI,AMM,OJAI,AMM,2026-05-04T06:03:45Z,26L,,598.345,492.836,Passenger,7448A6,2026-05-04T05:05:22Z,2026-05-04T06:04:02Z,True
3f87773d,VF341,TKJ341,TKJ,TKJ,B738,TC-JHE,OSAP,ALP,2026-05-04T06:04:04Z,,LTFJ,SAW,LTFJ,SAW,2026-05-04T07:26:13Z,06R,4929.0,1004.51,866.133,Passenger,4BA905,2026-05-04T05:57:06Z,2026-05-04T07:38:20Z,True
3f8777c3,RB444,SYR444,SYR,SYR,B735,YK-SYR,LTFM,IST,2026-05-04T06:15:38Z,36,OSAP,ALP,OSAP,ALP,2026-05-04T07:44:10Z,,5312.0,1035.7,927.734,Passenger,77CF32,2026-05-04T05:58:21Z,2026-05-04T07:44:10Z,True
3f87be5c,TK845,THY845,THY,THY,B739,TC-JYC,OSAP,ALP,2026-05-04T08:17:13Z,,LTFM,IST,LTFM,IST,2026-05-04T09:52:06Z,35R,5693.0,1070.54,929.296,Passenger,4BAB23,2026-05-04T08:09:50Z,2026-05-04T09:56:31Z,True
3f87f1ba,,UNO501H,IGC,UNO,CRJ2,YI-BAI,OSAP,ALP,2026-05-04T09:36:25Z,,,,,,,,,418.779,303.44,Business_jets,728829,2026-05-04T09:38:06Z,2026-05-04T10:28:35Z,True
3f89e6e0,RB445,SYR445,SYR,SYR,B735,YK-SYR,OSAP,ALP,2026-05-04T19:42:59Z,09L,LTFM,IST,LTFM,IST,2026-05-04T21:18:15Z,35R,5716.0,1030.31,928.357,Passenger,77CF32,2026-05-04T19:35:50Z,2026-05-04T21:25:29Z,True
3f8ad7b1,FYC492,FYC492,FYC,FYC,A320,YK-BAC,LTFJ,SAW,2026-05-05T01:43:25Z,24L,OSAP,ALP,OSAP,ALP,2026-05-05T03:08:12Z,27R,5087.0,963.883,870.422,Passenger,778823,2026-05-05T01:30:09Z,2026-05-05T03:00:33Z,True
3f8b0436,RJ431,RJA431,RJA,RJA,E295,JY-REG,OJAI,AMM,2026-05-05T02:50:21Z,26L,OSAP,ALP,OSAP,ALP,,,,531.467,446.369,Passenger,7448A7,2026-05-05T02:48:23Z,2026-05-05T03:31:35Z,True
3f8b10e0,VF340,TKJ340,TKJ,TKJ,B738,TC-JHB,LTFJ,SAW,2026-05-05T03:34:41Z,24L,OSAP,ALP,OSAP,ALP,,,,1241.68,866.802,Passenger,4BA902,2026-05-05T03:12:28Z,2026-05-05T05:03:37Z,True
3f8b476d,RJ432,RJA432,RJA,RJA,E295,JY-REG,OSAP,ALP,2026-05-05T04:51:19Z,,OJAI,AMM,OJAI,AMM,2026-05-05T05:53:50Z,26L,3751.0,920.751,508.217,Passenger,7448A7,2026-05-05T04:52:48Z,2026-05-05T05:54:08Z,True
3f8b4caf,FYC9601,FYC9601,FYC,FYC,A320,YK-BAC,OSAP,ALP,2026-05-05T05:17:12Z,09L,OMDB,DXB,OMDB,DXB,2026-05-05T08:49:14Z,,12722.0,3060.49,2113.13,Passenger,778823,2026-05-05T05:01:54Z,2026-05-05T08:47:10Z,True
3f8b7008,VF341,TKJ341,TKJ,TKJ,B738,TC-JHB,OSAP,ALP,2026-05-05T06:15:05Z,,LTFJ,SAW,LTFJ,SAW,2026-05-05T07:38:13Z,24L,4988.0,963.659,865.892,Passenger,4BA902,2026-05-05T06:07:09Z,2026-05-05T07:44:37Z,True
3f8bbc47,RJ433,RJA433,RJA,RJA,E295,JY-REG,OJAI,AMM,2026-05-05T08:24:48Z,26L,OSAP,ALP,OSAP,ALP,2026-05-05T09:25:29Z,,3641.0,620.028,505.853,Passenger,7448A7,2026-05-05T08:24:23Z,2026-05-05T09:20:58Z,True
3f8c0546,RJ434,RJA434,RJA,RJA,E295,JY-REG,OSAP,ALP,2026-05-05T10:24:02Z,,OJAI,AMM,OJAI,AMM,2026-05-05T11:31:11Z,,4029.0,625.401,507.086,Passenger,7448A7,2026-05-05T10:25:53Z,2026-05-05T11:31:44Z,True
3f8c4495,TK840,THY840,THY,THY,B739,TC-JYF,LTFM,IST,2026-05-05T12:42:12Z,36,OSAP,ALP,OSAP,ALP,,,,1025.89,923.327,Passenger,4BAB26,2026-05-05T11:51:30Z,2026-05-05T14:01:37Z,True
3f8d09e9,TK841,THY841,THY,THY,B739,TC-JYF,OSAP,ALP,,,LTFM,IST,LTFM,IST,2026-05-05T16:49:22Z,35R,,1053.69,833.155,Passenger,4BAB26,2026-05-05T15:29:27Z,2026-05-05T16:48:06Z,True
3f8e653c,FYC491,FYC491,FYC,FYC,A320,YK-BAC,OSAP,ALP,,,LTFJ,SAW,LTFJ,SAW,2026-05-06T00:32:07Z,,,960.992,834.918,Passenger,778823,2026-05-05T23:05:04Z,2026-05-06T00:41:28Z,True
3f8eec70,RJ431,RJA431,RJA,RJA,E295,JY-REG,OJAI,AMM,2026-05-06T02:47:10Z,26R,OSAP,ALP,OSAP,ALP,,,,852.187,494.253,Passenger,7448A7,2026-05-06T02:45:55Z,2026-05-06T03:38:21Z,True
3f8ef2ba,VF340,TKJ340,TKJ,TKJ,B738,TC-JHE,LTFJ,SAW,2026-05-06T03:56:50Z,06R,OSAP,ALP,OSAP,ALP,2026-05-06T05:22:13Z,,5123.0,1072.15,865.859,Passenger,4BA905,2026-05-06T02:57:00Z,2026-05-06T05:22:13Z,True
3f8f1cbd,TK844,THY844,THY,THY,B739,TC-JYF,LTFM,IST,2026-05-06T05:15:02Z,34L,OSAP,ALP,OSAP,ALP,2026-05-06T06:49:55Z,27R,5693.0,1177.11,931.533,Passenger,4BAB26,2026-05-06T04:18:31Z,2026-05-06T06:42:59Z,True
3f8f2f6a,RJ432,RJA432,RJA,RJA,E295,JY-REG,OSAP,ALP,2026-05-06T04:53:50Z,,OJAI,AMM,OJAI,AMM,2026-05-06T05:51:01Z,26L,3431.0,586.768,508.317,Passenger,7448A7,2026-05-06T04:52:55Z,2026-05-06T05:51:42Z,True
3f8f54a6,VF341,TKJ341,TKJ,TKJ,B738,TC-JHE,OSAP,ALP,2026-05-06T06:16:08Z,,LTFJ,SAW,LTFJ,SAW,2026-05-06T07:45:15Z,06R,5347.0,968.505,865.965,Passenger,4BA905,2026-05-06T06:02:38Z,2026-05-06T07:55:22Z,True
3f8f9fa0,TK845,THY845,THY,THY,B739,TC-JYF,OSAP,ALP,2026-05-06T08:23:10Z,09L,LTFM,IST,LTFM,IST,2026-05-06T10:03:36Z,35R,6026.0,1092.59,927.226,Passenger,4BAB26,2026-05-06T08:15:26Z,2026-05-06T10:13:50Z,True
3f92f1d4,RJ431,RJA431,RJA,RJA,A20N,JY-RAB,OJAI,AMM,2026-05-07T02:59:00Z,26L,OSAP,ALP,OSAP,ALP,2026-05-07T03:52:56Z,27R,3236.0,892.808,507.296,Passenger,744822,2026-05-07T02:57:59Z,2026-05-07T03:50:49Z,True
3f92f237,VF340,TKJ340,TKJ,TKJ,B738,TC-JFH,LTFJ,SAW,2026-05-07T03:56:43Z,06R,OSAP,ALP,OSAP,ALP,2026-05-07T05:22:33Z,,5150.0,1042.35,865.823,Passenger,4BA8C8,2026-05-07T02:58:48Z,2026-05-07T05:22:33Z,True
3f93154e,RJ432,RJA432,RJA,RJA,A20N,JY-RAB,OSAP,ALP,2026-05-07T04:57:39Z,,OJAI,AMM,OJAI,AMM,2026-05-07T05:51:50Z,26L,3251.0,661.565,507.99,Passenger,744822,2026-05-07T04:06:02Z,2026-05-07T05:57:29Z,True
3f9356d1,VF341,TKJ341,TKJ,TKJ,B738,TC-JFH,OSAP,ALP,2026-05-07T06:20:52Z,,LTFJ,SAW,LTFJ,SAW,2026-05-07T08:21:28Z,24L,7236.0,1387.34,865.895,Passenger,4BA8C8,2026-05-07T06:08:57Z,2026-05-07T08:29:10Z,True
3f93e9ea,TK840,THY840,THY,THY,B739,TC-JYC,LTFM,IST,2026-05-07T10:39:17Z,36,OSAP,ALP,OSAP,ALP,,,,1132.5,923.142,Passenger,4BAB23,2026-05-07T10:10:38Z,2026-05-07T12:05:38Z,True
3f94103f,RJ433,RJA433,RJA,RJA,A20N,JY-RAC,OJAI,AMM,2026-05-07T11:17:38Z,26L,OSAP,ALP,OSAP,ALP,,,,607.801,514.29,Passenger,744823,2026-05-07T11:05:23Z,2026-05-07T12:11:46Z,True
3f948d01,RJ434,RJA434,RJA,RJA,A20N,JY-RAC,OSAP,ALP,2026-05-07T13:30:20Z,,OJAI,AMM,OJAI,AMM,2026-05-07T14:24:55Z,26L,3275.0,599.712,508.18,Passenger,744823,2026-05-07T13:23:41Z,2026-05-07T14:28:50Z,True
3f94a406,TK841,THY841,THY,THY,B739,TC-JYC,OSAP,ALP,2026-05-07T13:57:11Z,,LTFM,IST,LTFM,IST,2026-05-07T15:33:44Z,35R,5793.0,1023.27,927.22,Passenger,4BAB23,2026-05-07T13:46:52Z,2026-05-07T15:48:29Z,True
3f9703bc,FYC492,FYC492,FYC,FYC,A320,YK-BAC,LTFJ,SAW,2026-05-08T01:35:04Z,24L,OSAP,ALP,OSAP,ALP,,,,947.986,854.99,Passenger,778823,2026-05-08T01:17:16Z,2026-05-08T02:42:52Z,True
3f9735b9,RJ431,RJA431,RJA,RJA,E295,JY-REA,OJAI,AMM,2026-05-08T02:41:41Z,08L,OSAP,ALP,OSAP,ALP,,,,527.423,472.479,Passenger,7448A1,2026-05-08T02:40:15Z,2026-05-08T03:27:06Z,True
3f975ee1,VF340,TKJ340,TKJ,TKJ,B738,TC-JFH,LTFJ,SAW,2026-05-08T04:38:46Z,24L,OSAP,ALP,OSAP,ALP,2026-05-08T06:06:18Z,,5252.0,1529.01,865.557,Passenger,4BA8C8,2026-05-08T03:55:39Z,2026-05-08T06:06:18Z,True
3f976bda,TK844,THY844,THY,THY,B739,TC-JYF,LTFM,IST,2026-05-08T04:55:34Z,18,OSAP,ALP,OSAP,ALP,2026-05-08T06:25:16Z,,5382.0,1090.7,927.018,Passenger,4BAB26,2026-05-08T04:17:58Z,2026-05-08T06:25:16Z,True
3f9782a9,RJ432,RJA432,RJA,RJA,E295,JY-REA,OSAP,ALP,2026-05-08T05:00:29Z,09L,OJAI,AMM,OJAI,AMM,2026-05-08T05:52:20Z,26L,3111.0,549.345,508.678,Passenger,7448A1,2026-05-08T04:59:18Z,2026-05-08T05:52:35Z,True
3f978574,FYC9601,FYC9601,FYC,FYC,A320,YK-BAC,OSAP,ALP,2026-05-08T05:05:38Z,09L,OMDB,DXB,OMDB,DXB,2026-05-08T08:36:45Z,,12667.0,3856.86,2108.17,Passenger,778823,2026-05-08T05:04:04Z,2026-05-08T08:44:49Z,True
3f97c0a2,VF341,TKJ341,TKJ,TKJ,B738,TC-JFH,OSAP,ALP,2026-05-08T07:02:41Z,,LTFJ,SAW,LTFJ,SAW,2026-05-08T08:33:18Z,24L,5437.0,955.241,865.959,Passenger,4BA8C8,2026-05-08T06:52:13Z,2026-05-08T08:39:53Z,True
3f97eb00,TK845,THY845,THY,THY,B739,TC-JYF,OSAP,ALP,2026-05-08T08:03:27Z,,LTFM,IST,LTFM,IST,2026-05-08T09:53:15Z,17L,6588.0,1222.14,928.262,Passenger,4BAB26,2026-05-08T08:01:35Z,2026-05-08T10:02:13Z,True
3f984a95,FYC9602,FYC9602,FYC,FYC,A320,YK-BAC,OMDB,DXB,2026-05-08T10:43:44Z,,OSAP,ALP,OSAP,ALP,2026-05-08T14:16:50Z,,12786.0,2958.26,2104.81,Passenger,778823,2026-05-08T10:22:02Z,2026-05-08T14:09:28Z,True
3f9ae79d,FYC491,FYC491,FYC,FYC,A320,YK-BAC,OSAP,ALP,2026-05-08T22:38:10Z,,LTFJ,SAW,LTFJ,SAW,2026-05-09T00:00:49Z,06R,4959.0,927.919,865.678,Passenger,778823,2026-05-08T22:36:09Z,2026-05-09T00:16:24Z,True
3f9b76e6,RJ431,RJA431,RJA,RJA,A20N,JY-RAK,OJAI,AMM,2026-05-09T02:44:18Z,26R,OSAP,ALP,OSAP,ALP,2026-05-09T03:45:45Z,,3687.0,594.049,507.723,Passenger,74482B,2026-05-09T02:32:42Z,2026-05-09T03:45:45Z,True
3f9b7ba5,VF340,TKJ340,TKJ,TKJ,B738,TC-JHE,LTFJ,SAW,2026-05-09T03:28:32Z,06R,OSAP,ALP,OSAP,ALP,,,,1190.19,867.03,Passenger,4BA905,2026-05-09T02:42:01Z,2026-05-09T04:46:38Z,True
3f9badce,TK844,THY844,THY,THY,B739,TC-JYF,LTFM,IST,2026-05-09T05:05:15Z,17R,OSAP,ALP,OSAP,ALP,,,,1002.59,920.067,Passenger,4BAB26,2026-05-09T04:28:35Z,2026-05-09T06:20:57Z,True
3f9bb64e,RJ432,RJA432,RJA,RJA,A20N,JY-RAK,OSAP,ALP,2026-05-09T04:54:29Z,,OJAI,AMM,OJAI,AMM,2026-05-09T05:50:32Z,26R,3363.0,596.192,507.798,Passenger,74482B,2026-05-09T04:46:37Z,2026-05-09T05:54:07Z,True
3f9bcea1,VF341,TKJ341,TKJ,TKJ,B738,TC-JHE,OSAP,ALP,2026-05-09T06:05:14Z,,LTFJ,SAW,LTFJ,SAW,2026-05-09T07:38:13Z,24L,5579.0,1023.15,865.837,Passenger,4BA905,2026-05-09T05:36:27Z,2026-05-09T07:48:13Z,True
3f9c1141,RJ433,RJA433,RJA,RJA,A21N,JY-RAO,OJAI,AMM,2026-05-09T08:00:13Z,08R,OSAP,ALP,OSAP,ALP,2026-05-09T09:01:02Z,09L,3649.0,586.298,507.283,Passenger,74482F,2026-05-09T07:45:58Z,2026-05-09T08:53:58Z,True
3f9c265e,TK845,THY845,THY,THY,B739,TC-JYF,OSAP,ALP,2026-05-09T08:32:24Z,,LTFM,IST,LTFM,IST,2026-05-09T10:07:19Z,17L,5695.0,1072.48,927.833,Passenger,4BAB26,2026-05-09T08:19:16Z,2026-05-09T10:17:05Z,True
3f9c6375,RJ434,RJA434,RJA,RJA,A21N,JY-RAO,OSAP,ALP,2026-05-09T09:59:17Z,,OJAI,AMM,OJAI,AMM,2026-05-09T10:53:21Z,,3244.0,586.927,508.057,Passenger,74482F,2026-05-09T09:46:35Z,2026-05-09T10:59:28Z,True
3f9f3665,RJ431,RJA431,RJA,RJA,E290,JY-REC,OJAI,AMM,2026-05-10T02:50:22Z,26L,OSAP,ALP,OSAP,ALP,2026-05-10T03:53:29Z,27R,3787.0,1157.44,508.975,Passenger,7448A3,2026-05-10T02:49:10Z,2026-05-10T03:45:23Z,True
3f9f4099,VF340,TKJ340,TKJ,TKJ,B738,TC-JHE,LTFJ,SAW,2026-05-10T03:30:13Z,24L,OSAP,ALP,OSAP,ALP,2026-05-10T04:56:06Z,,5153.0,1240.12,865.958,Passenger,4BA905,2026-05-10T03:11:13Z,2026-05-10T04:56:06Z,True
3f9f6c70,RJ432,RJA432,RJA,RJA,E290,JY-REC,OSAP,ALP,2026-05-10T04:51:52Z,,OJAI,AMM,OJAI,AMM,2026-05-10T05:44:01Z,,3129.0,594.266,508.052,Passenger,7448A3,2026-05-10T04:50:46Z,2026-05-10T05:44:01Z,True
3f9f6885,F36861,FAD6861,TAH,FAD,A333,TC-NYA,OSAP,ALP,,,OEJN,JED,OEJN,JED,,,,1102.96,1100.29,Passenger,4BBB21,2026-05-10T05:11:00Z,2026-05-10T06:31:55Z,True
3f9f8465,VF341,TKJ341,TKJ,TKJ,B738,TC-JHE,OSAP,ALP,2026-05-10T05:48:18Z,,LTFJ,SAW,LTFJ,SAW,2026-05-10T07:23:52Z,24L,5734.0,1045.91,865.81,Passenger,4BA905,2026-05-10T05:42:40Z,2026-05-10T07:33:11Z,True
3f9f9dea,F36892,FAD6892,TAH,FAD,A332,TC-NYP,OEMA,MED,2026-05-10T07:04:49Z,35,OSAP,ALP,OSAP,ALP,2026-05-10T08:57:06Z,09L,6737.0,2588.78,1310.55,Passenger,4BBB30,2026-05-10T06:39:05Z,2026-05-10T08:57:06Z,True
3f9fad33,RB390,SYR390,SYR,SYR,A320,YK-AKH,OERK,RUH,2026-05-10T07:21:12Z,15L,OSAP,ALP,OSAP,ALP,2026-05-10T09:42:33Z,,8481.0,1669.92,1541.39,Passenger,778568,2026-05-10T07:10:50Z,2026-05-10T09:34:09Z,True
3fa013da,TK840,THY840,THY,THY,B739,TC-JYF,LTFM,IST,2026-05-10T10:40:57Z,35L,OSAP,ALP,OSAP,ALP,2026-05-10T12:19:24Z,,5907.0,1139.66,927.977,Passenger,4BAB26,2026-05-10T10:08:08Z,2026-05-10T12:19:24Z,True
3fa032d3,F36893,FAD6893,TAH,FAD,A332,TC-NYP,OSAP,ALP,2026-05-10T11:44:34Z,,OEJN,JED,OEJN,JED,2026-05-10T13:59:38Z,34L,8104.0,3778.8,1615.78,Passenger,4BBB30,2026-05-10T10:56:58Z,2026-05-10T14:08:25Z,True
3fa09d33,RB381,SYR381,SYR,SYR,A320,YK-AKH,OSAP,ALP,2026-05-10T13:28:57Z,09L,OEJN,JED,OEJN,JED,2026-05-10T16:00:14Z,34L,9077.0,1949.46,1618.59,Passenger,778568,2026-05-10T13:23:19Z,2026-05-10T16:04:20Z,True
3fa0acb9,TK841,THY841,THY,THY,B739,TC-JYF,OSAP,ALP,2026-05-10T14:00:32Z,,LTFM,IST,LTFM,IST,2026-05-10T15:36:42Z,35R,5770.0,1035.73,927.543,Passenger,4BAB26,2026-05-10T13:44:00Z,2026-05-10T15:50:37Z,True
3fa2b42c,RJ431,RJA431,RJA,RJA,A20N,JY-RAD,OJAI,AMM,2026-05-11T02:46:21Z,26R,OSAP,ALP,OSAP,ALP,,,,572.989,483.992,Passenger,744824,2026-05-11T02:35:01Z,2026-05-11T03:34:33Z,True
3fa2bbcd,VF340,TKJ340,TKJ,TKJ,B738,TC-JHE,LTFJ,SAW,2026-05-11T03:04:58Z,06R,OSAP,ALP,OSAP,ALP,2026-05-11T04:32:24Z,,5246.0,1458.72,869.704,Passenger,4BA905,2026-05-11T02:50:55Z,2026-05-11T04:24:00Z,True
3fa2e8b2,TK844,THY844,THY,THY,B739,TC-JYC,LTFM,IST,2026-05-11T05:10:27Z,34L,OSAP,ALP,OSAP,ALP,2026-05-11T06:47:04Z,,5797.0,1209.45,927.396,Passenger,4BAB23,2026-05-11T04:22:15Z,2026-05-11T06:47:49Z,True
3fa2f83c,RJ432,RJA432,RJA,RJA,A20N,JY-RAD,OSAP,ALP,,,OJAI,AMM,OJAI,AMM,2026-05-11T05:41:46Z,26R,,560.714,487.889,Passenger,744824,2026-05-11T04:51:52Z,2026-05-11T05:48:28Z,True
3fa3130a,RB444,SYR444,SYR,SYR,B735,YK-SYR,LTFM,IST,2026-05-11T05:51:54Z,36,OSAP,ALP,OSAP,ALP,,,,1037.91,942.461,Passenger,77CF32,2026-05-11T05:43:46Z,2026-05-11T07:17:14Z,True
3fa3150b,VF341,TKJ341,TKJ,TKJ,B738,TC-JHE,OSAP,ALP,2026-05-11T05:52:09Z,,LTFJ,SAW,LTFJ,SAW,2026-05-11T07:26:31Z,06R,5662.0,1042.27,865.882,Passenger,4BA905,2026-05-11T05:47:34Z,2026-05-11T07:36:52Z,True
3fa36460,,UNO501H,IGC,UNO,CRJ2,YI-BAI,OSDI,DAM,2026-05-11T08:15:20Z,,OSAP,ALP,OSAP,ALP,2026-05-11T09:02:59Z,,2859.0,430.262,314.279,Business_jets,728829,2026-05-11T08:14:07Z,2026-05-11T09:02:59Z,True
3fa36761,TK845,THY845,THY,THY,B739,TC-JYC,OSAP,ALP,2026-05-11T08:27:19Z,,LTFM,IST,LTFM,IST,2026-05-11T10:13:15Z,35R,6356.0,1571.65,927.283,Passenger,4BAB23,2026-05-11T08:19:18Z,2026-05-11T10:24:07Z,True
3fa38fd2,,UNO501H,IGC,UNO,CRJ2,YI-BAI,OSAP,ALP,2026-05-11T09:28:41Z,,,,,,,,,337.921,306.421,Business_jets,728829,2026-05-11T09:30:19Z,2026-05-11T10:01:07Z,True
3fa5ac7c,RB445,SYR445,SYR,SYR,B735,YK-SYR,OSAP,ALP,2026-05-11T19:53:20Z,09L,LTFM,IST,LTFM,IST,2026-05-11T21:27:57Z,17L,5677.0,1019.51,918.795,Passenger,77CF32,2026-05-11T19:56:49Z,2026-05-11T21:35:50Z,True
3fa69a2f,FYC492,FYC492,FYC,FYC,A320,YK-BAG,LTFJ,SAW,2026-05-12T01:49:47Z,24L,OSAP,ALP,OSAP,ALP,,,,978.038,868.204,Passenger,778827,2026-05-12T01:19:52Z,2026-05-12T03:05:02Z,True
3fa6c3ba,RJ431,RJA431,RJA,RJA,A20N,JY-RAH,OJAI,AMM,2026-05-12T02:42:51Z,26L,OSAP,ALP,OSAP,ALP,,,,584.235,481.322,Passenger,744828,2026-05-12T02:32:07Z,2026-05-12T03:32:12Z,True
3fa70028,VF340,TKJ340,TKJ,TKJ,B738,TC-JHE,LTFJ,SAW,2026-05-12T04:46:52Z,24L,OSAP,ALP,OSAP,ALP,2026-05-12T06:11:01Z,,5049.0,967.644,866.073,Passenger,4BA905,2026-05-12T04:23:32Z,2026-05-12T06:11:01Z,True
3fa71057,RJ432,RJA432,RJA,RJA,A20N,JY-RAH,OSAP,ALP,2026-05-12T04:48:23Z,09L,OJAI,AMM,OJAI,AMM,2026-05-12T05:43:35Z,26R,3312.0,582.105,489.613,Passenger,744828,2026-05-12T04:53:19Z,2026-05-12T05:49:28Z,True
3fa714d2,FYC9601,FYC9601,FYC,FYC,A320,YK-BAG,OSAP,ALP,2026-05-12T05:04:42Z,09L,OMSJ,SHJ,OMSJ,SHJ,2026-05-12T08:37:30Z,,12768.0,3141.38,2123.32,Passenger,778827,2026-05-12T05:01:09Z,2026-05-12T08:36:30Z,True
3fa751c6,VF341,TKJ341,TKJ,TKJ,B738,TC-JHE,OSAP,ALP,2026-05-12T07:02:01Z,,LTFJ,SAW,LTFJ,SAW,2026-05-12T08:46:12Z,24L,6251.0,1074.43,865.82,Passenger,4BA905,2026-05-12T06:55:16Z,2026-05-12T08:56:39Z,True
3fa7d095,FYC9602,FYC9602,FYC,FYC,A320,YK-BAG,OMDB,DXB,2026-05-12T10:22:46Z,,OSAP,ALP,OSAP,ALP,2026-05-12T13:55:08Z,,12742.0,2788.46,2108.98,Passenger,778827,2026-05-12T10:23:47Z,2026-05-12T13:55:08Z,True
3fa7dce2,TK840,THY840,THY,THY,B739,TC-JYC,LTFM,IST,2026-05-12T10:56:39Z,18,OSAP,ALP,OSAP,ALP,,,,1298.99,920.217,Passenger,4BAB23,2026-05-12T10:42:07Z,2026-05-12T12:22:51Z,True
3fa88926,TK841,THY841,THY,THY,B739,TC-JYC,OSAP,ALP,2026-05-12T14:10:37Z,09L,LTFM,IST,LTFM,IST,2026-05-12T15:55:23Z,17L,6286.0,1268.1,928.314,Passenger,4BAB23,2026-05-12T13:50:36Z,2026-05-12T16:05:07Z,True
3faa5ad4,FYC491,FYC491,FYC,FYC,A320,YK-BAG,OSAP,ALP,2026-05-12T22:44:11Z,27R,LTFJ,SAW,LTFJ,SAW,2026-05-13T00:07:53Z,06R,5022.0,931.036,865.805,Passenger,778827,2026-05-12T22:30:12Z,2026-05-13T00:20:15Z,True
3faacc31,F35864,FAD5864,FAD,FAD,A20N,HZ-FBE,OEMA,MED,2026-05-13T01:29:45Z,35,OSAP,ALP,OSAP,ALP,2026-05-13T03:31:04Z,,7279.0,1331.41,1310.06,Passenger,71157E,2026-05-13T01:14:02Z,2026-05-13T03:31:04Z,True
3fab03fe,RJ431,RJA431,RJA,RJA,E295,JY-REA,OJAI,AMM,2026-05-13T02:49:25Z,26R,OSAP,ALP,OSAP,ALP,,,,576.523,488.707,Passenger,7448A1,2026-05-13T02:48:12Z,2026-05-13T03:38:55Z,True
3fab0da6,VF340,TKJ340,TKJ,TKJ,B738,TC-JHE,LTFJ,SAW,2026-05-13T03:21:37Z,24L,OSAP,ALP,OSAP,ALP,,,,950.099,857.962,Passenger,4BA905,2026-05-13T03:06:14Z,2026-05-13T04:29:58Z,True
3fab2202,F35865,FAD5865,FAD,FAD,A20N,HZ-FBE,OSAP,ALP,2026-05-13T04:59:32Z,,OEJN,JED,OEJN,JED,2026-05-13T07:12:20Z,34L,7968.0,1712.65,1618.55,Passenger,71157E,2026-05-13T03:46:07Z,2026-05-13T07:19:27Z,True
3fab357b,TK844,THY844,THY,THY,B739,TC-JYF,LTFM,IST,2026-05-13T04:59:17Z,17R,OSAP,ALP,OSAP,ALP,,,,1110.45,933.23,Passenger,4BAB26,2026-05-13T04:21:01Z,2026-05-13T06:22:33Z,True
3fab471b,RJ432,RJA432,RJA,RJA,E295,JY-REA,OSAP,ALP,2026-05-13T04:55:58Z,,OJAI,AMM,OJAI,AMM,2026-05-13T05:51:32Z,26R,3334.0,618.65,507.172,Passenger,7448A1,2026-05-13T04:54:40Z,2026-05-13T05:51:48Z,True
3fab66dd,VF341,TKJ341,TKJ,TKJ,B738,TC-JHE,OSAP,ALP,2026-05-13T06:00:12Z,,LTFJ,SAW,LTFJ,SAW,2026-05-13T07:28:00Z,24L,5268.0,1037.92,865.879,Passenger,4BA905,2026-05-13T05:53:31Z,2026-05-13T07:34:53Z,True
3fabb438,TK845,THY845,THY,THY,B739,TC-JYF,OSAP,ALP,2026-05-13T08:20:57Z,27R,LTFM,IST,LTFM,IST,2026-05-13T09:58:30Z,35R,5853.0,1066.36,928.621,Passenger,4BAB26,2026-05-13T08:07:34Z,2026-05-13T10:06:28Z,True
3fabe96a,FYC523,FYC526,FYC,FYC,A320,YK-BAG,OSDI,DAM,2026-05-13T10:12:18Z,,OSAP,ALP,OSAP,ALP,2026-05-13T14:27:58Z,,15340.0,1896.89,314.524,Passenger,778827,2026-05-13T09:36:55Z,2026-05-13T14:37:41Z,True
3facf91b,F35833,FAD5833,TAH,FAD,A333,TC-NYA,OSAP,ALP,2026-05-13T14:53:50Z,09L,OEJN,JED,OEJN,JED,2026-05-13T17:06:46Z,34L,7976.0,1813.42,1609.92,Passenger,4BBB21,2026-05-13T14:57:01Z,2026-05-13T17:12:45Z,True
3fad177c,FYC455,FYC455,FYC,FYC,A320,YK-BAG,OSAP,ALP,2026-05-13T15:36:22Z,,UDYZ,EVN,UDYZ,EVN,2026-05-13T16:43:14Z,08,4012.0,1717.81,767.192,Passenger,778827,2026-05-13T15:28:17Z,2026-05-13T16:53:29Z,True
3fad6662,FYC456,FYC456,FYC,FYC,A320,YK-BAG,UDYZ,EVN,2026-05-13T18:10:40Z,26,OSAP,ALP,OSAP,ALP,2026-05-13T19:30:07Z,27R,4767.0,848.738,761.103,Passenger,778827,2026-05-13T16:54:24Z,2026-05-13T19:22:06Z,True
3fae19b9,FYC525,FYC525,FYC,FYC,A320,YK-BAG,OSAP,ALP,2026-05-13T20:26:26Z,27R,,,,,,,,907.406,638.994,Passenger,778827,2026-05-13T20:19:24Z,2026-05-13T21:30:34Z,True
3faed5b0,F36856,FAD6856,FAD,FAD,A20N,HZ-FBL,OEMA,MED,2026-05-14T00:48:26Z,35,OSAP,ALP,OSAP,ALP,2026-05-14T02:43:09Z,,6883.0,1344.1,1307.56,Passenger,7114E5,2026-05-14T00:33:04Z,2026-05-14T02:38:24Z,True
3faf20d2,RJ431,RJA431,RJA,RJA,A20N,JY-RAF,OJAI,AMM,2026-05-14T02:47:09Z,26L,OSAP,ALP,OSAP,ALP,2026-05-14T03:50:17Z,27L,3788.0,955.793,508.948,Passenger,744826,2026-05-14T02:34:39Z,2026-05-14T03:42:37Z,True
3faf30e0,VF340,TKJ340,TKJ,TKJ,B738,TC-JHB,LTFJ,SAW,2026-05-14T03:26:56Z,06R,OSAP,ALP,OSAP,ALP,2026-05-14T04:46:13Z,,4757.0,1308.07,865.465,Passenger,4BA902,2026-05-14T03:01:14Z,2026-05-14T04:50:22Z,True
3faf4f53,F36857,FAD6857,FAD,FAD,A20N,HZ-FBL,OSAP,ALP,2026-05-14T04:10:35Z,,OEJN,JED,OEJN,JED,2026-05-14T06:24:55Z,34L,8060.0,1709.99,1615.76,Passenger,7114E5,2026-05-14T03:57:22Z,2026-05-14T06:36:57Z,True
3faf6806,F36891,FAD6891,FAD,FAD,A20N,HZ-FBV,OSAP,ALP,2026-05-14T04:49:56Z,,OEJN,JED,OEJN,JED,2026-05-14T07:06:23Z,34L,8187.0,1713.48,1615.58,Passenger,717FFE,2026-05-14T04:40:34Z,2026-05-14T07:16:22Z,True
3faf69c4,,,,,GL5T,,,,2026-05-14T07:18:17Z,,,,,,2026-05-14T08:37:19Z,,,,,Business_jets,,2026-05-14T04:43:42Z,2026-05-14T08:48:14Z,True
3faf6d35,RJ432,RJA432,RJA,RJA,A20N,JY-RAF,OSAP,ALP,2026-05-14T04:57:31Z,,OJAI,AMM,OJAI,AMM,2026-05-14T05:51:28Z,26L,3237.0,575.355,508.015,Passenger,744826,2026-05-14T04:49:50Z,2026-05-14T05:54:45Z,True
3faf91ac,VF341,TKJ341,TKJ,TKJ,B738,TC-JHB,OSAP,ALP,2026-05-14T06:06:48Z,,LTFJ,SAW,LTFJ,SAW,2026-05-14T07:41:53Z,06R,5705.0,1004.49,865.988,Passenger,4BA902,2026-05-14T05:59:22Z,2026-05-14T07:53:26Z,True
3fafdd15,,UNO501H,IGC,UNO,CRJ2,YI-BAI,OSDI,DAM,2026-05-14T08:22:58Z,,OSAP,ALP,OSAP,ALP,2026-05-14T09:10:44Z,,2866.0,1266.75,314.55,Business_jets,728829,2026-05-14T08:17:24Z,2026-05-14T09:10:44Z,True
3fb00c53,,UNO501H,IGC,UNO,CRJ2,YI-BAI,OSAP,ALP,2026-05-14T09:39:15Z,,,,,,,,,461.295,305.192,Business_jets,728829,2026-05-14T09:40:44Z,2026-05-14T10:20:31Z,True
3fb01a86,TK840,THY840,THY,THY,B739,TC-JYC,LTFM,IST,2026-05-14T10:39:36Z,36,OSAP,ALP,OSAP,ALP,,,,1056.03,919.252,Passenger,4BAB23,2026-05-14T10:03:39Z,2026-05-14T12:00:13Z,True
3fb0e07c,F36897,FAD6897,FAD,FAD,A20N,HZ-FBV,OSAP,ALP,,,OEJN,JED,OEJN,JED,,,,1783.64,1616.67,Passenger,717FFE,2026-05-14T14:02:49Z,2026-05-14T16:07:25Z,True
3fb0e3f8,TK841,THY841,THY,THY,B739,TC-JYC,OSAP,ALP,2026-05-14T14:13:29Z,09L,LTFM,IST,LTFM,IST,2026-05-14T15:50:44Z,35R,5835.0,1202.5,927.309,Passenger,4BAB23,2026-05-14T14:05:20Z,2026-05-14T16:04:07Z,True
3fb1222d,,,,,GL5T,,,,2026-05-14T17:14:54Z,,,,,,2026-05-14T18:43:24Z,,,,,Business_jets,,2026-05-14T15:14:57Z,2026-05-14T19:07:14Z,True
3fb2f27e,F36834,FAD6834,FAD,FAD,A20N,HZ-FAW,OEMA,MED,2026-05-15T00:23:42Z,35,OSAP,ALP,OSAP,ALP,2026-05-15T02:16:44Z,,6782.0,1352.28,1310.14,Passenger,717CD3,2026-05-15T00:12:07Z,2026-05-15T02:17:43Z,True
3fb3196a,FYC492,FYC492,FYC,FYC,A320,YK-BAC,LTFJ,SAW,2026-05-15T01:22:32Z,,OSAP,ALP,OSAP,ALP,2026-05-15T02:46:13Z,,5021.0,936.563,864.563,Passenger,778823,2026-05-15T01:10:02Z,2026-05-15T02:46:13Z,True
3fb321dc,RJ431,RJA431,RJA,RJA,A20N,JY-RAB,OJAI,AMM,2026-05-15T01:24:47Z,26R,OSAP,ALP,OSAP,ALP,2026-05-15T02:25:36Z,27R,3649.0,894.974,506.834,Passenger,744822,2026-05-15T01:22:57Z,2026-05-15T02:18:38Z,True
3fb32b38,F36804,FAD6804,FAD,FAD,A20N,HZ-FAX,OEMA,MED,2026-05-15T01:53:50Z,35,OSAP,ALP,OSAP,ALP,2026-05-15T03:53:45Z,,7195.0,1335.66,1310.28,Passenger,7110FA,2026-05-15T01:36:58Z,2026-05-15T03:53:45Z,True
3fb3682b,F36835,FAD6835,FAD,FAD,A20N,HZ-FAW,OSAP,ALP,2026-05-15T03:40:18Z,09L,OEJN,JED,OEJN,JED,2026-05-15T05:51:23Z,34L,7865.0,1718.19,1615.79,Passenger,717CD3,2026-05-15T03:20:20Z,2026-05-15T06:01:33Z,True
3fb36e1b,VF340,TKJ340,TKJ,TKJ,B738,TC-JHE,LTFJ,SAW,2026-05-15T04:08:55Z,06R,OSAP,ALP,OSAP,ALP,2026-05-15T05:39:20Z,27R,5425.0,955.1,868.271,Passenger,4BA905,2026-05-15T03:31:05Z,2026-05-15T05:32:23Z,True
3fb37433,RJ432,RJA432,RJA,RJA,A20N,JY-RAB,OSAP,ALP,2026-05-15T03:54:16Z,,OJAI,AMM,OJAI,AMM,2026-05-15T04:45:08Z,26L,3052.0,796.492,508.013,Passenger,744822,2026-05-15T03:42:27Z,2026-05-15T04:48:23Z,True
3fb38ff0,TK844,THY844,THY,THY,B739,TC-JYC,LTFM,IST,2026-05-15T05:00:01Z,34L,OSAP,ALP,OSAP,ALP,2026-05-15T06:37:21Z,,5840.0,1296.6,928.259,Passenger,4BAB23,2026-05-15T04:31:30Z,2026-05-15T06:37:21Z,True
3fb3a295,F36805,FAD6805,FAD,FAD,A20N,HZ-FAX,OSAP,ALP,2026-05-15T05:10:49Z,09L,OEJN,JED,OEJN,JED,2026-05-15T07:21:14Z,34L,7825.0,1710.53,1615.76,Passenger,7110FA,2026-05-15T05:04:17Z,2026-05-15T07:32:06Z,True
3fb3a686,FYC9601,FYC9601,FYC,FYC,A320,YK-BAC,OSAP,ALP,2026-05-15T05:16:50Z,09L,OMDB,DXB,OMDB,DXB,2026-05-15T08:42:12Z,,12322.0,3110.74,2110.58,Passenger,778823,2026-05-15T05:11:19Z,2026-05-15T08:42:12Z,True
3fb3cb0c,VF341,TKJ341,TKJ,TKJ,B738,TC-JHE,OSAP,ALP,2026-05-15T06:34:19Z,27R,LTFJ,SAW,LTFJ,SAW,2026-05-15T08:11:26Z,06R,5827.0,1187.15,865.96,Passenger,4BA905,2026-05-15T06:20:00Z,2026-05-15T08:22:18Z,True
3fb3fc9b,F36832,FAD6832,FAD,FAD,A20N,HZ-FBC,OEMA,MED,2026-05-15T08:05:56Z,17,OSAP,ALP,OSAP,ALP,2026-05-15T10:13:22Z,,7646.0,2117.79,1307.81,Passenger,717C99,2026-05-15T07:51:17Z,2026-05-15T10:09:24Z,True
3fb4186e,TK845,THY845,THY,THY,B739,TC-JYC,OSAP,ALP,2026-05-15T08:51:12Z,,LTFM,IST,LTFM,IST,2026-05-15T10:25:39Z,34L,5667.0,1068.27,927.937,Passenger,4BAB23,2026-05-15T08:38:34Z,2026-05-15T10:48:44Z,True
3fb442c5,F36866,FAD6867,FAD,FAD,A20N,HZ-FBL,OSAP,ALP,2026-05-15T10:47:51Z,,OEJN,JED,OEJN,JED,2026-05-15T13:01:16Z,34L,8005.0,2117.58,1615.8,Passenger,7114E5,2026-05-15T09:47:55Z,2026-05-15T13:12:34Z,True
3fb465c3,F36833,FAD6833,FAD,FAD,A20N,HZ-FBC,OSAP,ALP,2026-05-15T11:30:28Z,09L,OEJN,JED,OEJN,JED,2026-05-15T13:45:19Z,34L,8091.0,2154.85,1615.71,Passenger,717C99,2026-05-15T10:39:36Z,2026-05-15T13:55:19Z,True
3fb4873c,RJ433,RJA433,RJA,RJA,E295,JY-REF,OJAI,AMM,2026-05-15T11:25:46Z,26L,OSAP,ALP,OSAP,ALP,,,,868.246,499.77,Passenger,7448A6,2026-05-15T11:25:08Z,2026-05-15T12:16:20Z,True
3fb4c96d,F36869,FAD6869,FAD,FAD,A20N,HZ-FAW,OSAP,ALP,2026-05-15T13:03:26Z,09R,OEJN,JED,OEJN,JED,2026-05-15T15:13:25Z,34L,7799.0,1904.1,1618.67,Passenger,717CD3,2026-05-15T12:41:29Z,2026-05-15T15:17:56Z,True
3fb502e1,RJ434,RJA434,RJA,RJA,E295,JY-REF,OSAP,ALP,2026-05-15T13:38:27Z,,OJAI,AMM,OJAI,AMM,2026-05-15T14:37:59Z,26R,3572.0,583.142,507.083,Passenger,7448A6,2026-05-15T13:39:49Z,2026-05-15T14:35:49Z,True
3fb53404,F36773,FAD6773,FAD,FAD,A20N,HZ-FAX,OSAP,ALP,2026-05-15T14:39:30Z,09L,OEJN,JED,OEJN,JED,2026-05-15T16:55:18Z,34L,8148.0,1714.37,1618.86,Passenger,7110FA,2026-05-15T14:26:43Z,2026-05-15T17:02:00Z,True
3fb6e490,FYC491,FYC0491,FYC,FYC,A320,YK-BAC,OSAP,ALP,,,LTFJ,SAW,LTFJ,SAW,2026-05-15T23:53:24Z,24L,,880.237,839.976,Passenger,778823,2026-05-15T22:35:26Z,2026-05-16T00:03:03Z,True
3fb75121,RJ431,RJA431,RJA,RJA,A20N,JY-RAK,OJAI,AMM,2026-05-16T01:29:46Z,26L,OSAP,ALP,OSAP,ALP,2026-05-16T02:33:07Z,,3801.0,590.359,507.683,Passenger,74482B,2026-05-16T01:17:52Z,2026-05-16T02:33:07Z,True
3fb7769f,F36838,FAD6838,FAD,FAD,A20N,HZ-FBQ,OEMA,MED,2026-05-16T03:11:35Z,35,OSAP,ALP,OSAP,ALP,2026-05-16T05:17:15Z,,7540.0,5954.4,1310.02,Passenger,71145F,2026-05-16T02:25:32Z,2026-05-16T05:17:15Z,True
3fb77b16,F36802,FAD6802,FAD,FAD,A20N,HZ-FBJ,OEMA,MED,2026-05-16T02:45:32Z,35,OSAP,ALP,OSAP,ALP,2026-05-16T04:44:24Z,,7132.0,1342.09,1310.84,Passenger,711506,2026-05-16T02:33:58Z,2026-05-16T04:44:24Z,True
3fb79205,VF340,TKJ340,TKJ,TKJ,B738,TC-JFH,LTFJ,SAW,2026-05-16T03:51:55Z,24L,OSAP,ALP,OSAP,ALP,2026-05-16T05:22:18Z,,5423.0,987.446,873.218,Passenger,4BA8C8,2026-05-16T03:17:03Z,2026-05-16T05:14:05Z,True
3fb797c4,RJ432,RJA432,RJA,RJA,A20N,JY-RAK,OSAP,ALP,2026-05-16T03:33:58Z,,OJAI,AMM,OJAI,AMM,2026-05-16T04:26:46Z,26L,3168.0,568.655,508.096,Passenger,74482B,2026-05-16T03:29:24Z,2026-05-16T04:28:54Z,True
3fb7b309,TK844,THY844,THY,THY,B739,TC-JYC,LTFM,IST,2026-05-16T05:18:24Z,17R,OSAP,ALP,OSAP,ALP,2026-05-16T06:52:19Z,27R,5635.0,1154.03,932.975,Passenger,4BAB23,2026-05-16T04:22:55Z,2026-05-16T06:44:43Z,True
3fb7d5ad,F36839,FAD6839,FAD,FAD,A20N,HZ-FBQ,OSAP,ALP,2026-05-16T06:21:07Z,09L,OEJN,JED,OEJN,JED,2026-05-16T08:35:54Z,34L,8087.0,3178.05,1615.82,Passenger,71145F,2026-05-16T05:32:29Z,2026-05-16T08:48:28Z,True
3fb7d618,F36803,FAD6803,FAD,FAD,A20N,HZ-FBJ,OSAP,ALP,2026-05-16T05:47:23Z,27R,OEJN,JED,OEJN,JED,2026-05-16T07:56:19Z,34L,7736.0,1966.47,1615.68,Passenger,711506,2026-05-16T05:33:17Z,2026-05-16T08:06:48Z,True
3fb7e887,VF341,TKJ341,TKJ,TKJ,B738,TC-JFH,OSAP,ALP,2026-05-16T06:17:32Z,,LTFJ,SAW,LTFJ,SAW,2026-05-16T07:48:11Z,24L,5439.0,1062.66,865.69,Passenger,4BA8C8,2026-05-16T06:12:15Z,2026-05-16T07:57:06Z,True
3fb7fed7,F36865,FAD6865,TAH,FAD,A332,TC-NYP,OSAP,ALP,2026-05-16T06:55:14Z,09R,OEJN,JED,OEJN,JED,2026-05-16T09:10:47Z,34L,8133.0,1865.04,1605.12,Passenger,4BBB30,2026-05-16T06:58:49Z,2026-05-16T09:20:13Z,True
3fb81757,RJ433,RJA433,RJA,RJA,A20N,JY-RAE,OJAI,AMM,2026-05-16T08:02:39Z,26L,OSAP,ALP,OSAP,ALP,,,,562.116,448.283,Passenger,744825,2026-05-16T07:47:52Z,2026-05-16T08:49:08Z,True
3fb82832,TK845,THY845,THY,THY,B739,TC-JYC,OSAP,ALP,2026-05-16T08:34:25Z,,LTFM,IST,LTFM,IST,2026-05-16T10:23:07Z,17L,6522.0,1123.08,929.334,Passenger,4BAB23,2026-05-16T08:18:01Z,2026-05-16T10:29:10Z,True
3fb834d3,F36844,FAD6844,FAD,FAD,A20N,HZ-FBV,OEJN,JED,2026-05-16T08:45:05Z,34C,OSAP,ALP,OSAP,ALP,2026-05-16T11:16:28Z,,9083.0,1658.27,1619.04,Passenger,717FFE,2026-05-16T08:40:09Z,2026-05-16T11:16:28Z,True
3fb8655f,RJ434,RJA434,RJA,RJA,A20N,JY-RAE,OSAP,ALP,2026-05-16T10:04:12Z,,OJAI,AMM,OJAI,AMM,2026-05-16T11:01:15Z,,3423.0,609.139,507.704,Passenger,744825,2026-05-16T09:59:38Z,2026-05-16T11:06:28Z,True
3fb86d42,F36878,FAD6878,FAD,FAD,A20N,HZ-FBD,OEJN,JED,2026-05-16T10:38:36Z,34C,OSAP,ALP,OSAP,ALP,2026-05-16T13:11:16Z,27R,9160.0,1876.33,1614.68,Passenger,717C8B,2026-05-16T10:11:01Z,2026-05-16T13:03:48Z,True
3fb89373,F36848,FAD6848,FAD,FAD,A20N,HZ-FBQ,OEJN,JED,2026-05-16T11:20:51Z,34C,OSAP,ALP,OSAP,ALP,2026-05-16T13:58:13Z,27R,9442.0,1909.58,1614.21,Passenger,71145F,2026-05-16T11:08:32Z,2026-05-16T13:50:47Z,True
3fb8c92b,F36845,FAD6845,FAD,FAD,A20N,HZ-FBV,OSAP,ALP,2026-05-16T12:20:15Z,09L,OEJN,JED,OEJN,JED,2026-05-16T14:31:29Z,34L,7874.0,1712.7,1618.49,Passenger,717FFE,2026-05-16T12:17:59Z,2026-05-16T14:38:00Z,True
3fb922dc,F36879,FAD6879,FAD,FAD,A20N,HZ-FBD,OSAP,ALP,2026-05-16T14:05:31Z,,OEJN,JED,OEJN,JED,2026-05-16T16:14:45Z,34C,7754.0,1807.08,1615.74,Passenger,717C8B,2026-05-16T13:56:15Z,2026-05-16T16:21:19Z,True
3fb94386,F36849,FAD6849,FAD,FAD,A20N,HZ-FBQ,OSAP,ALP,2026-05-16T15:34:08Z,09L,OEJN,JED,OEJN,JED,2026-05-16T17:48:01Z,34L,8033.0,1732.34,1618.34,Passenger,71145F,2026-05-16T14:30:40Z,2026-05-16T17:55:48Z,True
3fbae3e9,F36836,FAD6836,FAD,FAD,A20N,HZ-FBN,OEJN,JED,2026-05-17T00:26:58Z,34C,OSAP,ALP,OSAP,ALP,2026-05-17T03:00:45Z,27R,9227.0,1656.52,1617.69,Passenger,7114CE,2026-05-17T00:16:30Z,2026-05-17T02:53:04Z,True
3fbae43b,F36822,FAD6822,FAD,FAD,A20N,HZ-FBE,OEMA,MED,2026-05-17T00:31:49Z,35,OSAP,ALP,OSAP,ALP,2026-05-17T02:41:23Z,,7774.0,1827.27,1313.73,Passenger,71157E,2026-05-17T00:17:05Z,2026-05-17T02:32:54Z,True
3fbaefc0,F36840,FAD6840,FAD,FAD,A20N,HZ-FAW,OEMA,MED,2026-05-17T00:52:34Z,35,OSAP,ALP,OSAP,ALP,2026-05-17T03:05:01Z,27R,7947.0,1329.61,1308.93,Passenger,717CD3,2026-05-17T00:39:30Z,2026-05-17T02:57:36Z,True
3fbaf00a,F36880,FAD6880,FAD,FAD,A20N,HZ-FBI,OEJN,JED,2026-05-17T01:04:45Z,34C,OSAP,ALP,OSAP,ALP,2026-05-17T03:42:57Z,,9492.0,1671.42,1618.61,Passenger,71152F,2026-05-17T00:40:17Z,2026-05-17T03:42:57Z,True
3fbafee4,F36806,FAD6806,FAD,FAD,A20N,HZ-FBV,OEJN,JED,2026-05-17T01:28:53Z,34C,OSAP,ALP,OSAP,ALP,2026-05-17T03:58:52Z,27R,8999.0,1661.7,1618.3,Passenger,717FFE,2026-05-17T01:09:30Z,2026-05-17T03:58:52Z,True
3fbb03a7,RJ431,RJA431,RJA,RJA,A20N,JY-RAB,OJAI,AMM,2026-05-17T01:31:47Z,26L,OSAP,ALP,OSAP,ALP,,,,1054.87,223.4,Passenger,744822,2026-05-17T01:19:36Z,2026-05-17T02:12:04Z,True
3fbb360f,VF340,TKJ340,TKJ,TKJ,B738,TC-JHE,LTFJ,SAW,2026-05-17T03:31:32Z,24R,OSAP,ALP,OSAP,ALP,,,,1008.65,866.961,Passenger,4BA905,2026-05-17T03:07:10Z,2026-05-17T04:46:58Z,True
3fbb40c0,RJ432,RJA432,RJA,RJA,A20N,JY-RAB,OSAP,ALP,2026-05-17T03:36:14Z,,OJAI,AMM,OJAI,AMM,2026-05-17T04:26:56Z,26R,3042.0,821.041,507.772,Passenger,744822,2026-05-17T03:32:15Z,2026-05-17T04:31:06Z,True
3fbb4c9d,F36881,FAD6881,FAD,FAD,A20N,HZ-FBI,OSAP,ALP,2026-05-17T06:12:18Z,,OEJN,JED,OEJN,JED,2026-05-17T08:19:11Z,34L,7613.0,1718.19,1615.63,Passenger,71152F,2026-05-17T03:58:12Z,2026-05-17T09:04:49Z,True
3fbb52e9,F36823,FAD6823,FAD,FAD,A20N,HZ-FBE,OSAP,ALP,2026-05-17T04:15:39Z,,OEJN,JED,OEJN,JED,2026-05-17T06:24:21Z,34L,7722.0,1766.85,1615.71,Passenger,71157E,2026-05-17T04:11:00Z,2026-05-17T06:35:53Z,True
3fbb6319,F36841,FAD6841,FAD,FAD,A20N,HZ-FAW,OSAP,ALP,2026-05-17T04:58:50Z,,OEJN,JED,OEJN,JED,2026-05-17T07:05:52Z,34L,7622.0,1722.72,1615.79,Passenger,717CD3,2026-05-17T04:46:27Z,2026-05-17T07:21:40Z,True
3fbb726a,F36807,FAD6807,FAD,FAD,A20N,HZ-FBV,OSAP,ALP,2026-05-17T05:23:02Z,,OEJN,JED,OEJN,JED,2026-05-17T07:30:10Z,34L,7628.0,1720.51,1615.94,Passenger,717FFE,2026-05-17T05:18:21Z,2026-05-17T07:41:44Z,True
3fbb7ad0,F36837,FAD6837,FAD,FAD,A20N,HZ-FBN,OSAP,ALP,2026-05-17T05:40:33Z,,OEJN,JED,OEJN,JED,2026-05-17T07:44:05Z,34R,7412.0,1695.46,1619.97,Passenger,7114CE,2026-05-17T05:37:13Z,2026-05-17T07:46:57Z,True
3fbb80cd,VF341,TKJ341,TKJ,TKJ,B738,TC-JHE,OSAP,ALP,2026-05-17T06:01:06Z,,LTFJ,SAW,LTFJ,SAW,2026-05-17T07:48:13Z,24L,6427.0,1286.84,865.341,Passenger,4BA905,2026-05-17T05:50:59Z,2026-05-17T07:58:41Z,True
3fbc11a4,F36894,FAD6894,FAD,FAD,A20N,HZ-FBV,OEJN,JED,2026-05-17T10:24:27Z,34C,OSAP,ALP,OSAP,ALP,2026-05-17T12:47:00Z,27L,8553.0,1656.19,1615.27,Passenger,717FFE,2026-05-17T10:01:05Z,2026-05-17T12:44:05Z,True
3fbc1ff6,TK840,THY840,THY,THY,B739,TC-JYC,LTFM,IST,2026-05-17T11:05:32Z,36,OSAP,ALP,OSAP,ALP,,,,1046.43,938.998,Passenger,4BAB23,2026-05-17T10:21:38Z,2026-05-17T12:18:58Z,True
3fbcbf6e,F36895,FAD6895,FAD,FAD,A20N,HZ-FBV,OSAP,ALP,2026-05-17T13:51:23Z,09L,OEJN,JED,OEJN,JED,2026-05-17T16:04:59Z,34L,8016.0,1732.38,1615.82,Passenger,717FFE,2026-05-17T13:44:17Z,2026-05-17T16:35:37Z,True
3fbccafa,TK841,THY841,THY,THY,B739,TC-JYC,OSAP,ALP,2026-05-17T14:03:51Z,09L,LTFM,IST,LTFM,IST,2026-05-17T15:51:30Z,34L,6459.0,1057.17,927.267,Passenger,4BAB23,2026-05-17T13:57:08Z,2026-05-17T16:16:54Z,True
3fbeb302,RJ431,RJA431,RJA,RJA,A20N,JY-RAA,OJAI,AMM,2026-05-18T01:36:10Z,26R,OSAP,ALP,OSAP,ALP,,,,579.6,499.39,Passenger,744821,2026-05-18T01:24:37Z,2026-05-18T02:24:47Z,True
3fbeb460,F36882,FAD6882,FAD,FAD,A20N,HZ-FBD,OEJN,JED,2026-05-18T01:44:46Z,34L,OSAP,ALP,OSAP,ALP,2026-05-18T04:13:10Z,,8904.0,1663.15,1613.71,Passenger,717C8B,2026-05-18T01:27:24Z,2026-05-18T04:04:52Z,True
3fbed192,VF340,TKJ340,TKJ,TKJ,B738,TC-JHE,LTFJ,SAW,2026-05-18T03:08:59Z,06L,OSAP,ALP,OSAP,ALP,2026-05-18T04:28:07Z,,4748.0,1093.68,874.538,Passenger,4BA905,2026-05-18T02:26:32Z,2026-05-18T04:18:51Z,True
3fbeedeb,F36870,FAD6870,FAD,FAD,A20N,HZ-FAW,OEJN,JED,2026-05-18T03:50:07Z,34L,OSAP,ALP,OSAP,ALP,2026-05-18T06:19:20Z,27L,8953.0,1677.85,1615.71,Passenger,717CD3,2026-05-18T03:26:29Z,2026-05-18T06:19:20Z,True
3fbef0c2,RJ432,RJA432,RJA,RJA,A20N,JY-RAA,OSAP,ALP,2026-05-18T03:42:29Z,,OJAI,AMM,OJAI,AMM,2026-05-18T04:40:42Z,26L,3493.0,579.846,508.059,Passenger,744821,2026-05-18T03:32:53Z,2026-05-18T04:44:58Z,True
3fbf0a2f,TK844,THY844,THY,THY,B739,TC-JYF,LTFM,IST,2026-05-18T04:55:47Z,34L,OSAP,ALP,OSAP,ALP,2026-05-18T06:27:28Z,27L,5501.0,1089.71,936.148,Passenger,4BAB26,2026-05-18T04:24:21Z,2026-05-18T06:19:09Z,True
3fbf1b64,F36883,FAD6883,FAD,FAD,A20N,HZ-FBD,OSAP,ALP,2026-05-18T05:08:17Z,,OEJN,JED,OEJN,JED,2026-05-18T07:20:33Z,34L,7936.0,1709.42,1615.85,Passenger,717C8B,2026-05-18T04:58:01Z,2026-05-18T07:32:40Z,True
3fbf3a6f,VF341,TKJ341,TKJ,TKJ,B738,TC-JHE,OSAP,ALP,2026-05-18T06:00:46Z,,LTFJ,SAW,LTFJ,SAW,2026-05-18T07:32:56Z,24L,5530.0,1316.03,865.838,Passenger,4BA905,2026-05-18T05:58:10Z,2026-05-18T07:41:37Z,True
3fbf3aec,RB444,SYR444,SYR,SYR,B735,YK-SYR,LTFM,IST,2026-05-18T06:12:40Z,36,OSAP,ALP,OSAP,ALP,2026-05-18T07:49:36Z,27R,5816.0,1078.01,931.479,Passenger,77CF32,2026-05-18T05:59:06Z,2026-05-18T07:42:12Z,True
3fbf5e4e,F36871,FAD6871,FAD,FAD,A20N,HZ-FAW,OSAP,ALP,2026-05-18T07:10:50Z,09L,OEJN,JED,OEJN,JED,2026-05-18T09:26:52Z,34L,8162.0,2007.12,1618.9,Passenger,717CD3,2026-05-18T07:04:49Z,2026-05-18T09:34:49Z,True
3fbf75df,F36898,FAD6898,FAD,FAD,A20N,HZ-FBJ,OEJN,JED,2026-05-18T08:00:24Z,34C,OSAP,ALP,OSAP,ALP,2026-05-18T10:21:32Z,,8468.0,2660.23,1601.92,Passenger,711506,2026-05-18T07:47:33Z,2026-05-18T10:12:08Z,True
3fbf8b54,F36850,FAD6850,FAD,FAD,A20N,HZ-FAX,OEJN,JED,2026-05-18T08:40:07Z,34C,OSAP,ALP,OSAP,ALP,2026-05-18T11:06:26Z,,8779.0,1663.74,1615.76,Passenger,7110FA,2026-05-18T08:24:37Z,2026-05-18T11:06:26Z,True
3fbf9908,TK845,THY845,THY,THY,B739,TC-JYF,OSAP,ALP,2026-05-18T08:52:39Z,,LTFM,IST,LTFM,IST,2026-05-18T10:33:04Z,35R,6025.0,1289.36,928.746,Passenger,4BAB26,2026-05-18T08:48:00Z,2026-05-18T10:40:37Z,True
3fbfc10d,,UNO501H,IGC,UNO,CRJ2,YI-BAI,OSAP,ALP,2026-05-18T09:51:56Z,,,,,,,,,412.492,310.512,Business_jets,728829,2026-05-18T09:52:05Z,2026-05-18T10:31:45Z,True
3fbffe40,F36899,FAD6899,FAD,FAD,A20N,HZ-FBJ,OSAP,ALP,2026-05-18T11:20:54Z,09L,OEJN,JED,OEJN,JED,2026-05-18T13:32:28Z,34L,7894.0,1719.0,1618.41,Passenger,711506,2026-05-18T11:18:25Z,2026-05-18T13:38:28Z,True
3fc017a7,F36851,FAD6851,FAD,FAD,A20N,HZ-FAX,OSAP,ALP,2026-05-18T11:57:55Z,09L,OEJN,JED,OEJN,JED,2026-05-18T14:15:37Z,34L,8262.0,2119.14,1615.7,Passenger,7110FA,2026-05-18T11:51:32Z,2026-05-18T14:31:38Z,True
3fc16b00,RB445,SYR445,SYR,SYR,B735,YK-SYR,OSAP,ALP,2026-05-18T18:26:17Z,,LTFM,IST,LTFM,IST,2026-05-18T20:18:26Z,17L,6729.0,1088.41,928.313,Passenger,77CF32,2026-05-18T18:12:08Z,2026-05-18T20:27:53Z,True
3fc26f0a,F36862,FAD6862,FAD,FAD,A20N,HZ-FAW,OEJN,JED,2026-05-19T00:30:55Z,34C,OSAP,ALP,OSAP,ALP,2026-05-19T02:53:06Z,27R,8531.0,1938.52,1618.65,Passenger,717CD3,2026-05-19T00:15:51Z,2026-05-19T02:53:06Z,True
3fc27107,RB1817,SYR1817,SYR,SYR,B735,YK-SYR,OSDI,DAM,2026-05-19T00:26:54Z,,OSAP,ALP,OSAP,ALP,2026-05-19T01:12:40Z,,2746.0,374.736,311.355,Passenger,77CF32,2026-05-19T00:18:53Z,2026-05-19T01:04:01Z,True
3fc29f7f,RJ431,RJA431,RJA,RJA,E290,JY-RED,OJAI,AMM,2026-05-19T01:36:53Z,26L,OSAP,ALP,OSAP,ALP,2026-05-19T02:38:42Z,,3709.0,596.587,501.49,Passenger,7448A4,2026-05-19T01:35:30Z,2026-05-19T02:30:25Z,True
3fc2aa15,FYC492,FYC492,FYC,FYC,A320,YK-BAC,LTFJ,SAW,2026-05-19T02:01:22Z,06L,OSAP,ALP,OSAP,ALP,2026-05-19T03:17:25Z,,4563.0,931.403,875.47,Passenger,778823,2026-05-19T01:53:12Z,2026-05-19T03:08:53Z,True
3fc2ac4a,RB1817,SYR1817,SYR,SYR,B735,YK-SYR,OSAP,ALP,2026-05-19T02:10:42Z,,OEMA,MED,OEMA,MED,2026-05-19T04:00:14Z,35,6572.0,1740.52,1310.42,Passenger,77CF32,2026-05-19T01:56:58Z,2026-05-19T04:02:52Z,True
3fc2c218,F36884,FAD6884,FAD,FAD,A20N,HZ-FBI,OEJN,JED,2026-05-19T02:44:52Z,34C,OSAP,ALP,OSAP,ALP,2026-05-19T05:11:48Z,27R,8816.0,1644.2,1617.38,Passenger,71152F,2026-05-19T02:35:17Z,2026-05-19T05:04:18Z,True
3fc2cbed,VF340,TKJ340,TKJ,TKJ,B738,TC-JHB,LTFJ,SAW,2026-05-19T03:33:31Z,06L,OSAP,ALP,OSAP,ALP,2026-05-19T04:51:18Z,27R,4667.0,946.764,866.298,Passenger,4BA902,2026-05-19T02:54:01Z,2026-05-19T04:49:17Z,True
3fc2e55c,RJ432,RJA432,RJA,RJA,E290,JY-RED,OSAP,ALP,2026-05-19T03:43:39Z,09R,OJAI,AMM,OJAI,AMM,2026-05-19T04:43:51Z,26R,3612.0,1112.68,507.3,Passenger,7448A4,2026-05-19T03:42:22Z,2026-05-19T04:43:51Z,True
3fc2edee,F36863,FAD6863,FAD,FAD,A20N,HZ-FAW,OSAP,ALP,2026-05-19T04:11:34Z,,OEJN,JED,OEJN,JED,2026-05-19T06:23:58Z,34L,7944.0,1722.08,1615.7,Passenger,717CD3,2026-05-19T03:58:25Z,2026-05-19T06:34:57Z,True
3fc2f65e,F36824,FAD6824,FAD,FAD,A20N,HZ-FBJ,OEJN,JED,2026-05-19T04:22:52Z,34L,OSAP,ALP,OSAP,ALP,2026-05-19T06:50:48Z,,8876.0,2029.41,1611.67,Passenger,711506,2026-05-19T04:13:36Z,2026-05-19T06:42:29Z,True
3fc30fd5,FYC9601,FYC9601,FYC,FYC,A320,YK-BAC,OSAP,ALP,2026-05-19T05:05:19Z,09L,OMDB,DXB,OMDB,DXB,2026-05-19T08:22:59Z,,11860.0,4246.09,2108.26,Passenger,778823,2026-05-19T04:59:52Z,2026-05-19T08:34:25Z,True
3fc31db4,F36853,FAD6853,FAD,FAD,A20N,HZ-FBB,OSAP,ALP,2026-05-19T05:31:27Z,09L,OEJN,JED,OEJN,JED,2026-05-19T07:43:30Z,34L,7923.0,1712.28,1615.78,Passenger,717CB6,2026-05-19T05:25:57Z,2026-05-19T07:56:40Z,True
3fc3344c,VF341,TKJ341,TKJ,TKJ,B738,TC-JHB,OSAP,ALP,2026-05-19T06:12:04Z,09L,LTFJ,SAW,LTFJ,SAW,,,,1090.25,867.69,Passenger,4BA902,2026-05-19T06:08:48Z,2026-05-19T07:48:35Z,True
3fc33f18,F36885,FAD6885,FAD,FAD,A20N,HZ-FBI,OSAP,ALP,2026-05-19T06:37:24Z,,OEJN,JED,OEJN,JED,2026-05-19T08:53:51Z,34L,8187.0,1985.66,1615.93,Passenger,71152F,2026-05-19T06:28:40Z,2026-05-19T09:25:46Z,True
3fc37d2f,F36816,FAD6816,TAH,FAD,A333,TC-NYA,OEJN,JED,2026-05-19T09:01:18Z,34C,OSAP,ALP,OSAP,ALP,2026-05-19T11:28:03Z,,8805.0,2265.34,1618.88,Passenger,4BBB21,2026-05-19T08:14:58Z,2026-05-19T11:19:48Z,True
3fc388f6,FYC9602,FYC9602,FYC,FYC,A320,YK-BAC,OMDB,DXB,2026-05-19T10:34:17Z,,OSAP,ALP,OSAP,ALP,,,,3027.66,2034.79,Passenger,778823,2026-05-19T08:34:27Z,2026-05-19T14:07:53Z,True
3fc3993e,F36825,FAD6825,FAD,FAD,A20N,HZ-FBJ,OSAP,ALP,2026-05-19T08:57:59Z,09L,OEJN,JED,OEJN,JED,2026-05-19T11:06:12Z,16R,7693.0,1654.82,1615.21,Passenger,711506,2026-05-19T09:00:45Z,2026-05-19T12:43:27Z,True
3fc3bd24,RB1819,SYR1819,SYR,SYR,B735,YK-SYR,OSAP,ALP,2026-05-19T10:02:41Z,09L,OEMA,MED,OEMA,MED,2026-05-19T11:54:34Z,35,6713.0,1671.56,1310.94,Passenger,77CF32,2026-05-19T09:58:06Z,2026-05-19T12:01:55Z,True
3fc3c632,TK840,THY840,THY,THY,B739,TC-JYF,LTFM,IST,2026-05-19T10:42:39Z,36,OSAP,ALP,OSAP,ALP,2026-05-19T12:12:45Z,,5406.0,1176.52,937.044,Passenger,4BAB26,2026-05-19T10:11:02Z,2026-05-19T12:03:18Z,True
3fc46243,F36817,FAD6817,TAH,FAD,A333,TC-NYA,OSAP,ALP,2026-05-19T13:42:12Z,09R,OEJN,JED,OEJN,JED,2026-05-19T15:51:11Z,34L,7739.0,1728.51,1615.81,Passenger,4BBB21,2026-05-19T13:22:04Z,2026-05-19T15:55:24Z,True
3fc47356,TK841,THY841,THY,THY,B739,TC-JYF,OSAP,ALP,2026-05-19T13:48:59Z,,LTFM,IST,LTFM,IST,2026-05-19T15:29:45Z,35R,6046.0,1040.19,929.338,Passenger,4BAB26,2026-05-19T13:39:46Z,2026-05-19T15:34:18Z,True
3fc480e2,F36873,FAD6873,FAD,FAD,A20N,HZ-FAW,OSAP,ALP,2026-05-19T13:53:14Z,09L,OEJN,JED,OEJN,JED,2026-05-19T16:05:31Z,34L,7937.0,1746.42,1615.11,Passenger,717CD3,2026-05-19T13:53:58Z,2026-05-19T16:14:31Z,True
3fc63f6e,FYC491,FYC491,FYC,FYC,A320,YK-BAC,OSAP,ALP,2026-05-19T22:44:19Z,,LTFJ,SAW,LTFJ,SAW,2026-05-20T00:06:58Z,06L,4959.0,925.428,865.811,Passenger,778823,2026-05-19T22:43:06Z,2026-05-20T00:11:16Z,True
3fc67510,F36874,FAD6874,TAH,FAD,A332,TC-NYB,OEJN,JED,2026-05-20T00:32:28Z,34C,OSAP,ALP,OSAP,ALP,2026-05-20T03:01:55Z,,8967.0,1693.59,1618.48,Passenger,4BBB22,2026-05-19T23:59:39Z,2026-05-20T03:01:55Z,True
3fc693ba,RB382,SYR382,SYR,SYR,A320,YK-AKH,OEJN,JED,2026-05-20T00:46:00Z,34C,OSAP,ALP,OSAP,ALP,2026-05-20T03:07:26Z,27R,8486.0,1707.62,1619.26,Passenger,778568,2026-05-20T00:44:34Z,2026-05-20T02:59:55Z,True
3fc6b5ba,RJ431,RJA431,RJA,RJA,E295,JY-REF,OJAI,AMM,2026-05-20T01:37:54Z,26R,OSAP,ALP,OSAP,ALP,,,,588.919,496.138,Passenger,7448A6,2026-05-20T01:36:38Z,2026-05-20T02:32:51Z,True
3fc6eb30,VF340,TKJ340,TKJ,TKJ,B738,TC-JHB,LTFJ,SAW,2026-05-20T03:22:56Z,06L,OSAP,ALP,OSAP,ALP,,,,948.39,870.906,Passenger,4BA902,2026-05-20T03:09:30Z,2026-05-20T04:39:51Z,True
3fc7124c,TK844,THY844,THY,THY,B739,TC-JYC,LTFM,IST,2026-05-20T05:19:54Z,34L,OSAP,ALP,OSAP,ALP,2026-05-20T07:04:34Z,27L,6280.0,1108.05,936.34,Passenger,4BAB23,2026-05-20T04:22:06Z,2026-05-20T06:56:28Z,True
3fc71347,RJ432,RJA432,RJA,RJA,E295,JY-REF,OSAP,ALP,,,OJAI,AMM,OJAI,AMM,2026-05-20T05:16:42Z,26R,,701.567,487.277,Passenger,7448A6,2026-05-20T04:23:26Z,2026-05-20T05:14:02Z,True
3fc71f22,RB389,SYR389,SYR,SYR,A320,YK-AKH,OSAP,ALP,2026-05-20T04:42:40Z,,OERK,RUH,OERK,RUH,2026-05-20T07:08:05Z,33R,8725.0,1816.51,1539.8,Passenger,778568,2026-05-20T04:44:54Z,2026-05-20T07:05:17Z,True
3fc72538,F36875,FAD6875,TAH,FAD,A332,TC-NYB,OSAP,ALP,2026-05-20T04:57:18Z,09L,OEJN,JED,OEJN,JED,2026-05-20T07:15:17Z,34L,8279.0,1713.03,1615.74,Passenger,4BBB22,2026-05-20T04:56:13Z,2026-05-20T07:28:58Z,True
3fc7547e,VF341,TKJ341,TKJ,TKJ,B738,TC-JHB,OSAP,ALP,2026-05-20T06:23:40Z,09L,LTFJ,SAW,LTFJ,SAW,2026-05-20T07:53:49Z,24L,5409.0,1017.37,865.871,Passenger,4BA902,2026-05-20T06:21:53Z,2026-05-20T08:01:07Z,True
3fc7899d,RJ433,RJA433,RJA,RJA,A20N,JY-RAJ,OJAI,AMM,2026-05-20T08:08:55Z,26L,OSAP,ALP,OSAP,ALP,,,,547.849,451.251,Passenger,74482A,2026-05-20T07:52:38Z,2026-05-20T08:47:31Z,True
3fc79b42,TK845,THY845,THY,THY,B739,TC-JYC,OSAP,ALP,2026-05-20T08:31:37Z,,LTFM,IST,LTFM,IST,2026-05-20T10:32:05Z,35R,7228.0,1512.27,927.854,Passenger,4BAB23,2026-05-20T08:21:06Z,2026-05-20T10:41:05Z,True
3fc7d152,F36854,FAD6854,FAD,FAD,A20N,HZ-FBE,OEJN,JED,2026-05-20T10:00:01Z,34C,OSAP,ALP,OSAP,ALP,2026-05-20T12:21:37Z,,8496.0,1681.47,1610.17,Passenger,71157E,2026-05-20T09:46:11Z,2026-05-20T12:13:10Z,True
3fc7d64b,RJ434,RJA434,RJA,RJA,A20N,JY-RAJ,OSAP,ALP,2026-05-20T09:53:25Z,,OJAI,AMM,OJAI,AMM,2026-05-20T10:52:14Z,26L,3529.0,596.108,507.977,Passenger,74482A,2026-05-20T09:53:26Z,2026-05-20T10:58:03Z,True
3fc852fb,F36855,FAD6855,FAD,FAD,A20N,HZ-FBE,OSAP,ALP,2026-05-20T14:30:05Z,09L,OEJN,JED,OEJN,JED,2026-05-20T16:52:37Z,34L,8552.0,1731.65,1615.71,Passenger,71157E,2026-05-20T12:28:19Z,2026-05-20T17:06:13Z,True
3fc98821,FYC9602,FYC9602,FYC,FYC,A320,YK-BAG,OMDB,DXB,2026-05-20T17:32:24Z,,OSAP,ALP,OSAP,ALP,,,,4725.16,2090.9,Passenger,778827,2026-05-20T17:33:28Z,2026-05-20T21:00:36Z,True
3fca7a41,FYC9601,FYC9601,FYC,FYC,A320,YK-BAG,OSAP,ALP,2026-05-20T23:09:44Z,,OMDB,DXB,OMDB,DXB,,,,3970.76,2126.8,Passenger,778827,2026-05-20T22:18:59Z,2026-05-21T02:33:33Z,True
3fcafad7,RJ431,RJA431,RJA,RJA,A20N,JY-RAE,OJAI,AMM,2026-05-21T01:38:52Z,26L,OSAP,ALP,OJAI,AMM,2026-05-21T03:36:08Z,26L,7036.0,1101.64,0.262968,Passenger,744825,2026-05-21T01:23:39Z,2026-05-21T03:39:44Z,True
3fcb2679,F35824,FAD5824,FAD,FAD,A20N,HZ-FBG,OEJN,JED,2026-05-21T03:11:57Z,34C,OSAP,ALP,OSAP,ALP,2026-05-21T05:32:47Z,,8450.0,1663.73,1620.01,Passenger,711539,2026-05-21T02:37:18Z,2026-05-21T05:32:47Z,True
3fcb2d11,VF340,TKJ340,TKJ,TKJ,B738,TC-JHE,LTFJ,SAW,2026-05-21T03:10:59Z,24R,OSAP,ALP,OSAP,ALP,,,,955.673,867.021,Passenger,4BA905,2026-05-21T02:49:31Z,2026-05-21T04:26:41Z,True
3fcb5d94,F36815,FAD6815,FAD,FAD,A20N,HZ-FBE,OSAP,ALP,2026-05-21T04:12:54Z,,OEJN,JED,OEJN,JED,2026-05-21T06:40:05Z,34L,8831.0,1749.53,1608.08,Passenger,71157E,2026-05-21T04:16:56Z,2026-05-21T06:50:45Z,True
3fcb8109,F36829,FAD6829,FAD,FAD,A20N,HZ-FAX,OSAP,ALP,2026-05-21T05:26:05Z,09L,OEJN,JED,OEJN,JED,2026-05-21T07:45:59Z,34L,8394.0,1716.67,1618.69,Passenger,7110FA,2026-05-21T05:20:40Z,2026-05-21T07:53:12Z,True
3fcb8d11,VF341,TKJ341,TKJ,TKJ,B738,TC-JHE,OSAP,ALP,2026-05-21T05:50:58Z,,LTFJ,SAW,LTFJ,SAW,2026-05-21T07:19:43Z,24L,5325.0,1031.41,865.892,Passenger,4BA905,2026-05-21T05:43:11Z,2026-05-21T07:28:37Z,True
3fcb8fe3,F35825,FAD5825,FAD,FAD,A20N,HZ-FBG,OSAP,ALP,2026-05-21T06:29:47Z,27L,OEJN,JED,OEJN,JED,2026-05-21T08:47:43Z,34L,8276.0,1705.49,1617.2,Passenger,711539,2026-05-21T05:47:54Z,2026-05-21T09:01:04Z,True
3fcbea64,RJ431,RJA431,RJA,RJA,A20N,JY-RAE,OJAI,AMM,2026-05-21T08:29:54Z,26L,OSAP,ALP,OSAP,ALP,2026-05-21T09:28:30Z,,3516.0,586.591,501.788,Passenger,744825,2026-05-21T08:14:15Z,2026-05-21T09:19:07Z,True
3fcc20e8,,UNO501H,IGC,UNO,CRJ2,YI-BAI,OSAP,ALP,,,,,,,,,,416.399,308.253,Business_jets,728829,2026-05-21T09:33:01Z,2026-05-21T10:17:07Z,True
3fcc3d66,TK840,THY840,THY,THY,B739,TC-JYI,LTFM,IST,2026-05-21T11:04:43Z,35L,OSAP,ALP,OSAP,ALP,2026-05-21T12:40:47Z,27R,5764.0,1150.31,927.91,Passenger,4BAB29,2026-05-21T10:13:18Z,2026-05-21T12:42:12Z,True
3fcc499c,RJ432,RJA432,RJA,RJA,A20N,JY-RAE,OSAP,ALP,2026-05-21T10:35:30Z,,OJAI,AMM,OJAI,AMM,2026-05-21T11:30:58Z,26L,3328.0,568.675,508.219,Passenger,744825,2026-05-21T10:29:20Z,2026-05-21T11:35:06Z,True
3fccb050,RJ433,RJA433,RJA,RJA,A20N,JY-RAE,OJAI,AMM,2026-05-21T12:36:04Z,26L,OSAP,ALP,OSAP,ALP,2026-05-21T13:35:15Z,27R,3551.0,598.378,509.588,Passenger,744825,2026-05-21T12:26:34Z,2026-05-21T13:26:54Z,True
3fcd0e7c,RJ434,RJA434,RJA,RJA,A20N,JY-RAE,OSAP,ALP,2026-05-21T14:11:00Z,,OJAI,AMM,OJAI,AMM,2026-05-21T14:58:13Z,,2833.0,591.44,507.854,Passenger,744825,2026-05-21T13:57:02Z,2026-05-21T16:16:12Z,True
3fcd1a0b,TK841,THY841,THY,THY,B739,TC-JYI,OSAP,ALP,2026-05-21T14:21:13Z,,LTFM,IST,LTFM,IST,2026-05-21T15:53:16Z,35R,5523.0,1082.08,927.304,Passenger,4BAB29,2026-05-21T14:07:26Z,2026-05-21T16:06:02Z,True
3fcf6432,RJ431,RJA431,RJA,RJA,A20N,JY-RAC,OJAI,AMM,2026-05-22T01:28:45Z,26R,OSAP,ALP,OSAP,ALP,2026-05-22T02:28:18Z,27L,3573.0,580.446,508.627,Passenger,744823,2026-05-22T01:17:12Z,2026-05-22T02:20:51Z,True
3fcf6829,FYC492,FYC492,FYC,FYC,A320,YK-BAC,LTFJ,SAW,2026-05-22T01:34:06Z,24R,OSAP,ALP,OSAP,ALP,,,,942.987,849.494,Passenger,778823,2026-05-22T01:23:28Z,2026-05-22T02:43:40Z,True
3fcfa304,VF340,TKJ340,TKJ,TKJ,B738,TC-JHB,LTFJ,SAW,2026-05-22T03:33:29Z,24R,OSAP,ALP,OSAP,ALP,,,,1018.75,869.556,Passenger,4BA902,2026-05-22T03:04:09Z,2026-05-22T04:56:37Z,True
3fcfaaa5,RJ432,RJA432,RJA,RJA,A20N,JY-RAC,OSAP,ALP,2026-05-22T03:24:48Z,,OJAI,AMM,OJAI,AMM,2026-05-22T04:20:39Z,,3351.0,565.68,507.843,Passenger,744823,2026-05-22T03:17:49Z,2026-05-22T04:25:24Z,True
3fcfd126,TK844,THY844,THY,THY,B739,TC-JYC,LTFM,IST,2026-05-22T04:57:42Z,36,OSAP,ALP,OSAP,ALP,2026-05-22T06:34:29Z,27R,5807.0,1104.95,933.676,Passenger,4BAB23,2026-05-22T04:28:57Z,2026-05-22T06:26:39Z,True
3fcfd91b,FYC9601,FYC9601,FYC,FYC,A320,YK-BAC,OSAP,ALP,2026-05-22T04:49:02Z,09L,OMDB,DXB,OMDB,DXB,2026-05-22T08:18:35Z,30R,12573.0,6149.49,2109.58,Passenger,778823,2026-05-22T04:42:50Z,2026-05-22T08:23:27Z,True
3fd0018a,VF341,TKJ341,TKJ,TKJ,B738,TC-JHB,OSAP,ALP,2026-05-22T06:08:34Z,,LTFJ,SAW,LTFJ,SAW,2026-05-22T07:27:57Z,24L,4763.0,927.889,865.806,Passenger,4BA902,2026-05-22T05:56:25Z,2026-05-22T07:39:10Z,True
3fd060c4,TK845,THY845,THY,THY,B739,TC-JYC,OSAP,ALP,2026-05-22T08:31:30Z,09L,LTFM,IST,LTFM,IST,2026-05-22T10:03:38Z,35R,5528.0,1046.06,926.976,Passenger,4BAB23,2026-05-22T08:23:57Z,2026-05-22T10:14:26Z,True
3fd0b661,FYC9602,FYC9602,FYC,FYC,A320,YK-BAC,OMDB,DXB,2026-05-22T10:37:48Z,30L,OSAP,ALP,OSAP,ALP,,,,3381.23,2090.42,Passenger,778823,2026-05-22T10:18:42Z,2026-05-22T13:58:49Z,True
3fd13498,RJ433,RJA433,RJA,RJA,A20N,JY-RAC,OJAI,AMM,2026-05-22T12:56:33Z,26L,OSAP,ALP,OSAP,ALP,2026-05-22T13:52:54Z,,3381.0,946.246,507.815,Passenger,744823,2026-05-22T12:41:52Z,2026-05-22T13:52:54Z,True
3fd1a82f,RJ434,RJA434,RJA,RJA,A20N,JY-RAC,OSAP,ALP,2026-05-22T14:37:48Z,09R,OJAI,AMM,OJAI,AMM,2026-05-22T15:37:11Z,26R,3563.0,829.501,507.663,Passenger,744823,2026-05-22T14:31:02Z,2026-05-22T15:41:55Z,True
3fd35838,FYC491,FYC491,FYC,FYC,A320,YK-BAC,OSAP,ALP,2026-05-22T22:39:31Z,,LTFJ,SAW,LTFJ,SAW,2026-05-22T23:59:04Z,06L,4773.0,960.512,866.828,Passenger,778823,2026-05-22T22:40:48Z,2026-05-23T00:03:27Z,True
3fd3c28e,RJ431,RJA431,RJA,RJA,A20N,JY-RAN,OJAI,AMM,2026-05-23T01:38:51Z,26L,OSAP,ALP,OSAP,ALP,2026-05-23T02:33:51Z,,3300.0,617.175,509.117,Passenger,74482E,2026-05-23T01:28:29Z,2026-05-23T02:25:29Z,True
3fd3ec4f,VF340,TKJ340,TKJ,TKJ,B738,TC-JHB,LTFJ,SAW,2026-05-23T04:06:49Z,06L,OSAP,ALP,OSAP,ALP,2026-05-23T05:33:52Z,,5223.0,1170.43,870.598,Passenger,4BA902,2026-05-23T02:49:06Z,2026-05-23T05:24:04Z,True
3fd3ffc6,RJ432,RJA432,RJA,RJA,A20N,JY-RAN,OSAP,ALP,2026-05-23T03:35:23Z,,OJAI,AMM,OJAI,AMM,2026-05-23T04:36:50Z,26L,3687.0,619.275,508.098,Passenger,74482E,2026-05-23T03:29:21Z,2026-05-23T04:38:33Z,True
3fd41c39,TK844,THY844,THY,THY,B739,TC-JYC,LTFM,IST,2026-05-23T04:54:25Z,36,OSAP,ALP,OSAP,ALP,2026-05-23T06:38:52Z,27L,6267.0,1174.03,937.302,Passenger,4BAB23,2026-05-23T04:25:38Z,2026-05-23T06:30:32Z,True
3fd45753,VF341,TKJ341,TKJ,TKJ,B738,TC-JHB,OSAP,ALP,2026-05-23T06:39:48Z,27R,LTFJ,SAW,LTFJ,SAW,2026-05-23T08:06:51Z,06R,5223.0,1060.25,866.156,Passenger,4BA902,2026-05-23T06:24:53Z,2026-05-23T08:16:49Z,True
3fd47230,F36793,FAD6793,TAH,FAD,A332,TC-NYP,OSAP,ALP,2026-05-23T07:22:59Z,,OEJN,JED,OEJN,JED,2026-05-23T09:53:39Z,34L,9040.0,3044.85,1615.98,Passenger,4BBB30,2026-05-23T07:14:10Z,2026-05-23T09:58:16Z,True
3fd47a1e,RJ433,RJA433,RJA,RJA,A20N,JY-RAN,OJAI,AMM,2026-05-23T07:41:41Z,26L,OSAP,ALP,OSAP,ALP,2026-05-23T08:31:56Z,,3015.0,660.049,507.767,Passenger,74482E,2026-05-23T07:27:25Z,2026-05-23T08:31:56Z,True
3fd494f5,TK845,THY845,THY,THY,B739,TC-JYC,OSAP,ALP,2026-05-23T08:15:27Z,,LTFM,IST,LTFM,IST,2026-05-23T09:48:32Z,35R,5585.0,1265.47,929.338,Passenger,4BAB23,2026-05-23T08:08:13Z,2026-05-23T09:54:10Z,True
3fd4ad44,RJ434,RJA434,RJA,RJA,A20N,JY-RAN,OSAP,ALP,2026-05-23T09:25:51Z,27L,OJAI,AMM,OJAI,AMM,2026-05-23T10:24:15Z,26R,3504.0,576.49,508.076,Passenger,74482E,2026-05-23T08:42:53Z,2026-05-23T11:26:12Z,True
3fd50e12,F36794,FAD6794,TAH,FAD,A332,TC-NYP,OEJN,JED,2026-05-23T12:13:21Z,34C,OSAP,ALP,OSAP,ALP,2026-05-23T14:24:22Z,,7861.0,2191.82,1616.25,Passenger,4BBB30,2026-05-23T10:54:55Z,2026-05-23T14:14:56Z,True
3fd61189,F36795,FAD6795,TAH,FAD,A332,TC-NYP,OSAP,ALP,2026-05-23T15:59:09Z,,OEJN,JED,OEJN,JED,2026-05-23T18:27:43Z,34L,8914.0,3222.21,1616.29,Passenger,4BBB30,2026-05-23T15:53:37Z,2026-05-23T18:32:14Z,True
3fd77a43,RJ431,RJA431,RJA,RJA,A20N,JY-RAD,OJAI,AMM,2026-05-24T01:34:09Z,26L,OSAP,ALP,OSAP,ALP,2026-05-24T02:36:08Z,,3719.0,581.72,504.419,Passenger,744824,2026-05-24T01:22:32Z,2026-05-24T02:22:42Z,True
3fd7a992,VF340,TKJ340,TKJ,TKJ,B738,TC-JHB,LTFJ,SAW,2026-05-24T03:20:52Z,06L,OSAP,ALP,OSAP,ALP,2026-05-24T04:44:52Z,,5040.0,1091.94,875.175,Passenger,4BA902,2026-05-24T03:05:53Z,2026-05-24T04:35:17Z,True
3fd7af87,RJ432,RJA432,RJA,RJA,A20N,JY-RAD,OSAP,ALP,2026-05-24T03:26:16Z,,OJAI,AMM,OJAI,AMM,2026-05-24T04:23:19Z,26R,3423.0,547.804,507.666,Passenger,744824,2026-05-24T03:19:37Z,2026-05-24T04:28:43Z,True
3fd7cb48,TK844,THY844,THY,THY,B739,TC-JYI,LTFM,IST,2026-05-24T05:12:04Z,36,OSAP,ALP,OSAP,ALP,2026-05-24T06:44:50Z,,5566.0,1098.28,928.82,Passenger,4BAB29,2026-05-24T04:20:52Z,2026-05-24T06:49:37Z,True
3fd7f644,VF341,TKJ341,TKJ,TKJ,B738,TC-JHB,OSAP,ALP,2026-05-24T06:07:57Z,27R,LTFJ,SAW,LTFJ,SAW,2026-05-24T07:27:18Z,06R,4761.0,975.702,865.304,Passenger,4BA902,2026-05-24T05:53:53Z,2026-05-24T07:36:05Z,True
3fd841f5,TK845,THY845,THY,THY,B739,TC-JYI,OSAP,ALP,2026-05-24T08:20:32Z,,LTFM,IST,LTFM,IST,2026-05-24T09:53:04Z,35R,5552.0,1053.83,928.059,Passenger,4BAB29,2026-05-24T08:12:49Z,2026-05-24T10:02:22Z,True
3fd88fcf,TK840,THY840,THY,THY,B739,TC-JYF,LTFM,IST,2026-05-24T10:47:18Z,35L,OSAP,ALP,OSAP,ALP,,,,1034.63,920.181,Passenger,4BAB26,2026-05-24T10:06:08Z,2026-05-24T12:12:23Z,True
3fd92a11,TK841,THY841,THY,THY,B739,TC-JYF,OSAP,ALP,2026-05-24T13:49:19Z,09L,LTFM,IST,LTFM,IST,2026-05-24T15:26:06Z,35R,5807.0,1083.62,928.69,Passenger,4BAB26,2026-05-24T13:31:35Z,2026-05-24T15:31:45Z,True
3fd9302c,RB381,SYR381,SYR,SYR,A320,YK-AKH,OSAP,ALP,2026-05-24T13:41:32Z,,OEJN,JED,OEJN,JED,2026-05-24T16:14:10Z,34L,9158.0,1791.84,1618.78,Passenger,778568,2026-05-24T13:39:03Z,2026-05-24T16:25:21Z,True
3fdb154a,RJ431,RJA431,RJA,RJA,A20N,JY-RAD,OJAI,AMM,2026-05-25T01:38:05Z,26L,OSAP,ALP,OSAP,ALP,,,,620.903,508.905,Passenger,744824,2026-05-25T01:34:00Z,2026-05-25T02:34:07Z,True
3fdb2d8c,VF340,TKJ340,TKJ,TKJ,B738,TC-JFH,LTFJ,SAW,2026-05-25T03:08:44Z,06L,OSAP,ALP,OSAP,ALP,2026-05-25T04:32:04Z,27R,5000.0,956.334,865.915,Passenger,4BA8C8,2026-05-25T02:22:17Z,2026-05-25T04:29:59Z,True
3fdb51cb,RJ432,RJA432,RJA,RJA,A20N,JY-RAD,OSAP,ALP,2026-05-25T03:39:12Z,,OJAI,AMM,OJAI,AMM,2026-05-25T04:39:01Z,,3589.0,615.458,507.647,Passenger,744824,2026-05-25T03:37:22Z,2026-05-25T04:41:33Z,True
3fdb68b5,TK844,THY844,THY,THY,B739,TC-JYC,LTFM,IST,2026-05-25T05:00:47Z,34L,OSAP,ALP,OSAP,ALP,2026-05-25T06:36:43Z,,5756.0,1056.04,935.615,Passenger,4BAB23,2026-05-25T04:23:00Z,2026-05-25T06:28:22Z,True
3fdb9476,RB444,SYR444,SYR,SYR,B735,YK-SYR,LTFM,IST,2026-05-25T06:07:56Z,35L,OSAP,ALP,OSAP,ALP,2026-05-25T07:40:19Z,,5543.0,1049.29,936.631,Passenger,77CF32,2026-05-25T05:47:39Z,2026-05-25T07:31:58Z,True
3fdb9737,VF341,TKJ341,TKJ,TKJ,B738,TC-JFH,OSAP,ALP,2026-05-25T06:02:38Z,,LTFJ,SAW,LTFJ,SAW,2026-05-25T07:29:03Z,06R,5185.0,1070.08,865.695,Passenger,4BA8C8,2026-05-25T05:52:32Z,2026-05-25T07:44:08Z,True
3fdbeb20,TK845,THY845,THY,THY,B739,TC-JYC,OSAP,ALP,2026-05-25T08:22:37Z,,LTFM,IST,LTFM,IST,2026-05-25T10:02:41Z,35R,6004.0,1142.6,926.728,Passenger,4BAB23,2026-05-25T08:15:02Z,2026-05-25T10:15:50Z,True
3fdc3e83,RJ433,RJA433,RJA,RJA,A21N,JY-RAO,OJAI,AMM,2026-05-25T10:24:17Z,26R,OSAP,ALP,OSAP,ALP,2026-05-25T11:21:31Z,,3434.0,588.366,506.847,Passenger,74482F,2026-05-25T10:13:36Z,2026-05-25T11:13:47Z,True
3fdc9a75,RJ434,RJA434,RJA,RJA,A21N,JY-RAO,OSAP,ALP,2026-05-25T12:22:30Z,09L,OJAI,AMM,OJAI,AMM,2026-05-25T13:17:43Z,26L,3313.0,579.364,508.032,Passenger,74482F,2026-05-25T12:14:01Z,2026-05-25T13:42:53Z,True
3fde216b,RB445,SYR445,SYR,SYR,B735,YK-SYR,OSAP,ALP,2026-05-25T19:52:12Z,09L,LTFM,IST,LTFM,IST,2026-05-25T21:23:56Z,35R,5504.0,1035.49,927.568,Passenger,77CF32,2026-05-25T19:39:45Z,2026-05-25T21:34:56Z,True
3fdefaad,RJ431,RJA431,RJA,RJA,A20N,JY-RAI,OJAI,AMM,2026-05-26T01:36:31Z,26L,OSAP,ALP,OSAP,ALP,2026-05-26T02:37:18Z,,3647.0,576.057,504.089,Passenger,744829,2026-05-26T01:23:50Z,2026-05-26T02:24:02Z,True
3fdefd83,FYC492,FYC492,FYC,FYC,A320,YK-BAC,LTFJ,SAW,2026-05-26T01:48:31Z,06L,OSAP,ALP,OSAP,ALP,,,,948.559,877.695,Passenger,778823,2026-05-26T01:29:39Z,2026-05-26T03:01:46Z,True
3fdf2144,VF340,TKJ340,TKJ,TKJ,B738,TC-JFH,LTFJ,SAW,2026-05-26T03:25:52Z,06L,OSAP,ALP,OSAP,ALP,,,,954.77,841.996,Passenger,4BA8C8,2026-05-26T02:38:59Z,2026-05-26T04:38:25Z,True
3fdf3900,RJ432,RJA432,RJA,RJA,A20N,JY-RAI,OSAP,ALP,2026-05-26T03:36:15Z,,OJAI,AMM,OJAI,AMM,2026-05-26T04:32:18Z,,3363.0,657.998,507.988,Passenger,744829,2026-05-26T03:28:05Z,2026-05-26T04:35:35Z,True
3fdf5553,TK844,THY844,THY,THY,B739,TC-JYC,LTFM,IST,2026-05-26T05:08:41Z,34L,OSAP,ALP,OSAP,ALP,2026-05-26T06:42:11Z,,5610.0,1141.69,935.937,Passenger,4BAB23,2026-05-26T04:23:13Z,2026-05-26T06:32:55Z,True
3fdf6109,FYC9601,FYC9601,FYC,FYC,A320,YK-BAC,OSAP,ALP,2026-05-26T04:50:40Z,09L,OMDB,DXB,OMDB,DXB,2026-05-26T08:22:21Z,,12701.0,4205.97,2113.17,Passenger,778823,2026-05-26T04:45:40Z,2026-05-26T08:19:35Z,True
3fdf82b9,VF341,TKJ341,TKJ,TKJ,B738,TC-JFH,OSAP,ALP,2026-05-26T06:04:54Z,,LTFJ,SAW,LTFJ,SAW,2026-05-26T07:27:46Z,06R,4972.0,988.644,865.103,Passenger,4BA8C8,2026-05-26T05:50:40Z,2026-05-26T07:33:00Z,True
3fdfd0ca,TK845,THY845,THY,THY,B739,TC-JYC,OSAP,ALP,2026-05-26T08:10:03Z,09L,LTFM,IST,LTFM,IST,2026-05-26T09:42:57Z,35R,5574.0,1052.84,926.875,Passenger,4BAB23,2026-05-26T08:03:02Z,2026-05-26T09:57:24Z,True
3fdfe3db,FYC9602,FYC9602,FYC,FYC,A320,YK-BAC,OMDB,DXB,2026-05-26T10:31:54Z,30L,OSAP,ALP,OSAP,ALP,,,,2796.12,2069.85,Passenger,778823,2026-05-26T08:32:22Z,2026-05-26T13:49:07Z,True
3fe0278b,TK840,THY840,THY,THY,B739,TC-JYF,LTFM,IST,2026-05-26T10:47:27Z,35R,OSAP,ALP,OSAP,ALP,,,,1079.03,923.789,Passenger,4BAB26,2026-05-26T10:12:59Z,2026-05-26T12:15:22Z,True
3fe0e486,TK841,THY841,THY,THY,B739,TC-JYF,OSAP,ALP,2026-05-26T14:02:01Z,09L,LTFM,IST,LTFM,IST,2026-05-26T15:33:42Z,35R,5501.0,1011.81,928.341,Passenger,4BAB26,2026-05-26T13:49:39Z,2026-05-26T15:29:44Z,True
3fe1b1f8,FYC525,FYC525,FYC,FYC,A320,YK-BAC,OSAP,ALP,2026-05-26T17:20:36Z,09R,ORER,EBL,ORER,EBL,,,,1175.95,604.731,Passenger,778823,2026-05-26T17:20:36Z,2026-05-26T18:35:40Z,True
3fe29a73,FYC491,FYC491,FYC,FYC,A320,YK-BAC,OSAP,ALP,2026-05-26T22:25:41Z,,LTFJ,SAW,LTFJ,SAW,2026-05-26T23:41:35Z,06L,4554.0,916.857,865.766,Passenger,778823,2026-05-26T22:16:39Z,2026-05-26T23:45:06Z,True
3fe30ead,RJ431,RJA431,RJA,RJA,E295,JY-REA,OJAI,AMM,2026-05-27T01:21:12Z,26R,OSAP,ALP,OSAP,ALP,2026-05-27T02:20:47Z,27R,3575.0,591.46,507.029,Passenger,7448A1,2026-05-27T01:19:36Z,2026-05-27T02:13:44Z,True
3fe32c52,RB382,SYR382,SYR,SYR,A320,YK-AKH,OEJN,JED,2026-05-27T03:15:18Z,34C,OSAP,ALP,OSAP,ALP,,,,1647.6,1558.17,Passenger,778568,2026-05-27T02:11:25Z,2026-05-27T05:08:41Z,True
3fe3419c,VF340,TKJ340,TKJ,TKJ,B738,TC-JFH,LTFJ,SAW,2026-05-27T03:27:09Z,06L,OSAP,ALP,OSAP,ALP,2026-05-27T04:49:46Z,,4957.0,955.413,864.66,Passenger,4BA8C8,2026-05-27T02:52:08Z,2026-05-27T04:49:46Z,True
3fe34d4b,RJ432,RJA432,RJA,RJA,E295,JY-REA,OSAP,ALP,2026-05-27T03:17:35Z,,OJAI,AMM,OJAI,AMM,2026-05-27T04:17:52Z,26R,3617.0,599.786,507.059,Passenger,7448A1,2026-05-27T03:14:22Z,2026-05-27T04:14:55Z,True
3fe372d8,TK844,THY844,THY,THY,B739,TC-JYF,LTFM,IST,2026-05-27T05:10:56Z,34L,OSAP,ALP,OSAP,ALP,2026-05-27T06:51:49Z,,6053.0,1081.95,929.267,Passenger,4BAB26,2026-05-27T04:23:11Z,2026-05-27T06:51:49Z,True
3fe3a154,VF341,TKJ341,TKJ,TKJ,B738,TC-JFH,OSAP,ALP,2026-05-27T06:03:33Z,09L,LTFJ,SAW,LTFJ,SAW,2026-05-27T07:24:41Z,06R,4868.0,967.834,865.733,Passenger,4BA8C8,2026-05-27T05:52:18Z,2026-05-27T07:36:37Z,True
3fe3b8c5,RB389,SYR389,SYR,SYR,A320,YK-AKH,OSAP,ALP,2026-05-27T06:38:44Z,09L,OERK,RUH,OERK,RUH,2026-05-27T08:50:22Z,,7898.0,2456.8,1525.17,Passenger,778568,2026-05-27T06:34:59Z,2026-05-27T08:47:07Z,True
3fe3f3be,TK845,THY845,THY,THY,B739,TC-JYF,OSAP,ALP,2026-05-27T08:20:33Z,,LTFM,IST,LTFM,IST,2026-05-27T09:49:56Z,35R,5363.0,1033.42,927.376,Passenger,4BAB26,2026-05-27T08:12:10Z,2026-05-27T10:01:21Z,True
3fe4bbaa,FYC526,FYC526,FYC,FYC,A320,YK-BAG,ORER,EBL,,,OSAP,ALP,OSAP,ALP,2026-05-27T13:53:37Z,,,983.778,595.594,Passenger,778827,2026-05-27T12:25:07Z,2026-05-27T13:53:37Z,True
3fe52fc1,RB116,SYR116,SYR,SYR,A320,YK-AKG,OSAP,ALP,2026-05-27T14:55:21Z,,OSDI,DAM,OSDI,DAM,2026-05-27T15:39:02Z,23R,2621.0,398.872,314.277,Passenger,778567,2026-05-27T14:24:18Z,2026-05-27T15:42:35Z,True
3fe56ccf,FYC455,FYC455,FYC,FYC,A320,YK-BAG,OSAP,ALP,2026-05-27T15:47:26Z,,UDYZ,EVN,UDYZ,EVN,2026-05-27T16:53:02Z,08,3936.0,857.919,767.191,Passenger,778827,2026-05-27T15:27:29Z,2026-05-27T17:01:22Z,True
3fe60066,FYC456,FYC456,FYC,FYC,A320,YK-BAG,UDYZ,EVN,2026-05-27T18:23:15Z,26,OSAP,ALP,OSAP,ALP,2026-05-27T19:41:12Z,,4677.0,902.118,767.719,Passenger,778827,2026-05-27T18:08:28Z,2026-05-27T19:41:12Z,True
3fe685b3,FYC525,FYC525,FYC,FYC,A320,YK-BAG,OSAP,ALP,2026-05-27T20:57:52Z,09R,ORER,EBL,ORER,EBL,,,,971.343,611.35,Passenger,778827,2026-05-27T20:48:56Z,2026-05-27T22:11:06Z,True
3fe71907,RJ431,RJA431,RJA,RJA,A20N,JY-RAN,OJAI,AMM,2026-05-28T01:36:53Z,26R,OSAP,ALP,OSAP,ALP,,,,575.06,500.389,Passenger,74482E,2026-05-28T00:15:59Z,2026-05-28T02:25:07Z,True
3fe7754a,VF340,TKJ340,TKJ,TKJ,B738,TC-JFH,LTFJ,SAW,2026-05-28T03:06:24Z,06L,OSAP,ALP,OSAP,ALP,,,,954.035,863.136,Passenger,4BA8C8,2026-05-28T02:52:44Z,2026-05-28T04:23:22Z,True
3fe786e3,RJ432,RJA432,RJA,RJA,A20N,JY-RAN,OSAP,ALP,2026-05-28T03:35:54Z,,OJAI,AMM,OJAI,AMM,2026-05-28T04:36:36Z,26L,3642.0,589.229,508.02,Passenger,74482E,2026-05-28T03:25:27Z,2026-05-28T04:40:01Z,True
3fe7a5fb,TK844,THY844,THY,THY,B739,TC-JYF,LTFM,IST,2026-05-28T05:13:16Z,36,OSAP,ALP,OSAP,ALP,,,,1058.53,927.707,Passenger,4BAB26,2026-05-28T04:23:09Z,2026-05-28T06:40:51Z,True
3fe7d6cb,VF341,TKJ341,TKJ,TKJ,B738,TC-JFH,OSAP,ALP,2026-05-28T06:00:58Z,09L,LTFJ,SAW,LTFJ,SAW,2026-05-28T07:22:00Z,24L,4862.0,944.147,865.786,Passenger,4BA8C8,2026-05-28T05:55:27Z,2026-05-28T07:37:18Z,True
3fe82813,TK845,THY845,THY,THY,B739,TC-JYF,OSAP,ALP,2026-05-28T08:14:00Z,09L,LTFM,IST,LTFM,IST,2026-05-28T09:44:48Z,35R,5448.0,1371.31,927.617,Passenger,4BAB26,2026-05-28T08:07:05Z,2026-05-28T10:00:23Z,True
3fe865e6,RJ433,RJA433,RJA,RJA,A20N,JY-RAI,OJAI,AMM,2026-05-28T11:03:59Z,26R,OSAP,ALP,OSAP,ALP,2026-05-28T11:59:15Z,,3316.0,596.224,507.429,Passenger,744829,2026-05-28T09:36:05Z,2026-05-28T11:59:15Z,True
3fe87955,TK840,THY840,THY,THY,B739,TC-JYB,LTFM,IST,2026-05-28T10:32:05Z,36,OSAP,ALP,OSAP,ALP,2026-05-28T12:20:13Z,,6488.0,1153.22,930.813,Passenger,4BAB22,2026-05-28T10:02:29Z,2026-05-28T12:10:54Z,True
3fe90074,RJ434,RJA434,RJA,RJA,A20N,JY-RAI,OSAP,ALP,2026-05-28T12:48:49Z,,OJAI,AMM,OJAI,AMM,2026-05-28T13:58:09Z,26L,4160.0,573.778,508.046,Passenger,744829,2026-05-28T12:40:52Z,2026-05-28T14:02:14Z,True
3fe94095,TK841,THY841,THY,THY,B739,TC-JYB,OSAP,ALP,2026-05-28T13:56:45Z,,LTFM,IST,LTFM,IST,2026-05-28T15:25:59Z,35R,5354.0,1049.42,926.961,Passenger,4BAB22,2026-05-28T13:42:53Z,2026-05-28T15:39:00Z,True
3feb981c,FYC492,FYC492,FYC,FYC,A320,YK-BAC,LTFJ,SAW,2026-05-29T01:17:07Z,06L,OSAP,ALP,OSAP,ALP,,,,912.117,850.734,Passenger,778823,2026-05-29T01:04:20Z,2026-05-29T02:24:35Z,True
3feb9efb,RJ431,RJA431,RJA,RJA,A20N,JY-RAN,OJAI,AMM,2026-05-29T01:26:31Z,26R,OSAP,ALP,OSAP,ALP,2026-05-29T02:23:02Z,,3391.0,576.603,507.21,Passenger,74482E,2026-05-29T01:14:54Z,2026-05-29T02:15:01Z,True
3febcf81,VF340,TKJ340,TKJ,TKJ,B738,TC-JHB,LTFJ,SAW,2026-05-29T03:27:55Z,06L,OSAP,ALP,OSAP,ALP,,,,907.659,844.424,Passenger,4BA902,2026-05-29T02:33:09Z,2026-05-29T04:34:52Z,True
3febf525,RJ432,RJA432,RJA,RJA,A20N,JY-RAN,OSAP,ALP,2026-05-29T03:48:08Z,,OJAI,AMM,OJAI,AMM,2026-05-29T04:45:26Z,26L,3438.0,761.539,508.291,Passenger,74482E,2026-05-29T03:41:09Z,2026-05-29T04:48:40Z,True
3fec0b1e,TK844,THY844,THY,THY,B739,TC-JYI,LTFM,IST,2026-05-29T05:17:33Z,36,OSAP,ALP,OSAP,ALP,2026-05-29T06:43:06Z,27R,5133.0,1043.0,927.636,Passenger,4BAB29,2026-05-29T04:19:40Z,2026-05-29T06:43:06Z,True
3fec1dcf,FYC9601,FYC9601,FYC,FYC,A320,YK-BAC,OSAP,ALP,2026-05-29T04:59:19Z,09L,OMDB,DXB,OMDB,DXB,2026-05-29T08:35:37Z,,12978.0,5079.31,2110.0,Passenger,778823,2026-05-29T04:52:11Z,2026-05-29T08:41:18Z,True
3fec3d4d,VF341,TKJ341,TKJ,TKJ,B738,TC-JHB,OSAP,ALP,2026-05-29T06:01:10Z,,LTFJ,SAW,LTFJ,SAW,2026-05-29T07:32:14Z,06R,5464.0,981.383,865.697,Passenger,4BA902,2026-05-29T05:50:06Z,2026-05-29T07:44:38Z,True
3feca566,TK845,THY845,THY,THY,B739,TC-JYI,OSAP,ALP,2026-05-29T08:34:35Z,,LTFM,IST,LTFM,IST,2026-05-29T10:12:38Z,35R,5883.0,1033.43,928.964,Passenger,4BAB29,2026-05-29T08:34:14Z,2026-05-29T10:23:18Z,True
3fecee7f,FYC9602,FYC9602,FYC,FYC,A320,YK-BAC,OMDB,DXB,2026-05-29T10:34:43Z,30R,OSAP,ALP,OSAP,ALP,2026-05-29T14:10:10Z,,12927.0,2904.17,2097.4,Passenger,778823,2026-05-29T10:16:04Z,2026-05-29T14:01:34Z,True
3fed2663,RJ433,RJA433,RJA,RJA,E295,JY-REB,OJAI,AMM,2026-05-29T11:42:12Z,26L,OSAP,ALP,OSAP,ALP,2026-05-29T12:43:31Z,,3679.0,593.066,508.436,Passenger,7448A2,2026-05-29T11:27:05Z,2026-05-29T12:35:03Z,True
3feda204,RJ434,RJA434,RJA,RJA,E295,JY-REB,OSAP,ALP,2026-05-29T13:30:33Z,,OJAI,AMM,OJAI,AMM,2026-05-29T14:26:47Z,26R,3374.0,607.219,507.289,Passenger,7448A2,2026-05-29T13:28:54Z,2026-05-29T14:27:09Z,True
3fef9ab0,FYC491,FYC491,FYC,FYC,A320,YK-BAC,OSAP,ALP,2026-05-29T22:27:34Z,,LTFJ,SAW,LTFJ,SAW,2026-05-29T23:55:30Z,06R,5276.0,930.428,865.743,Passenger,778823,2026-05-29T22:21:50Z,2026-05-30T00:04:05Z,True
3ff01c46,RJ431,RJA431,RJA,RJA,A20N,JY-RAK,OJAI,AMM,2026-05-30T01:48:59Z,26L,OSAP,ALP,OSAP,ALP,,,,586.905,507.809,Passenger,74482B,2026-05-30T01:38:35Z,2026-05-30T02:42:13Z,True
3ff041a4,VF340,TKJ340,TKJ,TKJ,B738,TC-JHB,LTFJ,SAW,2026-05-30T03:15:14Z,24R,OSAP,ALP,OSAP,ALP,2026-05-30T04:34:42Z,,4768.0,983.713,865.284,Passenger,4BA902,2026-05-30T02:49:06Z,2026-05-30T04:36:16Z,True
3ff05ae7,RJ432,RJA432,RJA,RJA,A20N,JY-RAK,OSAP,ALP,2026-05-30T03:50:05Z,,OJAI,AMM,OJAI,AMM,2026-05-30T04:42:53Z,26L,3168.0,571.157,508.085,Passenger,74482B,2026-05-30T03:40:13Z,2026-05-30T04:45:10Z,True
3ff0711d,TK844,THY844,THY,THY,B739,TC-JYF,LTFM,IST,2026-05-30T04:56:20Z,17R,OSAP,ALP,OSAP,ALP,2026-05-30T06:20:25Z,27R,5045.0,1048.51,928.151,Passenger,4BAB26,2026-05-30T04:23:39Z,2026-05-30T06:20:25Z,True
3ff095c4,VF341,TKJ341,TKJ,TKJ,B738,TC-JHB,OSAP,ALP,2026-05-30T06:02:09Z,,LTFJ,SAW,LTFJ,SAW,2026-05-30T07:30:36Z,24L,5307.0,951.625,865.643,Passenger,4BA902,2026-05-30T05:38:54Z,2026-05-30T07:38:33Z,True
3ff0df55,RJ433,RJA433,RJA,RJA,A20N,JY-RAG,OJAI,AMM,2026-05-30T08:04:07Z,26R,OSAP,ALP,OSAP,ALP,2026-05-30T09:01:45Z,,3458.0,583.841,507.502,Passenger,744827,2026-05-30T07:53:17Z,2026-05-30T09:01:45Z,True
3ff0eb96,TK845,THY845,THY,THY,B739,TC-JYF,OSAP,ALP,2026-05-30T08:24:33Z,09L,LTFM,IST,LTFM,IST,2026-05-30T10:07:14Z,17L,6161.0,1071.78,926.699,Passenger,4BAB26,2026-05-30T08:12:20Z,2026-05-30T10:18:13Z,True
3ff12a21,RJ434,RJA434,RJA,RJA,A20N,JY-RAG,OSAP,ALP,2026-05-30T09:51:27Z,,OJAI,AMM,OJAI,AMM,2026-05-30T10:43:35Z,26L,3128.0,579.908,508.14,Passenger,744827,2026-05-30T09:46:04Z,2026-05-30T10:47:09Z,True
3ff3ec68,RJ431,RJA431,RJA,RJA,E295,JY-REB,OJAI,AMM,2026-05-31T01:28:24Z,26L,OSAP,ALP,OSAP,ALP,2026-05-31T02:34:20Z,27R,3956.0,587.146,507.943,Passenger,7448A2,2026-05-31T01:26:54Z,2026-05-31T02:27:08Z,True
3ff419fa,VF340,TKJ340,TKJ,TKJ,B738,TC-JHB,LTFJ,SAW,2026-05-31T03:25:49Z,24R,OSAP,ALP,OSAP,ALP,,,,956.357,861.836,Passenger,4BA902,2026-05-31T03:02:07Z,2026-05-31T04:35:51Z,True
3ff424fc,RJ432,RJA432,RJA,RJA,E295,JY-REB,OSAP,ALP,2026-05-31T03:26:57Z,,OJAI,AMM,OJAI,AMM,2026-05-31T04:24:50Z,26L,3473.0,593.949,508.221,Passenger,7448A2,2026-05-31T03:27:51Z,2026-05-31T04:24:50Z,True
3ff43f27,TK844,THY844,THY,THY,B739,TC-JYC,LTFM,IST,2026-05-31T04:58:52Z,17R,OSAP,ALP,OSAP,ALP,2026-05-31T06:32:47Z,,5635.0,1059.8,928.203,Passenger,4BAB23,2026-05-31T04:22:51Z,2026-05-31T06:32:47Z,True
3ff46d7f,VF341,TKJ341,TKJ,TKJ,B738,TC-JHB,OSAP,ALP,2026-05-31T06:10:28Z,,LTFJ,SAW,LTFJ,SAW,2026-05-31T07:35:09Z,24L,5081.0,985.764,865.301,Passenger,4BA902,2026-05-31T05:59:09Z,2026-05-31T07:48:40Z,True
3ff48dc8,RB390,SYR390,SYR,SYR,A320,YK-AKH,OERK,RUH,2026-05-31T07:04:56Z,15L,OSAP,ALP,OSAP,ALP,,,,5404.7,1497.89,Passenger,778568,2026-05-31T07:03:18Z,2026-05-31T09:10:58Z,True
3ff4b9df,TK845,THY845,THY,THY,B739,TC-JYC,OSAP,ALP,2026-05-31T08:30:48Z,,LTFM,IST,LTFM,IST,2026-05-31T10:13:35Z,17L,6167.0,1110.08,927.594,Passenger,4BAB23,2026-05-31T08:23:09Z,2026-05-31T10:25:39Z,True
3ff501dc,TK840,THY840,THY,THY,B739,TC-JYF,LTFM,IST,2026-05-31T10:53:47Z,17R,OSAP,ALP,OSAP,ALP,,,,1067.36,922.933,Passenger,4BAB26,2026-05-31T10:16:39Z,2026-05-31T12:19:02Z,True
3ff59776,RB381,SYR381,SYR,SYR,A320,YK-AKH,OSAP,ALP,2026-05-31T13:35:29Z,09L,OEJN,JED,OEJN,JED,2026-05-31T15:55:30Z,34L,8401.0,1786.58,1618.53,Passenger,778568,2026-05-31T13:28:41Z,2026-05-31T16:01:44Z,True
3ff5a742,TK841,THY841,THY,THY,B739,TC-JYF,OSAP,ALP,2026-05-31T13:50:53Z,,LTFM,IST,LTFM,IST,2026-05-31T15:32:03Z,17L,6070.0,1080.87,926.88,Passenger,4BAB26,2026-05-31T13:47:13Z,2026-05-31T15:44:48Z,True
3ff7c60b,RJ431,RJA431,RJA,RJA,E290,JY-REC,OJAI,AMM,2026-06-01T01:36:37Z,26L,OSAP,ALP,OSAP,ALP,,,,659.859,507.442,Passenger,7448A3,2026-06-01T01:35:07Z,2026-06-01T02:32:02Z,True
3ff7e4b0,VF340,TKJ340,TKJ,TKJ,B738,TC-JHC,LTFJ,SAW,2026-06-01T03:19:02Z,24R,OSAP,ALP,OSAP,ALP,2026-06-01T04:44:43Z,,5141.0,991.518,865.562,Passenger,4BA903,2026-06-01T02:34:37Z,2026-06-01T04:49:32Z,True
3ff80cb9,RJ432,RJA432,RJA,RJA,E290,JY-REC,OSAP,ALP,2026-06-01T03:56:23Z,09R,OJAI,AMM,OJAI,AMM,2026-06-01T04:53:29Z,26R,3426.0,556.311,507.125,Passenger,7448A3,2026-06-01T03:57:33Z,2026-06-01T04:51:27Z,True
3ff81bbf,TK844,THY844,THY,THY,B739,TC-JYC,LTFM,IST,2026-06-01T05:16:15Z,17R,OSAP,ALP,OSAP,ALP,2026-06-01T06:57:12Z,,6057.0,1119.81,934.859,Passenger,4BAB23,2026-06-01T04:26:32Z,2026-06-01T06:49:37Z,True
3ff83d2e,RB444,SYR444,SYR,SYR,B735,YK-SYR,LTFM,IST,2026-06-01T05:52:31Z,17R,OSAP,ALP,OSAP,ALP,,,,1042.31,925.271,Passenger,77CF32,2026-06-01T05:32:00Z,2026-06-01T07:11:18Z,True
3ff84929,VF341,TKJ341,TKJ,TKJ,B738,TC-JHC,OSAP,ALP,2026-06-01T06:02:27Z,,LTFJ,SAW,LTFJ,SAW,2026-06-01T07:24:47Z,24L,4940.0,938.892,865.575,Passenger,4BA903,2026-06-01T05:54:13Z,2026-06-01T07:32:35Z,True
3ff87da2,RJ433,RJA433,RJA,RJA,A20N,JY-RAD,OJAI,AMM,2026-06-01T07:41:39Z,26L,OSAP,ALP,OSAP,ALP,2026-06-01T08:31:43Z,,3004.0,635.476,507.649,Passenger,744824,2026-06-01T07:29:35Z,2026-06-01T08:31:43Z,True
3ff8a000,TK845,THY845,THY,THY,B739,TC-JYC,OSAP,ALP,2026-06-01T08:41:36Z,,LTFM,IST,LTFM,IST,2026-06-01T10:17:22Z,34L,5746.0,1077.53,927.928,Passenger,4BAB23,2026-06-01T08:28:47Z,2026-06-01T10:33:40Z,True
3ff8a13a,IGC200,IGC200,IGC,IGC,CRJ2,YI-BAK,OSDI,DAM,2026-06-01T08:29:00Z,,OSAP,ALP,OSAP,ALP,2026-06-01T09:18:06Z,27R,2946.0,1136.47,314.809,Business_jets,72882B,2026-06-01T08:30:40Z,2026-06-01T09:15:16Z,True
3ff8c152,RJ434,RJA434,RJA,RJA,A20N,JY-RAD,OSAP,ALP,2026-06-01T09:31:01Z,,OJAI,AMM,OJAI,AMM,2026-06-01T10:21:12Z,26L,3011.0,578.981,508.073,Passenger,744824,2026-06-01T09:24:17Z,2026-06-01T10:23:59Z,True
3ff8d019,IGC200,IGC200,IGC,IGC,CRJ2,YI-BAK,OSAP,ALP,2026-06-01T09:48:12Z,,OSDI,DAM,OSDI,DAM,2026-06-01T10:38:14Z,23R,3002.0,441.167,313.08,Business_jets,72882B,2026-06-01T09:48:57Z,2026-06-01T10:38:14Z,True
3ffae3b9,RB445,SYR445,SYR,SYR,B735,YK-SYR,OSAP,ALP,2026-06-01T19:56:29Z,,LTFM,IST,LTFM,IST,2026-06-01T21:27:53Z,35R,5484.0,1020.6,927.688,Passenger,77CF32,2026-06-01T19:45:42Z,2026-06-01T21:37:24Z,True
3ffbcc58,RJ431,RJA431,RJA,RJA,A20N,JY-RAA,OJAI,AMM,2026-06-02T01:18:51Z,26R,OSAP,ALP,OSAP,ALP,,,,580.776,495.9,Passenger,744821,2026-06-02T01:07:01Z,2026-06-02T02:05:53Z,True
3ffbd69f,FYC492,FYC492,FYC,FYC,A320,YK-BAG,LTFJ,SAW,2026-06-02T01:38:31Z,06R,OSAP,ALP,OSAP,ALP,,,,982.452,883.342,Passenger,778827,2026-06-02T01:23:18Z,2026-06-02T02:54:46Z,True
3ffbd930,FYC762,FYC762,FYC,FYC,A320,YK-BAC,OMSJ,SHJ,2026-06-02T01:38:25Z,30,OSAP,ALP,OSAP,ALP,,,,2315.8,2034.96,Passenger,778823,2026-06-02T01:27:14Z,2026-06-02T04:33:01Z,True
3ffc080a,VF340,TKJ340,TKJ,TKJ,B738,TC-JHC,LTFJ,SAW,2026-06-02T03:19:24Z,06L,OSAP,ALP,OSAP,ALP,2026-06-02T04:43:54Z,,5070.0,1026.53,866.078,Passenger,4BA903,2026-06-02T02:50:10Z,2026-06-02T04:44:18Z,True
3ffc14e5,RJ432,RJA432,RJA,RJA,A20N,JY-RAA,OSAP,ALP,2026-06-02T03:21:18Z,,OJAI,AMM,OJAI,AMM,2026-06-02T04:15:21Z,26R,3243.0,575.468,507.859,Passenger,744821,2026-06-02T03:11:34Z,2026-06-02T04:19:23Z,True
3ffc391b,TK844,THY844,THY,THY,B739,TC-JYC,LTFM,IST,2026-06-02T05:05:53Z,36,OSAP,ALP,OSAP,ALP,2026-06-02T06:36:54Z,,5461.0,1030.34,937.98,Passenger,4BAB23,2026-06-02T04:19:45Z,2026-06-02T06:28:00Z,True
3ffc6dcf,VF341,TKJ341,TKJ,TKJ,B738,TC-JHC,OSAP,ALP,2026-06-02T06:05:15Z,,LTFJ,SAW,LTFJ,SAW,,,,955.085,859.119,Passenger,4BA903,2026-06-02T05:57:32Z,2026-06-02T07:24:27Z,True
3ffc882a,FYC761,FYC761,FYC,FYC,A320,YK-BAC,OSAP,ALP,2026-06-02T06:51:05Z,09L,OMSJ,SHJ,OMSJ,SHJ,2026-06-02T10:15:57Z,,12292.0,3209.37,2120.1,Passenger,778823,2026-06-02T06:44:59Z,2026-06-02T10:13:53Z,True
3ffca0ee,RJ433,RJA433,RJA,RJA,A20N,JY-RAE,OJAI,AMM,2026-06-02T07:39:32Z,26R,OSAP,ALP,OSAP,ALP,,,,655.611,493.625,Passenger,744825,2026-06-02T07:28:00Z,2026-06-02T08:28:22Z,True
3ffcbddc,TK845,THY845,THY,THY,B739,TC-JYC,OSAP,ALP,2026-06-02T08:22:06Z,,LTFM,IST,LTFM,IST,2026-06-02T09:59:25Z,17L,5839.0,1115.83,927.174,Passenger,4BAB23,2026-06-02T08:17:13Z,2026-06-02T10:12:23Z,True
3ffcf51b,RJ434,RJA434,RJA,RJA,A20N,JY-RAE,OSAP,ALP,2026-06-02T09:47:49Z,,OJAI,AMM,OJAI,AMM,2026-06-02T10:42:12Z,26L,3263.0,894.117,501.954,Passenger,744825,2026-06-02T09:50:33Z,2026-06-02T10:44:34Z,True
3ffd004c,TK840,THY840,THY,THY,B739,TC-JYB,LTFM,IST,2026-06-02T10:36:55Z,18,OSAP,ALP,OSAP,ALP,2026-06-02T12:12:45Z,,5750.0,1104.45,927.191,Passenger,4BAB22,2026-06-02T10:07:44Z,2026-06-02T12:12:45Z,True
3ffd626b,FYC455,FYC455,FYC,FYC,A320,YK-BAG,OSAP,ALP,2026-06-02T12:50:35Z,,UDYZ,EVN,UDYZ,EVN,2026-06-02T13:58:02Z,08,4047.0,926.874,766.907,Passenger,778827,2026-06-02T12:17:05Z,2026-06-02T14:13:08Z,True
3ffdb787,TK841,THY841,THY,THY,B739,TC-JYB,OSAP,ALP,2026-06-02T14:02:17Z,,LTFM,IST,LTFM,IST,2026-06-02T15:36:17Z,35R,5640.0,1093.85,927.021,Passenger,4BAB22,2026-06-02T13:45:36Z,2026-06-02T15:49:19Z,True
3ffdd3bb,FYC456,FYC456,FYC,FYC,A320,YK-BAG,UDYZ,EVN,2026-06-02T15:31:45Z,26,OSAP,ALP,OSAP,ALP,,,,967.044,750.306,Passenger,778827,2026-06-02T14:13:13Z,2026-06-02T16:38:26Z,True
3ffe8286,FYC525,FYC525,FYC,FYC,A320,YK-BAG,OSAP,ALP,2026-06-02T18:01:13Z,,ORER,EBL,ORER,EBL,,,,943.675,617.489,Passenger,778827,2026-06-02T17:10:00Z,2026-06-02T19:04:46Z,True
3fff346d,FYC526,FYC526,FYC,FYC,A320,YK-BAG,ORER,EBL,,,OSAP,ALP,OSAP,ALP,,,,894.349,550.707,Passenger,778827,2026-06-02T20:25:24Z,2026-06-02T21:36:38Z,True
3fff99be,FYC491,FYC491,FYC,FYC,A320,YK-BAG,OSAP,ALP,2026-06-02T23:02:20Z,,LTFJ,SAW,LTFJ,SAW,2026-06-03T00:23:51Z,06L,4891.0,933.981,865.585,Passenger,778827,2026-06-02T22:36:07Z,2026-06-03T00:28:00Z,True
3fffbc5e,RB382,SYR382,SYR,SYR,A320,YK-AKG,OEJN,JED,2026-06-03T01:00:38Z,34C,OSAP,ALP,OSAP,ALP,2026-06-03T03:14:14Z,,8016.0,1704.34,1618.8,Passenger,778567,2026-06-02T23:22:49Z,2026-06-03T03:21:15Z,True
40000499,RJ431,RJA431,RJA,RJA,A20N,JY-RAJ,OJAI,AMM,2026-06-03T01:25:03Z,26L,OSAP,ALP,OSAP,ALP,2026-06-03T02:25:05Z,,3602.0,595.695,508.038,Passenger,74482A,2026-06-03T01:09:46Z,2026-06-03T02:25:05Z,True
40004d7a,VF340,TKJ340,TKJ,TKJ,B738,TC-JHC,LTFJ,SAW,2026-06-03T03:26:14Z,24R,OSAP,ALP,OSAP,ALP,,,,956.495,865.248,Passenger,4BA903,2026-06-03T03:13:06Z,2026-06-03T04:42:22Z,True
400052ed,RJ432,RJA432,RJA,RJA,A20N,JY-RAJ,OSAP,ALP,2026-06-03T03:32:56Z,,OJAI,AMM,OJAI,AMM,2026-06-03T04:32:38Z,26R,3582.0,653.767,507.764,Passenger,74482A,2026-06-03T03:22:46Z,2026-06-03T04:36:58Z,True
4000617a,RB389,SYR389,SYR,SYR,A320,YK-AKG,OSAP,ALP,2026-06-03T04:40:35Z,,OERK,RUH,OERK,RUH,2026-06-03T06:43:39Z,15R,7384.0,2219.71,1541.28,Passenger,778567,2026-06-03T03:50:44Z,2026-06-03T06:57:10Z,True
40007135,TK844,THY844,THY,THY,B739,TC-JYF,LTFM,IST,2026-06-03T04:52:30Z,17R,OSAP,ALP,OSAP,ALP,2026-06-03T06:26:09Z,,5619.0,1107.57,927.721,Passenger,4BAB26,2026-06-03T04:18:01Z,2026-06-03T06:28:18Z,True
4000a88f,VF341,TKJ341,TKJ,TKJ,B738,TC-JHC,OSAP,ALP,2026-06-03T06:12:28Z,09L,LTFJ,SAW,LTFJ,SAW,2026-06-03T07:40:35Z,24L,5287.0,995.354,865.692,Passenger,4BA903,2026-06-03T05:59:36Z,2026-06-03T07:48:14Z,True
4000df06,RJ433,RJA433,RJA,RJA,A20N,JY-RAJ,OJAI,AMM,2026-06-03T07:49:02Z,26R,OSAP,ALP,OSAP,ALP,,,,574.894,485.523,Passenger,74482A,2026-06-03T07:33:52Z,2026-06-03T08:34:47Z,True
4000fa1d,TK845,THY845,THY,THY,B739,TC-JYF,OSAP,ALP,2026-06-03T08:29:44Z,,LTFM,IST,LTFM,IST,2026-06-03T10:06:20Z,17L,5796.0,1073.94,927.404,Passenger,4BAB26,2026-06-03T08:20:51Z,2026-06-03T10:16:10Z,True
400125cf,RJ434,RJA434,RJA,RJA,A20N,JY-RAJ,OSAP,ALP,2026-06-03T09:43:05Z,,OJAI,AMM,OJAI,AMM,2026-06-03T10:42:05Z,,3540.0,592.782,508.064,Passenger,74482A,2026-06-03T09:34:43Z,2026-06-03T10:42:59Z,True
40046ba7,RJ431,RJA431,RJA,RJA,E295,JY-REB,OJAI,AMM,2026-06-04T01:31:42Z,26L,OSAP,ALP,OSAP,ALP,2026-06-04T02:32:24Z,27R,3642.0,700.72,507.838,Passenger,7448A2,2026-06-04T01:29:03Z,2026-06-04T02:25:08Z,True
40049031,VF340,TKJ340,TKJ,TKJ,B738,TC-JHB,LTFJ,SAW,2026-06-04T02:54:14Z,24R,OSAP,ALP,OSAP,ALP,2026-06-04T04:19:31Z,,5117.0,986.195,864.476,Passenger,4BA902,2026-06-04T02:28:29Z,2026-06-04T04:19:31Z,True
4004b164,RJ432,RJA432,RJA,RJA,E295,JY-REB,OSAP,ALP,2026-06-04T03:28:23Z,,OJAI,AMM,OJAI,AMM,2026-06-04T04:25:14Z,26R,3411.0,592.155,507.062,Passenger,7448A2,2026-06-04T03:27:16Z,2026-06-04T04:23:04Z,True
4004ce9e,TK844,THY844,THY,THY,B739,TC-JYF,LTFM,IST,2026-06-04T05:07:10Z,17R,OSAP,ALP,OSAP,ALP,2026-06-04T06:44:21Z,27L,5831.0,1064.49,932.214,Passenger,4BAB26,2026-06-04T04:20:07Z,2026-06-04T06:37:20Z,True
4005080d,VF341,TKJ341,TKJ,TKJ,B738,TC-JHB,OSAP,ALP,2026-06-04T06:13:47Z,,LTFJ,SAW,LTFJ,SAW,2026-06-04T07:36:53Z,24L,4986.0,967.903,865.721,Passenger,4BA902,2026-06-04T06:03:33Z,2026-06-04T07:46:28Z,True
40055069,TK845,THY845,THY,THY,B739,TC-JYF,OSAP,ALP,2026-06-04T08:17:05Z,,LTFM,IST,LTFM,IST,2026-06-04T09:53:55Z,17L,5810.0,1124.72,928.19,Passenger,4BAB26,2026-06-04T08:06:49Z,2026-06-04T10:00:22Z,True
40058fd7,IGC200,IGC200,IGC,IGC,CRJ2,YI-BAK,OSAP,ALP,2026-06-04T09:48:51Z,,OSDI,DAM,OSDI,DAM,2026-06-04T10:37:23Z,23R,2912.0,430.175,313.473,Business_jets,72882B,2026-06-04T09:49:30Z,2026-06-04T10:38:13Z,True
4005af7c,RJ433,RJA433,RJA,RJA,A20N,JY-RAJ,OJAI,AMM,2026-06-04T10:51:41Z,26L,OSAP,ALP,OSAP,ALP,2026-06-04T11:49:18Z,27R,3457.0,591.5,508.455,Passenger,74482A,2026-06-04T10:36:21Z,2026-06-04T11:42:10Z,True
40061006,RJ434,RJA434,RJA,RJA,A20N,JY-RAJ,OSAP,ALP,2026-06-04T12:39:49Z,,OJAI,AMM,OJAI,AMM,2026-06-04T13:31:43Z,26L,3114.0,569.799,508.194,Passenger,74482A,2026-06-04T12:32:22Z,2026-06-04T13:36:12Z,True
40080acb,RB1916,SYR1916,SYR,SYR,A320,YK-AKH,OSAP,ALP,2026-06-04T21:11:58Z,,,,,,2026-06-04T21:58:21Z,,2783.0,533.483,323.608,Passenger,778568,2026-06-04T21:12:46Z,2026-06-04T21:47:25Z,True
40088f5c,FYC492,FYC492,FYC,FYC,A320,YK-BAC,LTFJ,SAW,2026-06-05T01:11:49Z,06L,OSAP,ALP,OSAP,ALP,2026-06-05T02:32:25Z,,4836.0,959.685,864.922,Passenger,778823,2026-06-05T00:00:12Z,2026-06-05T02:32:25Z,True
4008aafa,RJ431,RJA431,RJA,RJA,A20N,JY-RAC,OJAI,AMM,2026-06-05T01:27:38Z,26L,OSAP,ALP,OSAP,ALP,,,,572.672,495.732,Passenger,744823,2026-06-05T00:39:58Z,2026-06-05T02:17:38Z,True
4008fa86,VF340,TKJ340,TKJ,TKJ,B738,TC-JHC,LTFJ,SAW,2026-06-05T03:21:17Z,06L,OSAP,ALP,OSAP,ALP,2026-06-05T04:42:33Z,,4876.0,967.33,864.634,Passenger,4BA903,2026-06-05T02:43:15Z,2026-06-05T04:42:57Z,True
40091d30,RJ432,RJA432,RJA,RJA,A20N,JY-RAC,OSAP,ALP,2026-06-05T03:44:17Z,,OJAI,AMM,OJAI,AMM,2026-06-05T04:37:42Z,26L,3205.0,544.974,508.033,Passenger,744823,2026-06-05T03:44:32Z,2026-06-05T04:40:19Z,True
400930f0,TK844,THY844,THY,THY,B739,TC-JYI,LTFM,IST,2026-06-05T04:55:08Z,36,OSAP,ALP,OSAP,ALP,2026-06-05T06:23:12Z,,5284.0,1036.75,927.311,Passenger,4BAB29,2026-06-05T04:18:17Z,2026-06-05T06:23:12Z,True
40097331,VF341,TKJ341,TKJ,TKJ,B738,TC-JHC,OSAP,ALP,2026-06-05T06:23:24Z,,LTFJ,SAW,LTFJ,SAW,2026-06-05T08:01:08Z,06R,5864.0,1075.52,865.597,Passenger,4BA903,2026-06-05T06:14:19Z,2026-06-05T08:10:49Z,True
40097b81,FYC761,FYC761,FYC,FYC,A320,YK-BAC,OSAP,ALP,2026-06-05T06:35:15Z,09L,OMSJ,SHJ,OMSJ,SHJ,2026-06-05T10:27:53Z,,13958.0,3227.28,2115.88,Passenger,778823,2026-06-05T06:28:48Z,2026-06-05T10:27:53Z,True
4009c23a,TK845,THY845,THY,THY,B739,TC-JYI,OSAP,ALP,2026-06-05T08:26:28Z,,LTFM,IST,LTFM,IST,2026-06-05T09:58:38Z,35R,5530.0,1053.66,929.132,Passenger,4BAB29,2026-06-05T08:26:17Z,2026-06-05T10:24:02Z,True
400a0836,TK840,THY840,THY,THY,B739,TC-JYF,LTFM,IST,2026-06-05T10:43:49Z,36,OSAP,ALP,OSAP,ALP,,,,1055.92,931.753,Passenger,4BAB26,2026-06-05T10:12:00Z,2026-06-05T12:06:49Z,True
400a1f54,RJ433,RJA433,RJA,RJA,A20N,JY-RAE,OJAI,AMM,2026-06-05T11:30:13Z,26R,OSAP,ALP,OSAP,ALP,,,,576.357,509.037,Passenger,744825,2026-06-05T10:44:15Z,2026-06-05T12:20:03Z,True
400a4c9c,FYC762,FYC762,FYC,FYC,A320,YK-BAC,OMSJ,SHJ,2026-06-05T11:50:10Z,,OSAP,ALP,OSAP,ALP,,,,2581.62,2046.31,Passenger,778823,2026-06-05T11:39:12Z,2026-06-05T14:41:10Z,True
400ab200,RJ434,RJA434,RJA,RJA,A20N,JY-RAE,OSAP,ALP,2026-06-05T13:31:39Z,,OJAI,AMM,OJAI,AMM,2026-06-05T14:25:11Z,26L,3212.0,690.027,507.758,Passenger,744825,2026-06-05T13:22:13Z,2026-06-05T14:29:10Z,True
400ad1fc,TK841,THY840,THY,THY,B739,TC-JYF,OSAP,ALP,2026-06-05T14:04:41Z,,LTFM,IST,LTFM,IST,2026-06-05T15:32:03Z,35R,5242.0,1020.05,927.229,Passenger,4BAB26,2026-06-05T13:52:32Z,2026-06-05T15:44:48Z,True
400ca7e7,FYC491,FYC491,FYC,FYC,A320,YK-BAC,OSAP,ALP,2026-06-05T22:33:11Z,,LTFJ,SAW,LTFJ,SAW,2026-06-05T23:48:38Z,06R,4527.0,939.947,865.774,Passenger,778823,2026-06-05T22:27:42Z,2026-06-06T00:00:04Z,True
400d181d,RJ431,RJA431,RJA,RJA,A20N,JY-RAG,OJAI,AMM,2026-06-06T01:22:43Z,26R,OSAP,ALP,OSAP,ALP,2026-06-06T02:24:42Z,27R,3719.0,655.342,507.3,Passenger,744827,2026-06-06T01:19:10Z,2026-06-06T02:24:42Z,True
400d2dd4,FYC762,FYC762,FYC,FYC,A320,YK-BAG,OMSJ,SHJ,2026-06-06T01:56:44Z,,OSAP,ALP,OSAP,ALP,2026-06-06T05:08:05Z,27R,11481.0,3692.45,2104.4,Passenger,778827,2026-06-06T01:58:00Z,2026-06-06T05:04:49Z,True
400d4a3d,VF340,TKJ340,TKJ,TKJ,B738,TC-JHF,LTFJ,SAW,2026-06-06T03:26:56Z,06L,OSAP,ALP,OSAP,ALP,2026-06-06T04:52:56Z,,5160.0,967.36,866.107,Passenger,4BA906,2026-06-06T02:54:40Z,2026-06-06T04:57:11Z,True
400d5764,RJ432,RJA432,RJA,RJA,A20N,JY-RAG,OSAP,ALP,2026-06-06T03:22:08Z,,OJAI,AMM,OJAI,AMM,2026-06-06T04:30:13Z,,4085.0,883.655,617.921,Passenger,744827,2026-06-06T03:19:38Z,2026-06-06T04:15:32Z,True
400d5a4c,F37800,FAD7800,TAH,FAD,A333,TC-NYA,OEMA,MED,2026-06-06T04:23:59Z,35,OSAP,ALP,OSAP,ALP,2026-06-06T06:14:21Z,,6622.0,1358.88,1309.81,Passenger,4BBB21,2026-06-06T03:26:28Z,2026-06-06T06:14:21Z,True
400d765f,TK844,THY844,THY,THY,B739,TC-JYF,LTFM,IST,2026-06-06T05:09:41Z,35L,OSAP,ALP,OSAP,ALP,2026-06-06T06:57:42Z,27R,6481.0,1186.74,931.762,Passenger,4BAB26,2026-06-06T04:21:17Z,2026-06-06T06:50:28Z,True
400daa57,VF341,TKJ341,TKJ,TKJ,B738,TC-JHF,OSAP,ALP,2026-06-06T06:13:00Z,,LTFJ,SAW,LTFJ,SAW,2026-06-06T07:33:44Z,06R,4844.0,979.164,865.92,Passenger,4BA906,2026-06-06T06:04:28Z,2026-06-06T07:46:12Z,True
400daf41,FYC761,FYC761,FYC,FYC,A320,YK-BAG,OSAP,ALP,2026-06-06T06:57:19Z,,OMSJ,SHJ,OMSJ,SHJ,2026-06-06T10:22:28Z,,12309.0,2883.24,2155.78,Passenger,778827,2026-06-06T06:13:33Z,2026-06-06T10:17:57Z,True
400de51b,RJ433,RJA433,RJA,RJA,A320,JY-AYR,OJAI,AMM,,,OSAP,ALP,OSAP,ALP,,,,476.935,403.513,Passenger,740732,2026-06-06T07:53:35Z,2026-06-06T08:25:29Z,True
400dfcfe,TK845,THY845,THY,THY,B739,TC-JYF,OSAP,ALP,2026-06-06T08:44:03Z,,LTFM,IST,LTFM,IST,2026-06-06T10:14:25Z,35R,5422.0,1075.32,928.043,Passenger,4BAB26,2026-06-06T08:32:12Z,2026-06-06T10:24:45Z,True
400e0668,F37801,FAD7801,TAH,FAD,A333,TC-NYA,OSAP,ALP,2026-06-06T09:08:02Z,,OEJN,JED,OEJN,JED,2026-06-06T11:38:49Z,34L,9047.0,1737.94,1616.53,Passenger,4BBB21,2026-06-06T08:47:10Z,2026-06-06T11:41:56Z,True
400e28aa,RJ434,RJA434,RJA,RJA,A320,JY-AYR,OSAP,ALP,2026-06-06T09:41:34Z,,OJAI,AMM,OJAI,AMM,2026-06-06T10:37:14Z,26L,3340.0,563.428,507.944,Passenger,740732,2026-06-06T09:38:59Z,2026-06-06T10:40:01Z,True
400e681d,RB1923,SYR1923,SYR,SYR,B735,YK-SYR,OSAP,ALP,2026-06-06T11:22:11Z,,OEJN,JED,OEJN,JED,2026-06-06T13:43:43Z,34L,8492.0,1714.38,1616.16,Passenger,77CF32,2026-06-06T11:11:50Z,2026-06-06T13:53:06Z,True
400fcc21,RB1924,SYR1924,SYR,SYR,B735,YK-SYR,OSAP,ALP,2026-06-06T18:05:45Z,09R,OSDI,DAM,OSDI,DAM,2026-06-06T18:47:05Z,23R,2480.0,387.116,313.654,Passenger,77CF32,2026-06-06T18:00:49Z,2026-06-06T18:47:47Z,True
4010d108,RJ431,RJA431,RJA,RJA,A20N,JY-RAI,OJAI,AMM,2026-06-07T01:33:02Z,26R,OSAP,ALP,OSAP,ALP,2026-06-07T02:31:50Z,,3528.0,589.458,507.63,Passenger,744829,2026-06-07T01:16:39Z,2026-06-07T02:31:50Z,True
4010f6b0,F35820,FAD5820,TAH,FAD,A332,TC-NYP,OEMA,MED,2026-06-07T03:06:04Z,35,OSAP,ALP,OSAP,ALP,2026-06-07T04:56:25Z,,6621.0,1345.87,1310.21,Passenger,4BBB30,2026-06-07T02:35:59Z,2026-06-07T04:56:25Z,True
40110011,VF340,TKJ340,TKJ,TKJ,B738,TC-JHC,LTFJ,SAW,2026-06-07T03:31:17Z,06L,OSAP,ALP,OSAP,ALP,,,,988.368,862.116,Passenger,4BA903,2026-06-07T02:55:17Z,2026-06-07T04:50:05Z,True
40110d72,RJ432,RJA432,RJA,RJA,A20N,JY-RAI,OSAP,ALP,2026-06-07T03:32:33Z,,OJAI,AMM,OJAI,AMM,2026-06-07T04:26:46Z,26L,3253.0,581.417,508.06,Passenger,744829,2026-06-07T03:25:20Z,2026-06-07T04:29:10Z,True
4011275b,TK844,THY844,THY,THY,B739,TC-JYF,LTFM,IST,2026-06-07T04:56:03Z,36,OSAP,ALP,OSAP,ALP,,,,1127.41,929.843,Passenger,4BAB26,2026-06-07T04:19:39Z,2026-06-07T06:17:48Z,True
401154a0,VF341,TKJ341,TKJ,TKJ,B738,TC-JHC,OSAP,ALP,2026-06-07T06:07:18Z,09L,LTFJ,SAW,LTFJ,SAW,2026-06-07T07:35:36Z,06R,5298.0,994.998,865.436,Passenger,4BA903,2026-06-07T05:56:17Z,2026-06-07T07:43:40Z,True
40116a88,F35821,FAD5821,TAH,FAD,A332,TC-NYP,OSAP,ALP,2026-06-07T06:45:16Z,,OEJN,JED,OEJN,JED,2026-06-07T09:15:28Z,34L,9012.0,1749.58,1618.67,Passenger,4BBB30,2026-06-07T06:41:09Z,2026-06-07T09:23:09Z,True
4011a7dc,TK845,,THY,THY,B739,TC-JYF,OSAP,ALP,2026-06-07T08:38:48Z,,LTFM,IST,LTFM,IST,2026-06-07T10:11:56Z,35R,5588.0,1051.89,927.327,Passenger,4BAB26,2026-06-07T08:32:45Z,2026-06-07T10:22:59Z,True
4011e854,TK840,THY840,THY,THY,B739,TC-JYC,LTFM,IST,2026-06-07T10:49:08Z,35L,OSAP,ALP,OSAP,ALP,2026-06-07T12:18:46Z,,5378.0,1068.75,928.027,Passenger,4BAB23,2026-06-07T10:10:19Z,2026-06-07T12:18:46Z,True
4011ed85,F37831,FAD7831,TAH,FAD,A333,TC-NYA,OEMA,MED,2026-06-07T10:56:14Z,35,OSAP,ALP,OSAP,ALP,2026-06-07T12:49:11Z,,6777.0,1328.81,1310.63,Passenger,4BBB21,2026-06-07T10:17:49Z,2026-06-07T12:49:11Z,True
40123016,RJ433,RJA433,RJA,RJA,A20N,JY-RAC,OJAI,AMM,2026-06-07T12:04:20Z,26L,OSAP,ALP,OSAP,ALP,2026-06-07T13:01:17Z,,3417.0,594.799,507.842,Passenger,744823,2026-06-07T11:50:44Z,2026-06-07T13:01:17Z,True
40128bf2,RJ434,RJA434,RJA,RJA,A20N,JY-RAC,OSAP,ALP,2026-06-07T13:46:43Z,,OJAI,AMM,OJAI,AMM,2026-06-07T14:39:25Z,26L,3162.0,547.186,508.142,Passenger,744823,2026-06-07T13:39:43Z,2026-06-07T14:43:07Z,True
40129a5f,TK841,THY841,THY,THY,B739,TC-JYC,OSAP,ALP,2026-06-07T14:01:37Z,,LTFM,IST,LTFM,IST,2026-06-07T15:33:40Z,35R,5523.0,1045.25,927.227,Passenger,4BAB23,2026-06-07T13:55:45Z,2026-06-07T15:44:40Z,True
4012be5a,F37832,FAD7832,TAH,FAD,A333,TC-NYA,OSAP,ALP,2026-06-07T14:54:03Z,09L,OEMA,MED,OEMA,MED,2026-06-07T16:54:40Z,17,7237.0,1336.1,1309.9,Passenger,4BBB21,2026-06-07T14:35:01Z,2026-06-07T17:00:26Z,True
4014925c,RJ431,RJA431,RJA,RJA,A20N,JY-RAK,OJAI,AMM,2026-06-08T01:38:08Z,26R,OSAP,ALP,OSAP,ALP,,,,1415.33,509.116,Passenger,74482B,2026-06-08T01:25:25Z,2026-06-08T03:27:48Z,True
4014ecb4,RJ432,RJA432,RJA,RJA,A20N,JY-RAK,OSAP,ALP,2026-06-08T04:32:38Z,,OJAI,AMM,OJAI,AMM,2026-06-08T06:22:00Z,26L,6562.0,1572.4,507.723,Passenger,74482B,2026-06-08T04:25:20Z,2026-06-08T06:26:16Z,True
40152c9d,FYC485,FYC485,FYC,FYC,A320,YK-BAC,OSAP,ALP,2026-06-08T06:25:28Z,,LTFJ,SAW,LTFJ,SAW,2026-06-08T07:49:17Z,06R,5029.0,961.232,864.868,Passenger,778823,2026-06-08T06:22:34Z,2026-06-08T07:54:22Z,True
40156032,RJ433,RJA433,RJA,RJA,E295,JY-REF,OJAI,AMM,2026-06-08T07:55:16Z,26R,OSAP,ALP,OSAP,ALP,,,,1434.89,506.787,Passenger,7448A6,2026-06-08T07:54:21Z,2026-06-08T09:54:51Z,True
40157e7e,VF340,TKJ340,TKJ,TKJ,B738,TC-JHC,LTFJ,SAW,2026-06-08T09:04:43Z,06L,OSAP,ALP,OSAP,ALP,2026-06-08T10:25:04Z,,4821.0,955.943,864.302,Passenger,4BA903,2026-06-08T08:44:08Z,2026-06-08T10:25:04Z,True
40157f04,TK844,THY844,THY,THY,B739,TC-JYF,LTFM,IST,2026-06-08T09:39:00Z,35L,OSAP,ALP,OSAP,ALP,2026-06-08T11:11:45Z,,5565.0,1056.98,929.024,Passenger,4BAB26,2026-06-08T08:45:22Z,2026-06-08T11:11:45Z,True
40158908,RB515,SYR515,SYR,SYR,A320,YK-AKH,OSAP,ALP,2026-06-08T09:08:41Z,,OMDB,DXB,OMDB,DXB,2026-06-08T14:04:35Z,,17754.0,4020.45,2122.17,Passenger,778568,2026-06-08T09:01:19Z,2026-06-08T13:44:51Z,True
4015ce9e,RJ434,RJA434,RJA,RJA,E295,JY-REF,OSAP,ALP,2026-06-08T10:45:16Z,,OJAI,AMM,OJAI,AMM,2026-06-08T12:41:56Z,26L,7000.0,1452.49,508.161,Passenger,7448A6,2026-06-08T10:45:35Z,2026-06-08T12:39:50Z,True
4015e945,VF341,TKJ341,TKJ,TKJ,B738,TC-JHC,OSAP,ALP,2026-06-08T11:29:54Z,,LTFJ,SAW,LTFJ,SAW,2026-06-08T12:59:40Z,06R,5386.0,1001.56,865.666,Passenger,4BA903,2026-06-08T11:20:32Z,2026-06-08T13:09:31Z,True
40161fa5,TK845,THY845,THY,THY,B739,TC-JYF,OSAP,ALP,2026-06-08T12:35:06Z,,LTFM,IST,LTFM,IST,2026-06-08T14:07:22Z,35R,5536.0,1032.6,927.904,Passenger,4BAB26,2026-06-08T12:25:53Z,2026-06-08T14:19:33Z,True
40176135,RB116,SYR116,SYR,SYR,A320,YK-AKG,OSAP,ALP,2026-06-08T18:13:09Z,,OSDI,DAM,OSDI,DAM,2026-06-08T18:48:37Z,23R,2128.0,363.244,313.658,Passenger,778567,2026-06-08T18:06:26Z,2026-06-08T18:49:30Z,True
40179c33,,YKBAC,FYC,FYC,A320,YK-BAC,OSAP,ALP,2026-06-08T19:16:31Z,,OSDI,DAM,OSDI,DAM,2026-06-08T19:55:22Z,23R,2331.0,354.7,313.335,Passenger,778823,2026-06-08T19:14:04Z,2026-06-08T19:55:51Z,True
4017a004,RB445,SYR445,SYR,SYR,B735,YK-SYR,OSAP,ALP,2026-06-08T19:28:25Z,09L,LTFM,IST,LTFM,IST,2026-06-08T21:08:27Z,35R,6002.0,1046.53,926.338,Passenger,77CF32,2026-06-08T19:18:41Z,2026-06-08T21:08:27Z,True
40188c4d,FYC762,FYC762,FYC,FYC,A320,YK-BAB,OMSJ,SHJ,2026-06-09T01:47:31Z,30,OSAP,ALP,OSAP,ALP,2026-06-09T04:59:43Z,,11532.0,2462.82,2119.41,Passenger,778822,2026-06-09T00:45:52Z,2026-06-09T04:59:43Z,True
40189c16,RJ431,RJA431,RJA,RJA,A20N,JY-RAI,OJAI,AMM,2026-06-09T01:23:15Z,26L,OSAP,ALP,OSAP,ALP,2026-06-09T02:18:41Z,,3326.0,596.721,508.027,Passenger,744829,2026-06-09T01:10:58Z,2026-06-09T02:26:04Z,True
4018a41a,FYC492,FYC492,FYC,FYC,A320,YK-BAC,LTFJ,SAW,2026-06-09T01:41:12Z,06L,OSAP,ALP,OSAP,ALP,,,,965.754,866.361,Passenger,778823,2026-06-09T01:24:48Z,2026-06-09T02:56:06Z,True
4018dc98,RJ432,RJA432,RJA,RJA,A20N,JY-RAI,OSAP,ALP,2026-06-09T03:14:42Z,,OJAI,AMM,OJAI,AMM,2026-06-09T04:08:18Z,26L,3216.0,594.355,508.204,Passenger,744829,2026-06-09T03:05:08Z,2026-06-09T04:11:16Z,True
4018dee6,VF340,TKJ340,TKJ,TKJ,B738,TC-JHD,LTFJ,SAW,2026-06-09T03:23:58Z,06L,OSAP,ALP,OSAP,ALP,,,,1001.63,854.739,Passenger,4BA904,2026-06-09T03:09:32Z,2026-06-09T04:46:57Z,True
401907ad,TK844,THY844,THY,THY,B739,TC-JYC,LTFM,IST,2026-06-09T05:06:58Z,36,OSAP,ALP,OSAP,ALP,2026-06-09T06:39:14Z,,5536.0,1041.59,927.539,Passenger,4BAB23,2026-06-09T04:23:04Z,2026-06-09T06:39:14Z,True
40193401,FYC761,FYC761,FYC,FYC,A320,YK-BAB,OSAP,ALP,2026-06-09T06:47:26Z,27R,OMSJ,SHJ,OMSJ,SHJ,,,,3435.15,2143.06,Passenger,778822,2026-06-09T05:42:57Z,2026-06-09T10:11:45Z,True
40194176,VF341,TKJ341,TKJ,TKJ,B738,TC-JHD,OSAP,ALP,2026-06-09T06:15:46Z,09L,LTFJ,SAW,LTFJ,SAW,2026-06-09T07:45:40Z,06R,5394.0,1026.24,865.598,Passenger,4BA904,2026-06-09T06:06:37Z,2026-06-09T07:55:17Z,True
401973ee,RJ433,RJA433,RJA,RJA,A20N,JY-RAD,OJAI,AMM,2026-06-09T07:50:32Z,26R,OSAP,ALP,OSAP,ALP,2026-06-09T08:54:00Z,,3808.0,955.601,507.834,Passenger,744824,2026-06-09T07:35:26Z,2026-06-09T08:54:00Z,True
4019874d,TK845,THY845,THY,THY,B739,TC-JYC,OSAP,ALP,2026-06-09T08:25:51Z,09L,LTFM,IST,LTFM,IST,2026-06-09T10:28:16Z,35R,7345.0,1257.8,927.794,Passenger,4BAB23,2026-06-09T08:07:53Z,2026-06-09T10:37:49Z,True
4019b470,RJ434,RJA434,RJA,RJA,A20N,JY-RAD,OSAP,ALP,2026-06-09T09:39:19Z,,OJAI,AMM,OJAI,AMM,2026-06-09T10:31:43Z,26L,3144.0,572.871,508.154,Passenger,744824,2026-06-09T09:19:25Z,2026-06-09T14:13:22Z,True
4019d73b,TK840,THY840,THY,THY,B739,TC-JYB,LTFM,IST,2026-06-09T10:51:34Z,36,OSAP,ALP,OSAP,ALP,,,,1029.55,922.072,Passenger,4BAB22,2026-06-09T10:12:25Z,2026-06-09T12:08:35Z,True
401a24fc,PC770,PGT770,PGT,PGT,B738,TC-CPK,LTFJ,SAW,2026-06-09T12:15:01Z,06L,OSAP,ALP,OSAP,ALP,2026-06-09T13:33:38Z,,4717.0,1000.93,865.572,Passenger,4B8E0B,2026-06-09T11:57:00Z,2026-06-09T13:33:38Z,True
401a5b85,FYC455,FYC455,FYC,FYC,A320,YK-BAC,OSAP,ALP,2026-06-09T13:05:54Z,,UDYZ,EVN,UDYZ,EVN,2026-06-09T14:13:13Z,08,4039.0,835.741,767.022,Passenger,778823,2026-06-09T12:55:29Z,2026-06-09T14:19:00Z,True
401a72d7,RB390,SYR390,SYR,SYR,A320,YK-AKG,OERK,RUH,2026-06-09T13:42:32Z,15L,OSAP,ALP,OSAP,ALP,,,,1713.98,1514.01,Passenger,778567,2026-06-09T13:19:29Z,2026-06-09T15:49:57Z,True
401a9023,TK841,THY841,THY,THY,B739,TC-JYB,OSAP,ALP,2026-06-09T14:01:24Z,,LTFM,IST,LTFM,IST,2026-06-09T15:33:44Z,35R,5540.0,1202.13,926.676,Passenger,4BAB22,2026-06-09T13:49:30Z,2026-06-09T15:58:55Z,True
401addc7,FYC456,FYC456,FYC,FYC,A320,YK-BAC,UDYZ,EVN,2026-06-09T15:24:50Z,26,OSAP,ALP,OSAP,ALP,,,,831.522,751.233,Passenger,778823,2026-06-09T15:08:53Z,2026-06-09T16:29:15Z,True
401ae220,PC771,PGT771,PGT,PGT,B738,TC-CPK,OSAP,ALP,2026-06-09T15:11:15Z,,LTFJ,SAW,LTFJ,SAW,2026-06-09T16:37:57Z,06R,5202.0,950.592,855.836,Passenger,4B8E0B,2026-06-09T15:13:19Z,2026-06-09T16:45:23Z,True
401b40b1,FYC525,FYC525,FYC,FYC,A320,YK-BAC,OSAP,ALP,2026-06-09T17:55:35Z,,ORER,EBL,ORER,EBL,2026-06-09T19:22:41Z,36,5226.0,1043.93,604.631,Passenger,778823,2026-06-09T16:53:38Z,2026-06-09T19:22:41Z,True
401b5c99,RB381,SYR381,SYR,SYR,A320,YK-AKG,OSAP,ALP,2026-06-09T18:20:09Z,09L,OEJN,JED,OEJN,JED,2026-06-09T20:41:09Z,34L,8460.0,1769.41,1618.88,Passenger,778567,2026-06-09T17:23:43Z,2026-06-09T20:50:52Z,True
401be8e7,FYC526,FYC526,FYC,FYC,A320,YK-BAC,ORER,EBL,2026-06-09T20:10:26Z,36,OSAP,ALP,OSAP,ALP,,,,1087.04,595.444,Passenger,778823,2026-06-09T20:07:21Z,2026-06-09T21:40:44Z,True
401c1c1c,RB382,SYR382,SYR,SYR,A320,YK-AKG,OEJN,JED,2026-06-09T22:16:04Z,34C,OSAP,ALP,OSAP,ALP,2026-06-10T00:26:26Z,,7822.0,1707.84,1618.69,Passenger,778567,2026-06-09T21:13:37Z,2026-06-10T00:29:05Z,True
401c5a1c,RJ431,RJA431,RJA,RJA,A20N,JY-RAJ,OJAI,AMM,2026-06-10T01:24:12Z,26L,OSAP,ALP,OSAP,ALP,2026-06-10T02:15:24Z,,3072.0,564.731,494.228,Passenger,74482A,2026-06-09T22:35:57Z,2026-06-10T02:10:26Z,True
401c6f3e,FYC491,FYC491,FYC,FYC,A320,YK-BAC,OSAP,ALP,2026-06-09T23:07:26Z,,LTFJ,SAW,LTFJ,SAW,2026-06-10T00:26:54Z,06L,4768.0,937.795,865.734,Passenger,778823,2026-06-09T23:03:51Z,2026-06-10T00:31:27Z,True
401cbf16,RB389,SYR389,SYR,SYR,A320,YK-AKG,OSAP,ALP,2026-06-10T01:47:49Z,,OERK,RUH,OERK,RUH,2026-06-10T03:56:05Z,33L,7696.0,1679.9,1539.47,Passenger,778567,2026-06-10T01:00:57Z,2026-06-10T03:58:59Z,True
401cfcd1,VF340,TKJ340,TKJ,TKJ,B738,TC-JHD,LTFJ,SAW,2026-06-10T03:34:19Z,06L,OSAP,ALP,OSAP,ALP,,,,1145.79,866.577,Passenger,4BA904,2026-06-10T02:43:30Z,2026-06-10T04:57:37Z,True
401d0c86,F37868,FAD7868,TAH,FAD,A332,TC-NYB,OEMA,MED,2026-06-10T03:34:29Z,35,OSAP,ALP,OSAP,ALP,2026-06-10T05:21:53Z,27R,6444.0,1328.62,1309.01,Passenger,4BBB22,2026-06-10T03:12:36Z,2026-06-10T05:19:40Z,True
401d1aa8,RJ432,RJA432,RJA,RJA,A20N,JY-RAJ,OSAP,ALP,2026-06-10T03:46:54Z,,OJAI,AMM,OJAI,AMM,2026-06-10T04:38:50Z,26L,3116.0,548.998,508.024,Passenger,74482A,2026-06-10T03:40:26Z,2026-06-10T04:41:41Z,True
401d3262,TK844,THY844,THY,THY,B739,TC-JYC,LTFM,IST,2026-06-10T04:55:50Z,36,OSAP,ALP,OSAP,ALP,2026-06-10T06:34:32Z,,5922.0,1108.95,933.278,Passenger,4BAB23,2026-06-10T04:22:41Z,2026-06-10T06:26:48Z,True
401d6989,VF341,TKJ341,TKJ,TKJ,B738,TC-JHD,OSAP,ALP,2026-06-10T06:07:47Z,27R,LTFJ,SAW,LTFJ,SAW,2026-06-10T07:34:44Z,06R,5217.0,1059.33,865.642,Passenger,4BA904,2026-06-10T06:02:04Z,2026-06-10T07:46:04Z,True
401da93e,TK845,THY845,THY,THY,B739,TC-JYC,OSAP,ALP,2026-06-10T08:28:40Z,,LTFM,IST,LTFM,IST,2026-06-10T10:00:42Z,35R,5522.0,1094.37,928.236,Passenger,4BAB23,2026-06-10T07:49:54Z,2026-06-10T10:09:15Z,True
401dfe44,F37966,FAD7966,TAH,FAD,A333,TC-NYA,OEMA,MED,2026-06-10T10:08:55Z,35,OSAP,ALP,OSAP,ALP,2026-06-10T12:00:55Z,,6720.0,1325.77,1310.86,Passenger,4BBB21,2026-06-10T10:00:41Z,2026-06-10T12:00:55Z,True
401ede30,F37967,FAD7967,TAH,FAD,A333,TC-NYA,OSAP,ALP,2026-06-10T14:17:46Z,,OEMA,MED,OEMA,MED,2026-06-10T16:18:38Z,35,7252.0,1411.55,1310.02,Passenger,4BBB21,2026-06-10T14:15:46Z,2026-06-10T16:22:42Z,True
40210265,RJ431,RJA431,RJA,RJA,E295,JY-REG,OJAI,AMM,2026-06-11T01:23:36Z,26L,OSAP,ALP,OSAP,ALP,,,,551.504,473.229,Passenger,7448A7,2026-06-11T01:21:02Z,2026-06-11T02:09:49Z,True
40212784,F37818,FAD7818,TAH,FAD,A332,TC-NYB,OEMA,MED,2026-06-11T02:44:43Z,35,OSAP,ALP,OSAP,ALP,2026-06-11T04:37:12Z,27L,6749.0,1328.16,1310.47,Passenger,4BBB22,2026-06-11T02:21:41Z,2026-06-11T04:44:27Z,True
40212ed1,VF340,TKJ340,TKJ,TKJ,B738,TC-JHB,LTFJ,SAW,2026-06-11T02:57:39Z,06L,OSAP,ALP,OSAP,ALP,2026-06-11T04:21:20Z,27R,5021.0,1005.28,864.736,Passenger,4BA902,2026-06-11T02:33:56Z,2026-06-11T04:21:20Z,True
40214b47,RJ432,RJA432,RJA,RJA,E295,JY-REG,OSAP,ALP,2026-06-11T03:24:09Z,,OJAI,AMM,OJAI,AMM,2026-06-11T04:19:59Z,26L,3350.0,605.766,508.166,Passenger,7448A7,2026-06-11T03:23:07Z,2026-06-11T04:20:04Z,True
40216bb5,TK844,THY844,THY,THY,B739,TC-JYF,LTFM,IST,2026-06-11T04:55:54Z,34L,OSAP,ALP,OSAP,ALP,2026-06-11T06:29:31Z,27R,5617.0,1115.46,927.703,Passenger,4BAB26,2026-06-11T04:21:16Z,2026-06-11T06:29:31Z,True
40218b01,F37819,FAD7819,TAH,FAD,A332,TC-NYB,OSAP,ALP,2026-06-11T06:29:25Z,,OEMA,MED,OEMA,MED,2026-06-11T08:24:29Z,35,6904.0,1400.01,1310.72,Passenger,4BBB22,2026-06-11T05:15:05Z,2026-06-11T08:38:52Z,True
4021a006,VF341,TKJ341,TKJ,TKJ,B738,TC-JHB,OSAP,ALP,2026-06-11T06:05:18Z,,LTFJ,SAW,LTFJ,SAW,2026-06-11T07:32:54Z,06R,5256.0,1272.85,865.68,Passenger,4BA902,2026-06-11T05:54:11Z,2026-06-11T07:43:56Z,True
4021ef97,TK845,THY845,THY,THY,B739,TC-JYF,OSAP,ALP,2026-06-11T08:22:07Z,27R,LTFM,IST,LTFM,IST,2026-06-11T09:54:03Z,35R,5516.0,1070.15,926.686,Passenger,4BAB26,2026-06-11T08:08:05Z,2026-06-11T10:08:57Z,True
4021f760,PC770,PGT770,PGT,PGT,B738,TC-AIS,LTFJ,SAW,2026-06-11T08:39:14Z,06L,OSAP,ALP,OSAP,ALP,,,,965.836,861.009,Passenger,4B8533,2026-06-11T08:20:30Z,2026-06-11T09:52:16Z,True
4022453c,F37872,FAD7872,TAH,FAD,A332,TC-NYB,OEMA,MED,2026-06-11T10:58:35Z,17,OSAP,ALP,OSAP,ALP,2026-06-11T12:54:15Z,,6940.0,1404.25,1300.96,Passenger,4BBB22,2026-06-11T10:17:17Z,2026-06-11T12:45:46Z,True
402252ea,RJ433,RJA433,RJA,RJA,A20N,JY-RAE,OJAI,AMM,2026-06-11T10:46:27Z,26L,OSAP,ALP,OSAP,ALP,,,,596.475,508.139,Passenger,744825,2026-06-11T10:36:07Z,2026-06-11T11:37:50Z,True
40226c17,PC771,PGT771,PGT,PGT,B738,TC-AIS,OSAP,ALP,2026-06-11T11:16:38Z,,LTFJ,SAW,LTFJ,SAW,2026-06-11T12:42:19Z,06R,5141.0,962.115,865.836,Passenger,4B8533,2026-06-11T11:10:00Z,2026-06-11T12:50:04Z,True
4022bc2c,RJ434,RJA434,RJA,RJA,A20N,JY-RAE,OSAP,ALP,2026-06-11T12:49:47Z,,OJAI,AMM,OJAI,AMM,2026-06-11T13:47:37Z,26L,3470.0,578.219,508.072,Passenger,744825,2026-06-11T12:39:30Z,2026-06-11T13:50:56Z,True
4023297e,F37873,FAD7873,TAH,FAD,A332,TC-NYB,OSAP,ALP,2026-06-11T14:26:04Z,,OEMA,MED,OEMA,MED,2026-06-11T16:20:41Z,17,6877.0,1337.69,1309.74,Passenger,4BBB22,2026-06-11T14:24:18Z,2026-06-11T16:26:07Z,True
40252cd3,F37852,FAD7852,TAH,FAD,A332,TC-NYB,OEMA,MED,2026-06-12T00:44:55Z,35,OSAP,ALP,OSAP,ALP,2026-06-12T02:29:48Z,,6293.0,1375.35,1310.06,Passenger,4BBB22,2026-06-12T00:10:40Z,2026-06-12T02:29:48Z,True
402553db,FYC492,FYC492,FYC,FYC,A320,YK-BAC,LTFJ,SAW,2026-06-12T01:22:17Z,06L,OSAP,ALP,OSAP,ALP,,,,938.461,873.343,Passenger,778823,2026-06-12T01:07:32Z,2026-06-12T02:32:37Z,True
402554fc,RJ431,RJA431,RJA,RJA,A20N,JY-RAE,OJAI,AMM,2026-06-12T01:22:02Z,26R,OSAP,ALP,OSAP,ALP,2026-06-12T02:17:48Z,,3346.0,576.738,496.929,Passenger,744825,2026-06-12T01:08:58Z,2026-06-12T02:08:52Z,True
40258d1a,VF340,TKJ340,TKJ,TKJ,B738,TC-JHA,LTFJ,SAW,2026-06-12T03:18:17Z,06L,OSAP,ALP,OSAP,ALP,,,,956.629,868.068,Passenger,4BA901,2026-06-12T02:39:51Z,2026-06-12T04:35:50Z,True
402594b4,F37853,FAD7853,TAH,FAD,A332,TC-NYB,OSAP,ALP,2026-06-12T03:59:38Z,09L,OEMA,MED,OEMA,MED,2026-06-12T06:00:30Z,35,7252.0,1416.76,1310.66,Passenger,4BBB22,2026-06-12T02:50:29Z,2026-06-12T06:04:57Z,True
4025a76e,RJ432,RJA432,RJA,RJA,A20N,JY-RAE,OSAP,ALP,2026-06-12T03:33:18Z,,OJAI,AMM,OJAI,AMM,2026-06-12T04:29:25Z,26R,3367.0,575.633,507.808,Passenger,744825,2026-06-12T03:22:54Z,2026-06-12T04:35:09Z,True
4025c746,TK844,THY844,THY,THY,B739,TC-JYC,LTFM,IST,2026-06-12T05:07:49Z,34L,OSAP,ALP,OSAP,ALP,2026-06-12T06:42:29Z,,5680.0,1109.04,928.301,Passenger,4BAB23,2026-06-12T04:17:42Z,2026-06-12T06:42:29Z,True
4025f9b8,VF341,TKJ341,TKJ,TKJ,B738,TC-JHA,OSAP,ALP,2026-06-12T05:59:48Z,,LTFJ,SAW,LTFJ,SAW,2026-06-12T07:21:56Z,06R,4928.0,997.959,865.872,Passenger,4BA901,2026-06-12T05:45:10Z,2026-06-12T07:31:08Z,True
40260de8,FYC761,FYC761,FYC,FYC,A320,YK-BAC,OSAP,ALP,2026-06-12T06:24:33Z,09L,OMSJ,SHJ,OMSJ,SHJ,2026-06-12T09:56:15Z,,12702.0,4068.89,2118.74,Passenger,778823,2026-06-12T06:20:33Z,2026-06-12T09:55:40Z,True
4026273a,F37810,FAD7810,TAH,FAD,A332,TC-NYB,OEMA,MED,2026-06-12T09:01:19Z,35,OSAP,ALP,OSAP,ALP,2026-06-12T10:52:55Z,,6696.0,2089.03,1310.43,Passenger,4BBB22,2026-06-12T07:04:23Z,2026-06-12T10:44:34Z,True
40265b37,TK845,THY845,THY,THY,B739,TC-JYC,OSAP,ALP,2026-06-12T08:34:25Z,09L,LTFM,IST,LTFM,IST,2026-06-12T10:11:32Z,35R,5827.0,1080.88,927.926,Passenger,4BAB23,2026-06-12T08:28:41Z,2026-06-12T10:23:08Z,True
40269d80,TK840,THY840,THY,THY,B739,TC-JYB,LTFM,IST,2026-06-12T10:47:37Z,36,OSAP,ALP,OSAP,ALP,2026-06-12T12:17:58Z,,5421.0,1036.04,927.481,Passenger,4BAB22,2026-06-12T10:15:47Z,2026-06-12T12:17:58Z,True
4026c216,FYC762,FYC762,FYC,FYC,A320,YK-BAC,OMSJ,SHJ,2026-06-12T11:27:08Z,30,OSAP,ALP,OSAP,ALP,,,,2257.39,2053.5,Passenger,778823,2026-06-12T11:08:06Z,2026-06-12T14:17:58Z,True
40270a7f,F37811,FAD7811,TAH,FAD,A332,TC-NYB,OSAP,ALP,2026-06-12T12:51:54Z,,OEMA,MED,OEMA,MED,2026-06-12T14:52:22Z,35,7228.0,1541.75,1310.58,Passenger,4BBB22,2026-06-12T12:32:57Z,2026-06-12T14:56:42Z,True
4027704e,RJ433,RJA433,RJA,RJA,A20N,JY-RAA,OJAI,AMM,2026-06-12T14:26:05Z,26L,OSAP,ALP,OSAP,ALP,,,,777.225,509.292,Passenger,744821,2026-06-12T14:11:25Z,2026-06-12T15:20:20Z,True
40277407,TK841,THY841,THY,THY,B739,TC-JYB,OSAP,ALP,2026-06-12T14:30:37Z,,LTFM,IST,LTFM,IST,2026-06-12T16:00:52Z,35R,5415.0,1030.24,927.004,Passenger,4BAB22,2026-06-12T14:15:02Z,2026-06-12T16:16:07Z,True
4027ec6a,RJ434,RJA434,RJA,RJA,A20N,JY-RAA,OSAP,ALP,2026-06-12T16:24:20Z,,OJAI,AMM,OJAI,AMM,2026-06-12T17:16:58Z,26L,3158.0,562.36,508.162,Passenger,744821,2026-06-12T16:11:45Z,2026-06-12T17:21:44Z,True
40291e96,FYC491,FYC491,FYC,FYC,A320,YK-BAC,OSAP,ALP,2026-06-12T22:34:04Z,,LTFJ,SAW,LTFJ,SAW,2026-06-12T23:52:35Z,06L,4711.0,922.258,865.689,Passenger,778823,2026-06-12T22:24:06Z,2026-06-13T00:03:08Z,True
4029714b,F37812,FAD7812,TAH,FAD,A333,TC-NYA,OEMA,MED,2026-06-13T01:03:48Z,35,OSAP,ALP,OSAP,ALP,2026-06-13T02:58:18Z,,6870.0,1353.04,1309.86,Passenger,4BBB21,2026-06-13T00:27:55Z,2026-06-13T02:58:18Z,True
40297988,FYC762,FYC762,FYC,FYC,A320,YK-BAB,OMSJ,SHJ,2026-06-13T01:55:09Z,12,OSAP,ALP,OSAP,ALP,2026-06-13T05:01:47Z,27R,11198.0,3004.15,2117.85,Passenger,778822,2026-06-13T00:41:16Z,2026-06-13T04:59:46Z,True
40298c6d,RJ431,RJA431,RJA,RJA,A21N,JY-RAO,OJAI,AMM,2026-06-13T01:24:32Z,26L,OSAP,ALP,OSAP,ALP,,,,581.45,499.2,Passenger,74482F,2026-06-13T01:12:13Z,2026-06-13T02:12:24Z,True
4029b952,F37976,FAD7976,TAH,FAD,A332,TC-NYB,OEMA,MED,2026-06-13T03:03:22Z,35,OSAP,ALP,OSAP,ALP,,,,1317.37,1260.73,Passenger,4BBB22,2026-06-13T02:33:43Z,2026-06-13T04:39:29Z,True
4029cde3,VF340,TKJ340,TKJ,TKJ,B738,TC-JHF,LTFJ,SAW,2026-06-13T03:29:42Z,06L,OSAP,ALP,OSAP,ALP,,,,931.57,858.306,Passenger,4BA906,2026-06-13T03:13:01Z,2026-06-13T04:41:38Z,True
4029d811,RJ432,RJA432,RJA,RJA,A21N,JY-RAO,OSAP,ALP,2026-06-13T03:43:12Z,,OJAI,AMM,OJAI,AMM,2026-06-13T04:36:46Z,26R,3214.0,581.946,507.818,Passenger,74482F,2026-06-13T03:33:05Z,2026-06-13T04:41:17Z,True
4029f0b8,TK844,THY844,THY,THY,B739,TC-JYC,LTFM,IST,2026-06-13T05:00:19Z,36,OSAP,ALP,OSAP,ALP,2026-06-13T06:43:13Z,,6174.0,1123.4,927.876,Passenger,4BAB23,2026-06-13T04:20:41Z,2026-06-13T06:43:13Z,True
4029f3a5,F37813,FAD7813,TAH,FAD,A333,TC-NYA,OSAP,ALP,2026-06-13T04:26:49Z,,OEMA,MED,OEMA,MED,2026-06-13T06:31:03Z,35,7454.0,1407.12,1310.75,Passenger,4BBB21,2026-06-13T04:26:19Z,2026-06-13T06:35:43Z,True
402a1d06,FYC761,FYC761,FYC,FYC,A320,YK-BAB,OSAP,ALP,2026-06-13T06:48:21Z,,OMSJ,SHJ,OMSJ,SHJ,2026-06-13T10:18:30Z,,12609.0,2926.95,2146.68,Passenger,778822,2026-06-13T05:50:23Z,2026-06-13T10:12:42Z,True
402a22a6,VF341,TKJ341,TKJ,TKJ,B738,TC-JHF,OSAP,ALP,2026-06-13T06:10:26Z,,LTFJ,SAW,LTFJ,SAW,2026-06-13T07:50:26Z,06R,6000.0,1080.42,866.057,Passenger,4BA906,2026-06-13T06:01:13Z,2026-06-13T07:58:18Z,True
402a382d,F37977,FAD7977,TAH,FAD,A332,TC-NYB,OSAP,ALP,2026-06-13T06:54:32Z,,OEMA,MED,OEMA,MED,2026-06-13T08:53:30Z,35,7138.0,1406.33,1310.66,Passenger,4BBB22,2026-06-13T06:44:56Z,2026-06-13T08:58:14Z,True
402a5169,RJ433,RJA433,RJA,RJA,A20N,JY-RAD,OJAI,AMM,2026-06-13T07:44:32Z,26L,OSAP,ALP,OSAP,ALP,,,,632.223,503.388,Passenger,744824,2026-06-13T07:33:08Z,2026-06-13T08:35:31Z,True
402a68ba,TK845,THY845,THY,THY,B739,TC-JYC,OSAP,ALP,2026-06-13T08:23:59Z,,LTFM,IST,LTFM,IST,2026-06-13T09:56:52Z,35R,5573.0,1168.99,926.857,Passenger,4BAB23,2026-06-13T08:13:49Z,2026-06-13T10:11:27Z,True
402a9ba6,RJ434,RJA434,RJA,RJA,A20N,JY-RAD,OSAP,ALP,2026-06-13T09:39:14Z,,OJAI,AMM,OJAI,AMM,2026-06-13T10:40:04Z,26L,3650.0,581.363,507.954,Passenger,744824,2026-06-13T09:36:47Z,2026-06-13T10:42:55Z,True
402acc46,PC770,PGT770,PGT,PGT,B738,TC-CPK,LTFJ,SAW,2026-06-13T11:28:12Z,06L,OSAP,ALP,OSAP,ALP,2026-06-13T12:59:15Z,,5463.0,1000.75,865.451,Passenger,4B8E0B,2026-06-13T10:50:18Z,2026-06-13T12:59:15Z,True
402b6a93,PC771,PGT771,PGT,PGT,B738,TC-CPK,OSAP,ALP,2026-06-13T13:58:09Z,,LTFJ,SAW,LTFJ,SAW,2026-06-13T15:33:02Z,06R,5693.0,1022.3,865.428,Passenger,4B8E0B,2026-06-13T13:49:50Z,2026-06-13T15:45:44Z,True
402d2b36,RJ431,RJA431,RJA,RJA,A20N,JY-RAK,OJAI,AMM,2026-06-14T01:24:08Z,26R,OSAP,ALP,OSAP,ALP,2026-06-14T02:21:34Z,,3446.0,581.638,507.718,Passenger,74482B,2026-06-13T23:24:14Z,2026-06-14T02:21:34Z,True
402d4137,F37820,FAD7820,TAH,FAD,A332,TC-NYB,OEMA,MED,2026-06-14T00:35:24Z,35,OSAP,ALP,OSAP,ALP,2026-06-14T02:29:02Z,,6818.0,1325.92,1309.74,Passenger,4BBB22,2026-06-14T00:01:52Z,2026-06-14T02:29:02Z,True
402d83ff,F37814,FAD7814,TAH,FAD,A332,TC-NYP,OEMA,MED,2026-06-14T02:39:05Z,35,OSAP,ALP,OSAP,ALP,2026-06-14T04:32:31Z,,6806.0,1331.77,1310.11,Passenger,4BBB30,2026-06-14T02:11:43Z,2026-06-14T04:32:31Z,True
402d96b4,VF340,TKJ340,TKJ,TKJ,B738,TC-JHF,LTFJ,SAW,2026-06-14T03:21:30Z,06L,OSAP,ALP,OSAP,ALP,2026-06-14T04:40:55Z,,4765.0,942.495,864.056,Passenger,4BA906,2026-06-14T02:52:17Z,2026-06-14T04:40:55Z,True
402d981d,F37821,FAD7821,TAH,FAD,A332,TC-NYB,OSAP,ALP,2026-06-14T04:05:26Z,09L,OEMA,MED,OEMA,MED,2026-06-14T06:11:34Z,35,7568.0,1409.17,1311.06,Passenger,4BBB22,2026-06-14T02:54:26Z,2026-06-14T06:17:29Z,True
402da6fe,RJ432,RJA432,RJA,RJA,A20N,JY-RAK,OSAP,ALP,2026-06-14T03:26:21Z,,OJAI,AMM,OJAI,AMM,2026-06-14T04:25:19Z,26L,3538.0,582.17,507.991,Passenger,74482B,2026-06-14T03:27:35Z,2026-06-14T04:27:51Z,True
402dc081,TK844,THY844,THY,THY,B739,TC-JYB,LTFM,IST,2026-06-14T04:59:06Z,34L,OSAP,ALP,OSAP,ALP,2026-06-14T06:44:37Z,09L,6331.0,2095.75,935.323,Passenger,4BAB22,2026-06-14T04:21:22Z,2026-06-14T06:28:28Z,True
402deecc,VF341,TKJ341,TKJ,TKJ,B738,TC-JHF,OSAP,ALP,2026-06-14T06:05:07Z,,LTFJ,SAW,LTFJ,SAW,2026-06-14T07:33:11Z,24L,5284.0,966.552,865.73,Passenger,4BA906,2026-06-14T05:58:38Z,2026-06-14T07:39:20Z,True
402df9c7,F37815,FAD7815,TAH,FAD,A332,TC-NYP,OSAP,ALP,2026-06-14T06:35:34Z,,OEMA,MED,OEMA,MED,2026-06-14T08:35:08Z,35,7174.0,1480.7,1310.52,Passenger,4BBB30,2026-06-14T06:21:29Z,2026-06-14T08:39:51Z,True
402e3b92,TK845,THY845,THY,THY,B739,TC-JYB,OSAP,ALP,2026-06-14T08:27:41Z,,LTFM,IST,LTFM,IST,2026-06-14T10:01:04Z,34L,5603.0,1062.58,927.897,Passenger,4BAB22,2026-06-14T08:25:44Z,2026-06-14T10:22:23Z,True
402e7bdd,TK840,THY840,THY,THY,B739,TC-JYC,LTFM,IST,2026-06-14T10:39:05Z,35L,OSAP,ALP,OSAP,ALP,,,,1084.1,932.097,Passenger,4BAB23,2026-06-14T10:08:03Z,2026-06-14T12:01:44Z,True
402ec420,RJ433,RJA433,RJA,RJA,E290,JY-RED,OJAI,AMM,2026-06-14T11:54:38Z,26L,OSAP,ALP,OSAP,ALP,2026-06-14T12:57:14Z,27R,3756.0,658.055,508.528,Passenger,7448A4,2026-06-14T11:51:47Z,2026-06-14T12:48:45Z,True
402f2097,TK841,THY841,THY,THY,B739,TC-JYC,OSAP,ALP,2026-06-14T13:49:17Z,,LTFM,IST,LTFM,IST,2026-06-14T15:32:07Z,17L,6170.0,1087.43,928.215,Passenger,4BAB23,2026-06-14T13:42:11Z,2026-06-14T15:39:08Z,True
402f2963,RJ434,RJA434,RJA,RJA,E290,JY-RED,OSAP,ALP,2026-06-14T13:51:03Z,,OJAI,AMM,OJAI,AMM,2026-06-14T14:51:40Z,26L,3637.0,750.126,507.987,Passenger,7448A4,2026-06-14T13:52:38Z,2026-06-14T14:48:59Z,True
4030f937,RJ431,RJA431,RJA,RJA,A20N,JY-RAE,OJAI,AMM,2026-06-15T01:14:32Z,26R,OSAP,ALP,OSAP,ALP,,,,601.527,511.781,Passenger,744825,2026-06-15T00:53:44Z,2026-06-15T02:10:41Z,True
40311be5,F37874,FAD7874,TAH,FAD,A333,TC-NYA,OEMA,MED,2026-06-15T02:41:18Z,35,OSAP,ALP,OSAP,ALP,2026-06-15T04:35:50Z,,6872.0,1324.59,1310.16,Passenger,4BBB21,2026-06-15T01:59:34Z,2026-06-15T04:35:50Z,True
403125f7,VF340,TKJ340,TKJ,TKJ,B738,TC-JHD,LTFJ,SAW,2026-06-15T03:01:37Z,24R,OSAP,ALP,OSAP,ALP,2026-06-15T04:29:02Z,,5245.0,999.892,872.444,Passenger,4BA904,2026-06-15T02:20:24Z,2026-06-15T04:21:05Z,True
40314393,RJ432,RJA432,RJA,RJA,A20N,JY-RAE,OSAP,ALP,2026-06-15T03:20:41Z,,OJAI,AMM,OJAI,AMM,2026-06-15T04:17:07Z,26L,3386.0,585.615,507.888,Passenger,744825,2026-06-15T03:20:26Z,2026-06-15T04:19:31Z,True
403151b7,PC770,PGT770,PGT,PGT,B738,TC-AZP,LTFJ,SAW,2026-06-15T04:05:11Z,24R,OSAP,ALP,OSAP,ALP,2026-06-15T05:29:59Z,27R,5088.0,967.677,864.197,Passenger,4B8750,2026-06-15T03:50:46Z,2026-06-15T05:29:59Z,True
403161f6,TK844,THY844,THY,THY,B739,TC-JYB,LTFM,IST,2026-06-15T05:08:31Z,17R,OSAP,ALP,OSAP,ALP,,,,1069.02,922.56,Passenger,4BAB22,2026-06-15T04:21:54Z,2026-06-15T06:32:32Z,True
4031920b,RB444,SYR444,SYR,SYR,B735,YK-SYR,LTFM,IST,2026-06-15T06:09:07Z,17R,OSAP,ALP,OSAP,ALP,2026-06-15T07:35:13Z,,5166.0,1065.65,929.628,Passenger,77CF32,2026-06-15T05:54:37Z,2026-06-15T07:33:04Z,True
40319439,VF341,TKJ341,TKJ,TKJ,B738,TC-JHD,OSAP,ALP,2026-06-15T06:00:54Z,,LTFJ,SAW,LTFJ,SAW,2026-06-15T07:30:07Z,24L,5353.0,987.597,865.843,Passenger,4BA904,2026-06-15T05:58:22Z,2026-06-15T07:42:28Z,True
4031a52e,F37875,FAD7875,TAH,FAD,A333,TC-NYA,OSAP,ALP,2026-06-15T06:33:01Z,09L,OEMA,MED,OEMA,MED,2026-06-15T08:28:54Z,35,6953.0,1398.1,1310.97,Passenger,4BBB21,2026-06-15T06:29:11Z,2026-06-15T08:34:36Z,True
4031b242,PC771,PGT771,PGT,PGT,B738,TC-AZP,OSAP,ALP,2026-06-15T06:58:29Z,27R,LTFJ,SAW,LTFJ,SAW,2026-06-15T08:33:46Z,24L,5717.0,1026.66,865.675,Passenger,4B8750,2026-06-15T06:53:44Z,2026-06-15T08:45:13Z,True
4031ddcb,TK845,THY845,THY,THY,B739,TC-JYB,OSAP,ALP,2026-06-15T08:19:07Z,,LTFM,IST,LTFM,IST,2026-06-15T10:00:11Z,17L,6064.0,1158.19,928.417,Passenger,4BAB22,2026-06-15T08:10:29Z,2026-06-15T10:07:31Z,True
4031e715,IGC200,IGC200,IGC,IGC,CRJ2,YI-BAK,OSDI,DAM,2026-06-15T08:27:20Z,23L,OSAP,ALP,OSAP,ALP,2026-06-15T09:22:29Z,,3309.0,481.516,318.674,Business_jets,72882B,2026-06-15T08:27:23Z,2026-06-15T09:13:55Z,True
403216a5,IGC200,IGC200,IGC,IGC,CRJ2,YI-BAK,OSAP,ALP,2026-06-15T09:45:34Z,,OSDI,DAM,OSDI,DAM,2026-06-15T10:28:49Z,23R,2595.0,416.206,312.395,Business_jets,72882B,2026-06-15T09:46:49Z,2026-06-15T10:26:42Z,True
40324b94,F37876,FAD7876,TAH,FAD,A333,TC-NYA,OEMA,MED,2026-06-15T11:31:13Z,35,OSAP,ALP,OSAP,ALP,,,,1255.16,1228.49,Passenger,4BBB21,2026-06-15T11:03:45Z,2026-06-15T13:04:22Z,True
4032651a,RJ433,RJA433,RJA,RJA,E295,JY-REG,OJAI,AMM,2026-06-15T11:38:55Z,26L,OSAP,ALP,OSAP,ALP,,,,527.16,463.914,Passenger,7448A7,2026-06-15T11:37:27Z,2026-06-15T12:22:43Z,True
4032d736,RJ434,RJA434,RJA,RJA,E295,JY-REG,OSAP,ALP,2026-06-15T13:40:43Z,,OJAI,AMM,OJAI,AMM,2026-06-15T14:34:32Z,26L,3229.0,556.125,507.964,Passenger,7448A7,2026-06-15T13:41:31Z,2026-06-15T14:34:37Z,True
4033369f,F37877,FAD7877,TAH,FAD,A333,TC-NYA,OSAP,ALP,2026-06-15T15:23:40Z,09L,OEMA,MED,OEMA,MED,2026-06-15T17:34:29Z,17,7849.0,1344.54,1310.24,Passenger,4BBB21,2026-06-15T15:18:37Z,2026-06-15T17:40:38Z,True
40341adf,RB445,SYR445,SYR,SYR,B735,YK-SYR,OSAP,ALP,2026-06-15T19:46:38Z,,LTFM,IST,LTFM,IST,2026-06-15T21:27:12Z,17L,6034.0,1057.78,927.852,Passenger,77CF32,2026-06-15T19:36:42Z,2026-06-15T21:36:32Z,True
4034df98,F37822,FAD7822,TAH,FAD,A333,TC-NYA,OEMA,MED,2026-06-16T00:39:15Z,35,OSAP,ALP,OSAP,ALP,2026-06-16T02:36:57Z,,7062.0,1329.46,1310.16,Passenger,4BBB21,2026-06-16T00:09:41Z,2026-06-16T02:36:57Z,True
40350667,RJ431,RJA431,RJA,RJA,A20N,JY-RAJ,OJAI,AMM,2026-06-16T01:20:57Z,26R,OSAP,ALP,OSAP,ALP,2026-06-16T02:19:08Z,27R,3491.0,561.672,508.586,Passenger,74482A,2026-06-16T01:11:05Z,2026-06-16T02:11:15Z,True
40350bcf,FYC492,FYC492,FYC,FYC,A320,YK-BAB,LTFJ,SAW,2026-06-16T01:33:15Z,24R,OSAP,ALP,OSAP,ALP,,,,964.841,863.924,Passenger,778822,2026-06-16T01:20:04Z,2026-06-16T02:40:58Z,True
40351a6b,FYC762,FYC762,FYC,FYC,A320,YK-BAG,OMSJ,SHJ,2026-06-16T01:44:04Z,,OSAP,ALP,OSAP,ALP,2026-06-16T04:53:32Z,,11368.0,2618.62,2113.88,Passenger,778827,2026-06-16T01:45:02Z,2026-06-16T04:53:32Z,True
40353fb5,VF340,TKJ340,TKJ,TKJ,B738,TC-JHE,LTFJ,SAW,2026-06-16T03:20:28Z,06L,OSAP,ALP,OSAP,ALP,,,,1016.76,866.624,Passenger,4BA905,2026-06-16T02:51:38Z,2026-06-16T04:30:25Z,True
40354f50,RJ432,RJA432,RJA,RJA,A20N,JY-RAJ,OSAP,ALP,2026-06-16T03:28:34Z,,OJAI,AMM,OJAI,AMM,2026-06-16T04:20:23Z,26L,3109.0,559.701,508.227,Passenger,74482A,2026-06-16T03:20:34Z,2026-06-16T04:23:04Z,True
40357787,TK844,THY844,THY,THY,B739,TC-JYI,LTFM,IST,2026-06-16T04:52:04Z,34L,OSAP,ALP,OSAP,ALP,2026-06-16T06:26:20Z,,5656.0,1130.9,926.948,Passenger,4BAB29,2026-06-16T04:34:06Z,2026-06-16T06:26:20Z,True
40359aef,FYC761,FYC761,FYC,FYC,A320,YK-BAG,OSAP,ALP,2026-06-16T06:43:31Z,,OMSJ,SHJ,OMSJ,SHJ,2026-06-16T10:21:26Z,,13075.0,3001.03,2118.32,Passenger,778827,2026-06-16T05:39:11Z,2026-06-16T10:26:05Z,True
4035a37c,VF341,TKJ341,TKJ,TKJ,B738,TC-JHE,OSAP,ALP,2026-06-16T06:06:47Z,09L,LTFJ,SAW,LTFJ,SAW,2026-06-16T07:34:15Z,06R,5248.0,1227.52,865.495,Passenger,4BA905,2026-06-16T05:54:45Z,2026-06-16T07:43:20Z,True
4035d4da,RJ433,RJA433,RJA,RJA,E295,JY-REF,OJAI,AMM,2026-06-16T07:22:46Z,26L,OSAP,ALP,OSAP,ALP,,,,588.265,498.481,Passenger,7448A6,2026-06-16T07:21:26Z,2026-06-16T08:21:34Z,True
4035f511,TK845,THY845,THY,THY,B739,TC-JYI,OSAP,ALP,2026-06-16T08:24:53Z,,LTFM,IST,LTFM,IST,2026-06-16T10:06:11Z,35R,6078.0,1105.98,927.952,Passenger,4BAB29,2026-06-16T08:14:39Z,2026-06-16T10:16:23Z,True
4036213d,RJ434,RJA434,RJA,RJA,E295,JY-REF,OSAP,ALP,2026-06-16T09:25:43Z,,OJAI,AMM,OJAI,AMM,2026-06-16T10:20:36Z,26L,3293.0,548.524,508.087,Passenger,7448A6,2026-06-16T09:27:00Z,2026-06-16T10:21:00Z,True
40363d76,TK840,THY840,THY,THY,B739,TC-JYB,LTFM,IST,2026-06-16T10:38:56Z,36,OSAP,ALP,OSAP,ALP,2026-06-16T12:10:01Z,,5465.0,1100.33,927.795,Passenger,4BAB22,2026-06-16T10:10:30Z,2026-06-16T12:10:01Z,True
40367f24,F37752,FAD7752,TAH,FAD,A333,TC-NYA,OEMA,MED,2026-06-16T12:14:37Z,35,OSAP,ALP,OSAP,ALP,,,,1033.77,1028.66,Passenger,4BBB21,2026-06-16T11:37:20Z,2026-06-16T13:40:50Z,True
40369d44,PC770,PGT770,PGT,PGT,B738,TC-CPC,LTFJ,SAW,2026-06-16T12:24:55Z,06L,OSAP,ALP,OSAP,ALP,2026-06-16T13:49:47Z,,5092.0,968.533,866.011,Passenger,4B8E03,2026-06-16T12:11:51Z,2026-06-16T13:53:00Z,True
4036a9a6,FYC455,FYC455,FYC,FYC,A320,YK-BAB,OSAP,ALP,2026-06-16T13:31:24Z,,UDYZ,EVN,UDYZ,EVN,2026-06-16T14:49:31Z,08,4687.0,1382.94,767.472,Passenger,778822,2026-06-16T12:24:58Z,2026-06-16T14:53:30Z,True
4036e43b,RB390,SYR390,SYR,SYR,A320,YK-AKH,OERK,RUH,2026-06-16T13:39:27Z,33R,OSAP,ALP,OSAP,ALP,,,,1643.08,1511.39,Passenger,778568,2026-06-16T13:24:21Z,2026-06-16T15:38:19Z,True
4036f486,TK841,THY841,THY,THY,B739,TC-JYB,OSAP,ALP,2026-06-16T13:53:04Z,,LTFM,IST,LTFM,IST,2026-06-16T15:25:11Z,35R,5527.0,1041.83,927.144,Passenger,4BAB22,2026-06-16T13:40:19Z,2026-06-16T15:37:33Z,True
40373b40,PC771,PGT771,PGT,PGT,B738,TC-CPC,OSAP,ALP,2026-06-16T14:59:37Z,,LTFJ,SAW,LTFJ,SAW,2026-06-16T16:28:54Z,06R,5357.0,979.377,865.455,Passenger,4B8E03,2026-06-16T14:49:55Z,2026-06-16T16:35:44Z,True
40373ef3,FYC456,FYC456,FYC,FYC,A320,YK-BAB,UDYZ,EVN,2026-06-16T15:55:44Z,26,OSAP,ALP,OSAP,ALP,2026-06-16T17:12:42Z,,4618.0,870.91,767.592,Passenger,778822,2026-06-16T14:53:31Z,2026-06-16T17:21:51Z,True
4037d9b2,FYC525,FYC525,FYC,FYC,A320,YK-BAB,OSAP,ALP,2026-06-16T18:18:43Z,,ORER,EBL,ORER,EBL,,,,1064.33,604.51,Passenger,778822,2026-06-16T17:36:55Z,2026-06-16T19:38:52Z,True
4037e618,RB381,SYR381,SYR,SYR,A320,YK-AKH,OSAP,ALP,2026-06-16T18:32:01Z,27L,OEJN,JED,OEJN,JED,2026-06-16T20:56:26Z,34L,8665.0,1805.52,1618.66,Passenger,778568,2026-06-16T17:50:42Z,2026-06-16T21:02:13Z,True
40384c94,FYC526,FYC526,FYC,FYC,A320,YK-BAB,ORER,EBL,2026-06-16T20:45:05Z,,OSAP,ALP,OSAP,ALP,2026-06-16T22:20:16Z,,5711.0,1057.79,604.899,Passenger,778822,2026-06-16T19:53:53Z,2026-06-16T22:20:16Z,True
4038bc60,RB382,SYR382,SYR,SYR,A320,YK-AKH,OEJN,JED,2026-06-16T22:31:22Z,34C,OSAP,ALP,OSAP,ALP,,,,1690.97,1601.96,Passenger,778568,2026-06-16T22:29:51Z,2026-06-17T00:29:28Z,True
4038d642,FYC491,FYC491,FYC,FYC,A320,YK-BAB,OSAP,ALP,2026-06-16T23:15:56Z,,LTFJ,SAW,LTFJ,SAW,2026-06-17T00:35:53Z,06L,4797.0,938.298,865.589,Passenger,778822,2026-06-16T23:05:34Z,2026-06-17T00:40:42Z,True
40392d10,RJ431,RJA431,RJA,RJA,E295,JY-REA,OJAI,AMM,2026-06-17T01:28:45Z,26R,OSAP,ALP,OSAP,ALP,,,,609.971,492.96,Passenger,7448A1,2026-06-17T01:16:01Z,2026-06-17T02:24:15Z,True
403937b5,F37824,FAD7824,TAH,FAD,A332,TC-NYB,OEMA,MED,2026-06-17T02:19:47Z,35,OSAP,ALP,OSAP,ALP,,,,1352.57,1309.6,Passenger,4BBB22,2026-06-17T01:33:27Z,2026-06-17T04:08:33Z,True
40395ddf,RB389,SYR389,SYR,SYR,A320,YK-AKH,OSAP,ALP,2026-06-17T02:43:09Z,,OERK,RUH,OERK,RUH,2026-06-17T05:02:01Z,33L,8332.0,1741.15,1537.91,Passenger,778568,2026-06-17T02:40:06Z,2026-06-17T05:02:21Z,True
4039633d,VF340,TKJ340,TKJ,TKJ,B738,TC-JHF,LTFJ,SAW,2026-06-17T03:26:30Z,06L,OSAP,ALP,OSAP,ALP,,,,938.577,871.906,Passenger,4BA906,2026-06-17T02:49:53Z,2026-06-17T04:39:05Z,True
4039709d,RJ432,RJA432,RJA,RJA,E295,JY-REA,OSAP,ALP,2026-06-17T03:23:42Z,,OJAI,AMM,OJAI,AMM,2026-06-17T04:22:13Z,26R,3511.0,597.984,507.709,Passenger,7448A1,2026-06-17T03:15:06Z,2026-06-17T04:25:15Z,True
403993d1,TK844,THY844,THY,THY,B739,TC-JYC,LTFM,IST,2026-06-17T05:01:14Z,34L,OSAP,ALP,OSAP,ALP,,,,1099.6,931.136,Passenger,4BAB23,2026-06-17T04:19:31Z,2026-06-17T06:28:02Z,True
4039ae75,PC770,PGT770,PGT,PGT,B738,TC-CPK,LTFJ,SAW,2026-06-17T05:16:53Z,06L,OSAP,ALP,OSAP,ALP,2026-06-17T06:40:42Z,,5029.0,990.44,865.584,Passenger,4B8E0B,2026-06-17T05:07:04Z,2026-06-17T06:45:39Z,True
4039cde1,6K7825,FAD7825,TAH,TAH,A332,TC-NYB,OSAP,ALP,2026-06-17T06:06:53Z,,OEMA,MED,OEMA,MED,2026-06-17T08:01:49Z,17,6896.0,1605.56,1310.31,Passenger,4BBB22,2026-06-17T06:02:50Z,2026-06-17T08:06:17Z,True
4039cea5,VF341,TKJ341,TKJ,TKJ,B738,TC-JHF,OSAP,ALP,2026-06-17T06:10:18Z,,LTFJ,SAW,LTFJ,SAW,2026-06-17T07:36:00Z,06R,5142.0,981.233,865.527,Passenger,4BA906,2026-06-17T06:04:02Z,2026-06-17T07:46:12Z,True
403a02df,RJ433,RJA433,RJA,RJA,A20N,JY-RAN,OJAI,AMM,2026-06-17T07:49:03Z,26L,OSAP,ALP,OSAP,ALP,,,,603.56,512.723,Passenger,74482E,2026-06-17T07:33:33Z,2026-06-17T08:38:46Z,True
403a07ab,PC771,PGT771,PGT,PGT,B738,TC-CPK,OSAP,ALP,2026-06-17T07:50:24Z,,LTFJ,SAW,LTFJ,SAW,2026-06-17T09:18:27Z,06R,5283.0,1015.96,865.71,Passenger,4B8E0B,2026-06-17T07:41:06Z,2026-06-17T09:25:55Z,True
403a1687,TK845,THY845,THY,THY,B739,TC-JYC,OSAP,ALP,2026-06-17T08:14:59Z,,LTFM,IST,LTFM,IST,2026-06-17T09:49:22Z,35R,5663.0,1083.83,928.646,Passenger,4BAB23,2026-06-17T08:04:16Z,2026-06-17T09:55:30Z,True
403a27a0,F37866,FAD7866,TAH,FAD,A333,TC-NYA,OEMA,MED,2026-06-17T09:02:54Z,35,OSAP,ALP,OSAP,ALP,2026-06-17T10:54:26Z,27R,6692.0,1323.44,1310.94,Passenger,4BBB21,2026-06-17T08:31:54Z,2026-06-17T10:54:26Z,True
403a4a4d,RJ434,RJA434,RJA,RJA,A20N,JY-RAN,OSAP,ALP,2026-06-17T09:35:41Z,,OJAI,AMM,OJAI,AMM,2026-06-17T10:35:18Z,26L,3577.0,605.53,508.239,Passenger,74482E,2026-06-17T09:26:25Z,2026-06-17T10:37:17Z,True
403aa4d4,F37867,FAD7867,TAH,FAD,A333,TC-NYA,OSAP,ALP,2026-06-17T13:08:58Z,,OEMA,MED,OEMA,MED,2026-06-17T15:10:18Z,35,7280.0,1397.84,1309.98,Passenger,4BBB21,2026-06-17T11:29:21Z,2026-06-17T15:14:04Z,True
403d3b92,RJ431,RJA431,RJA,RJA,A20N,JY-RAK,OJAI,AMM,2026-06-18T01:30:30Z,26L,OSAP,ALP,OSAP,ALP,,,,592.152,500.827,Passenger,74482B,2026-06-18T00:38:20Z,2026-06-18T02:20:03Z,True
403d8608,VF340,TKJ340,TKJ,TKJ,B738,TC-JHB,LTFJ,SAW,2026-06-18T03:10:10Z,06L,OSAP,ALP,OSAP,ALP,,,,987.443,870.889,Passenger,4BA902,2026-06-18T02:44:49Z,2026-06-18T04:26:46Z,True
403d979f,RJ432,RJA432,RJA,RJA,A20N,JY-RAK,OSAP,ALP,2026-06-18T03:31:00Z,27R,OJAI,AMM,OJAI,AMM,2026-06-18T04:23:54Z,26L,3174.0,552.325,508.028,Passenger,74482B,2026-06-18T03:17:03Z,2026-06-18T04:28:08Z,True
403db81a,TK844,THY844,THY,THY,B739,TC-JYC,LTFM,IST,2026-06-18T04:56:34Z,36,OSAP,ALP,OSAP,ALP,2026-06-18T06:28:51Z,,5537.0,1098.18,927.821,Passenger,4BAB23,2026-06-18T04:18:46Z,2026-06-18T06:28:51Z,True
403dc272,F37996,FAD7996,TAH,FAD,A332,TC-NYP,OEMA,MED,2026-06-18T05:22:43Z,35,OSAP,ALP,OSAP,ALP,,,,1318.26,1292.52,Passenger,4BBB30,2026-06-18T04:37:40Z,2026-06-18T07:04:12Z,True
403dedcf,VF341,TKJ341,TKJ,TKJ,B738,TC-JHB,OSAP,ALP,2026-06-18T06:06:47Z,,LTFJ,SAW,LTFJ,SAW,2026-06-18T07:29:27Z,06R,4960.0,954.677,865.679,Passenger,4BA902,2026-06-18T05:56:13Z,2026-06-18T07:44:25Z,True
403e07cb,PC770,PGT770,PGT,PGT,B738,TC-AZP,LTFJ,SAW,2026-06-18T08:36:18Z,06L,OSAP,ALP,OSAP,ALP,2026-06-18T10:06:15Z,27R,5397.0,998.055,871.068,Passenger,4B8750,2026-06-18T06:42:05Z,2026-06-18T09:58:41Z,True
403e3e58,TK845,THY845,THY,THY,B739,TC-JYC,OSAP,ALP,2026-06-18T08:19:36Z,,LTFM,IST,LTFM,IST,2026-06-18T09:52:07Z,35R,5551.0,1105.97,926.689,Passenger,4BAB23,2026-06-18T08:09:59Z,2026-06-18T10:08:56Z,True
403e54d6,6K7997,FAD7997,TAH,TAH,A332,TC-NYP,OSAP,ALP,2026-06-18T08:53:23Z,09R,OEMA,MED,OEMA,MED,2026-06-18T10:55:13Z,17,7310.0,1361.94,1311.0,Passenger,4BBB30,2026-06-18T08:44:52Z,2026-06-18T11:01:59Z,True
403e69f8,IGC200,IGC200,IGC,IGC,CRJ2,YI-BAK,OSAP,ALP,2026-06-18T09:22:51Z,09L,OSDI,DAM,OSDI,DAM,2026-06-18T10:05:01Z,23R,2530.0,1230.6,312.086,Business_jets,72882B,2026-06-18T09:16:24Z,2026-06-18T10:02:06Z,True
403e7d25,F37826,FAD7826,TAH,FAD,A332,TC-NYB,OEMA,MED,2026-06-18T10:22:49Z,17,OSAP,ALP,OSAP,ALP,2026-06-18T12:24:33Z,,7304.0,1448.89,1310.76,Passenger,4BBB22,2026-06-18T09:45:45Z,2026-06-18T12:16:19Z,True
403eb058,PC771,PGT771,PGT,PGT,B738,TC-AZP,OSAP,ALP,2026-06-18T11:09:29Z,,LTFJ,SAW,LTFJ,SAW,2026-06-18T12:32:35Z,06R,4986.0,942.936,865.143,Passenger,4B8750,2026-06-18T10:56:41Z,2026-06-18T12:42:45Z,True
403ec22a,RJ433,RJA433,RJA,RJA,E295,JY-REB,OJAI,AMM,2026-06-18T11:20:19Z,26L,OSAP,ALP,OSAP,ALP,2026-06-18T12:16:58Z,,3399.0,580.452,507.278,Passenger,7448A2,2026-06-18T11:18:41Z,2026-06-18T12:16:58Z,True
403f2c94,RJ434,RJA434,RJA,RJA,E295,JY-REB,OSAP,ALP,2026-06-18T13:20:24Z,,OJAI,AMM,OJAI,AMM,2026-06-18T14:14:45Z,26L,3261.0,909.148,508.294,Passenger,7448A2,2026-06-18T13:16:46Z,2026-06-18T14:15:00Z,True
403f460b,F37827,FAD7827,TAH,FAD,A332,TC-NYB,OSAP,ALP,2026-06-18T14:08:22Z,09L,OEMA,MED,OEMA,MED,2026-06-18T16:11:45Z,35,7403.0,1407.65,1310.05,Passenger,4BBB22,2026-06-18T13:57:17Z,2026-06-18T16:28:45Z,True
40417bdc,RJ431,RJA431,RJA,RJA,A20N,JY-RAB,OJAI,AMM,2026-06-19T01:29:22Z,26L,OSAP,ALP,OSAP,ALP,,,,539.427,495.9,Passenger,744822,2026-06-19T01:23:13Z,2026-06-19T02:08:32Z,True
40417bee,FYC492,FYC492,FYC,FYC,A320,YK-BAC,LTFJ,SAW,2026-06-19T01:38:54Z,06R,OSAP,ALP,OSAP,ALP,,,,935.79,870.813,Passenger,778823,2026-06-19T01:23:15Z,2026-06-19T02:56:41Z,True
4041a679,F37748,FAD7748,TAH,FAD,A332,TC-NYB,OEMA,MED,2026-06-19T02:55:55Z,35,OSAP,ALP,OSAP,ALP,2026-06-19T04:45:58Z,,6603.0,1328.8,1309.96,Passenger,4BBB22,2026-06-19T02:36:30Z,2026-06-19T04:45:58Z,True
4041bf81,RJ432,RJA432,RJA,RJA,A20N,JY-RAB,OSAP,ALP,2026-06-19T03:29:59Z,,OJAI,AMM,OJAI,AMM,2026-06-19T04:25:28Z,26L,3329.0,527.944,507.989,Passenger,744822,2026-06-19T03:21:35Z,2026-06-19T04:27:43Z,True
4041c088,VF340,TKJ340,TKJ,TKJ,B738,TC-JHB,LTFJ,SAW,2026-06-19T04:23:39Z,06L,OSAP,ALP,OSAP,ALP,,,,954.618,865.315,Passenger,4BA902,2026-06-19T03:23:42Z,2026-06-19T05:36:57Z,True
4041e255,TK844,THY844,THY,THY,B739,TC-JYB,LTFM,IST,2026-06-19T04:53:17Z,36,OSAP,ALP,OSAP,ALP,2026-06-19T06:27:41Z,,5664.0,1085.87,927.634,Passenger,4BAB22,2026-06-19T04:25:29Z,2026-06-19T06:27:41Z,True
4041ecaf,F37804,FAD7804,TAH,FAD,A332,TC-NYP,OEMA,MED,2026-06-19T05:47:28Z,35,OSAP,ALP,OSAP,ALP,,,,1382.53,1296.41,Passenger,4BBB30,2026-06-19T04:44:17Z,2026-06-19T07:40:25Z,True
4041f3ee,PC770,PGT770,PGT,PGT,B738,TC-AIS,LTFJ,SAW,2026-06-19T05:16:01Z,06L,OSAP,ALP,OSAP,ALP,2026-06-19T06:41:47Z,,5146.0,930.67,872.364,Passenger,4B8533,2026-06-19T04:57:09Z,2026-06-19T06:32:17Z,True
40421aaf,FYC761,FYC761,FYC,FYC,A320,YK-BAC,OSAP,ALP,2026-06-19T06:09:10Z,09L,OMSJ,SHJ,OMSJ,SHJ,2026-06-19T09:13:22Z,30,11052.0,2572.68,2118.27,Passenger,778823,2026-06-19T06:06:52Z,2026-06-19T09:14:48Z,True
404226e5,6K7749,FAD7749,TAH,TAH,A332,TC-NYB,OSAP,ALP,2026-06-19T06:29:18Z,,OEMA,MED,OEMA,MED,2026-06-19T08:35:12Z,35,7554.0,1418.63,1310.91,Passenger,4BBB22,2026-06-19T06:28:57Z,2026-06-19T08:39:57Z,True
40422bc8,VF341,TKJ341,TKJ,TKJ,B738,TC-JHB,OSAP,ALP,2026-06-19T06:54:05Z,,LTFJ,SAW,LTFJ,SAW,2026-06-19T08:23:35Z,06R,5370.0,1014.56,865.578,Passenger,4BA902,2026-06-19T06:37:58Z,2026-06-19T08:34:52Z,True
404266b0,TK845,THY845,THY,THY,B739,TC-JYB,OSAP,ALP,2026-06-19T08:17:49Z,09L,LTFM,IST,LTFM,IST,2026-06-19T09:51:44Z,35R,5635.0,1256.66,928.135,Passenger,4BAB22,2026-06-19T08:13:15Z,2026-06-19T10:01:19Z,True
404279a7,PC771,PGT771,PGT,PGT,B738,TC-AIS,OSAP,ALP,2026-06-19T08:51:25Z,,LTFJ,SAW,LTFJ,SAW,2026-06-19T10:12:38Z,06L,4873.0,946.35,865.878,Passenger,4B8533,2026-06-19T08:42:52Z,2026-06-19T10:19:07Z,True
40428629,6K7805,FAD7805,TAH,TAH,A332,TC-NYP,OSAP,ALP,2026-06-19T09:14:03Z,,OEMA,MED,OEMA,MED,2026-06-19T11:31:21Z,35,8238.0,1403.0,1310.29,Passenger,4BBB30,2026-06-19T09:02:04Z,2026-06-19T11:36:21Z,True
4042b456,TK840,THY840,THY,THY,B739,TC-JYC,LTFM,IST,2026-06-19T10:35:04Z,36,OSAP,ALP,OSAP,ALP,2026-06-19T12:14:39Z,,5975.0,1120.49,935.347,Passenger,4BAB23,2026-06-19T10:10:15Z,2026-06-19T12:06:03Z,True
40429178,FYC762,FYC762,FYC,FYC,A320,YK-BAC,OMSJ,SHJ,2026-06-19T11:14:48Z,30,OSAP,ALP,OSAP,ALP,,,,2357.62,2047.46,Passenger,778823,2026-06-19T10:59:56Z,2026-06-19T13:54:07Z,True
40436df6,TK841,THY841,THY,THY,B739,TC-JYC,OSAP,ALP,2026-06-19T13:55:02Z,,LTFM,IST,LTFM,IST,2026-06-19T15:24:29Z,35R,5367.0,1070.39,927.17,Passenger,4BAB23,2026-06-19T13:43:55Z,2026-06-19T15:37:44Z,True
40436c74,RJ433,RJA433,RJA,RJA,A20N,JY-RAE,OJAI,AMM,2026-06-19T14:29:20Z,26L,OSAP,ALP,OSAP,ALP,2026-06-19T15:28:24Z,,3544.0,617.107,508.223,Passenger,744825,2026-06-19T13:44:26Z,2026-06-19T15:28:24Z,True
40440a3e,RJ434,RJA434,RJA,RJA,A20N,JY-RAE,OSAP,ALP,2026-06-19T16:29:49Z,,OJAI,AMM,OJAI,AMM,2026-06-19T17:31:19Z,26R,3690.0,1250.81,507.796,Passenger,744825,2026-06-19T16:20:41Z,2026-06-19T17:35:46Z,True
4045342b,FYC491,FYC491,FYC,FYC,A320,YK-BAC,OSAP,ALP,2026-06-19T22:33:32Z,,LTFJ,SAW,LTFJ,SAW,2026-06-19T23:52:09Z,06L,4717.0,935.764,866.471,Passenger,778823,2026-06-19T22:34:06Z,2026-06-19T23:53:32Z,True
4045666f,F37878,FAD7878,TAH,FAD,A332,TC-NYB,OEMA,MED,2026-06-20T00:43:48Z,17,OSAP,ALP,OSAP,ALP,2026-06-20T02:37:42Z,27R,6834.0,1413.46,1309.97,Passenger,4BBB22,2026-06-19T23:50:48Z,2026-06-20T02:37:42Z,True
40457147,RJ431,RJA431,RJA,RJA,A20N,JY-RAD,OJAI,AMM,2026-06-20T01:29:30Z,26R,OSAP,ALP,OSAP,ALP,2026-06-20T02:23:34Z,27R,3244.0,577.927,508.247,Passenger,744824,2026-06-20T00:07:33Z,2026-06-20T02:16:00Z,True
40457f08,FYC762,FYC762,FYC,FYC,A320,YK-BAB,OMSJ,SHJ,2026-06-20T01:43:24Z,30,OSAP,ALP,OSAP,ALP,2026-06-20T04:39:29Z,,10565.0,2377.22,2119.21,Passenger,778822,2026-06-20T00:30:01Z,2026-06-20T04:57:46Z,True
4045d02d,VF340,TKJ340,TKJ,TKJ,B738,TC-JHD,LTFJ,SAW,2026-06-20T03:22:38Z,06L,OSAP,ALP,OSAP,ALP,2026-06-20T04:48:34Z,,5156.0,998.867,865.552,Passenger,4BA904,2026-06-20T02:59:33Z,2026-06-20T04:48:34Z,True
4045dccf,RJ432,RJA432,RJA,RJA,A20N,JY-RAD,OSAP,ALP,2026-06-20T03:35:42Z,,OJAI,AMM,OJAI,AMM,2026-06-20T04:29:41Z,26L,3239.0,553.189,508.113,Passenger,744824,2026-06-20T03:26:25Z,2026-06-20T04:32:01Z,True
4045ee22,F37879,FAD7879,TAH,FAD,A332,TC-NYB,OSAP,ALP,2026-06-20T04:14:13Z,,OEMA,MED,OEMA,MED,2026-06-20T06:07:41Z,17,6808.0,1335.1,1310.39,Passenger,4BBB22,2026-06-20T04:00:55Z,2026-06-20T06:11:38Z,True
4045f8b9,TK844,THY844,THY,THY,B739,TC-JYB,LTFM,IST,2026-06-20T05:00:01Z,34L,OSAP,ALP,OSAP,ALP,,,,1065.02,920.022,Passenger,4BAB22,2026-06-20T04:20:48Z,2026-06-20T06:19:44Z,True
40461cca,FYC761,FYC761,FYC,FYC,A320,YK-BAB,OSAP,ALP,2026-06-20T06:31:16Z,09L,OMSJ,SHJ,OMSJ,SHJ,2026-06-20T09:40:07Z,30,11331.0,2553.94,2118.03,Passenger,778822,2026-06-20T05:32:00Z,2026-06-20T09:40:54Z,True
4046204b,VF341,TKJ341,TKJ,TKJ,B738,TC-JHD,OSAP,ALP,2026-06-20T05:49:15Z,09L,LTFJ,SAW,LTFJ,SAW,2026-06-20T07:15:18Z,06R,5163.0,1047.18,865.605,Passenger,4BA904,2026-06-20T05:39:20Z,2026-06-20T07:25:29Z,True
4046598f,RJ433,RJA433,RJA,RJA,A20N,JY-RAK,OJAI,AMM,2026-06-20T07:30:05Z,26L,OSAP,ALP,OSAP,ALP,2026-06-20T08:26:38Z,,3393.0,597.747,507.774,Passenger,74482B,2026-06-20T07:26:38Z,2026-06-20T08:26:38Z,True
40467a69,TK845,THY845,THY,THY,B739,TC-JYB,OSAP,ALP,2026-06-20T08:24:32Z,,LTFM,IST,LTFM,IST,2026-06-20T09:58:25Z,35R,5633.0,1102.14,926.999,Passenger,4BAB22,2026-06-20T08:18:47Z,2026-06-20T10:15:38Z,True
40469ba6,RJ434,RJA434,RJA,RJA,A20N,JY-RAK,OSAP,ALP,2026-06-20T09:16:19Z,,OJAI,AMM,OJAI,AMM,2026-06-20T10:11:49Z,26L,3330.0,550.422,508.008,Passenger,74482B,2026-06-20T09:11:12Z,2026-06-20T10:15:38Z,True
4046cc2d,F37788,FAD7788,TAH,FAD,A332,TC-NYP,OEMA,MED,2026-06-20T10:52:28Z,17,OSAP,ALP,OSAP,ALP,2026-06-20T12:48:16Z,27R,6948.0,1389.04,1309.45,Passenger,4BBB30,2026-06-20T10:22:19Z,2026-06-20T12:41:06Z,True
4046eff2,PC770,PGT770,PGT,PGT,B738,TC-AIS,LTFJ,SAW,2026-06-20T11:26:58Z,06L,OSAP,ALP,OSAP,ALP,2026-06-20T13:00:39Z,27R,5621.0,984.034,867.666,Passenger,4B8533,2026-06-20T11:11:23Z,2026-06-20T12:54:04Z,True
404763f3,F37789,FAD7789,TAH,FAD,A332,TC-NYP,OSAP,ALP,2026-06-20T14:54:18Z,,OEMA,MED,OEMA,MED,2026-06-20T16:59:09Z,35,7491.0,1404.58,1310.63,Passenger,4BBB30,2026-06-20T13:23:54Z,2026-06-20T17:13:29Z,True
40478476,PC771,PGT771,PGT,PGT,B738,TC-AIS,OSAP,ALP,2026-06-20T14:03:07Z,,LTFJ,SAW,LTFJ,SAW,2026-06-20T16:00:54Z,06L,7067.0,1213.09,865.464,Passenger,4B8533,2026-06-20T13:57:38Z,2026-06-20T16:04:40Z,True
40496e3a,RJ431,RJA431,RJA,RJA,A20N,JY-RAA,OJAI,AMM,2026-06-21T01:23:10Z,26R,OSAP,ALP,OSAP,ALP,2026-06-21T02:25:57Z,,3767.0,592.281,507.762,Passenger,744821,2026-06-21T01:10:50Z,2026-06-21T02:25:57Z,True
4049a3ed,VF340,TKJ340,TKJ,TKJ,B738,TC-JFH,LTFJ,SAW,2026-06-21T03:15:00Z,06L,OSAP,ALP,OSAP,ALP,2026-06-21T04:38:11Z,,4991.0,957.576,865.628,Passenger,4BA8C8,2026-06-21T02:57:41Z,2026-06-21T04:41:58Z,True
4049aa19,RJ432,RJA432,RJA,RJA,A20N,JY-RAA,OSAP,ALP,2026-06-21T03:22:01Z,,OJAI,AMM,OJAI,AMM,2026-06-21T04:19:24Z,26R,3443.0,586.193,507.65,Passenger,744821,2026-06-21T03:11:03Z,2026-06-21T04:23:53Z,True
4049c605,PC770,PGT770,PGT,PGT,B738,TC-AIS,LTFJ,SAW,2026-06-21T04:29:03Z,06L,OSAP,ALP,OSAP,ALP,2026-06-21T05:55:44Z,,5201.0,946.728,876.019,Passenger,4B8533,2026-06-21T04:09:10Z,2026-06-21T05:47:23Z,True
4049d83f,TK844,THY844,THY,THY,B739,TC-JYI,LTFM,IST,2026-06-21T04:58:13Z,36,OSAP,ALP,OSAP,ALP,2026-06-21T06:31:12Z,,5579.0,1056.85,933.072,Passenger,4BAB29,2026-06-21T04:46:15Z,2026-06-21T06:22:53Z,True
4049f748,VF341,TKJ341,TKJ,TKJ,B738,TC-JFH,OSAP,ALP,2026-06-21T05:58:24Z,,LTFJ,SAW,LTFJ,SAW,2026-06-21T07:21:52Z,06R,5008.0,972.302,865.643,Passenger,4BA8C8,2026-06-21T05:49:37Z,2026-06-21T07:31:49Z,True
404a181d,PC771,PGT771,PGT,PGT,B738,TC-AIS,OSAP,ALP,2026-06-21T07:01:57Z,,LTFJ,SAW,LTFJ,SAW,2026-06-21T08:25:30Z,06R,5013.0,961.963,865.381,Passenger,4B8533,2026-06-21T06:54:18Z,2026-06-21T08:34:53Z,True
404a4459,TK845,THY845,THY,THY,B739,TC-JYI,OSAP,ALP,2026-06-21T08:19:04Z,,LTFM,IST,LTFM,IST,2026-06-21T09:52:00Z,35R,5576.0,1063.98,928.42,Passenger,4BAB29,2026-06-21T08:11:48Z,2026-06-21T09:55:20Z,True
404a5e97,F37794,FAD7794,TAH,FAD,A332,TC-NYP,OEMA,MED,2026-06-21T09:12:56Z,17,OSAP,ALP,OSAP,ALP,,,,1358.52,1254.65,Passenger,4BBB30,2026-06-21T08:53:48Z,2026-06-21T10:50:12Z,True
404a8f81,TK840,THY840,THY,THY,B739,TC-JYB,LTFM,IST,2026-06-21T10:37:57Z,36,OSAP,ALP,OSAP,ALP,2026-06-21T12:05:08Z,27R,5231.0,1178.65,928.31,Passenger,4BAB22,2026-06-21T10:07:30Z,2026-06-21T12:02:59Z,True
404ad554,RJ433,RJA433,RJA,RJA,A20N,JY-RAI,OJAI,AMM,2026-06-21T11:57:24Z,26L,OSAP,ALP,OSAP,ALP,2026-06-21T12:51:15Z,,3231.0,586.187,507.783,Passenger,744829,2026-06-21T11:45:28Z,2026-06-21T12:51:15Z,True
404b1bbf,6K7795,FAD7795,TAH,TAH,A332,TC-NYP,OSAP,ALP,2026-06-21T13:15:27Z,,OEJN,JED,OEJN,JED,2026-06-21T15:40:49Z,34L,8722.0,1712.25,1615.87,Passenger,4BBB30,2026-06-21T13:09:09Z,2026-06-21T15:48:50Z,True
404b411c,TK841,THY841,THY,THY,B739,TC-JYB,OSAP,ALP,2026-06-21T14:02:45Z,,LTFM,IST,LTFM,IST,2026-06-21T15:32:57Z,35R,5412.0,1074.61,928.089,Passenger,4BAB22,2026-06-21T13:51:32Z,2026-06-21T15:41:07Z,True
404b41df,RJ434,RJA434,RJA,RJA,A20N,JY-RAI,OSAP,ALP,2026-06-21T14:02:50Z,,OJAI,AMM,OJAI,AMM,2026-06-21T14:58:22Z,26L,3332.0,559.316,508.083,Passenger,744829,2026-06-21T13:52:24Z,2026-06-21T15:00:42Z,True
404d3859,RJ431,RJA431,RJA,RJA,A20N,JY-RAN,OJAI,AMM,2026-06-22T01:28:42Z,26R,OSAP,ALP,OSAP,ALP,2026-06-22T02:20:14Z,,3092.0,592.141,507.506,Passenger,74482E,2026-06-22T01:16:20Z,2026-06-22T02:20:33Z,True
404d6785,VF340,TKJ340,TKJ,TKJ,B738,TC-JHA,LTFJ,SAW,2026-06-22T03:05:42Z,06L,OSAP,ALP,OSAP,ALP,2026-06-22T04:36:36Z,,5454.0,996.187,876.329,Passenger,4BA901,2026-06-22T02:46:00Z,2026-06-22T04:27:51Z,True
404d7838,RJ432,RJA432,RJA,RJA,A20N,JY-RAN,OSAP,ALP,2026-06-22T03:27:17Z,,OJAI,AMM,OJAI,AMM,2026-06-22T04:25:23Z,26R,3486.0,571.231,507.703,Passenger,74482E,2026-06-22T03:19:25Z,2026-06-22T04:28:39Z,True
404d83ba,PC770,PGT770,PGT,PGT,B738,TC-AIS,LTFJ,SAW,2026-06-22T04:26:57Z,06L,OSAP,ALP,OSAP,ALP,,,,979.657,869.486,Passenger,4B8533,2026-06-22T03:43:22Z,2026-06-22T05:49:36Z,True
404db6da,TK844,THY844,THY,THY,B739,TC-JYC,LTFM,IST,2026-06-22T05:11:48Z,,OSAP,ALP,OSAP,ALP,,,,1051.15,933.626,Passenger,4BAB23,2026-06-22T05:16:15Z,2026-06-22T06:28:57Z,True
404dc869,RB444,SYR444,SYR,SYR,B735,YK-SYR,LTFM,IST,2026-06-22T05:59:14Z,35L,OSAP,ALP,OSAP,ALP,,,,1062.38,944.291,Passenger,77CF32,2026-06-22T05:48:44Z,2026-06-22T07:35:19Z,True
404dce5e,VF341,TKJ341,TKJ,TKJ,B738,TC-JHA,OSAP,ALP,2026-06-22T06:10:38Z,,LTFJ,SAW,LTFJ,SAW,2026-06-22T07:34:08Z,06R,5010.0,1010.63,865.639,Passenger,4BA901,2026-06-22T05:59:10Z,2026-06-22T07:44:15Z,True
404dd691,FYC761,FYC761,FYC,FYC,A320,YK-BAB,OSAP,ALP,2026-06-22T06:18:09Z,09L,OMSJ,SHJ,OMSJ,SHJ,2026-06-22T09:24:59Z,,11210.0,3227.34,2123.47,Passenger,778822,2026-06-22T06:13:59Z,2026-06-22T09:20:37Z,True
404decbc,PC771,PGT771,PGT,PGT,B738,TC-AIS,OSAP,ALP,2026-06-22T07:01:17Z,,LTFJ,SAW,LTFJ,SAW,2026-06-22T08:29:29Z,06R,5292.0,1019.77,866.209,Passenger,4B8533,2026-06-22T06:53:26Z,2026-06-22T08:39:23Z,True
404e1c5d,TK845,THY845,THY,THY,B739,TC-JYC,OSAP,ALP,2026-06-22T08:24:23Z,,LTFM,IST,LTFM,IST,2026-06-22T09:56:17Z,35R,5514.0,1211.07,928.524,Passenger,4BAB23,2026-06-22T08:14:01Z,2026-06-22T10:04:51Z,True
404e4a65,IGC200,IGC200,IGC,IGC,CRJ2,YI-BAK,OSAP,ALP,2026-06-22T09:27:23Z,,OSDI,DAM,OSDI,DAM,2026-06-22T10:09:12Z,23R,2509.0,405.699,312.315,Business_jets,72882B,2026-06-22T09:29:23Z,2026-06-22T10:09:12Z,True
404ea1b6,RJ433,RJA433,RJA,RJA,E295,JY-REF,OJAI,AMM,2026-06-22T11:34:18Z,26L,OSAP,ALP,OSAP,ALP,,,,618.15,476.825,Passenger,7448A6,2026-06-22T11:34:17Z,2026-06-22T12:20:33Z,True
404f04d8,RJ434,RJA434,RJA,RJA,E295,JY-REF,OSAP,ALP,2026-06-22T13:26:53Z,,OJAI,AMM,OJAI,AMM,2026-06-22T14:24:57Z,26L,3484.0,575.884,507.91,Passenger,7448A6,2026-06-22T13:27:02Z,2026-06-22T14:25:08Z,True
40503b44,RB445,SYR445,SYR,SYR,B735,YK-SYR,OSAP,ALP,2026-06-22T19:23:26Z,,LTFM,IST,LTFM,IST,2026-06-22T20:55:00Z,36,5494.0,1006.01,928.176,Passenger,77CF32,2026-06-22T19:14:54Z,2026-06-22T21:09:07Z,True
40510e9b,FYC492,FYC492,FYC,FYC,A320,YK-BAB,LTFJ,SAW,2026-06-23T01:41:56Z,06L,OSAP,ALP,OSAP,ALP,2026-06-23T02:58:58Z,,4622.0,946.687,865.736,Passenger,778822,2026-06-23T00:13:48Z,2026-06-23T02:59:56Z,True
405129d8,FYC762,FYC762,FYC,FYC,A320,YK-BAC,OMSJ,SHJ,2026-06-23T01:43:08Z,30,OSAP,ALP,OSAP,ALP,2026-06-23T04:44:55Z,,10907.0,2380.09,2106.23,Passenger,778823,2026-06-23T00:55:48Z,2026-06-23T04:36:08Z,True
40513c6f,RJ431,RJA431,RJA,RJA,E295,JY-REG,OJAI,AMM,2026-06-23T01:26:20Z,26L,OSAP,ALP,OSAP,ALP,,,,530.194,490.984,Passenger,7448A7,2026-06-23T01:24:40Z,2026-06-23T02:09:36Z,True
40516fd7,VF340,TKJ340,TKJ,TKJ,B738,TC-JHB,LTFJ,SAW,2026-06-23T03:47:07Z,06L,OSAP,ALP,OSAP,ALP,2026-06-23T05:13:50Z,,5203.0,947.527,864.886,Passenger,4BA902,2026-06-23T02:52:58Z,2026-06-23T05:13:50Z,True
405177d4,RJ432,RJA432,RJA,RJA,E295,JY-REG,OSAP,ALP,2026-06-23T03:09:34Z,,OJAI,AMM,OJAI,AMM,2026-06-23T04:06:55Z,26L,3441.0,554.073,508.198,Passenger,7448A7,2026-06-23T03:07:25Z,2026-06-23T04:07:19Z,True
4051a05d,TK844,THY844,THY,THY,B739,TC-JYC,LTFM,IST,2026-06-23T04:56:32Z,36,OSAP,ALP,OSAP,ALP,2026-06-23T06:25:39Z,,5347.0,1047.5,928.401,Passenger,4BAB23,2026-06-23T04:20:52Z,2026-06-23T06:25:39Z,True
4051dc55,VF341,TKJ341,TKJ,TKJ,B738,TC-JHB,OSAP,ALP,2026-06-23T06:16:19Z,,LTFJ,SAW,LTFJ,SAW,2026-06-23T07:35:58Z,06R,4779.0,937.139,865.673,Passenger,4BA902,2026-06-23T06:05:22Z,2026-06-23T07:47:16Z,True
4051f538,FYC761,FYC761,FYC,FYC,A320,YK-BAC,OSAP,ALP,2026-06-23T06:47:16Z,,OMSJ,SHJ,OMSJ,SHJ,2026-06-23T09:58:56Z,,11500.0,2670.53,2118.23,Passenger,778823,2026-06-23T06:48:23Z,2026-06-23T09:56:55Z,True
40521348,RJ433,RJA433,RJA,RJA,A20N,JY-RAJ,OJAI,AMM,2026-06-23T07:58:08Z,26R,OSAP,ALP,OSAP,ALP,2026-06-23T08:54:22Z,,3374.0,596.93,507.507,Passenger,74482A,2026-06-23T07:36:59Z,2026-06-23T08:54:22Z,True
40522a68,TK845,THY845,THY,THY,B739,TC-JYC,OSAP,ALP,2026-06-23T08:17:57Z,,LTFM,IST,LTFM,IST,2026-06-23T10:07:55Z,34L,6598.0,1182.01,928.483,Passenger,4BAB23,2026-06-23T08:14:05Z,2026-06-23T10:21:50Z,True
405259ea,RJ434,RJ434,RJA,RJA,A20N,JY-RAJ,OSAP,ALP,2026-06-23T09:35:53Z,,OJAI,AMM,OJAI,AMM,2026-06-23T10:34:30Z,26R,3517.0,727.978,508.07,Passenger,74482A,2026-06-23T09:29:41Z,2026-06-23T10:39:41Z,True
4052762b,TK840,THY840,THY,THY,B739,TC-JYB,LTFM,IST,2026-06-23T10:53:15Z,36,OSAP,ALP,OSAP,ALP,2026-06-23T12:22:54Z,27L,5379.0,1056.69,926.63,Passenger,4BAB22,2026-06-23T10:11:58Z,2026-06-23T12:26:54Z,True
4052cddb,PC770,PGT770,PGT,PGT,B738,TC-AIS,LTFJ,SAW,2026-06-23T12:19:52Z,06L,OSAP,ALP,OSAP,ALP,2026-06-23T13:43:52Z,,5040.0,965.392,865.613,Passenger,4B8533,2026-06-23T12:05:08Z,2026-06-23T13:43:52Z,True
4052fc8d,FYC455,FYC455,FYC,FYC,A320,YK-BAB,OSAP,ALP,2026-06-23T12:55:42Z,,UDYZ,EVN,UDYZ,EVN,2026-06-23T14:02:33Z,08,4011.0,963.877,766.397,Passenger,778822,2026-06-23T12:55:55Z,2026-06-23T14:16:00Z,True
40530fa5,RB390,SYR390,SYR,SYR,A320,YK-AKH,OERK,RUH,2026-06-23T13:29:57Z,33R,OSAP,ALP,OSAP,ALP,,,,1634.37,1502.76,Passenger,778568,2026-06-23T13:15:04Z,2026-06-23T15:30:45Z,True
40532a4f,TK841,THY841,THY,THY,B739,TC-JYB,OSAP,ALP,2026-06-23T13:56:42Z,,LTFM,IST,LTFM,IST,2026-06-23T15:30:15Z,35R,5613.0,1068.27,926.881,Passenger,4BAB22,2026-06-23T13:41:38Z,2026-06-23T15:43:57Z,True
40534c6e,FYC456,FYC456,FYC,FYC,A320,YK-BAB,UDYZ,EVN,2026-06-23T15:43:40Z,26,OSAP,ALP,OSAP,ALP,2026-06-23T17:00:46Z,27R,4626.0,888.034,766.425,Passenger,778822,2026-06-23T14:16:04Z,2026-06-23T16:58:44Z,True
40537235,PC771,PGT771,PGT,PGT,B738,TC-AIS,OSAP,ALP,2026-06-23T15:04:08Z,,LTFJ,SAW,LTFJ,SAW,2026-06-23T16:49:05Z,06R,6297.0,1052.6,866.107,Passenger,4B8533,2026-06-23T14:54:31Z,2026-06-23T16:58:12Z,True
40540273,FYC525,FYC525,FYC,FYC,A320,YK-BAB,OSAP,ALP,2026-06-23T18:07:53Z,,ORER,EBL,ORER,EBL,,,,941.723,615.307,Passenger,778822,2026-06-23T17:27:41Z,2026-06-23T19:13:21Z,True
40542ff3,RB381,SYR381,SYR,SYR,A320,YK-AKH,OSAP,ALP,2026-06-23T18:18:14Z,09L,OEJN,JED,OEJN,JED,2026-06-23T20:39:57Z,34L,8503.0,1818.6,1616.33,Passenger,778568,2026-06-23T18:18:53Z,2026-06-23T20:41:11Z,True
4054a2cf,FYC526,FYC526,FYC,FYC,A320,YK-BAB,ORER,EBL,,,OSAP,ALP,OSAP,ALP,,,,983.112,579.843,Passenger,778822,2026-06-23T20:37:11Z,2026-06-23T21:55:41Z,True
4054d829,RB382,SYR382,SYR,SYR,A320,YK-AKH,OEJN,JED,2026-06-23T21:58:57Z,34L,OSAP,ALP,OSAP,ALP,,,,1896.4,1708.95,Passenger,778568,2026-06-23T21:50:17Z,2026-06-23T23:56:50Z,True
4054f809,FYC491,FYC491,FYC,FYC,A320,YK-BAB,OSAP,ALP,2026-06-23T23:02:21Z,,LTFJ,SAW,LTFJ,SAW,2026-06-24T00:27:08Z,06L,5087.0,944.599,865.631,Passenger,778822,2026-06-23T22:33:54Z,2026-06-24T00:32:40Z,True
40556c02,RJ431,RJA431,RJA,RJA,E290,JY-REE,OJAI,AMM,2026-06-24T01:21:01Z,26R,OSAP,ALP,OSAP,ALP,,,,542.385,456.806,Passenger,7448A5,2026-06-24T01:18:52Z,2026-06-24T02:08:59Z,True
4055a05a,RB389,SYR389,SYR,SYR,A320,YK-AKH,OSAP,ALP,2026-06-24T02:51:03Z,,OERK,RUH,OERK,RUH,2026-06-24T05:02:22Z,33R,7879.0,1679.22,1541.4,Passenger,778568,2026-06-24T02:44:37Z,2026-06-24T04:59:39Z,True
4055a6b3,VF340,TKJ340,TKJ,TKJ,B738,TC-JHE,LTFJ,SAW,2026-06-24T03:29:04Z,06L,OSAP,ALP,OSAP,ALP,,,,1434.57,860.808,Passenger,4BA905,2026-06-24T02:55:27Z,2026-06-24T04:35:41Z,True
4055b418,RJ432,RJA432,RJA,RJA,E290,JY-REE,OSAP,ALP,2026-06-24T03:17:34Z,,OJAI,AMM,OJAI,AMM,2026-06-24T04:14:42Z,26R,3428.0,581.374,507.237,Passenger,7448A5,2026-06-24T03:19:04Z,2026-06-24T04:12:00Z,True
4055d0f3,PC770,PGT770,PGT,PGT,B738,TC-AZP,LTFJ,SAW,2026-06-24T04:30:11Z,06L,OSAP,ALP,OSAP,ALP,2026-06-24T05:45:00Z,,4489.0,949.309,866.116,Passenger,4B8750,2026-06-24T04:11:32Z,2026-06-24T05:47:00Z,True
4055d45d,TK844,THY844,THY,THY,B739,TC-JYC,LTFM,IST,2026-06-24T05:04:19Z,34L,OSAP,ALP,OSAP,ALP,,,,1058.98,933.491,Passenger,4BAB23,2026-06-24T04:18:45Z,2026-06-24T06:22:51Z,True
40560190,VF341,TKJ341,TKJ,TKJ,B738,TC-JHE,OSAP,ALP,2026-06-24T05:49:20Z,,LTFJ,SAW,LTFJ,SAW,2026-06-24T07:17:13Z,06R,5273.0,982.576,865.751,Passenger,4BA905,2026-06-24T05:36:47Z,2026-06-24T07:26:21Z,True
4056280c,PC771,PGT771,PGT,PGT,B738,,OSAP,ALP,2026-06-24T06:50:52Z,,LTFJ,SAW,LTFJ,SAW,2026-06-24T08:23:38Z,06R,5566.0,971.666,865.663,Passenger,4B8750,2026-06-24T06:42:29Z,2026-06-24T08:30:36Z,True
40564793,RJ433,RJA433,RJA,RJA,A20N,JY-RAE,OJAI,AMM,2026-06-24T07:48:10Z,26L,OSAP,ALP,OSAP,ALP,,,,546.531,483.797,Passenger,744825,2026-06-24T07:33:32Z,2026-06-24T08:33:13Z,True
40565a69,TK845,THY845,THY,THY,B739,TC-JYC,OSAP,ALP,2026-06-24T08:11:56Z,,LTFM,IST,LTFM,IST,2026-06-24T09:44:32Z,35R,5556.0,1049.43,927.03,Passenger,4BAB23,2026-06-24T08:02:54Z,2026-06-24T09:58:38Z,True
40568b35,RJ434,RJA434,RJA,RJA,A20N,JY-RAE,OSAP,ALP,2026-06-24T09:26:46Z,,OJAI,AMM,OJAI,AMM,2026-06-24T10:21:54Z,26R,3308.0,548.883,507.845,Passenger,744825,2026-06-24T09:20:07Z,2026-06-24T10:27:48Z,True
4059d1f0,RJ431,RJA431,RJA,RJA,A20N,JY-RAJ,OJAI,AMM,2026-06-25T01:44:39Z,26R,OSAP,ALP,OSAP,ALP,2026-06-25T02:42:05Z,27R,3446.0,645.85,507.85,Passenger,74482A,2026-06-25T01:33:24Z,2026-06-25T02:48:39Z,True
4059f51b,VF340,TKJ340,TKJ,TKJ,B738,TC-JHB,LTFJ,SAW,2026-06-25T03:43:53Z,06R,OSAP,ALP,OSAP,ALP,2026-06-25T04:59:46Z,,4553.0,967.658,865.232,Passenger,4BA902,2026-06-25T02:32:59Z,2026-06-25T04:59:46Z,True
405a04fe,RJ432,RJA432,RJA,RJA,A20N,JY-RAJ,OSAP,ALP,2026-06-25T03:58:39Z,,OJAI,AMM,OJAI,AMM,2026-06-25T04:51:35Z,26L,3176.0,588.305,508.071,Passenger,74482A,2026-06-25T03:00:53Z,2026-06-25T04:55:58Z,True
405a129d,J9175,JZR175,JZR,JZR,A20N,9K-CBG,OKKK,KWI,2026-06-25T04:13:19Z,33L,OSAP,ALP,OSAP,ALP,2026-06-25T06:34:35Z,,8476.0,1601.0,1266.54,Passenger,70612D,2026-06-25T03:25:47Z,2026-06-25T06:58:07Z,True
405a365d,TK844,THY844,THY,THY,B739,TC-JYB,LTFM,IST,2026-06-25T04:58:14Z,36,OSAP,ALP,OSAP,ALP,,,,1111.73,933.16,Passenger,4BAB22,2026-06-25T04:28:33Z,2026-06-25T06:15:02Z,True
405a6ee5,VF341,TKJ341,TKJ,TKJ,B738,TC-JHB,OSAP,ALP,2026-06-25T06:13:42Z,,LTFJ,SAW,LTFJ,SAW,2026-06-25T07:45:38Z,06R,5516.0,1079.12,864.652,Passenger,4BA902,2026-06-25T06:06:35Z,2026-06-25T07:49:13Z,True
405aa0ce,J9176,JZR176,JZR,JZR,A20N,9K-CBG,OSAP,ALP,2026-06-25T07:45:19Z,,OKKK,KWI,OKKK,KWI,2026-06-25T10:07:59Z,33L,8560.0,1665.19,1266.35,Passenger,70612D,2026-06-25T07:27:04Z,2026-06-25T10:12:03Z,True
405ab4da,PC770,PGT770,PGT,PGT,B738,TC-AZP,LTFJ,SAW,2026-06-25T08:41:24Z,06L,OSAP,ALP,OSAP,ALP,,,,923.884,856.714,Passenger,4B8750,2026-06-25T07:57:50Z,2026-06-25T09:48:51Z,True
405ab9b2,TK845,THY845,THY,THY,B739,TC-JYB,OSAP,ALP,2026-06-25T08:20:45Z,,LTFM,IST,LTFM,IST,2026-06-25T10:02:47Z,35R,6122.0,1096.82,926.974,Passenger,4BAB22,2026-06-25T08:05:00Z,2026-06-25T10:21:28Z,True
405aca05,IGC200,IGC200,IGC,IGC,CRJ2,YI-BAK,OSDI,DAM,2026-06-25T08:29:19Z,23L,OSAP,ALP,OSAP,ALP,2026-06-25T09:36:36Z,27R,4037.0,404.811,297.59,Business_jets,72882B,2026-06-25T08:29:32Z,2026-06-25T09:41:44Z,True
405b2c94,PC771,PGT771,PGT,PGT,B738,TC-AZP,OSAP,ALP,2026-06-25T10:58:04Z,,LTFJ,SAW,LTFJ,SAW,2026-06-25T12:28:31Z,06R,5427.0,996.417,865.424,Passenger,4B8750,2026-06-25T10:53:43Z,2026-06-25T12:35:11Z,True
405b3375,RJ433,RJA433,RJA,RJA,E295,JY-REA,OJAI,AMM,2026-06-25T11:02:56Z,26R,OSAP,ALP,OSAP,ALP,,,,577.522,495.576,Passenger,7448A1,2026-06-25T11:02:01Z,2026-06-25T11:53:56Z,True
405b9b39,RJ434,RJA434,RJA,RJA,E295,JY-REA,OSAP,ALP,2026-06-25T12:58:10Z,,OJAI,AMM,OJAI,AMM,2026-06-25T13:51:54Z,26R,3224.0,550.293,507.263,Passenger,7448A1,2026-06-25T12:57:04Z,2026-06-25T13:51:58Z,True
405e24b0,FYC492,FYC492,FYC,FYC,A320,YK-BAC,LTFJ,SAW,2026-06-26T01:30:54Z,06R,OSAP,ALP,OSAP,ALP,2026-06-26T02:53:15Z,27R,4941.0,996.179,871.226,Passenger,778823,2026-06-26T01:09:48Z,2026-06-26T02:45:16Z,True
405e278c,RJ431,RJA431,RJA,RJA,A20N,JY-RAQ,OJAI,AMM,2026-06-26T01:28:11Z,26R,OSAP,ALP,OSAP,ALP,2026-06-26T02:28:02Z,27R,3591.0,611.604,507.865,Passenger,744831,2026-06-26T01:14:32Z,2026-06-26T02:21:16Z,True
405e5d84,VF340,TKJ340,TKJ,TKJ,B738,TC-JHB,LTFJ,SAW,2026-06-26T03:54:28Z,06R,OSAP,ALP,OSAP,ALP,2026-06-26T05:21:15Z,27R,5207.0,1013.23,868.803,Passenger,4BA902,2026-06-26T02:43:51Z,2026-06-26T05:13:50Z,True
405e731d,RJ432,RJA432,RJA,RJA,A20N,JY-RAQ,OSAP,ALP,2026-06-26T03:31:39Z,27L,OJAI,AMM,OJAI,AMM,2026-06-26T04:24:12Z,26L,3153.0,592.137,508.02,Passenger,744831,2026-06-26T03:22:02Z,2026-06-26T04:27:04Z,True
405e95ca,TK844,THY844,THY,THY,B739,TC-JYF,LTFM,IST,2026-06-26T05:06:26Z,36,OSAP,ALP,OSAP,ALP,2026-06-26T06:27:06Z,,4840.0,1028.01,926.843,Passenger,4BAB26,2026-06-26T04:24:47Z,2026-06-26T06:27:06Z,True
405eb173,PC770,PGT770,PGT,PGT,B738,TC-CPK,LTFJ,SAW,2026-06-26T05:24:59Z,06L,OSAP,ALP,OSAP,ALP,,,,952.434,868.689,Passenger,4B8E0B,2026-06-26T05:12:00Z,2026-06-26T06:34:50Z,True
405eceb9,VF341,TKJ341,TKJ,TKJ,B738,TC-JHB,OSAP,ALP,2026-06-26T06:17:25Z,,LTFJ,SAW,LTFJ,SAW,2026-06-26T07:39:27Z,06R,4922.0,944.788,865.708,Passenger,4BA902,2026-06-26T06:03:22Z,2026-06-26T07:51:18Z,True
405edd1c,FYC761,FYC761,FYC,FYC,A320,YK-BAC,OSAP,ALP,2026-06-26T06:34:09Z,09L,OMSJ,SHJ,OMSJ,SHJ,2026-06-26T09:41:00Z,30,11211.0,2508.28,2119.13,Passenger,778823,2026-06-26T06:27:52Z,2026-06-26T09:43:48Z,True
405f03d8,PC771,PGT771,PGT,PGT,B738,TC-CPK,OSAP,ALP,2026-06-26T07:39:00Z,,LTFJ,SAW,LTFJ,SAW,2026-06-26T09:03:22Z,06R,5062.0,944.547,865.597,Passenger,4B8E0B,2026-06-26T07:30:51Z,2026-06-26T09:12:34Z,True
405f1a57,TK845,THY845,THY,THY,B739,TC-JYF,OSAP,ALP,2026-06-26T08:09:23Z,,LTFM,IST,LTFM,IST,2026-06-26T09:49:26Z,35R,6003.0,1093.59,928.995,Passenger,4BAB26,2026-06-26T08:06:14Z,2026-06-26T09:54:50Z,True
405f6e00,TK840,THY840,THY,THY,B739,TC-JYB,LTFM,IST,2026-06-26T10:48:29Z,36,OSAP,ALP,OSAP,ALP,,,,1089.12,934.958,Passenger,4BAB22,2026-06-26T10:14:17Z,2026-06-26T12:14:00Z,True
405f86a8,FYC762,FYC762,FYC,FYC,A320,YK-BAC,OMSJ,SHJ,2026-06-26T10:58:06Z,30,OSAP,ALP,OSAP,ALP,,,,3214.11,2094.5,Passenger,778823,2026-06-26T10:49:16Z,2026-06-26T13:49:29Z,True
40602358,TK841,THY841,THY,THY,B739,TC-JYB,OSAP,ALP,2026-06-26T13:51:48Z,,LTFM,IST,LTFM,IST,2026-06-26T15:25:34Z,35R,5626.0,1046.83,927.003,Passenger,4BAB22,2026-06-26T13:41:59Z,2026-06-26T15:38:56Z,True
406051c7,RJ433,RJA433,RJA,RJA,A320,JY-AYR,OJAI,AMM,2026-06-26T14:25:54Z,,OSAP,ALP,OSAP,ALP,,,,519.037,456.921,Passenger,740732,2026-06-26T14:27:01Z,2026-06-26T15:07:59Z,True
4060d2a5,RJ434,RJA434,RJA,RJA,A320,JY-AYR,OSAP,ALP,2026-06-26T16:34:19Z,,OJAI,AMM,OJAI,AMM,,,,642.617,558.408,Passenger,740732,2026-06-26T16:39:17Z,2026-06-26T17:20:46Z,True
4061f496,FYC491,FYC491,FYC,FYC,A320,YK-BAC,OSAP,ALP,2026-06-26T22:34:31Z,,LTFJ,SAW,LTFJ,SAW,2026-06-26T23:54:03Z,06R,4772.0,930.927,865.591,Passenger,778823,2026-06-26T22:32:56Z,2026-06-26T23:57:29Z,True
40625a39,FYC762,FYC762,FYC,FYC,A320,YK-BAB,OMSJ,SHJ,2026-06-27T01:35:20Z,30,OSAP,ALP,OSAP,ALP,,,,2379.96,2102.64,Passenger,778822,2026-06-27T01:11:00Z,2026-06-27T04:26:41Z,True
406261d8,RJ431,RJA431,RJA,RJA,A20N,JY-RAE,OJAI,AMM,2026-06-27T01:25:56Z,26R,OSAP,ALP,OSAP,ALP,2026-06-27T02:17:12Z,,3076.0,572.246,506.576,Passenger,744825,2026-06-27T01:24:36Z,2026-06-27T02:17:12Z,True
40628d29,J9175,JZR175,JZR,JZR,A320,9K-CAN,OKKK,KWI,2026-06-27T04:19:56Z,33L,OSAP,ALP,OSAP,ALP,,,,1494.44,1218.67,Passenger,70620F,2026-06-27T02:46:35Z,2026-06-27T06:24:56Z,True
40628dec,VF340,TKJ340,TKJ,TKJ,B738,TC-JHD,LTFJ,SAW,2026-06-27T03:26:32Z,06L,OSAP,ALP,OSAP,ALP,2026-06-27T04:51:01Z,27R,5069.0,1121.64,870.629,Passenger,4BA904,2026-06-27T02:48:19Z,2026-06-27T04:43:29Z,True
4062a1bf,RJ432,RJA432,RJA,RJA,A20N,JY-RAE,OSAP,ALP,2026-06-27T03:35:02Z,,OJAI,AMM,OJAI,AMM,2026-06-27T04:27:57Z,26R,3175.0,555.39,507.66,Passenger,744825,2026-06-27T03:26:58Z,2026-06-27T04:32:11Z,True
4062bd81,TK844,THY844,THY,THY,B739,TC-JYC,LTFM,IST,2026-06-27T04:51:13Z,34L,OSAP,ALP,OSAP,ALP,,,,1114.32,925.579,Passenger,4BAB23,2026-06-27T04:21:35Z,2026-06-27T06:20:42Z,True
4062e4ce,VF341,TKJ341,TKJ,TKJ,B738,TC-JHD,OSAP,ALP,2026-06-27T06:07:25Z,,LTFJ,SAW,LTFJ,SAW,2026-06-27T07:27:48Z,06R,4823.0,929.553,865.492,Passenger,4BA904,2026-06-27T05:37:49Z,2026-06-27T07:40:11Z,True
406306a3,FYC761,FYC761,FYC,FYC,A320,YK-BAB,OSAP,ALP,2026-06-27T06:50:16Z,09L,OMSJ,SHJ,OMSJ,SHJ,2026-06-27T10:02:15Z,30,11519.0,4110.6,2118.05,Passenger,778822,2026-06-27T06:42:09Z,2026-06-27T10:02:44Z,True
40630cc5,RJ433,RJA433,RJA,RJA,E295,JY-REA,OJAI,AMM,2026-06-27T06:55:00Z,26L,OSAP,ALP,OSAP,ALP,,,,1708.84,441.289,Passenger,7448A1,2026-06-27T06:53:32Z,2026-06-27T07:37:39Z,True
4063298c,J9176,JZR176,JZR,JZR,A320,9K-CAN,OSAP,ALP,2026-06-27T07:49:08Z,09R,OKKK,KWI,OKKK,KWI,2026-06-27T10:04:31Z,34,8123.0,1669.51,1266.54,Passenger,70620F,2026-06-27T07:42:42Z,2026-06-27T10:13:37Z,True
40633ec1,TK845,THY845,THY,THY,B739,TC-JYC,OSAP,ALP,2026-06-27T08:29:41Z,,LTFM,IST,LTFM,IST,2026-06-27T10:06:05Z,35R,5784.0,1118.67,928.027,Passenger,4BAB23,2026-06-27T08:17:48Z,2026-06-27T10:16:48Z,True
406351c5,RJ434,RJA434,RJA,RJA,E295,JY-REA,OSAP,ALP,2026-06-27T08:50:31Z,,OJAI,AMM,OJAI,AMM,2026-06-27T09:44:00Z,26L,3209.0,588.161,508.216,Passenger,7448A1,2026-06-27T08:49:19Z,2026-06-27T09:44:27Z,True
4063ac77,PC770,PGT770,PGT,PGT,B738,TC-CPK,LTFJ,SAW,2026-06-27T11:27:42Z,06L,OSAP,ALP,OSAP,ALP,2026-06-27T12:46:14Z,,4712.0,942.687,865.625,Passenger,4B8E0B,2026-06-27T11:07:13Z,2026-06-27T12:48:01Z,True
406426a9,PC771,PGT771,PGT,PGT,B738,TC-CPK,OSAP,ALP,2026-06-27T13:44:13Z,,LTFJ,SAW,LTFJ,SAW,2026-06-27T15:10:28Z,06R,5175.0,971.464,865.926,Passenger,4B8E0B,2026-06-27T13:36:31Z,2026-06-27T15:19:05Z,True
40660857,RJ431,RJA431,RJA,RJA,A20N,JY-RAD,OJAI,AMM,2026-06-28T01:30:52Z,26L,OSAP,ALP,OSAP,ALP,2026-06-28T02:27:24Z,27R,3392.0,578.553,508.097,Passenger,744824,2026-06-28T01:07:56Z,2026-06-28T02:25:24Z,True
40663d3c,VF340,TKJ340,TKJ,TKJ,B738,TC-JHF,LTFJ,SAW,2026-06-28T03:33:39Z,06L,OSAP,ALP,OSAP,ALP,2026-06-28T04:53:15Z,27R,4776.0,961.845,865.693,Passenger,4BA906,2026-06-28T02:57:54Z,2026-06-28T04:56:43Z,True
40664e64,RJ432,RJA432,RJA,RJA,A20N,JY-RAD,OSAP,ALP,2026-06-28T03:39:18Z,,OJAI,AMM,OJAI,AMM,2026-06-28T04:32:47Z,26L,3209.0,550.704,507.917,Passenger,744824,2026-06-28T03:36:27Z,2026-06-28T04:35:56Z,True
40666072,PC770,PGT770,PGT,PGT,B738,TC-CPK,LTFJ,SAW,2026-06-28T04:38:56Z,06L,OSAP,ALP,OSAP,ALP,2026-06-28T06:01:48Z,27R,4972.0,953.484,871.756,Passenger,4B8E0B,2026-06-28T04:13:05Z,2026-06-28T05:54:13Z,True
40666a33,TK844,THY844,THY,THY,B739,TC-JYC,LTFM,IST,2026-06-28T05:08:11Z,36,OSAP,ALP,OSAP,ALP,2026-06-28T06:35:56Z,,5265.0,1075.64,938.779,Passenger,4BAB23,2026-06-28T04:32:46Z,2026-06-28T06:31:32Z,True
40668f5e,VF341,TKJ341,TKJ,TKJ,B738,TC-JHF,OSAP,ALP,2026-06-28T06:20:24Z,,LTFJ,SAW,LTFJ,SAW,2026-06-28T07:44:14Z,06R,5030.0,995.119,865.603,Passenger,4BA906,2026-06-28T05:50:16Z,2026-06-28T07:58:23Z,True
4066b0a5,PC771,PGT771,PGT,PGT,B738,TC-CPK,OSAP,ALP,2026-06-28T07:04:00Z,,LTFJ,SAW,LTFJ,SAW,2026-06-28T08:27:35Z,06R,5015.0,947.416,865.68,Passenger,4B8E0B,2026-06-28T06:55:29Z,2026-06-28T08:39:30Z,True
4066d72e,TK845,THY845,THY,THY,B739,TC-JYC,OSAP,ALP,2026-06-28T08:14:56Z,,LTFM,IST,LTFM,IST,2026-06-28T09:49:20Z,35R,5664.0,1080.62,927.98,Passenger,4BAB23,2026-06-28T08:06:55Z,2026-06-28T10:03:49Z,True
40672143,TK840,THY840,THY,THY,B739,TC-JYI,LTFM,IST,2026-06-28T11:00:27Z,35L,OSAP,ALP,OSAP,ALP,2026-06-28T12:33:33Z,27L,5586.0,1073.03,928.524,Passenger,4BAB29,2026-06-28T10:11:40Z,2026-06-28T12:33:33Z,True
4067960a,RJ433,RJA433,RJA,RJA,E290,JY-REE,OJAI,AMM,2026-06-28T12:55:04Z,26L,OSAP,ALP,OSAP,ALP,,,,599.529,507.737,Passenger,7448A5,2026-06-28T12:54:04Z,2026-06-28T13:51:00Z,True
4067c02f,TK841,THY841,THY,THY,B739,TC-JYI,OSAP,ALP,2026-06-28T13:58:10Z,,LTFM,IST,LTFM,IST,2026-06-28T15:28:57Z,35R,5447.0,1036.94,926.997,Passenger,4BAB29,2026-06-28T13:44:23Z,2026-06-28T15:41:22Z,True
4067f544,RJ434,RJA434,RJA,RJA,E290,JY-REE,OSAP,ALP,2026-06-28T14:44:46Z,09L,OJAI,AMM,OJAI,AMM,2026-06-28T15:43:10Z,26L,3504.0,584.228,508.082,Passenger,7448A5,2026-06-28T14:45:22Z,2026-06-28T15:43:36Z,True
4069b73c,FYC762,FYC762,FYC,FYC,A320,YK-BAG,OMSJ,SHJ,2026-06-29T01:44:18Z,30,OSAP,ALP,OSAP,ALP,,,,2371.52,2099.44,Passenger,778827,2026-06-29T01:22:37Z,2026-06-29T04:36:04Z,True
4069b8cb,RJ431,RJA431,RJA,RJA,A20N,JY-RAN,OJAI,AMM,2026-06-29T01:27:23Z,26L,OSAP,ALP,OSAP,ALP,2026-06-29T02:32:55Z,27R,3932.0,596.845,507.601,Passenger,74482E,2026-06-29T01:25:32Z,2026-06-29T02:25:45Z,True
4069dfc7,RJ432,RJA432,RJA,RJA,A20N,JY-RAN,OSAP,ALP,2026-06-29T03:37:59Z,,OJAI,AMM,OJAI,AMM,2026-06-29T04:34:56Z,26R,3417.0,579.675,507.79,Passenger,74482E,2026-06-29T02:40:46Z,2026-06-29T04:43:49Z,True
4069e958,VF340,TKJ340,TKJ,TKJ,B738,TC-JGY,LTFJ,SAW,2026-06-29T03:11:13Z,06L,OSAP,ALP,OSAP,ALP,2026-06-29T04:35:28Z,,5055.0,972.939,865.807,Passenger,4BA8F9,2026-06-29T02:59:05Z,2026-06-29T04:35:28Z,True
4069fae3,PC770,PGT770,PGT,PGT,B738,TC-CPC,LTFJ,SAW,2026-06-29T04:02:10Z,06L,OSAP,ALP,OSAP,ALP,2026-06-29T05:22:56Z,,4846.0,946.276,865.226,Passenger,4B8E03,2026-06-29T03:35:53Z,2026-06-29T05:22:56Z,True
406a13c6,TK844,THY844,THY,THY,B739,TC-JYF,LTFM,IST,2026-06-29T04:55:12Z,36,OSAP,ALP,OSAP,ALP,,,,1129.68,929.91,Passenger,4BAB26,2026-06-29T04:24:02Z,2026-06-29T06:26:09Z,True
406a3d70,RB444,SYR444,SYR,SYR,B735,YK-SYR,LTFM,IST,2026-06-29T05:58:37Z,36,OSAP,ALP,OSAP,ALP,,,,1040.54,935.438,Passenger,77CF32,2026-06-29T05:43:41Z,2026-06-29T07:26:22Z,True
406a47cb,VF341,TKJ341,TKJ,TKJ,B738,TC-JGY,OSAP,ALP,2026-06-29T06:10:56Z,09L,LTFJ,SAW,LTFJ,SAW,2026-06-29T07:39:36Z,06R,5320.0,1015.89,865.483,Passenger,4BA8F9,2026-06-29T06:02:11Z,2026-06-29T07:47:55Z,True
406a4cc8,FYC761,FYC761,FYC,FYC,A320,YK-BAG,OSAP,ALP,2026-06-29T06:38:46Z,,OMSJ,SHJ,OMSJ,SHJ,2026-06-29T09:48:01Z,30,11355.0,2510.32,2117.83,Passenger,778827,2026-06-29T06:11:06Z,2026-06-29T09:45:51Z,True
406a6e86,PC771,PGT771,PGT,PGT,B738,TC-CPC,OSAP,ALP,2026-06-29T07:25:11Z,,LTFJ,SAW,LTFJ,SAW,2026-06-29T08:48:01Z,06R,4970.0,932.675,865.667,Passenger,4B8E03,2026-06-29T07:12:38Z,2026-06-29T08:57:44Z,True
406a9331,TK845,THY845,THY,THY,B739,TC-JYF,OSAP,ALP,2026-06-29T08:28:23Z,,LTFM,IST,LTFM,IST,2026-06-29T10:12:51Z,,6268.0,1286.71,927.735,Passenger,4BAB26,2026-06-29T08:16:45Z,2026-06-29T10:19:16Z,True
406ac359,,IGC0501H,IGC,IGC,CRJ2,YI-BAK,OSAP,ALP,2026-06-29T09:36:22Z,09L,OSDI,DAM,OSDI,DAM,2026-06-29T10:19:24Z,23R,2582.0,529.482,312.26,Business_jets,72882B,2026-06-29T09:36:11Z,2026-06-29T10:16:29Z,True
406b1e17,RJ433,RJA433,RJA,RJA,E295,JY-REF,OJAI,AMM,2026-06-29T11:42:36Z,26L,OSAP,ALP,OSAP,ALP,,,,556.361,480.583,Passenger,7448A6,2026-06-29T11:42:05Z,2026-06-29T12:27:55Z,True
406b8c36,RJ434,RJA434,RJA,RJA,E295,JY-REF,OSAP,ALP,2026-06-29T13:39:34Z,09L,OJAI,AMM,OJAI,AMM,2026-06-29T14:30:14Z,26L,3040.0,550.631,508.009,Passenger,7448A6,2026-06-29T13:40:33Z,2026-06-29T14:30:27Z,True
406cc95a,RB445,SYR445,SYR,SYR,B735,YK-SYR,OSAP,ALP,2026-06-29T19:35:17Z,09L,LTFM,IST,LTFM,IST,2026-06-29T21:15:26Z,36,6009.0,1007.79,927.921,Passenger,77CF32,2026-06-29T19:29:42Z,2026-06-29T21:31:41Z,True
406d9f2e,FYC762,FYC762,FYC,FYC,A320,YK-BAC,OMSJ,SHJ,2026-06-30T01:25:01Z,30,OSAP,ALP,OSAP,ALP,2026-06-30T04:28:35Z,27R,11014.0,2330.23,2109.42,Passenger,778823,2026-06-30T00:25:34Z,2026-06-30T04:20:14Z,True
406dbc74,RJ431,RJA431,RJA,RJA,A20N,JY-RAN,OJAI,AMM,2026-06-30T01:25:32Z,26R,OSAP,ALP,OSAP,ALP,2026-06-30T02:26:15Z,,3643.0,3221.36,507.315,Passenger,74482E,2026-06-30T01:12:04Z,2026-06-30T02:26:15Z,True
406dc5fc,FYC492,FYC492,FYC,FYC,A320,YK-BAB,LTFJ,SAW,2026-06-30T01:44:00Z,06L,OSAP,ALP,OSAP,ALP,,,,938.229,862.56,Passenger,778822,2026-06-30T01:27:42Z,2026-06-30T02:49:47Z,True
406df1bd,VF340,TKJ340,TKJ,TKJ,B738,TC-JGY,LTFJ,SAW,2026-06-30T03:27:08Z,06L,OSAP,ALP,OSAP,ALP,,,,947.538,860.507,Passenger,4BA8F9,2026-06-30T02:42:55Z,2026-06-30T04:38:05Z,True
406e0b20,RJ432,RJA432,RJA,RJA,A20N,JY-RAN,OSAP,ALP,2026-06-30T03:31:13Z,,OJAI,AMM,OJAI,AMM,2026-06-30T04:25:36Z,26L,3263.0,575.351,508.029,Passenger,74482E,2026-06-30T03:29:56Z,2026-06-30T04:27:44Z,True
406e2b5c,TK844,THY844,THY,THY,B739,TC-JYC,LTFM,IST,2026-06-30T04:53:53Z,36,OSAP,ALP,OSAP,ALP,2026-06-30T06:15:39Z,,4906.0,1047.72,926.803,Passenger,4BAB23,2026-06-30T04:27:46Z,2026-06-30T06:20:26Z,True
406e56c0,VF341,TKJ341,TKJ,TKJ,B738,TC-JGY,OSAP,ALP,2026-06-30T06:20:58Z,09L,LTFJ,SAW,LTFJ,SAW,2026-06-30T07:54:10Z,06R,5592.0,1022.81,865.603,Passenger,4BA8F9,2026-06-30T05:45:22Z,2026-06-30T08:04:51Z,True
406e7736,FYC761,FYC761,FYC,FYC,A320,YK-BAC,OSAP,ALP,2026-06-30T06:43:01Z,,OMSJ,SHJ,OMSJ,SHJ,2026-06-30T09:52:14Z,30,11353.0,2537.85,2116.9,Passenger,778823,2026-06-30T06:42:23Z,2026-06-30T09:52:51Z,True
406e8a80,RJ433,RJA433,RJA,RJA,A20N,JY-RAH,OJAI,AMM,2026-06-30T07:27:16Z,26L,OSAP,ALP,OSAP,ALP,,,,580.921,510.528,Passenger,744828,2026-06-30T07:14:20Z,2026-06-30T08:18:41Z,True
406eaca0,TK845,THY845,THY,THY,B739,TC-JYC,OSAP,ALP,2026-06-30T08:23:43Z,,LTFM,IST,LTFM,IST,2026-06-30T09:55:00Z,35R,5477.0,1037.01,928.387,Passenger,4BAB23,2026-06-30T08:10:51Z,2026-06-30T10:03:11Z,True
406ed9f7,RJ434,RJA434,RJA,RJA,A20N,JY-RAH,OSAP,ALP,2026-06-30T09:29:43Z,,OJAI,AMM,OJAI,AMM,2026-06-30T10:18:03Z,26L,2900.0,543.547,508.017,Passenger,744828,2026-06-30T09:22:15Z,2026-06-30T10:20:46Z,True
406ef7be,TK840,THY840,THY,THY,B739,TC-JYB,LTFM,IST,,,OSAP,ALP,LTFM,IST,2026-06-30T10:54:17Z,,,1.18849,0.191351,Passenger,4BAB22,2026-06-30T10:07:34Z,2026-06-30T10:35:56Z,True
406f1a0c,TK840,THY840,THY,THY,B739,TC-JYB,LTFM,IST,,,OSAP,ALP,OSAP,ALP,2026-06-30T12:17:43Z,,,946.133,869.622,Passenger,4BAB22,2026-06-30T10:54:49Z,2026-06-30T12:17:43Z,True
406f5416,FYC455,FYC455,FYC,FYC,A320,YK-BAB,OSAP,ALP,2026-06-30T12:54:22Z,,UDYZ,EVN,UDYZ,EVN,2026-06-30T14:04:25Z,08,4203.0,855.328,767.098,Passenger,778822,2026-06-30T11:52:38Z,2026-06-30T14:16:10Z,True
406f62d4,PC770,PGT770,PGT,PGT,B738,TC-AZP,LTFJ,SAW,2026-06-30T12:30:29Z,06L,OSAP,ALP,OSAP,ALP,2026-06-30T13:49:45Z,27R,4756.0,947.339,866.215,Passenger,4B8750,2026-06-30T12:08:46Z,2026-06-30T13:53:23Z,True
406fac8d,RB390,SYR390,SYR,SYR,A320,YK-AKH,OERK,RUH,2026-06-30T13:22:59Z,33L,OSAP,ALP,OSAP,ALP,,,,1604.02,1480.71,Passenger,778568,2026-06-30T13:21:13Z,2026-06-30T15:21:28Z,True
406fddf7,TK841,THY841,THY,THY,B739,TC-JYB,OSAP,ALP,2026-06-30T14:15:35Z,,LTFM,IST,LTFM,IST,2026-06-30T15:50:53Z,35R,5718.0,1049.13,928.237,Passenger,4BAB22,2026-06-30T14:08:21Z,2026-06-30T15:58:46Z,True
406fe5fc,FYC456,FYC456,FYC,FYC,A320,YK-BAB,UDYZ,EVN,2026-06-30T15:40:03Z,26,OSAP,ALP,OSAP,ALP,2026-06-30T16:52:02Z,,4319.0,827.327,768.206,Passenger,778822,2026-06-30T14:16:14Z,2026-06-30T16:52:02Z,True
4070009b,PC771,PGT771,PGT,PGT,B738,TC-AZP,OSAP,ALP,2026-06-30T14:54:22Z,27R,LTFJ,SAW,LTFJ,SAW,2026-06-30T16:33:47Z,06R,5965.0,1064.44,865.52,Passenger,4B8750,2026-06-30T14:40:31Z,2026-06-30T16:47:46Z,True
407090de,FYC525,FYC525,FYC,FYC,A320,YK-BAB,OSAP,ALP,2026-06-30T18:11:27Z,09L,ORER,EBL,ORER,EBL,,,,960.008,616.822,Passenger,778822,2026-06-30T17:07:17Z,2026-06-30T19:24:09Z,True
4070cac8,RB381,SYR381,SYR,SYR,A320,YK-AKH,OSAP,ALP,2026-06-30T18:19:43Z,,OEJN,JED,OEJN,JED,2026-06-30T20:39:43Z,34L,8400.0,1782.03,1618.68,Passenger,778568,2026-06-30T18:10:16Z,2026-06-30T20:45:43Z,True
40714a82,FYC526,FYC526,FYC,FYC,A320,YK-BAB,ORER,EBL,,,OSAP,ALP,OSAP,ALP,2026-06-30T22:10:26Z,27R,,963.149,595.687,Passenger,778822,2026-06-30T20:47:20Z,2026-06-30T22:10:26Z,True
407177b2,RB382,SYR382,SYR,SYR,A320,YK-AKH,OEJN,JED,2026-06-30T22:04:26Z,34L,OSAP,ALP,OSAP,ALP,2026-07-01T00:26:45Z,,8539.0,2513.27,1535.2,Passenger,778568,2026-06-30T21:49:17Z,2026-07-01T00:15:08Z,True
4071b741,FYC491,FYC491,FYC,FYC,A320,YK-BAB,OSAP,ALP,2026-06-30T23:22:00Z,,LTFJ,SAW,LTFJ,SAW,2026-07-01T00:45:15Z,06L,4995.0,946.876,865.721,Passenger,778822,2026-06-30T23:15:37Z,2026-07-01T00:54:21Z,True
407208fc,RJ431,RJA431,RJA,RJA,A20N,JY-RAN,OJAI,AMM,2026-07-01T01:27:50Z,26R,OSAP,ALP,OSAP,ALP,2026-07-01T02:28:34Z,27L,3644.0,590.959,508.783,Passenger,74482E,2026-07-01T01:16:58Z,2026-07-01T02:20:12Z,True
4072370b,RB389,SYR389,SYR,SYR,A320,YK-AKH,OSAP,ALP,2026-07-01T02:36:59Z,,OERK,RUH,OERK,RUH,2026-07-01T04:46:18Z,33R,7759.0,1676.16,1541.24,Passenger,778568,2026-07-01T02:33:57Z,2026-07-01T04:43:37Z,True
40723e59,VF340,TKJ340,TKJ,TKJ,B738,TC-JGY,LTFJ,SAW,2026-07-01T03:35:00Z,06L,OSAP,ALP,OSAP,ALP,,,,972.633,876.354,Passenger,4BA8F9,2026-07-01T02:46:23Z,2026-07-01T04:48:32Z,True
40724c98,RJ432,RJA432,RJA,RJA,A20N,JY-RAN,OSAP,ALP,2026-07-01T03:23:06Z,,OJAI,AMM,OJAI,AMM,2026-07-01T04:18:59Z,26R,3353.0,572.825,507.722,Passenger,74482E,2026-07-01T03:11:37Z,2026-07-01T04:22:21Z,True
407273b8,TK844,THY844,THY,THY,B739,TC-JYB,LTFM,IST,2026-07-01T04:55:27Z,36,OSAP,ALP,OSAP,ALP,2026-07-01T06:26:53Z,27L,5486.0,1116.05,928.153,Passenger,4BAB22,2026-07-01T04:22:06Z,2026-07-01T06:30:35Z,True
4072a504,VF341,TKJ341,TKJ,TKJ,B738,TC-JGY,OSAP,ALP,2026-07-01T05:59:00Z,27R,LTFJ,SAW,LTFJ,SAW,2026-07-01T07:23:26Z,06R,5066.0,1007.09,865.637,Passenger,4BA8F9,2026-07-01T05:49:12Z,2026-07-01T07:34:29Z,True
4072aa36,PC770,PGT770,PGT,PGT,B738,TC-AZP,LTFJ,SAW,2026-07-01T06:17:30Z,06L,OSAP,ALP,OSAP,ALP,2026-07-01T07:40:01Z,,4951.0,969.554,865.485,Passenger,4B8750,2026-07-01T05:58:13Z,2026-07-01T07:40:01Z,True
4072fc29,TK845,THY845,THY,THY,B739,TC-JYB,OSAP,ALP,2026-07-01T08:26:28Z,,LTFM,IST,LTFM,IST,2026-07-01T09:55:24Z,35R,5336.0,1044.97,926.687,Passenger,4BAB22,2026-07-01T08:19:54Z,2026-07-01T10:16:14Z,True
4073007a,PC771,PGT771,PGT,PGT,B738,TC-AZP,OSAP,ALP,2026-07-01T08:42:49Z,,LTFJ,SAW,LTFJ,SAW,2026-07-01T10:03:11Z,06R,4822.0,936.801,865.557,Passenger,4B8750,2026-07-01T08:26:37Z,2026-07-01T10:10:52Z,True
40733cd5,DN551,DNA551,DNA,DNA,A320,YR-JUL,LROP,OTP,2026-07-01T10:18:31Z,08L,OSAP,ALP,OSAP,ALP,,,,1362.76,1319.97,Passenger,4A2AAC,2026-07-01T09:59:44Z,2026-07-01T12:05:08Z,True
407340e2,RJ433,RJA433,RJA,RJA,A21N,JY-RAM,OJAI,AMM,2026-07-01T10:19:41Z,26L,OSAP,ALP,OSAP,ALP,2026-07-01T11:19:58Z,,3617.0,595.677,513.458,Passenger,74482D,2026-07-01T10:05:01Z,2026-07-01T11:11:15Z,True
407366be,FYC762,FYC762,FYC,FYC,A320,YK-BAC,OMSJ,SHJ,2026-07-01T11:13:42Z,30,OSAP,ALP,OSAP,ALP,2026-07-01T14:13:28Z,27R,10786.0,2308.0,2118.54,Passenger,778823,2026-07-01T10:56:31Z,2026-07-01T14:11:27Z,True
4073a50d,RJ434,RJA434,RJA,RJA,A21N,JY-RAM,OSAP,ALP,2026-07-01T12:17:11Z,,OJAI,AMM,OJAI,AMM,2026-07-01T13:08:44Z,26L,3093.0,3402.36,508.026,Passenger,74482D,2026-07-01T12:07:30Z,2026-07-01T13:12:52Z,True
4073dfda,DN552,DNA552,DNA,DNA,A320,YR-JUL,OSAP,ALP,2026-07-01T13:16:29Z,,LROP,OTP,LROP,OTP,2026-07-01T15:18:29Z,08L,7320.0,1459.98,1325.7,Passenger,4A2AAC,2026-07-01T13:05:21Z,2026-07-01T15:24:25Z,True
407594f1,FYC761,FYC761,FYC,FYC,A320,YK-BAC,OSAP,ALP,2026-07-01T20:53:07Z,27R,OMSJ,SHJ,OMSJ,SHJ,2026-07-01T23:52:14Z,,10747.0,2454.64,2118.11,Passenger,778823,2026-07-01T20:45:13Z,2026-07-01T23:50:11Z,True
407658f7,RJ431,RJA431,RJA,RJA,A20N,JY-RAC,OJAI,AMM,2026-07-02T01:28:52Z,26L,OSAP,ALP,OSAP,ALP,,,,555.478,451.572,Passenger,744823,2026-07-02T01:14:42Z,2026-07-02T02:10:06Z,True
407692cd,VF340,TKJ340,TKJ,TKJ,B738,TC-JHF,LTFJ,SAW,2026-07-02T03:01:14Z,06L,OSAP,ALP,OSAP,ALP,2026-07-02T04:24:49Z,27R,5015.0,952.699,870.805,Passenger,4BA906,2026-07-02T02:48:30Z,2026-07-02T04:17:10Z,True
4076a552,RJ432,RJA432,RJA,RJA,A20N,JY-RAC,OSAP,ALP,2026-07-02T03:30:45Z,,OJAI,AMM,OJAI,AMM,2026-07-02T04:26:08Z,26L,3323.0,583.2,507.814,Passenger,744823,2026-07-02T03:21:29Z,2026-07-02T04:34:10Z,True
4076cc2e,TK844,THY844,THY,THY,B739,TC-JYB,LTFM,IST,2026-07-02T04:55:51Z,36,OSAP,ALP,OSAP,ALP,2026-07-02T06:23:06Z,,5235.0,1188.28,928.901,Passenger,4BAB22,2026-07-02T04:28:32Z,2026-07-02T06:20:58Z,True
4076e1c2,J9175,JZR175,JZR,JZR,A20N,9K-CBH,OKKK,KWI,2026-07-02T05:17:51Z,33L,OSAP,ALP,OSAP,ALP,,,,1525.67,1232.48,Passenger,70612F,2026-07-02T05:05:58Z,2026-07-02T07:19:15Z,True
407700bb,VF341,TKJ341,TKJ,TKJ,B738,TC-JHF,OSAP,ALP,2026-07-02T06:07:31Z,,LTFJ,SAW,LTFJ,SAW,2026-07-02T07:41:00Z,06R,5609.0,1028.65,865.601,Passenger,4BA906,2026-07-02T06:00:55Z,2026-07-02T07:54:17Z,True
40774ad3,,IGC0501H,IGC,IGC,CRJ2,YI-BAK,OSDI,DAM,2026-07-02T08:04:49Z,23L,OSAP,ALP,OSAP,ALP,2026-07-02T08:58:12Z,,3203.0,435.436,308.828,Business_jets,72882B,2026-07-02T08:04:12Z,2026-07-02T09:01:35Z,True
40774b86,TK845,THY845,THY,THY,B739,TC-JYB,OSAP,ALP,2026-07-02T08:15:57Z,,LTFM,IST,LTFM,IST,2026-07-02T09:49:25Z,35R,5608.0,1046.96,926.967,Passenger,4BAB22,2026-07-02T08:05:16Z,2026-07-02T10:09:13Z,True
40775a39,PC770,PGT770,PGT,PGT,B738,TC-AIS,LTFJ,SAW,2026-07-02T08:44:11Z,06L,OSAP,ALP,OSAP,ALP,,,,956.585,878.948,Passenger,4B8533,2026-07-02T08:29:21Z,2026-07-02T09:57:44Z,True
40776dcd,J9176,JZR176,JZR,JZR,A20N,9K-CBH,OSAP,ALP,2026-07-02T09:10:13Z,,OKKK,KWI,OKKK,KWI,2026-07-02T11:14:57Z,34,7484.0,1608.42,1266.42,Passenger,70612F,2026-07-02T08:59:19Z,2026-07-02T11:23:55Z,True
40776f5c,,IGC0501H,IGC,IGC,CRJ2,YI-BAK,OSAP,ALP,2026-07-02T08:57:36Z,,OSDI,DAM,OSDI,DAM,2026-07-02T09:38:46Z,23R,2470.0,411.851,307.128,Business_jets,72882B,2026-07-02T09:01:40Z,2026-07-02T09:38:56Z,True
4077bfaf,PC771,PGT771,PGT,PGT,B738,TC-AIS,OSAP,ALP,2026-07-02T11:09:31Z,,LTFJ,SAW,LTFJ,SAW,2026-07-02T12:44:15Z,06R,5684.0,1051.31,865.766,Passenger,4B8533,2026-07-02T10:56:48Z,2026-07-02T12:50:33Z,True
4077c998,RJ433,RJA433,RJA,RJA,E295,JY-REB,OJAI,AMM,2026-07-02T11:09:58Z,26L,OSAP,ALP,OSAP,ALP,2026-07-02T12:13:42Z,27L,3824.0,713.48,507.581,Passenger,7448A2,2026-07-02T11:08:59Z,2026-07-02T12:06:36Z,True
40784247,RJ434,RJA434,RJA,RJA,E295,JY-REB,OSAP,ALP,2026-07-02T13:13:48Z,,OJAI,AMM,OJAI,AMM,2026-07-02T14:05:22Z,26L,3094.0,575.028,507.893,Passenger,7448A2,2026-07-02T13:13:08Z,2026-07-02T14:07:45Z,True
407a7c54,FYC492,FYC492,FYC,FYC,A320,YK-BAB,LTFJ,SAW,2026-07-03T01:23:13Z,06L,OSAP,ALP,OSAP,ALP,2026-07-03T02:39:59Z,,4606.0,944.982,872.112,Passenger,778822,2026-07-02T23:45:00Z,2026-07-03T02:31:12Z,True
407ab84d,RJ431,RJA431,RJA,RJA,A20N,JY-RAL,OJAI,AMM,2026-07-03T01:27:13Z,26L,OSAP,ALP,OSAP,ALP,2026-07-03T02:25:14Z,27R,3481.0,596.683,509.011,Passenger,74482C,2026-07-03T01:14:23Z,2026-07-03T02:17:08Z,True
407af8de,VF340,TKJ340,TKJ,TKJ,B738,TC-JHB,LTFJ,SAW,2026-07-03T03:25:41Z,06L,OSAP,ALP,OSAP,ALP,2026-07-03T04:40:37Z,,4496.0,1078.63,865.327,Passenger,4BA902,2026-07-03T03:03:07Z,2026-07-03T04:40:37Z,True
407b0e15,RJ432,RJA432,RJA,RJA,A20N,JY-RAL,OSAP,ALP,2026-07-03T03:56:09Z,,OJAI,AMM,OJAI,AMM,2026-07-03T04:47:56Z,26L,3107.0,559.477,508.205,Passenger,74482C,2026-07-03T03:44:38Z,2026-07-03T04:51:24Z,True
407b236e,TK844,THY844,THY,THY,B739,TC-JYF,LTFM,IST,2026-07-03T05:03:26Z,36,OSAP,ALP,OSAP,ALP,2026-07-03T06:29:16Z,,5150.0,1083.9,927.211,Passenger,4BAB26,2026-07-03T04:21:50Z,2026-07-03T06:29:16Z,True
407b3b75,PC770,PGT770,PGT,PGT,B738,TC-CPC,LTFJ,SAW,2026-07-03T05:36:15Z,06L,OSAP,ALP,OSAP,ALP,2026-07-03T06:54:29Z,27R,4694.0,921.75,870.806,Passenger,4B8E03,2026-07-03T05:05:22Z,2026-07-03T06:46:44Z,True
407b42e4,FYC725,FYC725,FYC,FYC,A320,YK-BAB,OSAP,ALP,2026-07-03T06:00:25Z,27L,OMDB,DXB,OMDB,DXB,2026-07-03T08:55:25Z,12L,10500.0,2381.89,2110.33,Passenger,778822,2026-07-03T05:18:24Z,2026-07-03T09:03:59Z,True
407b54d1,VF341,TKJ341,TKJ,TKJ,B738,TC-JHB,OSAP,ALP,2026-07-03T06:02:59Z,,LTFJ,SAW,LTFJ,SAW,2026-07-03T07:27:41Z,06R,5082.0,1053.46,865.512,Passenger,4BA902,2026-07-03T05:51:17Z,2026-07-03T07:41:02Z,True
407b9471,PC771,PGT771,PGT,PGT,B738,TC-CPC,OSAP,ALP,2026-07-03T07:46:32Z,,LTFJ,SAW,LTFJ,SAW,2026-07-03T09:14:28Z,06R,5276.0,1141.79,865.143,Passenger,4B8E03,2026-07-03T07:38:54Z,2026-07-03T09:23:08Z,True
407baf64,TK845,THY845,THY,THY,B739,TC-JYF,OSAP,ALP,2026-07-03T08:31:39Z,09L,LTFM,IST,LTFM,IST,2026-07-03T10:08:14Z,35R,5795.0,1245.32,928.748,Passenger,4BAB26,2026-07-03T08:20:46Z,2026-07-03T10:13:14Z,True
407bf865,TK840,THY840,THY,THY,B739,TC-JYB,LTFM,IST,2026-07-03T10:38:51Z,36,OSAP,ALP,OSAP,ALP,2026-07-03T12:05:11Z,27R,5180.0,1028.96,928.943,Passenger,4BAB22,2026-07-03T10:07:37Z,2026-07-03T12:03:03Z,True
407c16ad,FYC726,FYC726,FYC,FYC,A320,YK-BAB,OMDB,DXB,2026-07-03T11:05:22Z,30R,OSAP,ALP,OSAP,ALP,2026-07-03T14:06:25Z,,10863.0,2318.48,2100.1,Passenger,778822,2026-07-03T10:48:11Z,2026-07-03T13:57:52Z,True
407caee8,RJ433,RJA433,RJA,RJA,A21N,JY-RAM,OJAI,AMM,2026-07-03T13:44:35Z,26R,OSAP,ALP,OSAP,ALP,2026-07-03T14:37:05Z,,3150.0,582.169,507.513,Passenger,74482D,2026-07-03T13:30:51Z,2026-07-03T14:37:05Z,True
407cc25b,TK841,THY841,THY,THY,B739,TC-JYB,OSAP,ALP,2026-07-03T14:02:57Z,,LTFM,IST,LTFM,IST,2026-07-03T15:40:24Z,35R,5847.0,1092.8,927.561,Passenger,4BAB22,2026-07-03T13:49:40Z,2026-07-03T15:52:58Z,True
407d2268,RJ434,RJA434,RJA,RJA,A21N,JY-RAM,OSAP,ALP,2026-07-03T15:30:25Z,,OJAI,AMM,OJAI,AMM,2026-07-03T16:23:45Z,26L,3200.0,559.419,508.026,Passenger,74482D,2026-07-03T15:21:30Z,2026-07-03T16:26:35Z,True
407e5f77,FYC491,FYC491,FYC,FYC,A320,YK-BAB,OSAP,ALP,2026-07-03T22:28:23Z,,LTFJ,SAW,LTFJ,SAW,2026-07-03T23:50:09Z,06L,4906.0,930.294,865.804,Passenger,778822,2026-07-03T21:58:38Z,2026-07-04T00:03:23Z,True
407ed137,RJ431,RJA431,RJA,RJA,A20N,JY-RAH,OJAI,AMM,2026-07-04T01:17:55Z,26L,OSAP,ALP,OSAP,ALP,,,,818.855,508.772,Passenger,744828,2026-07-04T01:04:14Z,2026-07-04T02:15:59Z,True
407eda7b,FYC762,FYC762,FYC,FYC,A320,YK-BAC,OMSJ,SHJ,2026-07-04T01:25:31Z,30,OSAP,ALP,OSAP,ALP,,,,2320.0,2098.18,Passenger,778823,2026-07-04T01:20:02Z,2026-07-04T04:20:37Z,True
407f13cf,VF340,TKJ340,TKJ,TKJ,B738,TC-JHD,LTFJ,SAW,2026-07-04T03:29:39Z,06L,OSAP,ALP,OSAP,ALP,2026-07-04T04:52:32Z,,4973.0,1084.22,865.881,Passenger,4BA904,2026-07-04T03:08:23Z,2026-07-04T04:52:32Z,True
407f195f,RJ432,RJA432,RJA,RJA,A20N,JY-RAH,OSAP,ALP,2026-07-04T03:25:45Z,,OJAI,AMM,OJAI,AMM,2026-07-04T04:21:35Z,26R,3350.0,586.123,507.682,Passenger,744828,2026-07-04T03:20:17Z,2026-07-04T04:25:06Z,True
407f3544,G9351,ABY351,ABY,ABY,A320,A6-AOA,OMSJ,SHJ,2026-07-04T04:23:27Z,30,OSAP,ALP,OSAP,ALP,,,,2309.55,2106.5,Passenger,896727,2026-07-04T04:14:53Z,2026-07-04T07:18:37Z,True
407f39c7,TK844,THY844,THY,THY,B739,TC-JYC,LTFM,IST,2026-07-04T05:11:20Z,34L,OSAP,ALP,OSAP,ALP,2026-07-04T06:40:31Z,,5351.0,1370.06,933.045,Passenger,4BAB23,2026-07-04T04:23:24Z,2026-07-04T06:32:53Z,True
407f53e2,J9175,JZR175,JZR,JZR,A20N,9K-CBK,OKKK,KWI,2026-07-04T05:21:26Z,33L,OSAP,ALP,OSAP,ALP,2026-07-04T07:44:20Z,,8574.0,1642.29,1266.29,Passenger,706132,2026-07-04T05:13:55Z,2026-07-04T07:44:20Z,True
407f6cfc,VF341,TKJ341,TKJ,TKJ,B738,TC-JHD,OSAP,ALP,2026-07-04T06:13:11Z,09L,LTFJ,SAW,LTFJ,SAW,2026-07-04T07:52:27Z,06R,5956.0,1254.18,865.697,Passenger,4BA904,2026-07-04T06:03:51Z,2026-07-04T08:02:27Z,True
407f7a57,FYC761,FYC761,FYC,FYC,A320,YK-BAC,OSAP,ALP,2026-07-04T06:37:20Z,09L,OMSJ,SHJ,OMSJ,SHJ,2026-07-04T09:34:00Z,30,10600.0,2403.08,2118.47,Passenger,778823,2026-07-04T06:29:13Z,2026-07-04T09:36:17Z,True
407f9b33,RJ433,RJA433,RJA,RJA,E295,JY-REG,OJAI,AMM,2026-07-04T07:27:16Z,26L,OSAP,ALP,OSAP,ALP,2026-07-04T08:26:25Z,,3549.0,590.191,507.291,Passenger,7448A7,2026-07-04T07:27:11Z,2026-07-04T08:26:25Z,True
407fae81,J9176,JZR176,JZR,JZR,A20N,9K-CBK,OSAP,ALP,2026-07-04T09:12:28Z,,OKKK,KWI,OKKK,KWI,2026-07-04T11:15:18Z,33L,7370.0,2023.66,1266.49,Passenger,706132,2026-07-04T07:59:22Z,2026-07-04T11:42:38Z,True
407fbea6,TK845,THY845,THY,THY,B739,TC-JYC,OSAP,ALP,2026-07-04T08:34:43Z,,LTFM,IST,LTFM,IST,2026-07-04T10:35:39Z,34L,7256.0,1295.55,927.508,Passenger,4BAB23,2026-07-04T08:24:30Z,2026-07-04T11:00:41Z,True
407fe854,G9352,ABY352,ABY,ABY,A320,A6-AOA,OSAP,ALP,2026-07-04T09:31:11Z,09L,OMSJ,SHJ,OMSJ,SHJ,2026-07-04T12:31:05Z,30,10794.0,2441.82,2117.97,Passenger,896727,2026-07-04T09:26:08Z,2026-07-04T12:31:05Z,True
407ff229,RJ434,RJA434,RJA,RJA,E295,JY-REG,OSAP,ALP,2026-07-04T09:45:13Z,,OJAI,AMM,OJAI,AMM,2026-07-04T10:42:00Z,26L,3407.0,535.895,508.362,Passenger,7448A7,2026-07-04T09:40:33Z,2026-07-04T10:42:12Z,True
40803e6f,PC770,PGT770,PGT,PGT,B738,TC-CPK,LTFJ,SAW,2026-07-04T12:06:18Z,06L,OSAP,ALP,OSAP,ALP,,,,1229.32,877.323,Passenger,4B8E0B,2026-07-04T11:27:28Z,2026-07-04T13:21:16Z,True
4080d43a,PC771,PGT771,PGT,PGT,B738,TC-CPK,OSAP,ALP,2026-07-04T14:33:47Z,,LTFJ,SAW,LTFJ,SAW,2026-07-04T16:08:26Z,06R,5679.0,1018.76,865.436,Passenger,4B8E0B,2026-07-04T14:26:49Z,2026-07-04T16:15:58Z,True
4082525c,RJ431,RJA431,RJA,RJA,A20N,JY-RAD,OJAI,AMM,2026-07-05T01:19:10Z,26L,OSAP,ALP,OSAP,ALP,2026-07-05T02:17:38Z,27R,3508.0,584.932,508.146,Passenger,744824,2026-07-05T01:08:42Z,2026-07-05T02:10:37Z,True
40827c75,VF340,TKJ340,TKJ,TKJ,B738,TC-JHF,LTFJ,SAW,2026-07-05T03:35:24Z,06L,OSAP,ALP,OSAP,ALP,2026-07-05T04:55:42Z,,4818.0,957.53,865.61,Passenger,4BA906,2026-07-05T02:40:49Z,2026-07-05T04:55:42Z,True
40828c45,RJ432,RJA432,RJA,RJA,A20N,JY-RAD,OSAP,ALP,2026-07-05T03:23:56Z,,OJAI,AMM,OJAI,AMM,2026-07-05T04:17:03Z,26L,3187.0,577.31,508.071,Passenger,744824,2026-07-05T03:15:38Z,2026-07-05T04:19:34Z,True
4082a2e7,G9351,ABY351,ABY,ABY,A320,A6-ANR,OMSJ,SHJ,2026-07-05T04:13:56Z,30,OSAP,ALP,OSAP,ALP,,,,2408.12,2114.14,Passenger,896382,2026-07-05T04:04:13Z,2026-07-05T07:13:59Z,True
4082aaa9,TK844,THY844,THY,THY,B739,TC-JYF,LTFM,IST,2026-07-05T05:09:07Z,34L,OSAP,ALP,OSAP,ALP,,,,1087.98,926.204,Passenger,4BAB26,2026-07-05T04:20:25Z,2026-07-05T06:26:03Z,True
4082c425,PC770,PGT770,PGT,PGT,B738,TC-CPK,LTFJ,SAW,2026-07-05T05:30:56Z,06L,OSAP,ALP,OSAP,ALP,2026-07-05T06:51:33Z,09L,4837.0,1210.73,874.134,Passenger,4B8E0B,2026-07-05T05:13:50Z,2026-07-05T06:42:37Z,True
4082db14,VF341,TKJ341,TKJ,TKJ,B738,TC-JHF,OSAP,ALP,2026-07-05T06:07:39Z,,LTFJ,SAW,LTFJ,SAW,2026-07-05T07:32:06Z,06R,5067.0,967.286,865.742,Passenger,4BA906,2026-07-05T06:03:10Z,2026-07-05T07:41:11Z,True
4083150a,PC771,PGT771,PGT,PGT,B738,TC-CPK,OSAP,ALP,2026-07-05T08:02:59Z,,LTFJ,SAW,LTFJ,SAW,2026-07-05T09:32:19Z,06R,5360.0,967.596,865.425,Passenger,4B8E0B,2026-07-05T07:55:39Z,2026-07-05T09:47:51Z,True
4083212e,TK845,THY845,THY,THY,B739,TC-JYF,OSAP,ALP,2026-07-05T08:27:05Z,,LTFM,IST,LTFM,IST,2026-07-05T10:07:10Z,35R,6005.0,1068.42,926.977,Passenger,4BAB26,2026-07-05T08:16:40Z,2026-07-05T10:21:23Z,True
40832801,G9352,ABY352,ABY,ABY,A320,A6-ANR,OSAP,ALP,2026-07-05T08:35:13Z,,OMSJ,SHJ,OMSJ,SHJ,2026-07-05T11:38:19Z,30,10986.0,2531.16,2117.96,Passenger,896382,2026-07-05T08:28:25Z,2026-07-05T11:39:23Z,True
408364ed,DN551,DNA551,DNA,DNA,A320,YR-JUL,LROP,OTP,2026-07-05T10:25:32Z,26R,OSAP,ALP,OSAP,ALP,,,,1489.46,1326.28,Passenger,4A2AAC,2026-07-05T10:06:27Z,2026-07-05T12:22:20Z,True
40836623,TK840,THY840,THY,THY,B739,TC-JYC,LTFM,IST,2026-07-05T11:01:19Z,35L,OSAP,ALP,OSAP,ALP,,,,1280.49,939.043,Passenger,4BAB23,2026-07-05T10:08:11Z,2026-07-05T12:22:13Z,True
4083e6f0,RJ433,RJA433,RJA,RJA,A20N,JY-RAA,OJAI,AMM,2026-07-05T13:21:45Z,26L,OSAP,ALP,OSAP,ALP,2026-07-05T14:19:55Z,27R,3490.0,586.464,508.575,Passenger,744821,2026-07-05T13:06:39Z,2026-07-05T14:12:01Z,True
4083fc70,DN552,DNA552,DNA,DNA,A320,YR-JUL,OSAP,ALP,2026-07-05T13:49:04Z,,LROP,OTP,LROP,OTP,2026-07-05T15:56:35Z,26L,7651.0,1361.41,1325.5,Passenger,4A2AAC,2026-07-05T13:32:41Z,2026-07-05T15:59:47Z,True
40840c64,TK841,THY841,THY,THY,B739,TC-JYC,OSAP,ALP,2026-07-05T13:58:29Z,,LTFM,IST,LTFM,IST,2026-07-05T15:35:56Z,35R,5847.0,1359.95,926.9,Passenger,4BAB23,2026-07-05T13:51:37Z,2026-07-05T15:52:37Z,True
40842c21,RJ434,RJA434,RJA,RJA,A20N,JY-RAA,OSAP,ALP,2026-07-05T15:15:49Z,09L,OJAI,AMM,OJAI,AMM,2026-07-05T16:14:14Z,26R,3505.0,590.166,507.854,Passenger,744821,2026-07-05T14:27:27Z,2026-07-05T16:19:13Z,True
4085d7f6,RJ431,RJA431,RJA,RJA,A20N,JY-RAB,OJAI,AMM,2026-07-06T01:24:08Z,26R,OSAP,ALP,OSAP,ALP,,,,498.708,438.777,Passenger,744822,2026-07-06T00:17:27Z,2026-07-06T02:00:19Z,True
40860569,FYC762,FYC762,FYC,FYC,A320,YK-BAC,OMSJ,SHJ,2026-07-06T01:39:43Z,30,OSAP,ALP,OSAP,ALP,,,,2240.41,2030.91,Passenger,778823,2026-07-06T01:38:52Z,2026-07-06T04:15:45Z,True
40861f31,VF340,TKJ340,TKJ,TKJ,B738,TC-JHF,LTFJ,SAW,2026-07-06T03:22:37Z,06L,OSAP,ALP,OSAP,ALP,2026-07-06T04:41:18Z,27R,4721.0,941.415,865.354,Passenger,4BA906,2026-07-06T02:30:01Z,2026-07-06T04:41:18Z,True
408637f5,RJ432,RJA432,RJA,RJA,A20N,JY-RAB,OSAP,ALP,2026-07-06T03:26:17Z,09L,OJAI,AMM,OJAI,AMM,2026-07-06T04:21:18Z,26L,3301.0,845.267,508.287,Passenger,744822,2026-07-06T03:19:45Z,2026-07-06T04:24:07Z,True
408640f5,PC770,PGT770,PGT,PGT,B738,TC-CPK,LTFJ,SAW,2026-07-06T04:01:09Z,06L,OSAP,ALP,OSAP,ALP,2026-07-06T05:25:54Z,27R,5085.0,954.365,868.159,Passenger,4B8E0B,2026-07-06T03:39:29Z,2026-07-06T05:18:53Z,True
40864c99,G9351,ABY351,ABY,ABY,A320,A6-AOA,OMSJ,SHJ,2026-07-06T04:13:50Z,30,OSAP,ALP,OSAP,ALP,2026-07-06T07:18:50Z,,11100.0,2357.1,2120.44,Passenger,896727,2026-07-06T04:01:14Z,2026-07-06T07:10:19Z,True
4086591b,TK844,THY844,THY,THY,B739,TC-JYC,LTFM,IST,2026-07-06T05:13:33Z,36,OSAP,ALP,OSAP,ALP,2026-07-06T06:45:06Z,,5493.0,1133.92,927.03,Passenger,4BAB23,2026-07-06T04:26:19Z,2026-07-06T06:45:06Z,True
408681ed,RB444,SYR444,SYR,SYR,B735,YK-SYR,LTFM,IST,2026-07-06T05:55:43Z,36,OSAP,ALP,OSAP,ALP,,,,974.793,904.344,Passenger,77CF32,2026-07-06T05:41:48Z,2026-07-06T07:10:02Z,True
408685af,VF341,TKJ341,TKJ,TKJ,B738,TC-JHF,OSAP,ALP,2026-07-06T05:54:37Z,09L,LTFJ,SAW,LTFJ,SAW,2026-07-06T07:23:57Z,06R,5360.0,985.642,866.162,Passenger,4BA906,2026-07-06T05:48:34Z,2026-07-06T07:40:54Z,True
4086946d,FYC761,FYC761,FYC,FYC,A320,YK-BAC,OSAP,ALP,2026-07-06T06:19:36Z,09L,OMSJ,SHJ,OMSJ,SHJ,2026-07-06T09:20:43Z,,10867.0,3049.47,2118.01,Passenger,778823,2026-07-06T06:14:23Z,2026-07-06T09:22:48Z,True
4086a13f,PC771,PGT771,PGT,PGT,B738,TC-CPK,OSAP,ALP,2026-07-06T06:48:20Z,09L,LTFJ,SAW,LTFJ,SAW,2026-07-06T08:24:17Z,06R,5757.0,1009.28,865.583,Passenger,4B8E0B,2026-07-06T06:38:13Z,2026-07-06T08:33:04Z,True
4086c20c,RJ433,RJA433,RJA,RJA,A20N,JY-RAD,OJAI,AMM,2026-07-06T08:00:43Z,26L,OSAP,ALP,OSAP,ALP,2026-07-06T08:56:20Z,,3337.0,579.054,507.609,Passenger,744824,2026-07-06T07:35:42Z,2026-07-06T08:56:20Z,True
4086d739,,IGC0501H,IGC,IGC,CRJ2,YI-BAK,OSDI,DAM,2026-07-06T08:13:28Z,23L,OSAP,ALP,OSAP,ALP,2026-07-06T08:57:55Z,,2667.0,430.477,314.309,Business_jets,72882B,2026-07-06T08:12:14Z,2026-07-06T08:57:55Z,True
4086da43,TK845,THY845,THY,THY,B739,TC-JYC,OSAP,ALP,2026-07-06T08:33:01Z,09L,LTFM,IST,LTFM,IST,2026-07-06T10:11:01Z,35R,5880.0,1286.08,927.29,Passenger,4BAB23,2026-07-06T08:17:13Z,2026-07-06T10:29:34Z,True
4086e4f4,G9352,ABY352,ABY,ABY,A320,A6-AOA,OSAP,ALP,2026-07-06T08:36:20Z,,OMSJ,SHJ,OMSJ,SHJ,2026-07-06T11:49:42Z,30,11602.0,2435.99,2119.86,Passenger,896727,2026-07-06T08:35:22Z,2026-07-06T11:47:41Z,True
4086fe35,,IGC0501H,IGC,IGC,CRJ2,YI-BAK,OSAP,ALP,2026-07-06T09:17:01Z,,OSDI,DAM,OSDI,DAM,2026-07-06T09:59:44Z,23R,2563.0,419.002,312.957,Business_jets,72882B,2026-07-06T09:17:32Z,2026-07-06T09:59:47Z,True
408711e5,RJ434,RJA434,RJA,RJA,A20N,JY-RAD,OSAP,ALP,2026-07-06T10:04:53Z,27R,OJAI,AMM,OJAI,AMM,2026-07-06T10:59:55Z,26L,3302.0,563.95,508.071,Passenger,744824,2026-07-06T09:49:59Z,2026-07-06T11:05:36Z,True
40891088,RB445,SYR445,SYR,SYR,B735,YK-SYR,OSAP,ALP,2026-07-06T19:38:31Z,,LTFM,IST,LTFM,IST,2026-07-06T21:10:37Z,35R,5526.0,1033.03,928.416,Passenger,77CF32,2026-07-06T19:27:58Z,2026-07-06T21:19:16Z,True
408a032d,FYC762,FYC762,FYC,FYC,A320,YK-BAC,OMSJ,SHJ,2026-07-07T01:26:35Z,30,OSAP,ALP,OSAP,ALP,,,,2268.29,2078.84,Passenger,778823,2026-07-07T01:25:15Z,2026-07-07T04:09:33Z,True
408a053a,RJ431,RJA431,RJA,RJA,E295,JY-REF,OJAI,AMM,2026-07-07T01:29:26Z,26L,OSAP,ALP,OSAP,ALP,2026-07-07T02:29:03Z,27R,3577.0,611.716,507.936,Passenger,7448A6,2026-07-07T01:28:37Z,2026-07-07T02:21:38Z,True
408a1196,FYC492,FYC492,FYC,FYC,A320,YK-BAA,LTFJ,SAW,2026-07-07T02:07:02Z,06L,OSAP,ALP,OSAP,ALP,2026-07-07T03:27:29Z,,4827.0,947.764,865.676,Passenger,778821,2026-07-07T01:49:52Z,2026-07-07T03:27:29Z,True
408a2d19,RJ432,RJA432,RJA,RJA,E295,JY-REF,OSAP,ALP,2026-07-07T03:28:46Z,,OJAI,AMM,OJAI,AMM,2026-07-07T04:26:20Z,26L,3454.0,591.365,508.23,Passenger,7448A6,2026-07-07T02:39:15Z,2026-07-07T04:24:10Z,True
408a2fc7,VF340,TKJ340,TKJ,TKJ,B738,TC-JHE,LTFJ,SAW,2026-07-07T03:23:37Z,06L,OSAP,ALP,OSAP,ALP,2026-07-07T04:41:26Z,,4669.0,956.215,864.854,Passenger,4BA905,2026-07-07T02:44:17Z,2026-07-07T04:41:26Z,True
408a5c1b,G9351,ABY351,ABY,ABY,A320,A6-ANR,OMSJ,SHJ,2026-07-07T04:21:04Z,30,OSAP,ALP,OSAP,ALP,2026-07-07T07:24:03Z,09R,10979.0,2384.55,2110.66,Passenger,896382,2026-07-07T04:06:18Z,2026-07-07T07:15:27Z,True
408a661c,TK844,THY844,THY,THY,B739,TC-JYF,LTFM,IST,2026-07-07T04:56:37Z,36,OSAP,ALP,OSAP,ALP,,,,1078.93,941.539,Passenger,4BAB26,2026-07-07T04:25:19Z,2026-07-07T06:15:56Z,True
408a78e4,3L456,ADY456,ADY,ADY,A320,A6-AUF,OMAA,AUH,2026-07-07T05:34:29Z,31L,OSAP,ALP,OSAP,ALP,,,,2290.07,2105.3,Passenger,8965F9,2026-07-07T04:57:35Z,2026-07-07T08:23:16Z,True
408a95d7,VF341,TKJ341,TKJ,TKJ,B738,TC-JHE,OSAP,ALP,2026-07-07T06:05:36Z,09L,LTFJ,SAW,LTFJ,SAW,2026-07-07T07:34:04Z,06R,5308.0,1371.21,865.634,Passenger,4BA905,2026-07-07T05:49:00Z,2026-07-07T07:43:24Z,True
408ab00f,FYC761,FYC761,FYC,FYC,A320,YK-BAC,OSAP,ALP,2026-07-07T06:29:00Z,09L,OMSJ,SHJ,OMSJ,SHJ,2026-07-07T09:26:29Z,,10649.0,2412.56,2107.92,Passenger,778823,2026-07-07T06:34:44Z,2026-07-07T09:28:59Z,True
408adb5f,RJ433,RJA433,RJA,RJA,E290,JY-REE,OJAI,AMM,2026-07-07T07:48:30Z,26R,OSAP,ALP,OSAP,ALP,2026-07-07T08:47:38Z,,3548.0,593.176,506.084,Passenger,7448A5,2026-07-07T07:47:51Z,2026-07-07T08:47:38Z,True
408aed25,TK845,THY845,THY,THY,B739,TC-JYF,OSAP,ALP,2026-07-07T08:23:10Z,,LTFM,IST,LTFM,IST,2026-07-07T10:05:50Z,35R,6160.0,1118.92,928.998,Passenger,4BAB26,2026-07-07T08:16:33Z,2026-07-07T10:11:53Z,True
408aefd9,G9352,ABY352,ABY,ABY,A320,A6-ANR,OSAP,ALP,2026-07-07T08:35:37Z,,OMSJ,SHJ,OMSJ,SHJ,2026-07-07T11:42:31Z,30,11214.0,2410.79,2118.05,Passenger,896382,2026-07-07T08:21:03Z,2026-07-07T11:44:14Z,True
408b15bb,3L457,ADY457,ADY,ADY,A320,A6-AUF,OSAP,ALP,2026-07-07T09:28:23Z,,OMAA,AUH,OMAA,AUH,2026-07-07T12:40:48Z,,11545.0,2415.39,2115.0,Passenger,8965F9,2026-07-07T09:22:08Z,2026-07-07T12:45:24Z,True
408b228f,RJ434,RJA434,RJA,RJA,E290,JY-REE,OSAP,ALP,2026-07-07T09:42:04Z,,OJAI,AMM,OJAI,AMM,2026-07-07T10:37:11Z,26L,3307.0,555.89,507.977,Passenger,7448A5,2026-07-07T09:42:59Z,2026-07-07T10:37:50Z,True
408b3051,TK840,THY840,THY,THY,B739,TC-JYC,LTFM,IST,2026-07-07T10:35:05Z,36,OSAP,ALP,OSAP,ALP,,,,1191.72,920.901,Passenger,4BAB23,2026-07-07T10:03:46Z,2026-07-07T11:57:00Z,True
408b8afa,RB390,SYR390,SYR,SYR,A320,YK-AKH,OERK,RUH,2026-07-07T14:00:25Z,33R,OSAP,ALP,OSAP,ALP,,,,1662.85,1510.97,Passenger,778568,2026-07-07T12:01:22Z,2026-07-07T16:01:17Z,True
408b952b,FYC455,FYC455,FYC,FYC,A320,YK-BAA,OSAP,ALP,2026-07-07T13:15:07Z,,UDYZ,EVN,UDYZ,EVN,2026-07-07T14:20:47Z,08,3940.0,869.696,766.906,Passenger,778821,2026-07-07T12:12:21Z,2026-07-07T14:31:17Z,True
408ba2ba,PC770,PGT770,PGT,PGT,B738,TC-AIS,LTFJ,SAW,2026-07-07T12:37:38Z,06L,OSAP,ALP,OSAP,ALP,2026-07-07T14:05:01Z,27R,5243.0,942.061,876.956,Passenger,4B8533,2026-07-07T12:26:42Z,2026-07-07T13:56:23Z,True
408bf989,TK841,THY841,THY,THY,B739,TC-JYC,OSAP,ALP,2026-07-07T13:52:13Z,,LTFM,IST,LTFM,IST,2026-07-07T15:22:43Z,35R,5430.0,1033.45,921.088,Passenger,4BAB23,2026-07-07T13:53:50Z,2026-07-07T15:35:12Z,True
408c2e0f,PC771,PGT771,PGT,PGT,B738,TC-AIS,OSAP,ALP,2026-07-07T14:52:02Z,,LTFJ,SAW,LTFJ,SAW,2026-07-07T16:21:40Z,06R,5378.0,1213.63,865.384,Passenger,4B8533,2026-07-07T14:44:53Z,2026-07-07T16:28:49Z,True
408c5ae9,FYC456,FYC456,FYC,FYC,A320,YK-BAA,UDYZ,EVN,2026-07-07T15:52:04Z,08,OSAP,ALP,OSAP,ALP,2026-07-07T17:19:57Z,,5273.0,1262.09,766.988,Passenger,778821,2026-07-07T15:29:13Z,2026-07-07T17:25:33Z,True
408cd009,FYC525,FYC525,FYC,FYC,A320,YK-BAA,OSAP,ALP,2026-07-07T18:24:07Z,09L,ORER,EBL,ORER,EBL,,,,964.92,602.288,Passenger,778821,2026-07-07T17:30:30Z,2026-07-07T19:36:53Z,True
408cdb39,RB381,SYR381,SYR,SYR,A320,YK-AKH,OSAP,ALP,2026-07-07T18:18:05Z,,OEJN,JED,OEJN,JED,2026-07-07T20:39:30Z,34L,8485.0,1757.56,1619.02,Passenger,778568,2026-07-07T17:42:33Z,2026-07-07T20:46:01Z,True
408d5bc5,FYC526,FYC526,FYC,FYC,A320,YK-BAA,ORER,EBL,2026-07-07T20:48:41Z,,OSAP,ALP,OSAP,ALP,2026-07-07T22:32:21Z,,6220.0,1044.09,604.86,Passenger,778821,2026-07-07T20:17:10Z,2026-07-07T22:36:46Z,True
408d7cb0,RB382,SYR382,SYR,SYR,A320,YK-AKH,OEJN,JED,2026-07-07T22:05:28Z,34C,OSAP,ALP,OSAP,ALP,,,,1652.64,1599.89,Passenger,778568,2026-07-07T21:00:31Z,2026-07-08T00:08:15Z,True
408dd97b,FYC491,FYC491,FYC,FYC,A320,YK-BAA,OSAP,ALP,2026-07-07T23:38:53Z,,LTFJ,SAW,LTFJ,SAW,2026-07-08T01:01:41Z,06L,4968.0,939.877,865.589,Passenger,778821,2026-07-07T23:10:27Z,2026-07-08T01:08:02Z,True
408e3191,RJ431,RJA431,RJA,RJA,E295,JY-REB,OJAI,AMM,2026-07-08T01:20:58Z,26R,OSAP,ALP,OSAP,ALP,,,,544.946,463.158,Passenger,7448A2,2026-07-08T01:20:14Z,2026-07-08T02:03:26Z,True
408e645e,RB389,SYR389,SYR,SYR,A320,YK-AKH,OSAP,ALP,2026-07-08T02:45:09Z,,OERK,RUH,OERK,RUH,2026-07-08T05:05:07Z,33R,8398.0,1742.73,1542.95,Passenger,778568,2026-07-08T02:43:38Z,2026-07-08T05:02:06Z,True
408e7135,VF340,TKJ340,TKJ,TKJ,B738,TC-JHF,LTFJ,SAW,2026-07-08T03:31:14Z,06L,OSAP,ALP,OSAP,ALP,2026-07-08T05:00:02Z,,5328.0,1003.39,865.534,Passenger,4BA906,2026-07-08T03:05:39Z,2026-07-08T05:00:02Z,True
408e7a52,RJ432,RJA432,RJA,RJA,E295,JY-REB,OSAP,ALP,2026-07-08T03:21:35Z,,OJAI,AMM,OJAI,AMM,2026-07-08T04:18:06Z,26L,3391.0,588.014,508.192,Passenger,7448A2,2026-07-08T03:22:37Z,2026-07-08T04:18:12Z,True
408e9cd6,G9351,ABY351,ABY,ABY,A320,A6-AOA,OMSJ,SHJ,2026-07-08T04:50:31Z,30,OSAP,ALP,OSAP,ALP,2026-07-08T07:54:11Z,27R,11020.0,2456.43,2110.42,Passenger,896727,2026-07-08T04:24:48Z,2026-07-08T07:46:02Z,True
408e9d6a,TK844,THY844,THY,THY,B739,TC-JYF,LTFM,IST,2026-07-08T05:18:30Z,35L,OSAP,ALP,OSAP,ALP,2026-07-08T06:54:14Z,,5744.0,1184.53,929.253,Passenger,4BAB26,2026-07-08T04:26:32Z,2026-07-08T06:54:14Z,True
408ec600,PC770,PGT770,PGT,PGT,B738,TC-AZP,LTFJ,SAW,2026-07-08T06:04:22Z,06L,OSAP,ALP,OSAP,ALP,2026-07-08T07:25:13Z,,4851.0,978.97,865.843,Passenger,4B8750,2026-07-08T05:38:12Z,2026-07-08T07:25:13Z,True
408ecf87,VF341,TKJ341,TKJ,TKJ,B738,TC-JHF,OSAP,ALP,2026-07-08T06:02:19Z,,LTFJ,SAW,LTFJ,SAW,2026-07-08T07:29:56Z,06R,5257.0,1000.84,865.692,Passenger,4BA906,2026-07-08T05:54:50Z,2026-07-08T07:44:52Z,True
408f0fb8,RJ433,RJA433,RJA,RJA,E295,JY-REA,OJAI,AMM,2026-07-08T07:43:41Z,26L,OSAP,ALP,OSAP,ALP,2026-07-08T08:42:54Z,27R,3553.0,594.202,507.69,Passenger,7448A1,2026-07-08T07:42:57Z,2026-07-08T08:35:42Z,True
408f27e3,PC771,PGT771,PGT,PGT,B738,TC-AZP,OSAP,ALP,2026-07-08T08:24:52Z,,LTFJ,SAW,LTFJ,SAW,2026-07-08T09:53:14Z,06R,5302.0,987.387,865.524,Passenger,4B8750,2026-07-08T08:20:52Z,2026-07-08T10:04:56Z,True
408f2b32,TK845,THY845,THY,THY,B739,TC-JYF,OSAP,ALP,2026-07-08T08:30:20Z,09L,LTFM,IST,LTFM,IST,2026-07-08T10:08:05Z,,5865.0,1211.44,928.971,Passenger,4BAB26,2026-07-08T08:25:52Z,2026-07-08T10:11:47Z,True
408f42b1,G9352,ABY352,ABY,ABY,A320,A6-AOA,OSAP,ALP,2026-07-08T09:04:06Z,,OMSJ,SHJ,OMSJ,SHJ,2026-07-08T12:10:25Z,30,11179.0,2429.27,2117.99,Passenger,896727,2026-07-08T09:01:24Z,2026-07-08T12:10:30Z,True
408f5bf5,RJ434,RJA434,RJA,RJA,E295,JY-REA,OSAP,ALP,2026-07-08T09:38:42Z,,OJAI,AMM,OJAI,AMM,2026-07-08T10:33:08Z,26L,3266.0,554.134,508.2,Passenger,7448A1,2026-07-08T09:39:45Z,2026-07-08T10:33:54Z,True
408f8dae,DN551,DNA551,DNA,DNA,A320,YR-JUL,LROP,OTP,2026-07-08T10:55:13Z,26R,OSAP,ALP,OSAP,ALP,2026-07-08T12:56:23Z,,7270.0,1400.16,1324.56,Passenger,4A2AAC,2026-07-08T10:47:44Z,2026-07-08T12:56:23Z,True
40903746,DN552,DNA552,DNA,DNA,A320,YR-JUL,OSAP,ALP,2026-07-08T13:56:39Z,,LROP,OTP,LROP,OTP,2026-07-08T16:04:29Z,26L,7670.0,1660.94,1325.68,Passenger,4A2AAC,2026-07-08T13:40:24Z,2026-07-08T16:08:05Z,True
40909006,FYC762,FYC762,FYC,FYC,A320,YK-BAC,OMSJ,SHJ,2026-07-08T16:08:43Z,30,OSAP,ALP,OSAP,ALP,,,,2339.89,2105.97,Passenger,778823,2026-07-08T15:00:10Z,2026-07-08T18:56:45Z,True
4091ea24,FYC761,FYC761,FYC,FYC,A320,YK-BAC,OSAP,ALP,2026-07-08T21:06:40Z,,OMSJ,SHJ,OMSJ,SHJ,2026-07-09T00:05:55Z,,10755.0,2482.51,2120.7,Passenger,778823,2026-07-08T21:04:39Z,2026-07-09T00:04:52Z,True
4092a5e8,RJ431,RJA431,RJA,RJA,A320,JY-AYR,OJAI,AMM,2026-07-09T01:26:52Z,26L,OSAP,ALP,OSAP,ALP,,,,1887.59,911.622,Passenger,740732,2026-07-09T01:17:25Z,2026-07-09T02:13:20Z,True
4092dc1a,VF340,TKJ340,TKJ,TKJ,B738,TC-JHD,LTFJ,SAW,2026-07-09T03:02:46Z,06L,OSAP,ALP,OSAP,ALP,2026-07-09T04:24:23Z,,4897.0,954.835,864.932,Passenger,4BA904,2026-07-09T02:45:29Z,2026-07-09T04:24:23Z,True
4092ed07,J9175,JZR175,JZR,JZR,A20N,9K-CBI,OKKK,KWI,2026-07-09T05:16:26Z,33L,OSAP,ALP,OSAP,ALP,,,,1528.11,1214.61,Passenger,706130,2026-07-09T03:15:20Z,2026-07-09T07:20:58Z,True
4092f4f5,RJ432,RJA432,RJA,RJA,A320,JY-AYR,OSAP,ALP,,,OJAI,AMM,OJAI,AMM,,,,510.1,448.6,Passenger,740732,2026-07-09T03:30:43Z,2026-07-09T04:13:04Z,True
40930591,G9351,ABY351,ABY,ABY,A320,A6-AOA,OMSJ,SHJ,2026-07-09T04:15:40Z,30,OSAP,ALP,OSAP,ALP,,,,2349.77,2103.8,Passenger,896727,2026-07-09T03:59:42Z,2026-07-09T07:11:19Z,True
409313f5,TK844,THY844,THY,THY,B739,TC-JYC,LTFM,IST,2026-07-09T05:23:57Z,36,OSAP,ALP,OSAP,ALP,,,,1085.76,921.896,Passenger,4BAB23,2026-07-09T04:23:44Z,2026-07-09T06:45:38Z,True
40932978,3L456,ADY456,ADY,ADY,A320,A6-AUB,OMAA,AUH,2026-07-09T05:20:41Z,31L,OSAP,ALP,OSAP,ALP,2026-07-09T08:18:50Z,,10689.0,2709.79,2115.08,Passenger,896586,2026-07-09T04:59:49Z,2026-07-09T08:18:50Z,True
40933ed4,VF341,TKJ341,TKJ,TKJ,B738,TC-JHD,OSAP,ALP,2026-07-09T05:53:22Z,,LTFJ,SAW,LTFJ,SAW,2026-07-09T07:21:22Z,06R,5280.0,1017.27,865.643,Passenger,4BA904,2026-07-09T05:36:43Z,2026-07-09T07:35:43Z,True
40938c15,TK845,THY845,THY,THY,B739,TC-JYC,OSAP,ALP,2026-07-09T08:16:57Z,09L,LTFM,IST,LTFM,IST,2026-07-09T09:59:43Z,35R,6166.0,1129.78,928.333,Passenger,4BAB23,2026-07-09T07:45:09Z,2026-07-09T10:07:54Z,True
40939f4b,PC770,PGT770,PGT,PGT,B738,TC-AZP,LTFJ,SAW,2026-07-09T08:26:35Z,06L,OSAP,ALP,OSAP,ALP,2026-07-09T09:51:18Z,27R,5083.0,948.446,866.949,Passenger,4B8750,2026-07-09T08:14:07Z,2026-07-09T09:44:31Z,True
4093a2a5,G9352,ABY352,ABY,ABY,A320,A6-AOA,OSAP,ALP,2026-07-09T08:27:24Z,,OMSJ,SHJ,OMSJ,SHJ,2026-07-09T11:41:30Z,30,11646.0,2443.68,2117.83,Passenger,896727,2026-07-09T08:19:05Z,2026-07-09T11:41:30Z,True
4093b88d,3L457,ADY457,ADY,ADY,A320,A6-AUB,OSAP,ALP,2026-07-09T09:22:05Z,,OMAA,AUH,OMAA,AUH,2026-07-09T12:32:52Z,31R,11447.0,2403.61,2115.44,Passenger,896586,2026-07-09T08:51:45Z,2026-07-09T12:36:51Z,True
4093ca92,J9176,JZR176,JZR,JZR,A20N,9K-CBI,OSAP,ALP,2026-07-09T09:32:22Z,,OKKK,KWI,OKKK,KWI,2026-07-09T11:45:21Z,34,7979.0,1743.68,1266.51,Passenger,706130,2026-07-09T09:19:25Z,2026-07-09T11:53:42Z,True
4093ce91,,UNO501H,IGC,IGC,CRJ2,YI-BAK,OSAP,ALP,2026-07-09T09:26:23Z,,OSDI,DAM,OSDI,DAM,2026-07-09T10:08:32Z,23R,2529.0,427.95,313.025,Business_jets,72882B,2026-07-09T09:25:10Z,2026-07-09T10:08:46Z,True
409409a7,PC771,PGT771,PGT,PGT,B738,TC-AZP,OSAP,ALP,2026-07-09T10:56:11Z,27R,LTFJ,SAW,LTFJ,SAW,2026-07-09T12:22:14Z,06R,5163.0,953.565,865.454,Passenger,4B8750,2026-07-09T10:45:46Z,2026-07-09T12:30:14Z,True
409420d9,RJ433,RJA433,RJA,RJA,E295,JY-REH,OJAI,AMM,2026-07-09T11:14:17Z,26L,OSAP,ALP,OSAP,ALP,,,,566.396,471.592,Passenger,7448A8,2026-07-09T11:13:02Z,2026-07-09T11:57:51Z,True
40949a57,RJ434,RJA434,RJA,RJA,E295,JY-REH,OSAP,ALP,2026-07-09T13:15:43Z,,OJAI,AMM,OJAI,AMM,2026-07-09T14:13:22Z,26L,3459.0,596.901,508.327,Passenger,7448A8,2026-07-09T13:15:53Z,2026-07-09T14:13:37Z,True
4096b3b8,RJ431,RJA431,RJA,RJA,A20N,JY-RAN,OJAI,AMM,2026-07-10T01:31:34Z,26L,OSAP,ALP,OSAP,ALP,2026-07-10T02:24:43Z,,3189.0,607.117,507.999,Passenger,74482E,2026-07-09T23:01:26Z,2026-07-10T02:29:19Z,True
409721ae,FYC492,FYC492,FYC,FYC,A320,YK-BAB,LTFJ,SAW,2026-07-10T01:48:32Z,06L,OSAP,ALP,OSAP,ALP,,,,987.242,866.543,Passenger,778822,2026-07-10T01:30:52Z,2026-07-10T03:06:13Z,True
40975f7a,VF340,TKJ340,TKJ,TKJ,B738,TC-JHE,LTFJ,SAW,2026-07-10T03:27:34Z,06L,OSAP,ALP,OSAP,ALP,,,,1031.81,875.01,Passenger,4BA905,2026-07-10T03:12:50Z,2026-07-10T04:38:42Z,True
40976aa7,RJ432,RJA432,RJA,RJA,A20N,JY-RAN,OSAP,ALP,2026-07-10T03:44:40Z,27R,OJAI,AMM,OJAI,AMM,2026-07-10T04:38:06Z,26L,3206.0,566.408,508.33,Passenger,74482E,2026-07-10T03:33:29Z,2026-07-10T04:41:39Z,True
4097848f,TK844,THY844,THY,THY,B739,TC-JYI,LTFM,IST,2026-07-10T05:01:12Z,34L,OSAP,ALP,OSAP,ALP,2026-07-10T06:42:24Z,09L,6072.0,1166.73,940.085,Passenger,4BAB29,2026-07-10T04:17:47Z,2026-07-10T06:33:31Z,True
4097988c,G9351,ABY351,ABY,ABY,A320,A6-AOA,OMSJ,SHJ,2026-07-10T05:07:40Z,30,OSAP,ALP,OSAP,ALP,2026-07-10T08:02:39Z,,10499.0,2365.65,2119.73,Passenger,896727,2026-07-10T04:52:05Z,2026-07-10T08:04:06Z,True
4097a22c,PC770,PGT770,PGT,PGT,B738,TC-AZP,LTFJ,SAW,2026-07-10T05:25:42Z,06L,OSAP,ALP,OSAP,ALP,,,,977.384,867.225,Passenger,4B8750,2026-07-10T05:07:53Z,2026-07-10T06:47:14Z,True
4097b321,FYC725,FYC725,FYC,FYC,A320,YK-BAB,OSAP,ALP,2026-07-10T06:18:41Z,,OMDB,DXB,OMDB,DXB,2026-07-10T09:18:54Z,,10813.0,2436.43,2109.9,Passenger,778822,2026-07-10T05:37:15Z,2026-07-10T09:33:31Z,True
4097c417,VF341,TKJ341,TKJ,TKJ,B738,TC-JHE,OSAP,ALP,2026-07-10T06:11:14Z,,LTFJ,SAW,LTFJ,SAW,2026-07-10T07:38:03Z,06R,5209.0,1078.99,865.647,Passenger,4BA905,2026-07-10T06:05:49Z,2026-07-10T07:46:50Z,True
40980b42,PC771,PGT771,PGT,PGT,B738,TC-AZP,OSAP,ALP,2026-07-10T08:16:15Z,27R,LTFJ,SAW,LTFJ,SAW,2026-07-10T09:46:04Z,06R,5389.0,1011.43,865.694,Passenger,4B8750,2026-07-10T07:59:35Z,2026-07-10T09:55:30Z,True
40981c36,TK845,THY845,THY,THY,B739,TC-JYI,OSAP,ALP,2026-07-10T08:28:31Z,,LTFM,IST,LTFM,IST,2026-07-10T10:05:28Z,35R,5817.0,1061.22,926.978,Passenger,4BAB29,2026-07-10T08:24:42Z,2026-07-10T10:19:17Z,True
40983440,G9352,ABY352,ABY,ABY,A320,A6-AOA,OSAP,ALP,2026-07-10T09:06:29Z,,OMSJ,SHJ,OMSJ,SHJ,2026-07-10T12:11:10Z,,11081.0,2413.83,2118.53,Passenger,896727,2026-07-10T09:00:00Z,2026-07-10T12:17:05Z,True
40984be1,FYC726,FYC726,FYC,FYC,A320,YK-BAB,OMDB,DXB,2026-07-10T11:43:45Z,30L,OSAP,ALP,OSAP,ALP,2026-07-10T14:33:38Z,,10193.0,2294.43,2099.11,Passenger,778822,2026-07-10T09:33:35Z,2026-07-10T14:25:09Z,True
4098615a,TK840,THY840,THY,THY,B739,TC-JYC,LTFM,IST,2026-07-10T10:38:58Z,36,OSAP,ALP,OSAP,ALP,2026-07-10T12:10:10Z,,5472.0,1124.62,927.294,Passenger,4BAB23,2026-07-10T10:02:38Z,2026-07-10T12:10:10Z,True
4098b36e,RJ433,RJA433,RJA,RJA,E295,JY-REF,OJAI,AMM,2026-07-10T11:44:29Z,26L,OSAP,ALP,OSAP,ALP,,,,608.369,461.495,Passenger,7448A6,2026-07-10T11:44:22Z,2026-07-10T12:26:51Z,True
40992638,RJ434,RJA434,RJA,RJA,E295,JY-REF,OSAP,ALP,2026-07-10T13:34:23Z,09L,OJAI,AMM,OJAI,AMM,2026-07-10T14:32:14Z,26L,3471.0,552.396,508.483,Passenger,7448A6,2026-07-10T13:34:57Z,2026-07-10T14:33:52Z,True
40992bac,TK841,THY841,THY,THY,B739,TC-JYC,OSAP,ALP,2026-07-10T13:50:39Z,,LTFM,IST,LTFM,IST,2026-07-10T15:22:38Z,35R,5519.0,1052.08,927.253,Passenger,4BAB23,2026-07-10T13:40:01Z,2026-07-10T15:32:27Z,True
409b0494,FYC491,FYC491,FYC,FYC,A320,YK-BAB,OSAP,ALP,2026-07-10T22:30:37Z,,LTFJ,SAW,LTFJ,SAW,2026-07-10T23:51:22Z,06L,4845.0,935.118,865.68,Passenger,778822,2026-07-10T22:06:20Z,2026-07-10T23:55:47Z,True
409b8110,RJ431,RJA431,RJA,RJA,A20N,JY-RAG,OJAI,AMM,2026-07-11T01:23:55Z,26L,OSAP,ALP,OSAP,ALP,2026-07-11T02:22:28Z,27L,3513.0,584.695,508.894,Passenger,744827,2026-07-11T01:08:55Z,2026-07-11T02:14:24Z,True
409b8cb8,FYC762,FYC762,FYC,FYC,A320,YK-BAG,OMSJ,SHJ,2026-07-11T01:47:07Z,30,OSAP,ALP,OSAP,ALP,,,,2284.16,2091.2,Passenger,778827,2026-07-11T01:28:35Z,2026-07-11T04:26:45Z,True
409bc7c6,VF340,TKJ340,TKJ,TKJ,B738,TC-JGY,LTFJ,SAW,2026-07-11T03:27:49Z,06L,OSAP,ALP,OSAP,ALP,,,,1928.51,871.528,Passenger,4BA8F9,2026-07-11T03:15:03Z,2026-07-11T04:40:44Z,True
409bce96,RJ432,RJA432,RJA,RJA,A20N,JY-RAG,OSAP,ALP,2026-07-11T03:39:16Z,,OJAI,AMM,OJAI,AMM,2026-07-11T04:35:12Z,26R,3356.0,587.134,507.783,Passenger,744827,2026-07-11T03:28:07Z,2026-07-11T04:38:33Z,True
409be529,G9351,ABY351,ABY,ABY,A320,A6-AOH,OMSJ,SHJ,2026-07-11T04:25:02Z,30,OSAP,ALP,OSAP,ALP,2026-07-11T07:19:43Z,,10481.0,2397.41,2119.55,Passenger,896413,2026-07-11T04:10:10Z,2026-07-11T07:24:58Z,True
409becf0,TK844,THY844,THY,THY,B739,TC-JYC,LTFM,IST,2026-07-11T05:05:09Z,34L,OSAP,ALP,OSAP,ALP,,,,1068.43,931.783,Passenger,4BAB23,2026-07-11T04:25:06Z,2026-07-11T06:22:40Z,True
409bfa99,J9175,JZR175,JZR,JZR,A20N,9K-CBJ,OKKK,KWI,2026-07-11T05:05:54Z,33L,OSAP,ALP,OSAP,ALP,2026-07-11T07:12:07Z,,7573.0,1898.3,1265.88,Passenger,706131,2026-07-11T04:51:46Z,2026-07-11T07:07:11Z,True
409c00aa,3L456,ADY456,ADY,ADY,A320,A6-AUF,OMAA,AUH,2026-07-11T05:18:58Z,31L,OSAP,ALP,OSAP,ALP,,,,2307.42,2105.58,Passenger,8965F9,2026-07-11T05:02:34Z,2026-07-11T08:02:12Z,True
409c23bb,VF341,TKJ341,TKJ,TKJ,B738,TC-JGY,OSAP,ALP,2026-07-11T06:25:26Z,,LTFJ,SAW,LTFJ,SAW,2026-07-11T08:18:21Z,06L,6775.0,1197.7,866.001,Passenger,4BA8F9,2026-07-11T06:10:22Z,2026-07-11T08:23:56Z,True
409c3651,FYC761,FYC761,FYC,FYC,A320,YK-BAG,OSAP,ALP,2026-07-11T06:43:08Z,,OMSJ,SHJ,OMSJ,SHJ,2026-07-11T09:42:20Z,,10752.0,2374.1,2120.18,Passenger,778827,2026-07-11T06:45:30Z,2026-07-11T09:44:07Z,True
409c575c,RJ433,RJA433,RJA,RJA,E295,JY-REG,OJAI,AMM,2026-07-11T07:43:45Z,26R,OSAP,ALP,OJAI,AMM,2026-07-11T08:32:24Z,26R,2919.0,467.126,2.41556,Passenger,7448A7,2026-07-11T07:41:13Z,2026-07-11T08:32:37Z,True
409c7306,TK845,THY845,THY,THY,B739,TC-JYC,OSAP,ALP,2026-07-11T08:25:29Z,,LTFM,IST,LTFM,IST,2026-07-11T09:59:40Z,35R,5651.0,1078.98,928.594,Passenger,4BAB23,2026-07-11T08:23:52Z,2026-07-11T10:09:13Z,True
409c80f3,G9352,ABY352,ABY,ABY,A320,A6-AOH,OSAP,ALP,2026-07-11T08:46:51Z,,OMSJ,SHJ,OMSJ,SHJ,2026-07-11T11:55:46Z,30,11335.0,2486.8,2117.88,Passenger,896413,2026-07-11T08:44:37Z,2026-07-11T12:01:48Z,True
409c8fe4,J9176,JZR176,JZR,JZR,A20N,9K-CBJ,OSAP,ALP,2026-07-11T09:15:15Z,,OKKK,KWI,OKKK,KWI,2026-07-11T11:27:05Z,34,7910.0,1959.67,1266.36,Passenger,706131,2026-07-11T09:05:52Z,2026-07-11T11:39:57Z,True
409c9ecf,3L457,ADY457,ADY,ADY,A320,A6-AUF,OSAP,ALP,2026-07-11T09:26:18Z,,OMAA,AUH,OMAA,AUH,2026-07-11T12:34:08Z,,11270.0,3347.28,2136.34,Passenger,8965F9,2026-07-11T09:27:29Z,2026-07-11T12:30:46Z,True
409ce4b4,PC770,PGT770,PGT,PGT,B738,TC-CPK,LTFJ,SAW,2026-07-11T11:28:08Z,06L,OSAP,ALP,OSAP,ALP,,,,954.088,878.713,Passenger,4B8E0B,2026-07-11T11:03:20Z,2026-07-11T12:41:19Z,True
409d5c29,RJ433,RJA433,RJA,RJA,A20N,JY-RAA,OJAI,AMM,2026-07-11T13:30:02Z,26R,OSAP,ALP,OSAP,ALP,2026-07-11T14:26:43Z,,3401.0,683.937,507.272,Passenger,744821,2026-07-11T13:16:27Z,2026-07-11T14:26:43Z,True
409d75db,PC771,PGT771,PGT,PGT,B738,TC-CPK,OSAP,ALP,2026-07-11T13:46:16Z,,LTFJ,SAW,LTFJ,SAW,2026-07-11T15:19:50Z,06R,5614.0,1035.56,865.456,Passenger,4B8E0B,2026-07-11T13:41:09Z,2026-07-11T15:29:52Z,True
409dd529,RJ434,RJA434,RJA,RJA,A20N,JY-RAA,OSAP,ALP,2026-07-11T15:21:46Z,,OJAI,AMM,OJAI,AMM,2026-07-11T16:14:09Z,26L,3143.0,560.962,508.03,Passenger,744821,2026-07-11T15:13:29Z,2026-07-11T16:17:55Z,True
409f7f5f,RJ431,RJA431,RJA,RJA,E295,JY-REF,OJAI,AMM,2026-07-12T01:17:21Z,26L,OSAP,ALP,OSAP,ALP,,,,585.354,507.855,Passenger,7448A6,2026-07-12T01:16:49Z,2026-07-12T02:10:22Z,True
409fb637,VF340,TKJ340,TKJ,TKJ,B738,TC-JHE,LTFJ,SAW,2026-07-12T03:30:22Z,06L,OSAP,ALP,OSAP,ALP,2026-07-12T04:49:02Z,,4720.0,1689.72,865.274,Passenger,4BA905,2026-07-12T03:07:50Z,2026-07-12T04:49:02Z,True
409fbd07,RJ432,RJA432,RJA,RJA,E295,JY-REF,OSAP,ALP,2026-07-12T03:24:11Z,,OJAI,AMM,OJAI,AMM,2026-07-12T04:18:42Z,08R,3271.0,615.268,507.829,Passenger,7448A6,2026-07-12T03:23:36Z,2026-07-12T04:21:19Z,True
409fd627,G9351,ABY351,ABY,ABY,A320,A6-AOC,OMSJ,SHJ,2026-07-12T04:40:02Z,30,OSAP,ALP,OSAP,ALP,,,,2362.25,2118.01,Passenger,8963FF,2026-07-12T04:14:14Z,2026-07-12T07:34:47Z,True
409fd808,PC770,PGT770,PGT,PGT,B738,TC-CPK,LTFJ,SAW,2026-07-12T04:36:31Z,06L,OSAP,ALP,OSAP,ALP,,,,1900.24,809.833,Passenger,4B8E0B,2026-07-12T04:18:41Z,2026-07-12T05:47:09Z,True
409fd860,TK844,THY844,THY,THY,B739,TC-JYC,LTFM,IST,2026-07-12T05:16:02Z,34L,OSAP,ALP,OSAP,ALP,2026-07-12T06:44:52Z,,5330.0,1124.22,941.608,Passenger,4BAB23,2026-07-12T04:19:17Z,2026-07-12T06:35:40Z,True
40a015a3,VF341,TKJ341,TKJ,TKJ,B738,TC-JHE,OSAP,ALP,2026-07-12T06:27:52Z,,LTFJ,SAW,LTFJ,SAW,2026-07-12T07:59:03Z,06L,5471.0,1095.11,865.863,Passenger,4BA905,2026-07-12T06:24:40Z,2026-07-12T08:02:43Z,True
40a0260b,PC771,PGT771,PGT,PGT,B738,TC-CPK,OSAP,ALP,2026-07-12T07:06:19Z,,LTFJ,SAW,LTFJ,SAW,2026-07-12T08:31:46Z,06R,5127.0,1012.85,865.843,Passenger,4B8E0B,2026-07-12T06:56:07Z,2026-07-12T08:43:29Z,True
40a054b9,TK845,THY845,THY,THY,B739,TC-JYC,OSAP,ALP,2026-07-12T08:26:57Z,,LTFM,IST,LTFM,IST,2026-07-12T09:59:11Z,35R,5534.0,1327.74,928.009,Passenger,4BAB23,2026-07-12T08:16:00Z,2026-07-12T10:09:12Z,True
40a064a5,G9352,ABY352,ABY,ABY,A320,A6-AOC,OSAP,ALP,2026-07-12T08:35:10Z,09L,OMSJ,SHJ,OMSJ,SHJ,2026-07-12T11:43:04Z,,11274.0,2485.15,2151.61,Passenger,8963FF,2026-07-12T08:40:49Z,2026-07-12T11:39:57Z,True
40a09c51,DN551,DNA551,DNA,DNA,A320,YR-JUL,LROP,OTP,2026-07-12T10:13:51Z,08L,OSAP,ALP,OSAP,ALP,2026-07-12T12:16:20Z,09R,7349.0,1390.33,1325.55,Passenger,4A2AAC,2026-07-12T10:03:00Z,2026-07-12T12:18:45Z,True
40a0a6e6,TK840,THY840,THY,THY,B739,TC-JYI,LTFM,IST,2026-07-12T10:48:15Z,36,OSAP,ALP,OSAP,ALP,2026-07-12T12:18:31Z,,5416.0,1081.5,927.848,Passenger,4BAB29,2026-07-12T10:18:37Z,2026-07-12T12:18:31Z,True
40a10ed8,RJ433,RJA433,RJA,RJA,E290,JY-REE,OJAI,AMM,2026-07-12T12:34:33Z,26R,OSAP,ALP,OSAP,ALP,,,,764.458,503.156,Passenger,7448A5,2026-07-12T12:31:55Z,2026-07-12T13:23:58Z,True
40a110c4,DN552,DNA552,DNA,DNA,A320,YR-JUL,OSAP,ALP,2026-07-12T13:39:03Z,,LROP,OTP,LROP,OTP,2026-07-12T15:42:09Z,08R,7386.0,1399.36,1325.56,Passenger,4A2AAC,2026-07-12T12:33:54Z,2026-07-12T15:51:11Z,True
40a15c1c,TK841,THY841,THY,THY,B739,TC-JYI,OSAP,ALP,2026-07-12T14:07:32Z,,LTFM,IST,LTFM,IST,2026-07-12T15:36:49Z,35R,5357.0,1048.69,926.918,Passenger,4BAB29,2026-07-12T13:54:44Z,2026-07-12T15:52:41Z,True
40a18385,RJ434,RJA434,RJA,RJA,E290,JY-REE,OSAP,ALP,2026-07-12T14:36:35Z,,OJAI,AMM,OJAI,AMM,2026-07-12T15:30:54Z,26R,3259.0,584.413,507.294,Passenger,7448A5,2026-07-12T14:34:34Z,2026-07-12T15:31:38Z,True
40a366e6,RJ431,RJA431,RJA,RJA,A20N,JY-RAG,OJAI,AMM,2026-07-13T01:35:40Z,26L,OSAP,ALP,OSAP,ALP,2026-07-13T02:31:43Z,,3363.0,585.343,508.01,Passenger,744827,2026-07-13T01:14:28Z,2026-07-13T02:31:43Z,True
40a37109,FYC762,FYC762,FYC,FYC,A320,YK-BAC,OMSJ,SHJ,2026-07-13T01:33:20Z,30,OSAP,ALP,OSAP,ALP,,,,2327.06,2105.84,Passenger,778823,2026-07-13T01:32:14Z,2026-07-13T04:17:46Z,True
40a39de7,VF340,TKJ340,TKJ,TKJ,B738,TC-JHF,LTFJ,SAW,2026-07-13T03:17:50Z,06L,OSAP,ALP,OSAP,ALP,,,,951.732,860.715,Passenger,4BA906,2026-07-13T02:55:55Z,2026-07-13T04:30:35Z,True
40a3ad7e,PC770,PGT770,PGT,PGT,B738,TC-CPK,LTFJ,SAW,2026-07-13T03:44:41Z,06L,OSAP,ALP,OSAP,ALP,2026-07-13T05:06:09Z,,4888.0,960.395,869.274,Passenger,4B8E0B,2026-07-13T03:28:12Z,2026-07-13T04:58:56Z,True
40a3b1c6,RJ432,RJA432,RJA,RJA,A20N,JY-RAG,OSAP,ALP,2026-07-13T03:44:29Z,,OJAI,AMM,OJAI,AMM,2026-07-13T05:01:54Z,26R,4645.0,703.825,507.637,Passenger,744827,2026-07-13T03:36:36Z,2026-07-13T05:04:51Z,True
40a3ccba,TK844,THY844,THY,THY,B739,TC-JYB,LTFM,IST,2026-07-13T05:08:06Z,36,OSAP,ALP,OSAP,ALP,,,,1035.97,925.856,Passenger,4BAB22,2026-07-13T04:25:30Z,2026-07-13T06:24:50Z,True
40a3ee15,G9351,ABY351,ABY,ABY,A320,A6-AOC,OMSJ,SHJ,2026-07-13T05:38:54Z,30,OSAP,ALP,OSAP,ALP,,,,3032.78,2086.0,Passenger,8963FF,2026-07-13T05:25:57Z,2026-07-13T08:41:46Z,True
40a3fe1e,RB444,SYR444,SYR,SYR,B735,YK-SYR,LTFM,IST,2026-07-13T06:04:01Z,35L,OSAP,ALP,OSAP,ALP,2026-07-13T07:42:03Z,27R,5882.0,1051.56,928.644,Passenger,77CF32,2026-07-13T05:55:51Z,2026-07-13T07:42:03Z,True
40a40449,VF341,TKJ341,TKJ,TKJ,B738,TC-JHF,OSAP,ALP,2026-07-13T06:19:35Z,09L,LTFJ,SAW,LTFJ,SAW,2026-07-13T07:48:13Z,06R,5318.0,999.849,865.515,Passenger,4BA906,2026-07-13T06:05:51Z,2026-07-13T08:00:42Z,True
40a4100c,FYC761,FYC761,FYC,FYC,A320,YK-BAC,OSAP,ALP,2026-07-13T06:31:18Z,,OMSJ,SHJ,OMSJ,SHJ,2026-07-13T09:34:30Z,30,10992.0,2387.77,2117.91,Passenger,778823,2026-07-13T06:26:23Z,2026-07-13T09:35:46Z,True
40a43acd,PC771,PGT771,PGT,PGT,B738,TC-CPK,OSAP,ALP,2026-07-13T07:47:35Z,,LTFJ,SAW,LTFJ,SAW,2026-07-13T09:09:06Z,06R,4891.0,940.058,865.561,Passenger,4B8E0B,2026-07-13T07:39:11Z,2026-07-13T09:21:36Z,True
40a43c5b,RJ433,RJA433,RJA,RJA,E295,JY-REB,OJAI,AMM,2026-07-13T07:41:41Z,26L,OSAP,ALP,OSAP,ALP,,,,563.082,470.603,Passenger,7448A2,2026-07-13T07:41:40Z,2026-07-13T08:26:53Z,True
40a44d14,TK845,THY845,THY,THY,B739,TC-JYB,OSAP,ALP,2026-07-13T08:19:51Z,,LTFM,IST,LTFM,IST,2026-07-13T09:47:41Z,35R,5270.0,1027.48,926.924,Passenger,4BAB22,2026-07-13T08:08:49Z,2026-07-13T10:02:57Z,True
40a46362,,UNO501H,IGC,IGC,CRJ2,YI-BAK,OSDI,DAM,2026-07-13T08:41:35Z,,OSAP,ALP,OSAP,ALP,2026-07-13T09:30:10Z,,2915.0,424.788,319.948,Business_jets,72882B,2026-07-13T08:45:55Z,2026-07-13T09:20:56Z,True
40a487f3,,UNO501H,IGC,IGC,CRJ2,YI-BAK,OSAP,ALP,2026-07-13T09:42:21Z,,OSDI,DAM,OSDI,DAM,2026-07-13T10:22:47Z,23R,2426.0,374.789,313.031,Business_jets,72882B,2026-07-13T09:42:11Z,2026-07-13T10:23:11Z,True
40a48a00,RJ434,RJA434,RJA,RJA,E295,JY-REB,OSAP,ALP,2026-07-13T09:46:10Z,,OJAI,AMM,OJAI,AMM,2026-07-13T10:40:52Z,26L,3282.0,573.607,507.969,Passenger,7448A2,2026-07-13T09:45:18Z,2026-07-13T10:43:55Z,True
40a49899,G9352,ABY352,ABY,ABY,A320,A6-AOC,OSAP,ALP,,,OMSJ,SHJ,OMSJ,SHJ,2026-07-13T13:02:33Z,,,2423.75,2124.96,Passenger,8963FF,2026-07-13T10:05:14Z,2026-07-13T12:58:15Z,True
40a69d9b,RB445,SYR445,SYR,SYR,B735,YK-SYR,OSAP,ALP,2026-07-13T19:34:56Z,09L,LTFM,IST,LTFM,IST,2026-07-13T21:29:07Z,35R,6851.0,1122.21,928.268,Passenger,77CF32,2026-07-13T19:28:38Z,2026-07-13T21:40:09Z,True
40a792ca,RJ431,RJA431,RJA,RJA,A20N,JY-RAJ,OJAI,AMM,2026-07-14T01:19:48Z,26L,OSAP,ALP,OSAP,ALP,,,,519.516,453.623,Passenger,74482A,2026-07-14T01:07:49Z,2026-07-14T01:58:03Z,True
40a79bbd,FYC492,FYC492,FYC,FYC,A320,YK-BAA,LTFJ,SAW,2026-07-14T02:11:21Z,06R,OSAP,ALP,OSAP,ALP,2026-07-14T03:30:39Z,,4758.0,997.318,865.315,Passenger,778821,2026-07-14T01:21:55Z,2026-07-14T03:30:39Z,True
40a7a55a,FYC762,FYC762,FYC,FYC,A320,YK-BAG,OMSJ,SHJ,2026-07-14T01:42:44Z,30,OSAP,ALP,OSAP,ALP,2026-07-14T04:31:19Z,,10115.0,2360.91,2120.49,Passenger,778827,2026-07-14T01:37:38Z,2026-07-14T04:32:33Z,True
40a7d8bb,VF340,TKJ340,TKJ,TKJ,B738,TC-JGY,LTFJ,SAW,2026-07-14T03:24:57Z,06L,OSAP,ALP,OSAP,ALP,2026-07-14T04:44:47Z,27L,4790.0,996.927,872.027,Passenger,4BA8F9,2026-07-14T03:06:33Z,2026-07-14T04:41:21Z,True
40a7e106,RJ432,RJA432,RJA,RJA,A20N,JY-RAJ,OSAP,ALP,,,OJAI,AMM,OJAI,AMM,2026-07-14T04:12:17Z,26L,,969.154,414.633,Passenger,74482A,2026-07-14T03:21:51Z,2026-07-14T04:17:18Z,True
40a80694,TK844,THY844,THY,THY,B739,TC-JYF,LTFM,IST,2026-07-14T05:21:18Z,36,OSAP,ALP,OSAP,ALP,,,,1116.04,925.998,Passenger,4BAB26,2026-07-14T04:28:09Z,2026-07-14T06:43:38Z,True
40a80985,G9351,ABY351,ABY,ABY,A320,A6-AOA,OMSJ,SHJ,2026-07-14T04:47:10Z,30,OSAP,ALP,OSAP,ALP,2026-07-14T07:47:59Z,27R,10849.0,3183.14,2113.45,Passenger,896727,2026-07-14T04:33:22Z,2026-07-14T07:40:26Z,True
40a8187a,3L456,ADY456,ADY,ADY,A320,A6-AUF,OMAA,AUH,2026-07-14T05:13:15Z,31L,OSAP,ALP,OSAP,ALP,,,,4156.44,2191.57,Passenger,8965F9,2026-07-14T04:59:19Z,2026-07-14T07:51:02Z,True
40a83b37,VF341,TKJ341,TKJ,TKJ,B738,TC-JGY,OSAP,ALP,2026-07-14T06:11:15Z,,LTFJ,SAW,LTFJ,SAW,2026-07-14T07:42:16Z,06R,5461.0,1008.66,865.046,Passenger,4BA8F9,2026-07-14T06:00:08Z,2026-07-14T07:50:24Z,True
40a84a2c,FYC761,FYC761,FYC,FYC,A320,YK-BAG,OSAP,ALP,2026-07-14T06:30:02Z,,OMSJ,SHJ,OMSJ,SHJ,,,,3447.69,2141.69,Passenger,778827,2026-07-14T06:26:11Z,2026-07-14T09:26:30Z,True
40a8844a,RJ433,RJA433,RJA,RJA,E295,JY-REA,OJAI,AMM,2026-07-14T08:01:53Z,26R,OSAP,ALP,OSAP,ALP,,,,550.046,459.617,Passenger,7448A1,2026-07-14T08:00:45Z,2026-07-14T08:46:19Z,True
40a88a3f,TK845,THY845,THY,THY,B739,TC-JYF,OSAP,ALP,2026-07-14T08:20:17Z,,LTFM,IST,LTFM,IST,2026-07-14T09:56:06Z,35R,5749.0,1129.26,928.92,Passenger,4BAB26,2026-07-14T08:10:21Z,2026-07-14T10:01:11Z,True
40a89aa6,G9352,ABY352,ABY,ABY,A320,A6-AOA,OSAP,ALP,2026-07-14T08:48:49Z,,OMSJ,SHJ,OMSJ,SHJ,2026-07-14T12:00:40Z,,11511.0,7334.42,2163.47,Passenger,896727,2026-07-14T08:36:35Z,2026-07-14T11:57:31Z,True
40a8b785,3L457,ADY457,ADY,ADY,A320,A6-AUF,OSAP,ALP,2026-07-14T09:15:37Z,,OMAA,AUH,OMAA,AUH,,,,2873.03,2222.48,Passenger,8965F9,2026-07-14T09:20:19Z,2026-07-14T12:19:56Z,True
40a8d544,RJ434,RJA434,RJA,RJA,E295,JY-REA,OSAP,ALP,2026-07-14T10:03:37Z,,OJAI,AMM,OJAI,AMM,2026-07-14T11:01:32Z,26L,3475.0,600.774,508.309,Passenger,7448A1,2026-07-14T10:03:34Z,2026-07-14T11:01:56Z,True
40a8dad3,TK840,THY840,THY,THY,B739,TC-JYC,LTFM,IST,2026-07-14T10:41:21Z,36,OSAP,ALP,OSAP,ALP,2026-07-14T12:08:30Z,,5229.0,1062.59,928.241,Passenger,4BAB23,2026-07-14T10:11:21Z,2026-07-14T12:13:16Z,True
40a92936,PC770,PGT770,PGT,PGT,B738,TC-AIS,LTFJ,SAW,2026-07-14T12:29:04Z,06L,OSAP,ALP,OSAP,ALP,,,,952.99,874.244,Passenger,4B8533,2026-07-14T11:48:01Z,2026-07-14T13:41:15Z,True
40a95dfe,FYC455,FYC455,FYC,FYC,A320,YK-BAA,OSAP,ALP,2026-07-14T13:42:42Z,27R,UDYZ,EVN,UDYZ,EVN,2026-07-14T14:52:59Z,08,4217.0,889.507,766.965,Passenger,778821,2026-07-14T12:41:02Z,2026-07-14T14:53:10Z,True
40a98785,RB390,SYR390,SYR,SYR,A320,YK-AKH,OERK,RUH,2026-07-14T13:28:22Z,33R,OSAP,ALP,OSAP,ALP,,,,1588.31,1458.68,Passenger,778568,2026-07-14T13:20:04Z,2026-07-14T15:17:02Z,True
40a9aa9e,TK841,THY841,THY,THY,B739,TC-JYC,OSAP,ALP,2026-07-14T14:02:07Z,,LTFM,IST,LTFM,IST,2026-07-14T15:33:12Z,35R,5465.0,1044.09,927.461,Passenger,4BAB23,2026-07-14T13:52:26Z,2026-07-14T15:45:38Z,True
40a9d437,PC771,PGT771,PGT,PGT,B738,TC-AIS,OSAP,ALP,2026-07-14T14:44:31Z,,LTFJ,SAW,LTFJ,SAW,2026-07-14T16:07:10Z,06R,4959.0,953.777,866.222,Passenger,4B8533,2026-07-14T14:32:28Z,2026-07-14T16:14:32Z,True
40aa38c3,FYC456,FYC456,FYC,FYC,A320,YK-BAA,UDYZ,EVN,2026-07-14T16:24:45Z,26,OSAP,ALP,OSAP,ALP,2026-07-14T17:41:24Z,,4599.0,835.751,767.956,Passenger,778821,2026-07-14T16:10:46Z,2026-07-14T17:41:24Z,True
40aa9f1b,RB381,SYR381,SYR,SYR,A320,YK-AKH,OSAP,ALP,2026-07-14T18:06:49Z,27R,OEJN,JED,OEJN,JED,2026-07-14T20:22:57Z,34L,8168.0,1733.45,1618.77,Passenger,778568,2026-07-14T17:59:41Z,2026-07-14T20:31:21Z,True
40aacabf,FYC525,FYC525,FYC,FYC,A320,YK-BAA,OSAP,ALP,2026-07-14T19:00:04Z,,ORER,EBL,ORER,EBL,,,,1034.25,618.479,Passenger,778821,2026-07-14T18:50:30Z,2026-07-14T20:18:58Z,True
40ab4c42,FYC526,FYC526,FYC,FYC,A320,YK-BAA,ORER,EBL,2026-07-14T21:47:01Z,,OSAP,ALP,OSAP,ALP,,,,507.625,328.279,Passenger,778821,2026-07-14T21:34:48Z,2026-07-14T22:31:54Z,True
40ab573a,RB382,SYR382,SYR,SYR,A320,YK-AKH,OEJN,JED,2026-07-14T22:00:54Z,34C,OSAP,ALP,OSAP,ALP,,,,1695.12,1560.32,Passenger,778568,2026-07-14T21:50:09Z,2026-07-14T23:59:22Z,True
40abd407,FYC491,FYC491,FYC,FYC,A320,YK-BAA,OSAP,ALP,2026-07-15T00:35:35Z,,LTFJ,SAW,LTFJ,SAW,,,,930.408,842.984,Passenger,778821,2026-07-15T00:40:58Z,2026-07-15T01:54:55Z,True
40abea3c,RJ431,RJA431,RJA,RJA,A20N,JY-RAQ,OJAI,AMM,2026-07-15T01:28:30Z,26R,OSAP,ALP,OSAP,ALP,2026-07-15T02:27:23Z,,3533.0,616.174,506.403,Passenger,744831,2026-07-15T01:14:08Z,2026-07-15T02:19:51Z,True
40ac1bfd,RB389,SYR389,SYR,SYR,A320,YK-AKH,OSAP,ALP,2026-07-15T02:35:35Z,27L,OERK,RUH,OERK,RUH,2026-07-15T04:48:59Z,33R,8004.0,1697.62,1539.23,Passenger,778568,2026-07-15T02:33:33Z,2026-07-15T04:48:59Z,True
40ac1d07,RJ432,RJA432,RJA,RJA,A20N,JY-RAQ,OSAP,ALP,2026-07-15T03:31:11Z,,OJAI,AMM,OJAI,AMM,2026-07-15T04:23:00Z,26R,3109.0,573.173,507.771,Passenger,744831,2026-07-15T02:35:22Z,2026-07-15T04:26:49Z,True
40ac2ff2,VF340,TKJ340,TKJ,TKJ,B738,TC-JHB,LTFJ,SAW,2026-07-15T03:27:58Z,06L,OSAP,ALP,OSAP,ALP,,,,940.697,867.016,Passenger,4BA902,2026-07-15T03:06:49Z,2026-07-15T04:39:45Z,True
40ac58eb,PC770,PGT770,PGT,PGT,B738,TC-AIS,LTFJ,SAW,2026-07-15T04:34:10Z,06L,OSAP,ALP,OSAP,ALP,2026-07-15T05:57:50Z,,5020.0,950.647,865.772,Passenger,4B8533,2026-07-15T04:18:27Z,2026-07-15T05:57:50Z,True
40ac670b,TK844,THY844,THY,THY,A332,TC-JNA,LTFM,IST,2026-07-15T05:18:43Z,34L,OSAP,ALP,OSAP,ALP,,,,1105.82,928.626,Passenger,4BA9C1,2026-07-15T04:43:35Z,2026-07-15T06:43:37Z,True
40ac715a,G9351,ABY351,ABY,ABY,A320,A6-AQH,OMSJ,SHJ,2026-07-15T05:13:50Z,12,OSAP,ALP,OSAP,ALP,,,,3641.43,2087.57,Passenger,896668,2026-07-15T05:00:37Z,2026-07-15T07:56:28Z,True
40ac9cff,VF341,TKJ341,TKJ,TKJ,B738,TC-JHB,OSAP,ALP,2026-07-15T06:18:41Z,,LTFJ,SAW,LTFJ,SAW,2026-07-15T07:42:44Z,06R,5043.0,973.966,866.874,Passenger,4BA902,2026-07-15T06:16:07Z,2026-07-15T07:52:48Z,True
40acbb8c,PC771,PGT771,PGT,PGT,B738,TC-AIS,OSAP,ALP,2026-07-15T07:13:47Z,,LTFJ,SAW,LTFJ,SAW,2026-07-15T08:37:01Z,06R,4994.0,946.101,865.73,Passenger,4B8533,2026-07-15T07:07:35Z,2026-07-15T08:50:47Z,True
40acd6f1,RJ433,RJA433,RJA,RJA,E290,JY-REC,OJAI,AMM,2026-07-15T07:52:36Z,26L,OSAP,ALP,OSAP,ALP,2026-07-15T08:58:31Z,27R,3955.0,615.502,507.527,Passenger,7448A3,2026-07-15T07:51:08Z,2026-07-15T08:51:30Z,True
40ad018c,TK845,THY845,THY,THY,A332,TC-JNA,OSAP,ALP,2026-07-15T09:03:25Z,,LTFM,IST,LTFM,IST,2026-07-15T10:43:39Z,35R,6014.0,1155.86,928.508,Passenger,4BA9C1,2026-07-15T08:56:51Z,2026-07-15T10:54:07Z,True
40ad22a4,DN551,DNA551,DNA,DNA,A320,YR-JUL,LROP,OTP,2026-07-15T10:06:34Z,26R,OSAP,ALP,OSAP,ALP,2026-07-15T12:08:19Z,,7305.0,1395.46,1333.54,Passenger,4A2AAC,2026-07-15T09:46:08Z,2026-07-15T12:00:18Z,True
40ad2a98,RJ434,RJA434,RJA,RJA,E290,JY-REC,OSAP,ALP,2026-07-15T09:55:29Z,09L,OJAI,AMM,OJAI,AMM,2026-07-15T10:49:32Z,26L,3243.0,566.276,508.148,Passenger,7448A3,2026-07-15T09:56:50Z,2026-07-15T10:49:47Z,True
40ad5136,FYC762,FYC762,FYC,FYC,A320,YK-BAG,OMSJ,SHJ,2026-07-15T11:08:21Z,30,OSAP,ALP,OSAP,ALP,,,,2311.39,2115.72,Passenger,778827,2026-07-15T10:47:58Z,2026-07-15T13:52:26Z,True
40adcca8,DN552,DNA552,DNA,DNA,A320,YR-JUL,OSAP,ALP,2026-07-15T13:06:35Z,27L,LROP,OTP,LROP,OTP,2026-07-15T15:07:54Z,08R,7279.0,1408.21,1325.69,Passenger,4A2AAC,2026-07-15T12:56:21Z,2026-07-15T15:16:18Z,True
40af9d94,FYC761,FYC761,FYC,FYC,A320,YK-BAG,OSAP,ALP,2026-07-15T20:58:38Z,,OMSJ,SHJ,OMSJ,SHJ,2026-07-15T23:57:06Z,,10708.0,5770.23,2118.72,Passenger,778827,2026-07-15T20:51:56Z,2026-07-15T23:57:06Z,True
40b056cd,RJ431,RJA431,RJA,RJA,A20N,JY-RAH,OJAI,AMM,2026-07-16T01:23:20Z,26L,OSAP,ALP,OSAP,ALP,,,,531.874,449.312,Passenger,744828,2026-07-16T01:03:33Z,2026-07-16T02:05:18Z,True
40b08e9d,VF340,TKJ340,TKJ,TKJ,B738,TC-JFH,LTFJ,SAW,2026-07-16T03:11:17Z,06L,OSAP,ALP,OSAP,ALP,,,,940.723,861.637,Passenger,4BA8C8,2026-07-16T02:30:07Z,2026-07-16T04:19:49Z,True
40b0a69c,RJ432,RJA432,RJA,RJA,A20N,JY-RAH,OSAP,ALP,2026-07-16T03:19:13Z,,OJAI,AMM,OJAI,AMM,2026-07-16T04:15:06Z,26R,3353.0,601.752,507.763,Passenger,744828,2026-07-16T03:10:28Z,2026-07-16T04:19:00Z,True
40b0c9f0,G9351,ABY351,ABY,ABY,A320,A6-ANR,OMSJ,SHJ,2026-07-16T04:26:57Z,12,OSAP,ALP,OSAP,ALP,2026-07-16T07:30:48Z,,11031.0,2357.51,2108.32,Passenger,896382,2026-07-16T04:12:57Z,2026-07-16T07:22:16Z,True
40b0dfc6,TK844,THY844,THY,THY,A333,TC-JNO,LTFM,IST,2026-07-16T05:19:40Z,34L,OSAP,ALP,OSAP,ALP,2026-07-16T06:57:45Z,27R,5885.0,1119.86,938.386,Passenger,4BA9CF,2026-07-16T04:50:59Z,2026-07-16T06:49:08Z,True
40b0f112,3L456,ADY456,ADY,ADY,A320,A6-AUB,OMAA,AUH,2026-07-16T05:34:42Z,31L,OSAP,ALP,OSAP,ALP,,,,2296.47,2114.39,Passenger,896586,2026-07-16T05:19:30Z,2026-07-16T08:27:05Z,True
40b0fbcd,J9175,JZR175,JZR,JZR,A20N,9K-CBK,OKKK,KWI,2026-07-16T05:48:26Z,33L,OSAP,ALP,OSAP,ALP,2026-07-16T08:02:30Z,27R,8044.0,3207.31,1260.33,Passenger,706132,2026-07-16T05:38:56Z,2026-07-16T07:54:48Z,True
40b10bb0,VF341,TKJ341,TKJ,TKJ,B738,TC-JFH,OSAP,ALP,2026-07-16T06:07:15Z,,LTFJ,SAW,LTFJ,SAW,2026-07-16T07:33:15Z,06R,5160.0,1172.21,866.714,Passenger,4BA8C8,2026-07-16T06:05:57Z,2026-07-16T07:45:20Z,True
40b158dc,J9176,JZR176,JZR,JZR,A20N,9K-CBK,OSAP,ALP,2026-07-16T09:30:04Z,,OKKK,KWI,OKKK,KWI,2026-07-16T12:22:09Z,,10325.0,2208.84,1093.65,Passenger,706132,2026-07-16T08:09:51Z,2026-07-16T11:38:53Z,True
40b15a74,,UNO501H,IGC,IGC,CRJ2,YI-BAK,OSDI,DAM,2026-07-16T08:15:45Z,23L,OSAP,ALP,OSAP,ALP,2026-07-16T09:21:19Z,,3934.0,440.968,306.655,Business_jets,72882B,2026-07-16T08:12:23Z,2026-07-16T09:24:22Z,True
40b15a97,PC770,PGT770,PGT,PGT,B738,TC-AZP,LTFJ,SAW,2026-07-16T08:28:58Z,06L,OSAP,ALP,OSAP,ALP,2026-07-16T09:50:12Z,27R,4874.0,947.572,866.014,Passenger,4B8750,2026-07-16T08:12:37Z,2026-07-16T09:50:12Z,True
40b16aac,G9352,ABY352,ABY,ABY,A320,A6-ANR,OSAP,ALP,2026-07-16T08:44:31Z,09L,OMSJ,SHJ,OMSJ,SHJ,2026-07-16T11:50:53Z,12,11182.0,2395.56,2118.17,Passenger,896382,2026-07-16T08:36:21Z,2026-07-16T11:48:12Z,True
40b177be,TK845,THY845,THY,THY,A333,TC-JNO,OSAP,ALP,2026-07-16T09:08:23Z,,LTFM,IST,LTFM,IST,2026-07-16T10:36:17Z,35R,5274.0,1019.56,928.652,Passenger,4BA9CF,2026-07-16T08:55:58Z,2026-07-16T10:59:01Z,True
40b18b70,,UNO501H,IGC,IGC,CRJ2,YI-BAK,OSAP,ALP,2026-07-16T09:18:49Z,,OSDI,DAM,OSDI,DAM,2026-07-16T10:02:35Z,23R,2626.0,416.98,305.011,Business_jets,72882B,2026-07-16T09:24:31Z,2026-07-16T10:03:38Z,True
40b1cc1a,PC771,PGT771,PGT,PGT,B738,TC-AZP,OSAP,ALP,2026-07-16T10:57:42Z,,LTFJ,SAW,LTFJ,SAW,2026-07-16T12:30:12Z,06R,5550.0,1001.49,865.564,Passenger,4B8750,2026-07-16T10:49:30Z,2026-07-16T12:38:26Z,True
40b1d82d,RJ433,RJA433,RJA,RJA,E295,JY-REH,OJAI,AMM,2026-07-16T11:04:23Z,26L,OSAP,ALP,OSAP,ALP,,,,559.415,506.6,Passenger,7448A8,2026-07-16T11:03:28Z,2026-07-16T11:55:02Z,True
40b18d68,3L457,ADY457,ADY,ADY,A320,A6-AUB,OSAP,ALP,,,OMAA,AUH,OMAA,AUH,,,,132.728,92.2665,Passenger,896586,2026-07-16T12:32:32Z,2026-07-16T12:49:46Z,True
40b251ad,RJ434,RJA434,RJA,RJA,E295,JY-REH,OSAP,ALP,2026-07-16T13:06:26Z,,OJAI,AMM,OJAI,AMM,2026-07-16T14:03:18Z,26L,3412.0,591.661,508.179,Passenger,7448A8,2026-07-16T13:06:43Z,2026-07-16T14:14:54Z,True
40b4c868,RJ431,RJA431,RJA,RJA,A20N,JY-RAD,OJAI,AMM,2026-07-17T01:23:15Z,26L,OSAP,ALP,OSAP,ALP,,,,600.946,503.877,Passenger,744824,2026-07-17T01:10:05Z,2026-07-17T02:10:43Z,True
40b4cd47,FYC492,FYC492,FYC,FYC,A320,YK-BAC,LTFJ,SAW,2026-07-17T01:28:31Z,06R,OSAP,ALP,OSAP,ALP,,,,947.415,874.668,Passenger,778823,2026-07-17T01:17:18Z,2026-07-17T02:37:21Z,True
40b5036c,VF340,TKJ340,TKJ,TKJ,B738,TC-JHB,LTFJ,SAW,2026-07-17T03:28:54Z,06L,OSAP,ALP,OSAP,ALP,2026-07-17T04:53:12Z,27R,5058.0,952.068,869.772,Passenger,4BA902,2026-07-17T02:44:46Z,2026-07-17T04:45:41Z,True
40b51cdb,RJ432,RJA432,RJA,RJA,A20N,JY-RAD,OSAP,ALP,2026-07-17T03:38:57Z,09L,OJAI,AMM,OJAI,AMM,2026-07-17T04:35:40Z,26R,3403.0,582.462,507.851,Passenger,744824,2026-07-17T03:30:42Z,2026-07-17T04:40:28Z,True
40b53cae,G9351,ABY351,ABY,ABY,A320,A6-AOK,OMSJ,SHJ,2026-07-17T04:40:33Z,12,OSAP,ALP,OSAP,ALP,,,,2991.33,2143.56,Passenger,896434,2026-07-17T04:27:03Z,2026-07-17T07:25:22Z,True
40b53f72,TK844,THY844,THY,THY,B739,TC-JYC,LTFM,IST,2026-07-17T05:11:59Z,34L,OSAP,ALP,OSAP,ALP,,,,1124.33,933.48,Passenger,4BAB23,2026-07-17T04:31:52Z,2026-07-17T06:37:57Z,True
40b5533f,PC770,PGT770,PGT,PGT,B738,TC-AZP,LTFJ,SAW,2026-07-17T05:25:23Z,06L,OSAP,ALP,OSAP,ALP,2026-07-17T06:53:38Z,,5295.0,967.871,862.929,Passenger,4B8750,2026-07-17T05:05:47Z,2026-07-17T06:40:54Z,True
40b571fa,VF341,TKJ341,TKJ,TKJ,B738,TC-JHB,OSAP,ALP,2026-07-17T06:11:29Z,27R,LTFJ,SAW,LTFJ,SAW,2026-07-17T07:36:47Z,06R,5118.0,990.59,865.935,Passenger,4BA902,2026-07-17T06:00:50Z,2026-07-17T07:50:19Z,True
40b57a8f,FYC725,FYC725,FYC,FYC,A320,YK-BAC,OSAP,ALP,2026-07-17T06:23:17Z,,OMDB,DXB,OMDB,DXB,2026-07-17T09:16:43Z,,10406.0,2385.32,2109.77,Passenger,778823,2026-07-17T06:15:50Z,2026-07-17T09:25:18Z,True
40b5b0ea,PC771,PGT771,PGT,PGT,B738,TC-AZP,OSAP,ALP,2026-07-17T07:57:08Z,,LTFJ,SAW,LTFJ,SAW,2026-07-17T09:20:38Z,06R,5010.0,942.292,865.316,Passenger,4B8750,2026-07-17T07:46:47Z,2026-07-17T09:27:03Z,True
40b5ce92,TK845,THY845,THY,THY,B739,TC-JYC,OSAP,ALP,2026-07-17T08:41:22Z,,LTFM,IST,LTFM,IST,2026-07-17T10:19:23Z,35R,5881.0,1100.11,927.146,Passenger,4BAB23,2026-07-17T08:31:47Z,2026-07-17T10:34:40Z,True
40b5db3b,G9352,ABY352,ABY,ABY,A320,A6-AOK,OSAP,ALP,,,OMSJ,SHJ,OMSJ,SHJ,2026-07-17T11:45:48Z,12,,2621.34,2099.34,Passenger,896434,2026-07-17T08:51:31Z,2026-07-17T11:43:54Z,True
40b60fe6,TK840,THY840,THY,THY,B739,TC-JYF,LTFM,IST,2026-07-17T11:01:11Z,36,OSAP,ALP,OSAP,ALP,,,,1138.04,923.098,Passenger,4BAB26,2026-07-17T10:07:39Z,2026-07-17T12:23:37Z,True
40b635d2,FYC726,FYC726,FYC,FYC,A320,YK-BAC,OMDB,DXB,2026-07-17T11:21:23Z,12R,OSAP,ALP,OSAP,ALP,,,,2284.42,2043.89,Passenger,778823,2026-07-17T10:58:02Z,2026-07-17T13:54:16Z,True
40b69df6,RJ433,RJA433,RJA,RJA,E295,JY-REA,OJAI,AMM,2026-07-17T12:52:43Z,26R,OSAP,ALP,OSAP,ALP,,,,556.761,456.054,Passenger,7448A1,2026-07-17T12:51:07Z,2026-07-17T13:36:01Z,True
40b6e8a5,TK841,THY841,THY,THY,B739,TC-JYF,OSAP,ALP,2026-07-17T14:09:18Z,,LTFM,IST,LTFM,IST,2026-07-17T15:40:06Z,35R,5448.0,1054.45,927.125,Passenger,4BAB26,2026-07-17T14:00:31Z,2026-07-17T15:55:45Z,True
40b71cd1,RJ434,RJA434,RJA,RJA,E295,JY-REA,OSAP,ALP,2026-07-17T14:51:29Z,,OJAI,AMM,OJAI,AMM,2026-07-17T15:48:12Z,26R,3403.0,595.641,507.307,Passenger,7448A1,2026-07-17T14:49:43Z,2026-07-17T15:48:25Z,True
40b74950,FYC525,FYC525,FYC,FYC,A320,YK-BAC,OSAP,ALP,2026-07-17T15:37:25Z,,ORER,EBL,ORER,EBL,,,,1094.07,604.148,Passenger,778823,2026-07-17T15:33:26Z,2026-07-17T17:03:50Z,True
40b7d734,FYC526,FYC526,FYC,FYC,A320,YK-BAC,ORER,EBL,2026-07-17T18:13:35Z,18,OSAP,ALP,OSAP,ALP,2026-07-17T19:29:27Z,27R,4552.0,810.195,604.33,Passenger,778823,2026-07-17T17:59:10Z,2026-07-17T19:29:27Z,True
40b8ab3a,FYC491,FYC491,FYC,FYC,A320,YK-BAC,OSAP,ALP,2026-07-17T22:33:30Z,,LTFJ,SAW,LTFJ,SAW,2026-07-17T23:55:35Z,06R,4925.0,970.717,866.779,Passenger,778823,2026-07-17T22:33:12Z,2026-07-18T00:05:09Z,True
40b91885,RJ431,RJA431,RJA,RJA,A20N,JY-RAI,OJAI,AMM,2026-07-18T01:27:13Z,26L,OSAP,ALP,OSAP,ALP,,,,581.313,502.96,Passenger,744829,2026-07-18T01:14:35Z,2026-07-18T02:12:47Z,True
40b919fb,FYC762,FYC762,FYC,FYC,A320,YK-BAG,OMSJ,SHJ,2026-07-18T01:42:27Z,12,OSAP,ALP,OSAP,ALP,2026-07-18T04:39:25Z,,10618.0,3252.49,2119.5,Passenger,778827,2026-07-18T01:16:44Z,2026-07-18T04:44:31Z,True
40b958d8,VF340,TKJ340,TKJ,TKJ,B738,TC-JFH,LTFJ,SAW,2026-07-18T03:34:24Z,06L,OSAP,ALP,OSAP,ALP,,,,1244.97,778.303,Passenger,4BA8C8,2026-07-18T03:09:28Z,2026-07-18T04:52:35Z,True
40b96000,RJ432,RJA432,RJA,RJA,A20N,JY-RAI,OSAP,ALP,2026-07-18T03:32:33Z,27R,OJAI,AMM,OJAI,AMM,2026-07-18T04:25:38Z,26R,3185.0,562.039,507.769,Passenger,744829,2026-07-18T03:23:15Z,2026-07-18T04:28:57Z,True
40b9777e,G9351,ABY351,ABY,ABY,A320,A6-AOB,OMSJ,SHJ,2026-07-18T04:30:12Z,12,OSAP,ALP,OSAP,ALP,,,,4841.96,2095.77,Passenger,896401,2026-07-18T04:07:28Z,2026-07-18T07:47:03Z,True
40b97e53,TK844,THY844,THY,THY,B739,TC-JYI,LTFM,IST,2026-07-18T04:59:59Z,34L,OSAP,ALP,OSAP,ALP,2026-07-18T06:41:30Z,27R,6091.0,1103.75,931.644,Passenger,4BAB29,2026-07-18T04:20:37Z,2026-07-18T06:34:12Z,True
40b994ae,3L456,ADY456,ADY,ADY,A320,A6-AUG,OMAA,AUH,2026-07-18T05:22:14Z,13R,OSAP,ALP,OSAP,ALP,,,,2618.58,2109.69,Passenger,8965FA,2026-07-18T05:02:37Z,2026-07-18T08:15:33Z,True
40b9b4b9,VF341,TKJ341,TKJ,TKJ,B738,TC-JFH,OSAP,ALP,2026-07-18T06:13:21Z,27R,LTFJ,SAW,LTFJ,SAW,2026-07-18T07:35:47Z,06R,4946.0,1778.36,865.891,Passenger,4BA8C8,2026-07-18T06:03:54Z,2026-07-18T07:50:15Z,True
40b9c22b,FYC761,FYC761,FYC,FYC,A320,YK-BAG,OSAP,ALP,2026-07-18T06:44:13Z,,OMSJ,SHJ,OMSJ,SHJ,2026-07-18T09:39:27Z,,10514.0,2404.15,2118.23,Passenger,778827,2026-07-18T06:28:53Z,2026-07-18T09:43:44Z,True
40b9ee99,RJ433,RJA433,RJA,RJA,E295,JY-REA,OJAI,AMM,2026-07-18T07:50:30Z,26R,OSAP,ALP,OSAP,ALP,,,,580.713,506.592,Passenger,7448A1,2026-07-18T07:48:30Z,2026-07-18T08:44:08Z,True
40b9fe34,TK845,THY845,THY,THY,B739,TC-JYI,OSAP,ALP,2026-07-18T08:28:45Z,27R,LTFM,IST,LTFM,IST,2026-07-18T10:01:05Z,35R,5540.0,1074.45,927.307,Passenger,4BAB29,2026-07-18T08:13:54Z,2026-07-18T10:14:27Z,True
40ba1319,J9175,JZR175,JZR,JZR,A20N,9K-CBE,OKKK,KWI,2026-07-18T09:04:53Z,33L,OSAP,ALP,OSAP,ALP,2026-07-18T11:18:23Z,,8010.0,1507.81,1267.09,Passenger,70612C,2026-07-18T08:46:31Z,2026-07-18T11:18:23Z,True
40ba236d,G9352,ABY352,ABY,ABY,A320,A6-AOB,OSAP,ALP,,,OMSJ,SHJ,OMSJ,SHJ,2026-07-18T12:16:28Z,,,2470.29,2118.38,Passenger,896401,2026-07-18T09:10:18Z,2026-07-18T12:11:51Z,True
40ba26f1,3L457,ADY457,ADY,ADY,A320,A6-AUG,OSAP,ALP,2026-07-18T09:23:38Z,,OMAA,AUH,OMAA,AUH,2026-07-18T12:31:48Z,31R,11290.0,3071.94,2114.67,Passenger,8965FA,2026-07-18T09:15:18Z,2026-07-18T12:37:57Z,True
40ba537a,RJ434,RJA434,RJA,RJA,E295,JY-REA,OSAP,ALP,2026-07-18T10:19:14Z,,OJAI,AMM,OJAI,AMM,2026-07-18T11:14:23Z,26R,3309.0,628.279,507.062,Passenger,7448A1,2026-07-18T10:20:05Z,2026-07-18T11:15:03Z,True
40ba6fdb,PC770,PGT770,PGT,PGT,B738,TC-CPK,LTFJ,SAW,2026-07-18T11:30:08Z,06L,OSAP,ALP,OSAP,ALP,2026-07-18T13:01:45Z,27R,5497.0,979.459,873.778,Passenger,4B8E0B,2026-07-18T10:58:47Z,2026-07-18T12:53:13Z,True
40bace46,J9176,JZR176,JZR,JZR,A20N,9K-CBE,OSAP,ALP,2026-07-18T13:00:21Z,,OKKK,KWI,OKKK,KWI,2026-07-18T15:24:18Z,34,8637.0,1660.88,1266.77,Passenger,70612C,2026-07-18T12:50:37Z,2026-07-18T15:33:47Z,True
40bb0e4c,PC771,PGT771,PGT,PGT,B738,TC-CPK,OSAP,ALP,2026-07-18T14:07:14Z,,LTFJ,SAW,LTFJ,SAW,2026-07-18T15:32:08Z,06R,5094.0,1019.17,865.919,Passenger,4B8E0B,2026-07-18T13:55:48Z,2026-07-18T15:44:24Z,True
40bcf3e6,RJ431,RJA431,RJA,RJA,A20N,JY-RAF,OJAI,AMM,2026-07-19T01:20:54Z,26R,OSAP,ALP,OSAP,ALP,2026-07-19T02:19:20Z,27R,3506.0,615.109,507.807,Passenger,744826,2026-07-19T01:10:57Z,2026-07-19T02:17:19Z,True
40bd2e76,VF340,TKJ340,TKJ,TKJ,B738,TC-JHB,LTFJ,SAW,2026-07-19T03:31:48Z,06L,OSAP,ALP,OSAP,ALP,2026-07-19T04:49:14Z,27R,4646.0,969.368,868.152,Passenger,4BA902,2026-07-19T03:06:11Z,2026-07-19T04:47:09Z,True
40bd3913,RJ432,RJA432,RJA,RJA,A20N,JY-RAF,OSAP,ALP,2026-07-19T03:38:50Z,,OJAI,AMM,OJAI,AMM,2026-07-19T04:32:18Z,26R,3208.0,901.844,507.777,Passenger,744826,2026-07-19T03:28:22Z,2026-07-19T04:35:36Z,True
40bd5338,TK844,THY844,THY,THY,B739,TC-JYC,LTFM,IST,2026-07-19T05:02:40Z,36,OSAP,ALP,OSAP,ALP,,,,1074.13,933.577,Passenger,4BAB23,2026-07-19T04:19:27Z,2026-07-19T06:19:57Z,True
40bd5433,PC770,PGT770,PGT,PGT,B738,TC-CPC,LTFJ,SAW,2026-07-19T04:49:24Z,06L,OSAP,ALP,OSAP,ALP,,,,950.861,878.743,Passenger,4B8E03,2026-07-19T04:21:41Z,2026-07-19T06:00:59Z,True
40bd7e47,G9351,ABY351,ABY,ABY,A320,A6-AOA,OMSJ,SHJ,2026-07-19T06:08:40Z,30,OSAP,ALP,OSAP,ALP,,,,2439.6,2104.9,Passenger,896727,2026-07-19T05:46:49Z,2026-07-19T08:53:19Z,True
40bd8a69,VF341,TKJ341,TKJ,TKJ,B738,TC-JHB,OSAP,ALP,2026-07-19T06:22:08Z,,LTFJ,SAW,LTFJ,SAW,2026-07-19T07:48:31Z,06L,5183.0,1499.65,865.94,Passenger,4BA902,2026-07-19T06:10:38Z,2026-07-19T07:55:38Z,True
40bda76a,PC771,PGT771,PGT,PGT,B738,TC-CPC,OSAP,ALP,2026-07-19T07:21:01Z,27R,LTFJ,SAW,LTFJ,SAW,2026-07-19T08:43:48Z,06R,4967.0,940.08,865.275,Passenger,4B8E03,2026-07-19T07:07:07Z,2026-07-19T08:54:00Z,True
40bdcc5f,TK845,THY845,THY,THY,B739,TC-JYC,OSAP,ALP,2026-07-19T08:22:38Z,,LTFM,IST,LTFM,IST,2026-07-19T09:57:23Z,35R,5685.0,1143.82,927.391,Passenger,4BAB23,2026-07-19T08:14:29Z,2026-07-19T10:09:38Z,True
40be067f,DN551,DNA551,DNA,DNA,A320,YR-JUL,LROP,OTP,2026-07-19T10:03:08Z,08L,OSAP,ALP,OSAP,ALP,,,,1935.52,1283.36,Passenger,4A2AAC,2026-07-19T09:48:36Z,2026-07-19T11:51:23Z,True
40be0f3e,G9352,ABY352,ABY,ABY,A320,A6-AOA,OSAP,ALP,2026-07-19T10:06:32Z,,OMSJ,SHJ,OMSJ,SHJ,2026-07-19T13:14:43Z,,11291.0,2732.4,2182.31,Passenger,896727,2026-07-19T10:01:27Z,2026-07-19T13:00:10Z,True
40be1290,TK840,THY840,THY,THY,B739,TC-JYB,LTFM,IST,2026-07-19T10:42:38Z,36,OSAP,ALP,OSAP,ALP,2026-07-19T12:10:20Z,,5262.0,1083.75,927.446,Passenger,4BAB22,2026-07-19T10:06:34Z,2026-07-19T12:10:20Z,True
40be6780,RJ433,RJA433,RJA,RJA,A20N,JY-RAQ,OJAI,AMM,2026-07-19T12:27:07Z,26L,OSAP,ALP,OSAP,ALP,,,,592.089,508.551,Passenger,744831,2026-07-19T12:02:56Z,2026-07-19T13:18:11Z,True
40bea8f0,DN552,DNA552,DNA,DNA,A320,YR-JUL,OSAP,ALP,2026-07-19T13:13:10Z,,LROP,OTP,LROP,OTP,2026-07-19T15:19:17Z,,7567.0,1368.83,1294.92,Passenger,4A2AAC,2026-07-19T13:18:32Z,2026-07-19T15:17:29Z,True
40bec8b6,TK841,THY841,THY,THY,B739,TC-JYB,OSAP,ALP,2026-07-19T14:00:28Z,,LTFM,IST,LTFM,IST,2026-07-19T15:30:50Z,35R,5422.0,1243.73,927.3,Passenger,4BAB22,2026-07-19T13:51:35Z,2026-07-19T15:41:40Z,True
40bed351,RJ434,RJA434,RJA,RJA,A20N,JY-RAQ,OSAP,ALP,2026-07-19T14:11:05Z,27R,OJAI,AMM,OJAI,AMM,2026-07-19T15:04:44Z,,3219.0,830.578,508.051,Passenger,744831,2026-07-19T14:02:37Z,2026-07-19T15:06:55Z,True
40c0c25a,RJ431,RJA431,RJA,RJA,A20N,JY-RAJ,OJAI,AMM,2026-07-20T01:15:54Z,26R,OSAP,ALP,OSAP,ALP,,,,576.238,490.705,Passenger,74482A,2026-07-20T01:05:38Z,2026-07-20T02:02:32Z,True
40c0d36b,FYC762,FYC762,FYC,FYC,A320,YK-BAB,OMSJ,SHJ,2026-07-20T01:47:20Z,30,OSAP,ALP,OSAP,ALP,2026-07-20T04:38:21Z,,10261.0,2749.88,2118.81,Passenger,778822,2026-07-20T01:34:43Z,2026-07-20T04:45:15Z,True
40c0fd5c,VF340,TKJ340,TKJ,TKJ,B738,TC-JFH,LTFJ,SAW,2026-07-20T03:03:42Z,06L,OSAP,ALP,OSAP,ALP,,,,1419.96,775.861,Passenger,4BA8C8,2026-07-20T02:52:03Z,2026-07-20T04:17:56Z,True
40c10792,RJ432,RJA432,RJA,RJA,A20N,JY-RAJ,OSAP,ALP,2026-07-20T03:17:59Z,,OJAI,AMM,OJAI,AMM,2026-07-20T04:12:33Z,26L,3274.0,579.083,508.149,Passenger,74482A,2026-07-20T03:09:42Z,2026-07-20T04:16:36Z,True
40c1139b,PC770,PGT770,PGT,PGT,B738,TC-AIS,LTFJ,SAW,2026-07-20T03:53:03Z,06L,OSAP,ALP,OSAP,ALP,2026-07-20T05:22:20Z,,5357.0,1141.21,793.286,Passenger,4B8533,2026-07-20T03:33:23Z,2026-07-20T05:05:25Z,True
40c129b2,G9351,ABY351,ABY,ABY,A320,A6-ANE,OMSJ,SHJ,2026-07-20T04:33:34Z,30,OSAP,ALP,OSAP,ALP,,,,2815.77,2108.06,Passenger,896601,2026-07-20T04:14:21Z,2026-07-20T07:51:52Z,True
40c15415,TK844,THY844,THY,THY,A332,TC-JNC,LTFM,IST,2026-07-20T05:49:29Z,34L,OSAP,ALP,OSAP,ALP,2026-07-20T07:21:31Z,,5522.0,1097.71,927.496,Passenger,4BA9C3,2026-07-20T05:31:29Z,2026-07-20T07:21:31Z,True
40c15a64,RB444,SYR444,SYR,SYR,B735,YK-SYR,LTFM,IST,2026-07-20T05:56:42Z,35L,OSAP,ALP,OSAP,ALP,,,,1042.17,932.339,Passenger,77CF32,2026-07-20T05:43:13Z,2026-07-20T07:24:05Z,True
40c164e5,VF341,TKJ341,TKJ,TKJ,B738,TC-JFH,OSAP,ALP,2026-07-20T06:15:00Z,27R,LTFJ,SAW,LTFJ,SAW,2026-07-20T07:46:50Z,06R,5510.0,1047.43,865.894,Passenger,4BA8C8,2026-07-20T06:01:50Z,2026-07-20T07:56:55Z,True
40c16cbc,PC771,PGT771,PGT,PGT,B738,TC-AIS,OSAP,ALP,2026-07-20T06:25:59Z,27R,LTFJ,SAW,LTFJ,SAW,2026-07-20T07:55:14Z,06R,5355.0,1418.03,865.53,Passenger,4B8533,2026-07-20T06:15:57Z,2026-07-20T08:04:47Z,True
40c17052,FYC761,FYC761,FYC,FYC,A320,YK-BAB,OSAP,ALP,2026-07-20T06:58:52Z,,OMSJ,SHJ,OMSJ,SHJ,2026-07-20T09:55:40Z,,10608.0,3663.64,2118.82,Passenger,778822,2026-07-20T06:22:35Z,2026-07-20T10:33:51Z,True
40c19e1c,FZ1191,FDB1191,FDB,FDB,B738,A6-FGA,OMDB,DXB,2026-07-20T08:07:49Z,30R,OSAP,ALP,OSAP,ALP,,,,2738.11,2092.29,Passenger,896468,2026-07-20T07:42:51Z,2026-07-20T11:20:37Z,True
40c1a092,RJ433,RJA433,RJA,RJA,E290,JY-REC,OJAI,AMM,2026-07-20T07:48:01Z,26R,OSAP,ALP,OSAP,ALP,,,,572.25,479.285,Passenger,7448A3,2026-07-20T07:46:51Z,2026-07-20T08:33:39Z,True
40c1bffe,,UNO501H,IGC,IGC,CRJ2,YI-BAK,OSDI,DAM,2026-07-20T08:44:37Z,23L,OSAP,ALP,OSAP,ALP,2026-07-20T09:27:16Z,,2559.0,392.095,305.436,Business_jets,72882B,2026-07-20T08:37:13Z,2026-07-20T09:18:23Z,True
40c1c987,G9352,ABY352,ABY,ABY,A320,A6-ANE,OSAP,ALP,2026-07-20T08:59:11Z,,OMSJ,SHJ,OMSJ,SHJ,2026-07-20T12:09:36Z,,11425.0,2418.51,2120.7,Passenger,896601,2026-07-20T08:51:56Z,2026-07-20T12:05:16Z,True
40c1d226,TK845,THY845,THY,THY,A332,TC-JNC,OSAP,ALP,2026-07-20T09:14:13Z,,LTFM,IST,LTFM,IST,2026-07-20T10:42:56Z,35R,5323.0,1038.78,928.312,Passenger,4BA9C3,2026-07-20T09:04:35Z,2026-07-20T10:53:41Z,True
40c1ea60,,UNO501H,IGC,IGC,CRJ2,YI-BAK,OSAP,ALP,2026-07-20T09:41:28Z,,OSDI,DAM,OSDI,DAM,2026-07-20T10:26:03Z,23R,2675.0,449.246,313.107,Business_jets,72882B,2026-07-20T09:40:37Z,2026-07-20T10:26:03Z,True
40c1f3e1,RJ434,RJA434,RJA,RJA,E290,JY-REC,OSAP,ALP,2026-07-20T09:55:23Z,,OJAI,AMM,OJAI,AMM,2026-07-20T10:47:18Z,26L,3115.0,588.963,507.906,Passenger,7448A3,2026-07-20T09:54:57Z,2026-07-20T10:49:45Z,True
40c291d2,FZ1192,FDB1192,FDB,FDB,B738,A6-FGA,OSAP,ALP,2026-07-20T12:57:56Z,,OMDB,DXB,OMDB,DXB,2026-07-20T16:51:33Z,30L,14017.0,3446.57,2108.24,Passenger,896468,2026-07-20T12:57:36Z,2026-07-20T17:02:49Z,True
40c40c5f,RB445,SYR445,SYR,SYR,B735,YK-SYR,OSAP,ALP,2026-07-20T19:38:35Z,09L,LTFM,IST,LTFM,IST,2026-07-20T21:14:32Z,35R,5757.0,1071.14,928.036,Passenger,77CF32,2026-07-20T19:30:40Z,2026-07-20T21:24:42Z,True
40c50306,RJ431,RJA431,RJA,RJA,E295,JY-REB,OJAI,AMM,2026-07-21T01:18:32Z,26L,OSAP,ALP,OSAP,ALP,2026-07-21T02:21:56Z,27R,3804.0,611.814,507.855,Passenger,7448A2,2026-07-21T01:14:52Z,2026-07-21T02:14:06Z,True
40c50713,FYC492,FYC492,FYC,FYC,A320,YK-BAA,LTFJ,SAW,2026-07-21T01:42:40Z,06R,OSAP,ALP,OSAP,ALP,2026-07-21T02:55:59Z,,4399.0,971.98,871.056,Passenger,778821,2026-07-21T01:21:12Z,2026-07-21T02:50:14Z,True
40c50c55,FYC762,FYC762,FYC,FYC,A320,YK-BAC,OMSJ,SHJ,2026-07-21T01:49:29Z,,OSAP,ALP,OSAP,ALP,2026-07-21T04:43:27Z,,10438.0,2429.73,2107.72,Passenger,778823,2026-07-21T01:29:11Z,2026-07-21T04:34:57Z,True
40c541e2,VF340,TKJ340,TKJ,TKJ,B738,TC-JHB,LTFJ,SAW,2026-07-21T03:43:45Z,06L,OSAP,ALP,OSAP,ALP,,,,952.567,868.736,Passenger,4BA902,2026-07-21T02:59:14Z,2026-07-21T04:55:19Z,True
40c551e7,RJ432,RJA432,RJA,RJA,E295,JY-REB,OSAP,ALP,2026-07-21T03:34:32Z,27R,OJAI,AMM,OJAI,AMM,2026-07-21T04:27:24Z,26L,3172.0,657.982,507.856,Passenger,7448A2,2026-07-21T03:28:48Z,2026-07-21T04:27:52Z,True
40c56890,G9351,ABY351,ABY,ABY,A320,A6-ABM,OMSJ,SHJ,2026-07-21T04:31:47Z,30,OSAP,ALP,OSAP,ALP,,,,2423.7,2099.59,Passenger,896690,2026-07-21T04:10:03Z,2026-07-21T07:26:38Z,True
40c5705a,TK844,THY844,THY,THY,B739,TC-JYF,LTFM,IST,2026-07-21T05:00:46Z,36,OSAP,ALP,OSAP,ALP,2026-07-21T06:38:23Z,27R,5857.0,1188.51,927.07,Passenger,4BAB26,2026-07-21T04:23:42Z,2026-07-21T06:38:23Z,True
40c5a62d,VF341,TKJ341,TKJ,TKJ,B738,TC-JHB,OSAP,ALP,2026-07-21T06:08:57Z,,LTFJ,SAW,LTFJ,SAW,,,,1626.61,867.768,Passenger,4BA902,2026-07-21T05:58:52Z,2026-07-21T07:32:50Z,True
40c5b015,3L456,ADY456,ADY,ADY,A320,A6-AUF,OMAA,AUH,2026-07-21T06:30:29Z,31R,OSAP,ALP,OSAP,ALP,2026-07-21T09:35:34Z,,11105.0,2834.15,2115.06,Passenger,8965F9,2026-07-21T06:15:54Z,2026-07-21T09:35:34Z,True
40c5b4c0,FYC761,FYC761,FYC,FYC,A320,YK-BAC,OSAP,ALP,2026-07-21T06:30:59Z,09L,OMSJ,SHJ,OMSJ,SHJ,2026-07-21T09:35:37Z,,11078.0,2618.29,2118.3,Passenger,778823,2026-07-21T06:23:55Z,2026-07-21T09:33:32Z,True
40c5cfde,FZ1191,FDB1191,FDB,FDB,B738,A6-FEQ,OMDB,DXB,2026-07-21T07:30:29Z,30R,OSAP,ALP,OSAP,ALP,,,,3135.38,2100.79,Passenger,8963B3,2026-07-21T07:10:14Z,2026-07-21T10:14:30Z,True
40c5e97d,RJ433,RJA433,RJA,RJA,E290,JY-RED,OJAI,AMM,2026-07-21T07:54:03Z,26R,OSAP,ALP,OSAP,ALP,2026-07-21T09:00:34Z,27R,3991.0,646.304,507.715,Passenger,7448A4,2026-07-21T07:50:59Z,2026-07-21T08:51:59Z,True
40c5f98c,TK845,THY845,THY,THY,B739,TC-JYF,OSAP,ALP,2026-07-21T08:25:53Z,,LTFM,IST,LTFM,IST,2026-07-21T10:02:38Z,35R,5805.0,1064.44,928.72,Passenger,4BAB26,2026-07-21T08:15:20Z,2026-07-21T10:11:19Z,True
40c60ac8,G9352,ABY352,ABY,ABY,A320,A6-ABM,OSAP,ALP,2026-07-21T08:47:05Z,,OMSJ,SHJ,OMSJ,SHJ,2026-07-21T11:50:10Z,,10985.0,2383.43,2118.34,Passenger,896690,2026-07-21T08:40:59Z,2026-07-21T11:51:10Z,True
40c63787,RJ434,RJA434,RJA,RJA,E290,JY-RED,OSAP,ALP,2026-07-21T09:46:12Z,,OJAI,AMM,OJAI,AMM,2026-07-21T10:42:26Z,26L,3374.0,611.356,508.313,Passenger,7448A4,2026-07-21T09:45:55Z,2026-07-21T10:42:41Z,True
40c63f38,3L457,ADY457,ADY,ADY,A320,A6-AUF,OSAP,ALP,2026-07-21T10:17:41Z,,OMAA,AUH,OMAA,AUH,2026-07-21T13:40:58Z,31R,12197.0,2558.28,2115.15,Passenger,8965F9,2026-07-21T09:57:05Z,2026-07-21T13:46:31Z,True
40c64830,TK840,THY840,THY,THY,B739,TC-JYI,LTFM,IST,2026-07-21T10:46:54Z,35L,OSAP,ALP,OSAP,ALP,2026-07-21T12:07:53Z,,4859.0,1045.36,927.419,Passenger,4BAB29,2026-07-21T10:09:01Z,2026-07-21T12:07:53Z,True
40c6841b,FZ1192,FDB1192,FDB,FDB,B738,A6-FEQ,OSAP,ALP,2026-07-21T11:24:31Z,09L,OMDB,DXB,OMDB,DXB,2026-07-21T14:34:13Z,,11382.0,3332.47,2109.98,Passenger,8963B3,2026-07-21T11:24:39Z,2026-07-21T14:38:20Z,True
40c6b045,RB390,SYR390,SYR,SYR,A320,YK-AKH,OERK,RUH,2026-07-21T13:30:48Z,33R,OSAP,ALP,OSAP,ALP,,,,1639.36,1513.54,Passenger,778568,2026-07-21T12:12:45Z,2026-07-21T15:26:24Z,True
40c6c292,PC770,PGT770,PGT,PGT,B738,TC-CPK,LTFJ,SAW,2026-07-21T12:55:03Z,06L,OSAP,ALP,OSAP,ALP,2026-07-21T14:16:11Z,27R,4868.0,939.438,869.801,Passenger,4B8E0B,2026-07-21T12:31:12Z,2026-07-21T14:08:35Z,True
40c6eec0,FYC455,FYC455,FYC,FYC,A320,YK-BAA,OSAP,ALP,2026-07-21T13:48:51Z,,UDYZ,EVN,UDYZ,EVN,2026-07-21T14:55:50Z,08,4019.0,965.493,767.056,Passenger,778821,2026-07-21T13:43:40Z,2026-07-21T14:57:46Z,True
40c72c8a,TK841,THY841,THY,THY,B739,TC-JYI,OSAP,ALP,2026-07-21T14:30:46Z,,LTFM,IST,LTFM,IST,2026-07-21T16:00:00Z,35R,5354.0,1039.44,927.303,Passenger,4BAB29,2026-07-21T14:14:42Z,2026-07-21T16:12:12Z,True
40c7672c,PC771,PGT771,PGT,PGT,B738,TC-CPK,OSAP,ALP,2026-07-21T15:19:03Z,,LTFJ,SAW,LTFJ,SAW,2026-07-21T16:44:31Z,06R,5128.0,970.232,865.859,Passenger,4B8E0B,2026-07-21T15:12:30Z,2026-07-21T16:50:47Z,True
40c79854,FYC456,FYC456,FYC,FYC,A320,YK-BAA,UDYZ,EVN,2026-07-21T16:24:31Z,08,OSAP,ALP,OSAP,ALP,2026-07-21T17:41:50Z,,4639.0,888.614,749.99,Passenger,778821,2026-07-21T16:03:32Z,2026-07-21T17:34:22Z,True
40c7e6e2,RB381,SYR381,SYR,SYR,A320,YK-AKH,OSAP,ALP,2026-07-21T17:33:00Z,,OEJN,JED,OEJN,JED,2026-07-21T19:48:24Z,34L,8124.0,1752.02,1618.49,Passenger,778568,2026-07-21T17:29:49Z,2026-07-21T19:55:45Z,True
40c8473a,FYC525,FYC525,FYC,FYC,A320,YK-BAA,OSAP,ALP,2026-07-21T19:43:51Z,,ORER,EBL,ORER,EBL,,,,925.497,609.777,Passenger,778821,2026-07-21T19:31:09Z,2026-07-21T20:49:54Z,True
40c8880b,RB382,SYR382,SYR,SYR,A320,YK-AKH,OEJN,JED,2026-07-21T21:21:07Z,34C,OSAP,ALP,OSAP,ALP,2026-07-21T23:21:29Z,27R,7222.0,1666.39,1618.6,Passenger,778568,2026-07-21T21:03:27Z,2026-07-21T23:21:29Z,True
40c8bc48,FYC526,FYC526,FYC,FYC,A320,YK-BAA,ORER,EBL,,,OSAP,ALP,OSAP,ALP,2026-07-21T23:38:03Z,27R,,1230.58,591.062,Passenger,778821,2026-07-21T22:20:57Z,2026-07-21T23:30:50Z,True
40c910c9,FYC491,FYC491,FYC,FYC,A320,YK-BAA,OSAP,ALP,2026-07-22T00:32:38Z,27R,LTFJ,SAW,LTFJ,SAW,2026-07-22T01:52:40Z,06R,4802.0,1007.42,865.808,Passenger,778821,2026-07-22T00:25:38Z,2026-07-22T02:07:59Z,True
40c92da1,RJ431,RJA431,RJA,RJA,E295,JY-REG,OJAI,AMM,2026-07-22T01:23:35Z,26R,OSAP,ALP,OSAP,ALP,2026-07-22T02:24:12Z,27R,3637.0,591.775,507.436,Passenger,7448A7,2026-07-22T01:12:23Z,2026-07-22T02:22:06Z,True
40c96481,VF340,TKJ340,TKJ,TKJ,B738,TC-JFH,LTFJ,SAW,2026-07-22T03:28:41Z,06L,OSAP,ALP,OSAP,ALP,,,,1446.71,823.21,Passenger,4BA8C8,2026-07-22T02:43:55Z,2026-07-22T04:39:38Z,True
40c96cca,RB389,SYR389,SYR,SYR,A320,YK-AKH,OSAP,ALP,2026-07-22T03:03:02Z,27R,OERK,RUH,OERK,RUH,2026-07-22T05:12:00Z,33L,7738.0,2046.38,1541.2,Passenger,778568,2026-07-22T02:57:56Z,2026-07-22T05:23:42Z,True
40c97b3a,RJ432,RJA432,RJA,RJA,E295,JY-REG,OSAP,ALP,2026-07-22T03:31:58Z,,OJAI,AMM,OJAI,AMM,2026-07-22T04:29:01Z,26R,3423.0,636.732,507.901,Passenger,7448A7,2026-07-22T03:23:59Z,2026-07-22T04:29:44Z,True
40c99c2a,TK844,THY844,THY,THY,A332,TC-JNE,LTFM,IST,2026-07-22T05:31:15Z,36,OSAP,ALP,OSAP,ALP,,,,1583.81,930.171,Passenger,4BA9C5,2026-07-22T04:22:03Z,2026-07-22T06:55:24Z,True
40c9a1cc,G9351,ABY351,ABY,ABY,A320,A6-AOC,OMSJ,SHJ,2026-07-22T04:45:07Z,30,OSAP,ALP,OSAP,ALP,2026-07-22T08:01:55Z,,11808.0,2838.41,2118.66,Passenger,8963FF,2026-07-22T04:31:49Z,2026-07-22T08:01:55Z,True
40c9b317,PC770,PGT770,PGT,PGT,B738,TC-CPC,LTFJ,SAW,2026-07-22T05:19:56Z,06L,OSAP,ALP,OSAP,ALP,2026-07-22T06:48:55Z,27R,5339.0,1036.79,867.01,Passenger,4B8E03,2026-07-22T05:01:38Z,2026-07-22T06:41:55Z,True
40c9dbea,VF341,TKJ341,TKJ,TKJ,B738,TC-JFH,OSAP,ALP,2026-07-22T06:22:18Z,27R,LTFJ,SAW,LTFJ,SAW,2026-07-22T07:49:00Z,06R,5202.0,1408.42,865.769,Passenger,4BA8C8,2026-07-22T06:12:19Z,2026-07-22T08:00:33Z,True
40ca119a,FZ1191,FDB1191,FDB,FDB,B738,A6-FES,OMDB,DXB,2026-07-22T07:54:15Z,30R,OSAP,ALP,OSAP,ALP,2026-07-22T10:55:37Z,,10882.0,2301.76,2103.57,Passenger,8963B5,2026-07-22T07:39:50Z,2026-07-22T10:47:48Z,True
40ca16d9,PC771,PGT771,PGT,PGT,B738,TC-CPC,OSAP,ALP,2026-07-22T07:56:58Z,,LTFJ,SAW,LTFJ,SAW,2026-07-22T09:23:49Z,06R,5211.0,959.979,865.718,Passenger,4B8E03,2026-07-22T07:47:57Z,2026-07-22T09:33:50Z,True
40ca248f,RJ433,RJA433,RJA,RJA,A320,JY-AYR,OJAI,AMM,2026-07-22T08:06:53Z,,OSAP,ALP,OSAP,ALP,,,,674.206,433.373,Passenger,740732,2026-07-22T08:08:19Z,2026-07-22T08:56:58Z,True
40ca26d6,G9352,ABY352,ABY,ABY,A320,A6-AOC,OSAP,ALP,2026-07-22T08:52:52Z,,OMSJ,SHJ,OMSJ,SHJ,2026-07-22T11:48:26Z,,10534.0,2373.9,2124.62,Passenger,8963FF,2026-07-22T08:12:10Z,2026-07-22T11:42:26Z,True
40ca3320,TK845,THY845,THY,THY,A332,TC-JNE,OSAP,ALP,2026-07-22T08:42:20Z,,LTFM,IST,LTFM,IST,2026-07-22T10:24:42Z,35R,6142.0,2092.62,928.167,Passenger,4BA9C5,2026-07-22T08:30:17Z,2026-07-22T10:47:10Z,True
40ca6594,FYC762,FYC762,FYC,FYC,A320,YK-BAC,OMSJ,SHJ,2026-07-22T10:51:13Z,30,OSAP,ALP,OSAP,ALP,,,,2485.65,2088.58,Passenger,778823,2026-07-22T09:43:47Z,2026-07-22T13:30:35Z,True
40ca69f4,RJ434,RJA434,RJA,RJA,A320,JY-AYR,OSAP,ALP,2026-07-22T10:00:35Z,,OJAI,AMM,OJAI,AMM,2026-07-22T10:57:07Z,26L,3392.0,585.434,507.783,Passenger,740732,2026-07-22T09:49:56Z,2026-07-22T11:01:55Z,True
40ca7a5a,DN551,DNA551,DNA,DNA,A320,YR-JUL,LROP,OTP,2026-07-22T10:33:56Z,08L,OSAP,ALP,OSAP,ALP,,,,1402.75,1347.6,Passenger,4A2AAC,2026-07-22T10:12:09Z,2026-07-22T12:22:09Z,True
40cacb6e,FZ1192,FDB1192,FDB,FDB,B738,A6-FES,OSAP,ALP,2026-07-22T11:50:16Z,,OMDB,DXB,OMDB,DXB,2026-07-22T14:59:57Z,,11381.0,2475.13,2108.18,Passenger,8963B5,2026-07-22T11:49:43Z,2026-07-22T15:07:29Z,True
40cb315c,DN552,DNA552,DNA,DNA,A320,YR-JUL,OSAP,ALP,2026-07-22T13:44:57Z,,LROP,OTP,LROP,OTP,2026-07-22T15:50:29Z,08R,7532.0,1395.44,1325.65,Passenger,4A2AAC,2026-07-22T13:28:23Z,2026-07-22T15:58:32Z,True
40ccde20,FYC761,FYC761,FYC,FYC,A320,YK-BAC,OSAP,ALP,2026-07-22T21:06:03Z,,OMSJ,SHJ,OMSJ,SHJ,2026-07-23T00:06:42Z,,10839.0,2708.33,2120.45,Passenger,778823,2026-07-22T21:02:36Z,2026-07-23T00:05:57Z,True
40cd92be,RJ431,RJA431,RJA,RJA,A20N,JY-RAN,OJAI,AMM,2026-07-23T01:28:17Z,26L,OSAP,ALP,OSAP,ALP,,,,610.585,507.938,Passenger,74482E,2026-07-23T01:14:06Z,2026-07-23T02:24:08Z,True
40cdcddf,VF340,TKJ340,TKJ,TKJ,B738,TC-JHA,LTFJ,SAW,2026-07-23T03:05:00Z,06L,OSAP,ALP,OSAP,ALP,2026-07-23T04:26:16Z,,4876.0,1652.74,874.595,Passenger,4BA901,2026-07-23T02:49:33Z,2026-07-23T04:16:02Z,True
40cde68b,RJ432,RJA432,RJA,RJA,A20N,JY-RAN,OSAP,ALP,2026-07-23T03:44:09Z,,OJAI,AMM,OJAI,AMM,2026-07-23T04:34:23Z,26L,3014.0,664.772,507.682,Passenger,74482E,2026-07-23T03:34:44Z,2026-07-23T04:36:59Z,True
40cdf908,G9351,ABY351,ABY,ABY,A320,A6-ANQ,OMSJ,SHJ,2026-07-23T04:19:37Z,30,OSAP,ALP,OSAP,ALP,,,,4448.97,2213.4,Passenger,896372,2026-07-23T04:05:50Z,2026-07-23T07:16:13Z,True
40ce02c7,TK844,THY844,THY,THY,B739,TC-JYF,LTFM,IST,2026-07-23T05:11:22Z,34L,OSAP,ALP,OSAP,ALP,2026-07-23T06:45:32Z,09L,5650.0,1280.86,933.983,Passenger,4BAB26,2026-07-23T04:22:24Z,2026-07-23T06:37:56Z,True
40ce0d60,3L456,ADY456,ADY,ADY,A320,A6-AUF,OMAA,AUH,2026-07-23T04:55:29Z,31L,OSAP,ALP,OSAP,ALP,,,,3241.68,2097.83,Passenger,8965F9,2026-07-23T04:41:16Z,2026-07-23T07:47:58Z,True
40ce3fe5,VF341,TKJ341,TKJ,TKJ,B738,TC-JHA,OSAP,ALP,2026-07-23T06:22:46Z,,LTFJ,SAW,LTFJ,SAW,2026-07-23T07:51:56Z,06R,5350.0,1055.01,866.005,Passenger,4BA901,2026-07-23T06:10:20Z,2026-07-23T08:10:25Z,True
40ce4981,J9175,JZR175,JZR,JZR,A20N,9K-CBJ,OKKK,KWI,2026-07-23T06:36:36Z,33L,OSAP,ALP,OSAP,ALP,2026-07-23T08:46:50Z,27R,7814.0,1580.06,1263.38,Passenger,706131,2026-07-23T06:26:42Z,2026-07-23T08:39:37Z,True
40ce639a,FZ1191,FDB1191,FDB,FDB,B738,A6-FGA,OMDB,DXB,2026-07-23T07:35:47Z,30R,OSAP,ALP,OSAP,ALP,2026-07-23T10:30:13Z,,10466.0,2300.47,2109.33,Passenger,896468,2026-07-23T07:09:38Z,2026-07-23T10:32:10Z,True
40ce8a81,TK845,THY845,THY,THY,B739,TC-JYF,OSAP,ALP,2026-07-23T08:27:11Z,,LTFM,IST,LTFM,IST,2026-07-23T10:04:07Z,35R,5816.0,1537.85,926.946,Passenger,4BAB26,2026-07-23T08:10:59Z,2026-07-23T10:20:25Z,True
40ce9054,PC770,PGT770,PGT,PGT,B738,TC-CPC,LTFJ,SAW,2026-07-23T08:43:01Z,06L,OSAP,ALP,OSAP,ALP,,,,961.156,872.245,Passenger,4B8E03,2026-07-23T08:20:21Z,2026-07-23T09:54:47Z,True
40ce9675,,UNO501H,IGC,IGC,CRJ2,YI-BAK,OSDI,DAM,2026-07-23T08:33:53Z,23L,OSAP,ALP,OSAP,ALP,2026-07-23T09:15:18Z,,2485.0,412.841,314.455,Business_jets,72882B,2026-07-23T08:29:23Z,2026-07-23T09:15:18Z,True
40ce9a21,G9352,ABY352,ABY,ABY,A320,A6-ANQ,OSAP,ALP,2026-07-23T08:29:56Z,,OMSJ,SHJ,OMSJ,SHJ,,,,2572.97,2145.2,Passenger,896372,2026-07-23T08:35:00Z,2026-07-23T11:32:48Z,True
40cea415,3L457,ADY457,ADY,ADY,A320,A6-AUF,OSAP,ALP,2026-07-23T08:53:35Z,,OMAA,AUH,OMAA,AUH,2026-07-23T11:55:15Z,,10900.0,2712.65,2115.34,Passenger,8965F9,2026-07-23T08:50:10Z,2026-07-23T12:05:03Z,True
40cec89f,,UNO501H,IGC,IGC,CRJ2,YI-BAK,OSAP,ALP,2026-07-23T09:45:11Z,,OSDI,DAM,OSDI,DAM,2026-07-23T10:22:44Z,23R,2253.0,335.928,313.19,Business_jets,72882B,2026-07-23T09:44:06Z,2026-07-23T10:23:23Z,True
40ceddb2,J9176,JZR176,JZR,JZR,A20N,9K-CBJ,OSAP,ALP,2026-07-23T10:22:26Z,,OKKK,KWI,OKKK,KWI,2026-07-23T12:28:01Z,34,7535.0,1920.57,1266.46,Passenger,706131,2026-07-23T10:12:30Z,2026-07-23T12:38:06Z,True
40cf057d,PC771,PGT771,PGT,PGT,B738,TC-CPC,OSAP,ALP,2026-07-23T11:20:08Z,,LTFJ,SAW,LTFJ,SAW,2026-07-23T12:45:44Z,06R,5136.0,969.834,865.823,Passenger,4B8E03,2026-07-23T11:02:41Z,2026-07-23T12:55:03Z,True
40cf178e,FZ1192,FDB1192,FDB,FDB,B738,A6-FGA,OSAP,ALP,2026-07-23T11:26:18Z,09L,OMDB,DXB,OMDB,DXB,2026-07-23T14:32:42Z,30L,11184.0,2807.26,2109.32,Passenger,896468,2026-07-23T11:23:03Z,2026-07-23T14:40:16Z,True
40cf7349,RJ433,RJA433,RJA,RJA,E290,JY-REC,OJAI,AMM,2026-07-23T12:53:18Z,26L,OSAP,ALP,OSAP,ALP,,,,616.7,508.166,Passenger,7448A3,2026-07-23T12:53:14Z,2026-07-23T13:47:12Z,True
40cff2db,RJ434,RJA434,RJA,RJA,E290,JY-REC,OSAP,ALP,2026-07-23T14:43:45Z,09L,OJAI,AMM,OJAI,AMM,2026-07-23T15:36:16Z,26R,3151.0,572.411,507.307,Passenger,7448A3,2026-07-23T14:44:00Z,2026-07-23T15:36:23Z,True
40d20469,FYC492,FYC492,FYC,FYC,A320,YK-BAA,LTFJ,SAW,2026-07-24T01:44:12Z,06R,OSAP,ALP,OSAP,ALP,,,,1281.03,873.469,Passenger,778821,2026-07-24T00:29:48Z,2026-07-24T02:53:21Z,True
40d2226c,RJ431,RJA431,RJA,RJA,A20N,JY-RAB,OJAI,AMM,2026-07-24T01:27:24Z,26L,OSAP,ALP,OSAP,ALP,,,,620.546,509.615,Passenger,744822,2026-07-24T01:14:55Z,2026-07-24T02:23:30Z,True
40d26a70,VF340,TKJ340,TKJ,TKJ,B738,TC-JFH,LTFJ,SAW,2026-07-24T03:36:15Z,06L,OSAP,ALP,OSAP,ALP,2026-07-24T04:54:18Z,,4683.0,945.068,865.793,Passenger,4BA8C8,2026-07-24T03:12:13Z,2026-07-24T04:56:03Z,True
40d27500,RJ432,RJA432,RJA,RJA,A20N,JY-RAB,OSAP,ALP,2026-07-24T03:34:18Z,09L,OJAI,AMM,OJAI,AMM,2026-07-24T04:33:03Z,,3525.0,1016.91,899.072,Passenger,744822,2026-07-24T03:32:27Z,2026-07-24T04:23:49Z,True
40d288e3,G9351,ABY351,ABY,ABY,A320,A6-AOH,OMSJ,SHJ,2026-07-24T04:26:32Z,30,OSAP,ALP,OSAP,ALP,,,,2379.56,2117.2,Passenger,896413,2026-07-24T04:07:00Z,2026-07-24T07:21:12Z,True
40d294f7,TK844,THY844,THY,THY,B739,TC-JYF,LTFM,IST,2026-07-24T05:20:09Z,36,OSAP,ALP,OSAP,ALP,2026-07-24T06:50:32Z,,5423.0,1105.67,929.092,Passenger,4BAB26,2026-07-24T04:28:32Z,2026-07-24T06:54:17Z,True
40d2c197,PC770,PGT770,PGT,PGT,B738,TC-CPK,LTFJ,SAW,2026-07-24T06:13:41Z,06L,OSAP,ALP,OSAP,ALP,,,,1033.01,873.261,Passenger,4B8E0B,2026-07-24T05:45:57Z,2026-07-24T07:44:25Z,True
40d2c749,FYC725,FYC725,FYC,FYC,A320,YK-BAA,OSAP,ALP,2026-07-24T06:28:45Z,,OMDB,DXB,OMDB,DXB,2026-07-24T09:27:49Z,30L,10744.0,2425.1,2109.94,Passenger,778821,2026-07-24T05:55:49Z,2026-07-24T09:34:43Z,True
40d2d0f6,VF341,TKJ341,TKJ,TKJ,B738,TC-JFH,OSAP,ALP,2026-07-24T06:22:27Z,,LTFJ,SAW,LTFJ,SAW,2026-07-24T07:52:27Z,06R,5400.0,993.577,865.891,Passenger,4BA8C8,2026-07-24T06:12:31Z,2026-07-24T08:05:38Z,True
40d2f173,FZ1191,FDB1191,FDB,FDB,B738,A6-FEV,OMDB,DXB,2026-07-24T07:35:32Z,30R,OSAP,ALP,OSAP,ALP,2026-07-24T10:34:30Z,,10738.0,3563.08,2102.57,Passenger,8963B8,2026-07-24T07:07:15Z,2026-07-24T10:26:09Z,True
40d32373,TK845,THY845,THY,THY,B739,TC-JYF,OSAP,ALP,2026-07-24T08:33:28Z,09L,LTFM,IST,LTFM,IST,2026-07-24T10:09:10Z,35R,5742.0,1052.97,929.034,Passenger,4BAB26,2026-07-24T08:24:58Z,2026-07-24T10:16:05Z,True
40d328ca,G9352,ABY352,ABY,ABY,A320,A6-AOH,OSAP,ALP,2026-07-24T08:37:50Z,09L,OMSJ,SHJ,OMSJ,SHJ,2026-07-24T11:41:40Z,30,11030.0,2395.35,2118.01,Passenger,896413,2026-07-24T08:32:12Z,2026-07-24T11:42:47Z,True
40d33770,PC771,PGT771,PGT,PGT,B738,TC-CPK,OSAP,ALP,2026-07-24T08:57:48Z,,LTFJ,SAW,LTFJ,SAW,2026-07-24T10:26:31Z,06R,5323.0,970.597,865.776,Passenger,4B8E0B,2026-07-24T08:53:22Z,2026-07-24T10:33:16Z,True
40d36b07,TK840,THY840,THY,THY,B739,TC-JYI,LTFM,IST,2026-07-24T10:41:16Z,36,OSAP,ALP,OSAP,ALP,,,,1058.17,929.953,Passenger,4BAB29,2026-07-24T10:05:43Z,2026-07-24T12:07:57Z,True
40d39a98,FYC726,FYC726,FYC,FYC,A320,YK-BAA,OMDB,DXB,2026-07-24T11:31:11Z,30R,OSAP,ALP,OSAP,ALP,2026-07-24T14:26:35Z,,10524.0,2414.06,2100.93,Passenger,778821,2026-07-24T11:06:26Z,2026-07-24T14:17:58Z,True
40d3adcf,FZ1192,FDB1192,FDB,FDB,B738,A6-FEV,OSAP,ALP,,,OMDB,DXB,OMDB,DXB,2026-07-24T14:29:54Z,,,2515.62,2107.99,Passenger,8963B8,2026-07-24T11:28:33Z,2026-07-24T14:28:02Z,True
40d42016,RJ433,RJA433,RJA,RJA,E290,JY-REE,OJAI,AMM,2026-07-24T13:20:12Z,26R,OSAP,ALP,OSAP,ALP,2026-07-24T14:21:45Z,,3693.0,586.321,505.378,Passenger,7448A5,2026-07-24T13:19:48Z,2026-07-24T14:13:22Z,True
40d443a0,TK841,THY841,THY,THY,B739,TC-JYI,OSAP,ALP,2026-07-24T13:55:49Z,,LTFM,IST,LTFM,IST,2026-07-24T15:33:26Z,35R,5857.0,1074.26,927.008,Passenger,4BAB29,2026-07-24T13:50:37Z,2026-07-24T15:56:13Z,True
40d4a86e,RJ434,RJA434,RJA,RJA,E290,JY-REE,OSAP,ALP,2026-07-24T15:19:54Z,,OJAI,AMM,OJAI,AMM,2026-07-24T16:13:47Z,26R,3233.0,571.18,507.301,Passenger,7448A5,2026-07-24T15:19:45Z,2026-07-24T16:13:59Z,True
40d63463,FYC491,FYC491,FYC,FYC,A320,YK-BAA,OSAP,ALP,2026-07-24T22:40:00Z,27R,LTFJ,SAW,LTFJ,SAW,2026-07-25T00:01:00Z,06R,4860.0,940.468,866.432,Passenger,778821,2026-07-24T22:41:47Z,2026-07-25T00:14:18Z,True
40d69932,RJ431,RJA431,RJA,RJA,A20N,JY-RAL,OJAI,AMM,2026-07-25T01:20:25Z,26L,OSAP,ALP,OSAP,ALP,,,,622.004,502.411,Passenger,74482C,2026-07-25T01:09:09Z,2026-07-25T02:09:49Z,True
40d6b1c6,FYC762,FYC762,FYC,FYC,A320,YK-BAC,OMSJ,SHJ,2026-07-25T03:08:13Z,30,OSAP,ALP,OSAP,ALP,,,,3117.84,2177.59,Passenger,778823,2026-07-25T01:51:09Z,2026-07-25T05:42:32Z,True
40d6dc9f,VF340,TKJ340,TKJ,TKJ,B738,TC-JHB,LTFJ,SAW,2026-07-25T03:28:21Z,06L,OSAP,ALP,OSAP,ALP,,,,933.65,858.231,Passenger,4BA902,2026-07-25T03:10:53Z,2026-07-25T04:43:35Z,True
40d6e05c,RJ432,RJA432,RJA,RJA,A20N,JY-RAL,OSAP,ALP,2026-07-25T03:24:45Z,09L,OJAI,AMM,OJAI,AMM,2026-07-25T04:15:34Z,26R,3049.0,542.261,507.784,Passenger,74482C,2026-07-25T03:18:13Z,2026-07-25T04:19:54Z,True
40d6fa9a,G9351,ABY351,ABY,ABY,A320,A6-AOO,OMSJ,SHJ,2026-07-25T04:19:08Z,30,OSAP,ALP,OSAP,ALP,,,,5376.07,2112.33,Passenger,896486,2026-07-25T04:08:27Z,2026-07-25T07:07:00Z,True
40d703cc,TK844,THY844,THY,THY,B739,TC-JYI,LTFM,IST,2026-07-25T04:57:45Z,36,OSAP,ALP,OSAP,ALP,,,,1060.66,932.71,Passenger,4BAB29,2026-07-25T04:25:50Z,2026-07-25T06:32:29Z,True
40d712d8,J9175,JZR175,JZR,JZR,A20N,9K-CBF,OKKK,KWI,2026-07-25T05:09:27Z,33L,OSAP,ALP,OSAP,ALP,,,,3839.47,1250.75,Passenger,70612E,2026-07-25T04:54:56Z,2026-07-25T07:20:27Z,True
40d73799,VF341,TKJ341,TKJ,TKJ,B738,TC-JHB,OSAP,ALP,2026-07-25T06:16:25Z,27R,LTFJ,SAW,LTFJ,SAW,2026-07-25T07:43:53Z,06R,5248.0,1001.56,866.151,Passenger,4BA902,2026-07-25T06:05:43Z,2026-07-25T07:57:38Z,True
40d739e0,3L456,ADY456,ADY,ADY,A320,A6-AUG,OMAA,AUH,2026-07-25T06:09:03Z,31L,OSAP,ALP,OSAP,ALP,2026-07-25T09:02:08Z,,10385.0,2590.4,2106.94,Passenger,8965FA,2026-07-25T06:10:31Z,2026-07-25T09:02:08Z,True
40d76725,FYC761,FYC761,FYC,FYC,A320,YK-BAC,OSAP,ALP,2026-07-25T07:31:18Z,,OMSJ,SHJ,OMSJ,SHJ,2026-07-25T10:34:23Z,,10985.0,2667.89,2119.96,Passenger,778823,2026-07-25T07:30:19Z,2026-07-25T10:33:38Z,True
40d76b55,FZ1191,FDB1191,FDB,FDB,B738,A6-FED,OMDB,DXB,2026-07-25T07:36:34Z,,OSAP,ALP,OSAP,ALP,,,,2721.62,2103.15,Passenger,896335,2026-07-25T07:37:21Z,2026-07-25T10:17:43Z,True
40d76cd4,RJ433,RJA433,RJA,RJA,E295,JY-REB,OJAI,AMM,2026-07-25T07:41:50Z,26L,OSAP,ALP,OSAP,ALP,,,,619.135,504.173,Passenger,7448A2,2026-07-25T07:39:59Z,2026-07-25T08:35:17Z,True
40d780d5,TK845,THY845,THY,THY,B739,TC-JYI,OSAP,ALP,2026-07-25T08:22:49Z,,LTFM,IST,LTFM,IST,2026-07-25T09:57:24Z,35R,5675.0,1081.15,927.821,Passenger,4BAB29,2026-07-25T08:10:15Z,2026-07-25T10:08:35Z,True
40d78c29,G9352,ABY352,ABY,ABY,A320,A6-AOO,OSAP,ALP,2026-07-25T08:41:36Z,27R,OMSJ,SHJ,OMSJ,SHJ,2026-07-25T11:49:26Z,30,11270.0,2603.66,2120.07,Passenger,896486,2026-07-25T08:27:20Z,2026-07-25T11:47:24Z,True
40d7b39e,J9176,JZR176,JZR,JZR,A20N,9K-CBF,OSAP,ALP,2026-07-25T09:26:20Z,,OKKK,KWI,OKKK,KWI,2026-07-25T11:46:50Z,33L,8430.0,1618.81,1266.41,Passenger,70612E,2026-07-25T09:23:51Z,2026-07-25T11:50:41Z,True
40d7c329,RJ434,RJA434,RJA,RJA,E295,JY-REB,OSAP,ALP,2026-07-25T09:45:16Z,,OJAI,AMM,OJAI,AMM,2026-07-25T10:48:13Z,26R,3777.0,589.63,507.096,Passenger,7448A2,2026-07-25T09:46:21Z,2026-07-25T10:46:12Z,True
40d7ca88,3L457,ADY457,ADY,ADY,A320,A6-AUG,OSAP,ALP,2026-07-25T10:03:03Z,,OMAA,AUH,OMAA,AUH,2026-07-25T13:14:08Z,31R,11465.0,2610.99,2114.9,Passenger,8965FA,2026-07-25T09:56:51Z,2026-07-25T13:21:21Z,True
40d7ffa3,PC770,PGT770,PGT,PGT,B738,TC-CPC,LTFJ,SAW,2026-07-25T12:00:45Z,06L,OSAP,ALP,OSAP,ALP,2026-07-25T13:28:27Z,27R,5262.0,942.525,870.382,Passenger,4B8E03,2026-07-25T11:07:43Z,2026-07-25T13:20:53Z,True
40d80c4b,FZ1192,FDB1192,FDB,FDB,B738,A6-FED,OSAP,ALP,2026-07-25T11:22:39Z,09L,OMDB,DXB,OMDB,DXB,2026-07-25T14:33:44Z,30L,11465.0,2406.94,2108.25,Passenger,896335,2026-07-25T11:23:35Z,2026-07-25T14:40:59Z,True
40d88065,PC771,PGT771,PGT,PGT,B738,TC-CPC,OSAP,ALP,2026-07-25T14:26:15Z,,LTFJ,SAW,LTFJ,SAW,2026-07-25T15:49:36Z,24L,5001.0,927.553,865.513,Passenger,4B8E03,2026-07-25T13:29:26Z,2026-07-25T15:57:34Z,True
40da99f6,RJ431,RJA431,RJA,RJA,A20N,JY-RAE,OJAI,AMM,2026-07-26T01:31:48Z,26L,OSAP,ALP,OSAP,ALP,2026-07-26T02:29:18Z,27R,3450.0,604.795,508.125,Passenger,744825,2026-07-26T01:18:00Z,2026-07-26T02:22:24Z,True
40dad03b,VF340,TKJ340,TKJ,TKJ,B738,TC-JHF,LTFJ,SAW,2026-07-26T03:31:51Z,24R,OSAP,ALP,OSAP,ALP,,,,938.737,862.127,Passenger,4BA906,2026-07-26T03:07:10Z,2026-07-26T04:46:22Z,True
40dadd7d,RJ432,RJA432,RJA,RJA,A20N,JY-RAE,OSAP,ALP,2026-07-26T04:17:26Z,,OJAI,AMM,OJAI,AMM,2026-07-26T05:10:14Z,26R,3168.0,554.314,508.071,Passenger,744825,2026-07-26T03:37:28Z,2026-07-26T05:14:33Z,True
40daf229,G9351,ABY351,ABY,ABY,A320,A6-AOI,OMSJ,SHJ,2026-07-26T04:40:37Z,30,OSAP,ALP,OSAP,ALP,,,,2420.58,2118.78,Passenger,89642E,2026-07-26T04:18:03Z,2026-07-26T07:31:14Z,True
40daf387,TK844,THY844,THY,THY,B739,TC-JYI,LTFM,IST,2026-07-26T05:00:56Z,34L,OSAP,ALP,OSAP,ALP,2026-07-26T06:32:12Z,,5476.0,1057.34,929.285,Passenger,4BAB29,2026-07-26T04:20:59Z,2026-07-26T06:32:12Z,True
40db187a,PC770,PGT770,PGT,PGT,B738,TC-CPK,LTFJ,SAW,2026-07-26T06:16:56Z,24R,OSAP,ALP,OSAP,ALP,2026-07-26T07:46:41Z,,5385.0,987.736,865.833,Passenger,4B8E0B,2026-07-26T05:38:02Z,2026-07-26T07:46:41Z,True
40db2642,VF341,TKJ341,TKJ,TKJ,B738,TC-JHF,OSAP,ALP,2026-07-26T06:14:15Z,,LTFJ,SAW,LTFJ,SAW,2026-07-26T07:37:59Z,24L,5024.0,927.059,866.009,Passenger,4BA906,2026-07-26T06:05:46Z,2026-07-26T07:48:21Z,True
40db5108,FZ1191,FDB1191,FDB,FDB,B738,A6-FEW,OMDB,DXB,2026-07-26T08:07:16Z,30R,OSAP,ALP,OSAP,ALP,2026-07-26T11:00:43Z,,10407.0,3161.57,2100.15,Passenger,8963B9,2026-07-26T07:33:38Z,2026-07-26T10:52:29Z,True
40db55c4,TK845,THY845,THY,THY,B739,TC-JYI,OSAP,ALP,2026-07-26T08:24:19Z,,LTFM,IST,LTFM,IST,2026-07-26T09:57:21Z,35R,5582.0,1050.27,928.178,Passenger,4BAB29,2026-07-26T07:41:46Z,2026-07-26T10:08:13Z,True
40db70e4,G9352,ABY352,ABY,ABY,A320,A6-AOI,OSAP,ALP,2026-07-26T08:38:31Z,,OMSJ,SHJ,OMSJ,SHJ,2026-07-26T11:48:40Z,,11409.0,2827.83,2133.29,Passenger,89642E,2026-07-26T08:32:05Z,2026-07-26T11:45:31Z,True
40db7695,PC771,PGT771,PGT,PGT,B738,TC-CPK,OSAP,ALP,2026-07-26T08:52:30Z,,LTFJ,SAW,LTFJ,SAW,2026-07-26T10:16:00Z,24L,5010.0,932.731,865.651,Passenger,4B8E0B,2026-07-26T08:41:53Z,2026-07-26T10:31:42Z,True
40dba725,TK840,THY840,THY,THY,B739,TC-JYC,LTFM,IST,2026-07-26T10:42:42Z,35L,OSAP,ALP,OSAP,ALP,2026-07-26T12:24:19Z,27R,6097.0,1147.63,936.044,Passenger,4BAB23,2026-07-26T10:03:45Z,2026-07-26T12:16:04Z,True
40dbcc35,FZ1192,FDB1192,FDB,FDB,B738,A6-FEW,OSAP,ALP,2026-07-26T11:56:00Z,09L,OMDB,DXB,OMDB,DXB,2026-07-26T15:06:30Z,,11430.0,2451.8,2125.0,Passenger,8963B9,2026-07-26T11:01:13Z,2026-07-26T15:04:57Z,True
40dc0ca2,DN551,DNA551,DNA,DNA,A320,YR-JUL,LROP,OTP,2026-07-26T12:35:31Z,26R,OSAP,ALP,OSAP,ALP,2026-07-26T14:33:02Z,,7051.0,1383.73,1325.35,Passenger,4A2AAC,2026-07-26T12:27:19Z,2026-07-26T14:35:17Z,True
40dc6249,TK841,THY841,THY,THY,B739,TC-JYC,OSAP,ALP,2026-07-26T14:13:51Z,09L,LTFM,IST,LTFM,IST,2026-07-26T15:52:50Z,17L,5939.0,1114.98,927.302,Passenger,4BAB23,2026-07-26T14:03:20Z,2026-07-26T16:05:13Z,True
40dc9ffb,DN552,DNA552,DNA,DNA,A320,YR-JUL,OSAP,ALP,2026-07-26T15:19:53Z,,LROP,OTP,LROP,OTP,2026-07-26T17:23:44Z,08R,7431.0,1391.32,1325.34,Passenger,4A2AAC,2026-07-26T15:11:18Z,2026-07-26T17:49:30Z,True
40de6211,RJ431,RJA431,RJA,RJA,A20N,JY-RAF,OJAI,AMM,2026-07-27T01:23:11Z,26L,OSAP,ALP,OSAP,ALP,,,,586.446,503.391,Passenger,744826,2026-07-27T01:11:14Z,2026-07-27T02:11:27Z,True
40de6731,FYC762,FYC762,FYC,FYC,A320,YK-BAC,OMSJ,SHJ,2026-07-27T01:23:15Z,,OSAP,ALP,OSAP,ALP,,,,2340.87,2104.9,Passenger,778823,2026-07-27T01:20:22Z,2026-07-27T04:06:21Z,True
40de8dc6,VF340,TKJ340,TKJ,TKJ,B738,TC-JHA,LTFJ,SAW,2026-07-27T03:00:59Z,24R,OSAP,ALP,OSAP,ALP,,,,1158.08,865.101,Passenger,4BA901,2026-07-27T02:31:14Z,2026-07-27T04:18:36Z,True
40deab4d,RJ432,RJA432,RJA,RJA,A20N,JY-RAF,OSAP,ALP,2026-07-27T03:34:12Z,09L,OJAI,AMM,OJAI,AMM,2026-07-27T04:27:46Z,26R,3214.0,563.355,508.143,Passenger,744826,2026-07-27T03:27:34Z,2026-07-27T04:33:55Z,True
40deb7cd,PC770,PGT770,PGT,PGT,B738,TC-AZP,LTFJ,SAW,2026-07-27T04:09:47Z,24R,OSAP,ALP,OSAP,ALP,2026-07-27T05:36:22Z,27R,5195.0,972.835,867.411,Passenger,4B8750,2026-07-27T03:51:45Z,2026-07-27T05:29:39Z,True
40dec428,G9351,ABY351,ABY,ABY,A320,A6-ABM,OMSJ,SHJ,2026-07-27T04:23:43Z,30,OSAP,ALP,OSAP,ALP,,,,2374.98,2116.09,Passenger,896690,2026-07-27T04:12:47Z,2026-07-27T07:11:16Z,True
40dec87a,TK844,THY844,THY,THY,B739,TC-JYC,LTFM,IST,2026-07-27T05:01:48Z,17R,OSAP,ALP,OSAP,ALP,2026-07-27T06:35:42Z,,5634.0,1094.98,928.022,Passenger,4BAB23,2026-07-27T04:20:54Z,2026-07-27T06:35:42Z,True
40def6f7,RB444,SYR444,SYR,SYR,B735,YK-SYR,LTFM,IST,2026-07-27T06:07:40Z,17R,OSAP,ALP,OSAP,ALP,,,,975.009,909.514,Passenger,77CF32,2026-07-27T05:45:19Z,2026-07-27T07:26:15Z,True
40df0636,VF341,TKJ341,TKJ,TKJ,B738,TC-JHA,OSAP,ALP,2026-07-27T06:24:11Z,09L,LTFJ,SAW,LTFJ,SAW,2026-07-27T07:55:57Z,24L,5506.0,1019.61,865.674,Passenger,4BA901,2026-07-27T06:12:24Z,2026-07-27T08:05:34Z,True
40df09ab,FYC761,FYC761,FYC,FYC,A320,YK-BAC,OSAP,ALP,2026-07-27T06:29:15Z,,OMSJ,SHJ,OMSJ,SHJ,2026-07-27T09:37:57Z,30,11322.0,2390.21,2119.5,Passenger,778823,2026-07-27T06:18:46Z,2026-07-27T09:43:50Z,True
40df1446,PC771,PGT771,PGT,PGT,B738,TC-AZP,OSAP,ALP,2026-07-27T06:59:21Z,,LTFJ,SAW,LTFJ,SAW,2026-07-27T08:21:42Z,24L,4941.0,926.003,865.805,Passenger,4B8750,2026-07-27T06:38:17Z,2026-07-27T08:33:06Z,True
40df244f,FZ1191,FDB1191,FDB,FDB,B38M,A6-FPB,OMDB,DXB,2026-07-27T07:26:50Z,30R,OSAP,ALP,OSAP,ALP,2026-07-27T10:21:59Z,,10509.0,2304.88,2102.63,Passenger,8965C1,2026-07-27T07:06:47Z,2026-07-27T10:13:57Z,True
40df33f2,RJ433,RJA433,RJA,RJA,E295,JY-REG,OJAI,AMM,2026-07-27T07:37:35Z,26L,OSAP,ALP,OSAP,ALP,,,,522.902,449.66,Passenger,7448A7,2026-07-27T07:34:25Z,2026-07-27T08:20:33Z,True
40df46f7,TK845,THY845,THY,THY,B739,TC-JYC,OSAP,ALP,2026-07-27T08:11:47Z,27R,LTFM,IST,LTFM,IST,2026-07-27T09:51:56Z,17L,6009.0,1199.56,927.726,Passenger,4BAB23,2026-07-27T08:06:40Z,2026-07-27T10:02:51Z,True
40df54fb,G9352,ABY352,ABY,ABY,A320,A6-ABM,OSAP,ALP,2026-07-27T08:36:24Z,09L,OMSJ,SHJ,OMSJ,SHJ,2026-07-27T11:44:20Z,30,11276.0,2438.83,2119.12,Passenger,896690,2026-07-27T08:29:38Z,2026-07-27T11:47:16Z,True
40df5605,,UNO501H,IGC,IGC,CRJ2,YI-BAK,OSDI,DAM,2026-07-27T08:32:21Z,23L,OSAP,ALP,OSAP,ALP,,,,390.238,264.197,Business_jets,72882B,2026-07-27T08:31:15Z,2026-07-27T09:06:24Z,True
40df83fc,,UNO501H,IGC,IGC,CRJ2,YI-BAK,OSAP,ALP,2026-07-27T09:44:51Z,,OSDI,DAM,OSDI,DAM,2026-07-27T10:31:33Z,23R,2802.0,426.482,313.258,Business_jets,72882B,2026-07-27T09:46:12Z,2026-07-27T10:32:06Z,True
40df86dd,RJ434,RJA434,RJA,RJA,E295,JY-REG,OSAP,ALP,2026-07-27T09:49:54Z,09L,OJAI,AMM,OJAI,AMM,2026-07-27T10:47:16Z,26L,3442.0,586.797,507.931,Passenger,7448A7,2026-07-27T09:50:37Z,2026-07-27T10:47:37Z,True
40dfd0fa,FZ1192,FDB1192,FDB,FDB,B38M,A6-FPB,OSAP,ALP,2026-07-27T11:30:54Z,,OMDB,DXB,OMDB,DXB,2026-07-27T14:35:24Z,12R,11070.0,2425.27,2109.96,Passenger,8965C1,2026-07-27T11:30:01Z,2026-07-27T14:38:21Z,True
40e1a3a4,RB445,SYR445,SYR,SYR,B735,YK-SYR,OSAP,ALP,2026-07-27T19:59:03Z,27R,LTFM,IST,LTFM,IST,2026-07-27T21:42:33Z,17L,6210.0,1165.53,928.436,Passenger,77CF32,2026-07-27T19:55:36Z,2026-07-27T22:07:58Z,True
40e26bff,FYC492,FYC492,FYC,FYC,A320,YK-BAB,LTFJ,SAW,2026-07-28T02:39:59Z,24R,OSAP,ALP,OSAP,ALP,,,,960.106,860.232,Passenger,778822,2026-07-28T00:45:14Z,2026-07-28T03:54:47Z,True
40e27a1d,RJ431,RJA431,RJA,RJA,A20N,JY-RAC,OJAI,AMM,2026-07-28T01:18:34Z,26L,OSAP,ALP,OSAP,ALP,2026-07-28T02:11:30Z,,3176.0,605.86,507.979,Passenger,744823,2026-07-28T01:07:19Z,2026-07-28T02:11:30Z,True
40e27c01,FYC762,FYC762,FYC,FYC,A320,YK-BAC,OMSJ,SHJ,2026-07-28T01:23:39Z,30,OSAP,ALP,OSAP,ALP,,,,2373.47,2104.19,Passenger,778823,2026-07-28T01:10:06Z,2026-07-28T04:06:59Z,True
40e2c77d,VF340,TKJ340,TKJ,TKJ,B738,TC-JHF,LTFJ,SAW,2026-07-28T03:46:12Z,24R,OSAP,ALP,OSAP,ALP,2026-07-28T05:04:57Z,,4725.0,955.488,864.963,Passenger,4BA906,2026-07-28T03:18:55Z,2026-07-28T05:04:57Z,True
40e2c87b,RJ432,RJA432,RJA,RJA,A20N,JY-RAC,OSAP,ALP,2026-07-28T03:28:07Z,,OJAI,AMM,OJAI,AMM,2026-07-28T04:20:30Z,26L,3143.0,570.621,507.766,Passenger,744823,2026-07-28T03:20:24Z,2026-07-28T04:24:10Z,True
40e2e00e,G9351,ABY351,ABY,ABY,A320,A6-AOK,OMSJ,SHJ,2026-07-28T04:15:54Z,30,OSAP,ALP,OSAP,ALP,,,,2330.97,2109.25,Passenger,896434,2026-07-28T04:02:23Z,2026-07-28T07:09:58Z,True
40e2e922,TK844,THY844,THY,THY,B739,TC-JYI,LTFM,IST,2026-07-28T05:12:05Z,34L,OSAP,ALP,OSAP,ALP,,,,1104.14,922.75,Passenger,4BAB29,2026-07-28T04:17:40Z,2026-07-28T06:38:46Z,True
40e32f04,3L456,ADY456,ADY,ADY,A320,A6-AUE,OMAA,AUH,2026-07-28T06:46:13Z,31R,OSAP,ALP,OSAP,ALP,2026-07-28T09:39:42Z,27R,10409.0,2292.08,2112.9,Passenger,8965EE,2026-07-28T06:19:57Z,2026-07-28T09:32:57Z,True
40e331b9,VF341,TKJ341,TKJ,TKJ,B738,TC-JHF,OSAP,ALP,2026-07-28T06:38:13Z,,LTFJ,SAW,LTFJ,SAW,2026-07-28T07:56:45Z,24L,4712.0,928.261,865.963,Passenger,4BA906,2026-07-28T06:24:27Z,2026-07-28T08:07:20Z,True
40e33e74,FYC761,FYC761,FYC,FYC,A320,YK-BAC,OSAP,ALP,,,OMSJ,SHJ,OMSJ,SHJ,2026-07-28T09:41:34Z,,,2599.06,2100.55,Passenger,778823,2026-07-28T06:47:02Z,2026-07-28T09:39:17Z,True
40e36bf1,RJ433,RJA433,RJA,RJA,A320,JY-AYR,OJAI,AMM,2026-07-28T07:56:46Z,,OSAP,ALP,OSAP,ALP,,,,472.49,411.317,Passenger,740732,2026-07-28T07:59:07Z,2026-07-28T08:35:53Z,True
40e3732b,TK845,THY845,THY,THY,B739,TC-JYI,OSAP,ALP,2026-07-28T08:17:11Z,,LTFM,IST,LTFM,IST,2026-07-28T09:51:49Z,35R,5678.0,1070.1,927.213,Passenger,4BAB29,2026-07-28T08:09:21Z,2026-07-28T10:04:18Z,True
40e37ab3,G9352,ABY352,ABY,ABY,A320,A6-AOK,OSAP,ALP,2026-07-28T08:29:25Z,,OMSJ,SHJ,OMSJ,SHJ,2026-07-28T11:38:47Z,30,11362.0,2405.96,2119.29,Passenger,896434,2026-07-28T08:21:03Z,2026-07-28T11:43:09Z,True
40e39959,FZ1191,FDB1191,FDB,FDB,B738,A6-FEX,OMDB,DXB,2026-07-28T09:30:03Z,30R,OSAP,ALP,OSAP,ALP,2026-07-28T12:23:45Z,,10422.0,2297.47,2110.05,Passenger,8963BA,2026-07-28T09:10:13Z,2026-07-28T12:23:45Z,True
40e3c5ea,TK840,THY840,THY,THY,B739,TC-JYC,LTFM,IST,2026-07-28T10:40:59Z,36,OSAP,ALP,OSAP,ALP,2026-07-28T12:10:17Z,,5358.0,1048.76,928.027,Passenger,4BAB23,2026-07-28T10:10:23Z,2026-07-28T12:10:17Z,True
40e3d206,3L457,ADY457,ADY,ADY,A320,A6-AUE,OSAP,ALP,2026-07-28T10:49:07Z,,OMAA,AUH,OMAA,AUH,2026-07-28T13:53:15Z,31R,11048.0,2423.79,2115.09,Passenger,8965EE,2026-07-28T10:27:10Z,2026-07-28T13:56:46Z,True
40e42844,PC770,PGT770,PGT,PGT,B738,TC-AIS,LTFJ,SAW,2026-07-28T12:28:17Z,06L,OSAP,ALP,OSAP,ALP,,,,992.347,876.539,Passenger,4B8533,2026-07-28T12:08:47Z,2026-07-28T13:47:05Z,True
40e46868,FZ1192,FDB1192,FDB,FDB,B738,A6-FEX,OSAP,ALP,2026-07-28T13:12:07Z,09L,OMDB,DXB,OMDB,DXB,2026-07-28T16:28:36Z,30L,11789.0,2435.66,2111.7,Passenger,8963BA,2026-07-28T13:12:35Z,2026-07-28T16:36:00Z,True
40e469ff,RB390,SYR390,SYR,SYR,A320,YK-AKH,OERK,RUH,2026-07-28T13:35:41Z,33L,OSAP,ALP,OSAP,ALP,,,,1650.93,1523.51,Passenger,778568,2026-07-28T13:14:27Z,2026-07-28T15:30:12Z,True
40e478ba,FYC455,FYC455,FYC,FYC,A320,YK-BAB,OSAP,ALP,,,UDYZ,EVN,UDYZ,EVN,2026-07-28T14:45:15Z,08,,814.935,741.191,Passenger,778822,2026-07-28T13:41:33Z,2026-07-28T14:51:31Z,True
40e4a624,TK841,THY841,THY,THY,B739,TC-JYC,OSAP,ALP,,,LTFM,IST,LTFM,IST,2026-07-28T15:49:24Z,35R,,1006.02,914.05,Passenger,4BAB23,2026-07-28T14:24:48Z,2026-07-28T16:04:20Z,True
40e4d947,PC771,PGT771,PGT,PGT,B738,TC-AIS,OSAP,ALP,2026-07-28T15:11:10Z,,LTFJ,SAW,LTFJ,SAW,2026-07-28T16:40:14Z,06R,5344.0,995.26,866.084,Passenger,4B8533,2026-07-28T15:01:16Z,2026-07-28T16:49:02Z,True
40e5074b,FYC456,FYC456,FYC,FYC,A320,YK-BAB,UDYZ,EVN,2026-07-28T15:58:08Z,08,OSAP,ALP,OSAP,ALP,2026-07-28T17:12:01Z,27R,4433.0,856.591,766.896,Passenger,778822,2026-07-28T15:46:11Z,2026-07-28T17:09:52Z,True
40e56258,FYC525,FYC525,FYC,FYC,A320,YK-BAB,OSAP,ALP,2026-07-28T18:12:02Z,09L,ORER,EBL,ORER,EBL,2026-07-28T19:33:14Z,,4872.0,1006.23,604.861,Passenger,778822,2026-07-28T17:22:12Z,2026-07-28T19:38:34Z,True
40e57f89,RB381,SYR381,SYR,SYR,A320,YK-AKH,OSAP,ALP,2026-07-28T17:58:15Z,,OEJN,JED,OEJN,JED,2026-07-28T20:16:27Z,34L,8292.0,1740.33,1618.41,Passenger,778568,2026-07-28T17:55:01Z,2026-07-28T20:25:40Z,True
40e5f135,FYC526,FYC526,FYC,FYC,A320,YK-BAB,ORER,EBL,2026-07-28T20:24:54Z,,OSAP,ALP,OSAP,ALP,,,,786.011,582.294,Passenger,778822,2026-07-28T20:17:21Z,2026-07-28T21:26:44Z,True
40e6330d,RB382,SYR382,SYR,SYR,A320,YK-AKH,OEJN,JED,2026-07-28T21:54:41Z,34C,OSAP,ALP,OSAP,ALP,,,,1612.86,1573.13,Passenger,778568,2026-07-28T21:48:59Z,2026-07-28T23:52:20Z,True
40e642cd,FYC491,FYC491,FYC,FYC,A320,YK-BAB,OSAP,ALP,2026-07-28T22:58:17Z,,LTFJ,SAW,LTFJ,SAW,2026-07-29T00:21:12Z,06R,4975.0,2202.54,865.81,Passenger,778822,2026-07-28T22:11:46Z,2026-07-29T00:36:05Z,True
40e6baee,RJ5431,RJA5431,RJA,RJA,E290,JY-RED,OJAI,AMM,2026-07-29T01:07:41Z,26L,OSAP,ALP,OSAP,ALP,,,,602.679,490.183,Passenger,7448A4,2026-07-29T01:06:05Z,2026-07-29T01:59:22Z,True
40e6cab2,RJ431,RJA431,RJA,RJA,E295,JY-REG,OJAI,AMM,2026-07-29T01:32:53Z,26R,OSAP,ALP,OSAP,ALP,2026-07-29T02:33:57Z,,3664.0,1163.49,505.676,Passenger,7448A7,2026-07-29T01:30:49Z,2026-07-29T02:25:17Z,True
40e6fc03,VF340,TKJ340,TKJ,TKJ,B738,TC-JGY,LTFJ,SAW,2026-07-29T03:26:11Z,06L,OSAP,ALP,OSAP,ALP,2026-07-29T04:44:10Z,27R,4679.0,1876.58,872.596,Passenger,4BA8F9,2026-07-29T02:55:03Z,2026-07-29T04:40:50Z,True
40e701a0,RB389,SYR389,SYR,SYR,A320,YK-AKH,OSAP,ALP,2026-07-29T03:07:47Z,09L,OERK,RUH,OERK,RUH,2026-07-29T05:14:09Z,33L,7582.0,1682.73,1541.25,Passenger,778568,2026-07-29T03:04:46Z,2026-07-29T05:28:48Z,True
40e70bac,RJ5432,RJA5432,RJA,RJA,E290,JY-RED,OSAP,ALP,2026-07-29T03:22:35Z,27R,OJAI,AMM,OJAI,AMM,2026-07-29T04:15:57Z,26L,3202.0,1513.02,507.921,Passenger,7448A4,2026-07-29T03:22:57Z,2026-07-29T04:16:41Z,True
40e71c1f,RJ432,RJA432,RJA,RJA,E295,JY-REG,OSAP,ALP,2026-07-29T03:53:28Z,27L,OJAI,AMM,OJAI,AMM,2026-07-29T04:48:03Z,26L,3275.0,1414.12,508.239,Passenger,7448A7,2026-07-29T03:52:13Z,2026-07-29T04:48:12Z,True
40e722a3,G9351,ABY351,ABY,ABY,A320,A6-AOA,OMSJ,SHJ,2026-07-29T04:19:03Z,30,OSAP,ALP,OSAP,ALP,,,,2344.05,2102.26,Passenger,896727,2026-07-29T04:02:48Z,2026-07-29T07:05:51Z,True
40e728f4,PC770,PGT770,PGT,PGT,B738,TC-CPC,LTFJ,SAW,2026-07-29T04:37:11Z,06L,OSAP,ALP,OSAP,ALP,2026-07-29T05:56:39Z,,4768.0,946.612,865.617,Passenger,4B8E03,2026-07-29T04:13:41Z,2026-07-29T05:58:50Z,True
40e73030,TK844,THY844,THY,THY,A332,TC-JNA,LTFM,IST,2026-07-29T05:29:49Z,34L,OSAP,ALP,OSAP,ALP,2026-07-29T07:06:55Z,,5826.0,1093.01,928.956,Passenger,4BA9C1,2026-07-29T04:25:56Z,2026-07-29T07:06:55Z,True
40e77831,VF341,TKJ341,TKJ,TKJ,B738,TC-JGY,OSAP,ALP,2026-07-29T06:34:57Z,,LTFJ,SAW,LTFJ,SAW,2026-07-29T08:04:16Z,06R,5359.0,1013.69,865.882,Passenger,4BA8F9,2026-07-29T06:28:15Z,2026-07-29T08:21:02Z,True
40e791ed,RB2712,MMB2712,SYR,SYR,B735,YK-SYR,OSDI,DAM,2026-07-29T07:23:52Z,23L,OSAP,ALP,OSAP,ALP,2026-07-29T08:08:19Z,,2667.0,389.301,314.018,Passenger,77CF32,2026-07-29T07:10:05Z,2026-07-29T08:08:19Z,True
40e79c7d,PC771,PGT771,PGT,PGT,B738,TC-CPC,OSAP,ALP,2026-07-29T07:25:56Z,,LTFJ,SAW,LTFJ,SAW,2026-07-29T08:49:09Z,06R,4993.0,953.161,866.796,Passenger,4B8E03,2026-07-29T07:26:17Z,2026-07-29T08:59:43Z,True
40e79c90,FZ1191,FDB1191,FDB,FDB,B738,A6-FEX,OMDB,DXB,2026-07-29T07:51:49Z,30R,OSAP,ALP,OSAP,ALP,2026-07-29T10:44:20Z,,10351.0,3106.36,2110.15,Passenger,8963BA,2026-07-29T07:26:33Z,2026-07-29T10:44:20Z,True
40e7c4e9,G9352,ABY352,ABY,ABY,A320,A6-AOA,OSAP,ALP,2026-07-29T08:33:30Z,,OMSJ,SHJ,OMSJ,SHJ,2026-07-29T11:46:23Z,30,11573.0,2437.59,2117.95,Passenger,896727,2026-07-29T08:26:13Z,2026-07-29T11:46:41Z,True
40e7c935,RJ433,RJA433,RJA,RJA,E290,JY-REE,OJAI,AMM,2026-07-29T08:33:06Z,26L,OSAP,ALP,OSAP,ALP,2026-07-29T09:33:45Z,27L,3639.0,1034.1,508.314,Passenger,7448A5,2026-07-29T08:32:52Z,2026-07-29T09:25:25Z,True
40e7e8dc,TK845,THY845,THY,THY,A332,TC-JNA,OSAP,ALP,2026-07-29T09:31:40Z,,LTFM,IST,LTFM,IST,2026-07-29T11:05:40Z,35R,5640.0,1041.48,928.41,Passenger,4BA9C1,2026-07-29T09:18:05Z,2026-07-29T11:30:25Z,True
40e80000,FYC762,FYC762,FYC,FYC,A320,YK-BAA,OMSJ,SHJ,2026-07-29T10:59:51Z,30,OSAP,ALP,OSAP,ALP,,,,2231.68,2054.87,Passenger,778821,2026-07-29T09:51:28Z,2026-07-29T13:35:03Z,True
40e80408,RB2712,MMB2712,SYR,SYR,B735,YK-SYR,OSAP,ALP,2026-07-29T10:01:37Z,09L,OSDI,DAM,OSDI,DAM,2026-07-29T10:44:38Z,23R,2581.0,1351.23,314.127,Passenger,77CF32,2026-07-29T09:56:57Z,2026-07-29T10:47:15Z,True
40e81e88,RJ434,RJA434,RJA,RJA,E290,JY-REE,OSAP,ALP,2026-07-29T10:29:37Z,09L,OJAI,AMM,OJAI,AMM,2026-07-29T11:21:03Z,26L,3086.0,1134.36,498.883,Passenger,7448A5,2026-07-29T10:32:04Z,2026-07-29T11:22:55Z,True
40e82d49,DN551,DNA551,DNA,DNA,A320,YR-JUL,LROP,OTP,2026-07-29T11:04:55Z,08L,OSAP,ALP,OSAP,ALP,2026-07-29T13:04:00Z,27R,7145.0,1382.28,1328.75,Passenger,4A2AAC,2026-07-29T10:51:56Z,2026-07-29T12:56:49Z,True
40e85fcf,FZ1192,FDB1192,FDB,FDB,B738,A6-FEX,OSAP,ALP,2026-07-29T11:48:20Z,09L,OMDB,DXB,OMDB,DXB,2026-07-29T14:58:34Z,30L,11414.0,7091.44,2113.55,Passenger,8963BA,2026-07-29T11:48:34Z,2026-07-29T14:59:02Z,True
40e8d9fd,DN552,DNA552,DNA,DNA,A320,YR-JUL,OSAP,ALP,2026-07-29T13:52:55Z,,LROP,OTP,LROP,OTP,2026-07-29T15:55:17Z,26L,7342.0,1364.1,1325.74,Passenger,4A2AAC,2026-07-29T13:45:21Z,2026-07-29T15:59:31Z,True
40ea59a0,FYC761,FYC761,FYC,FYC,A320,YK-BAA,OSAP,ALP,2026-07-29T21:15:10Z,,OMSJ,SHJ,OMSJ,SHJ,2026-07-30T00:58:56Z,30,13426.0,3093.87,2118.62,Passenger,778821,2026-07-29T20:28:06Z,2026-07-30T01:13:38Z,True
40eb2af4,RJ431,RJA431,RJA,RJA,A20N,JY-RAD,OJAI,AMM,2026-07-30T01:25:02Z,26R,OSAP,ALP,OSAP,ALP,,,,603.595,496.759,Passenger,744824,2026-07-30T01:14:13Z,2026-07-30T02:11:56Z,True
40eb61dd,VF340,TKJ340,TKJ,TKJ,B738,TC-JHA,LTFJ,SAW,2026-07-30T03:22:59Z,06L,OSAP,ALP,OSAP,ALP,,,,1009.05,863.148,Passenger,4BA901,2026-07-30T02:41:54Z,2026-07-30T04:35:00Z,True
40eb821f,RJ432,RJA432,RJA,RJA,A20N,JY-RAD,OSAP,ALP,2026-07-30T03:46:12Z,09L,OJAI,AMM,OJAI,AMM,2026-07-30T04:42:54Z,26L,3402.0,616.4,508.026,Passenger,744824,2026-07-30T03:38:40Z,2026-07-30T04:49:10Z,True
40eb9ae6,TK844,THY844,THY,THY,B739,TC-JYB,LTFM,IST,2026-07-30T04:53:16Z,36,OSAP,ALP,OSAP,ALP,,,,990.592,923.251,Passenger,4BAB22,2026-07-30T04:20:38Z,2026-07-30T06:08:31Z,True
40eba04a,G9351,ABY351,ABY,ABY,A320,A6-AQH,OMSJ,SHJ,2026-07-30T04:38:23Z,30,OSAP,ALP,OSAP,ALP,2026-07-30T07:34:20Z,,10557.0,2383.8,2119.69,Passenger,896668,2026-07-30T04:30:17Z,2026-07-30T07:38:06Z,True
40ebb59e,J9175,JZR175,JZR,JZR,A20N,9K-CBH,OKKK,KWI,2026-07-30T05:19:58Z,33L,OSAP,ALP,OSAP,ALP,2026-07-30T07:39:52Z,,8394.0,1601.86,1257.38,Passenger,70612F,2026-07-30T05:06:48Z,2026-07-30T07:31:43Z,True
40ebc1a2,3L456,ADY456,ADY,ADY,A320,A6-AUF,OMAA,AUH,2026-07-30T05:47:24Z,13R,OSAP,ALP,OSAP,ALP,2026-07-30T08:41:11Z,,10427.0,2416.06,2114.63,Passenger,8965F9,2026-07-30T05:28:16Z,2026-07-30T08:42:37Z,True
40ebe2af,VF341,TKJ341,TKJ,TKJ,B738,TC-JHA,OSAP,ALP,2026-07-30T06:35:04Z,,LTFJ,SAW,LTFJ,SAW,2026-07-30T08:04:38Z,06R,5374.0,1015.37,865.929,Passenger,4BA901,2026-07-30T06:25:10Z,2026-07-30T08:16:19Z,True
40ec01eb,FZ1191,FDB1191,FDB,FDB,B38M,A6-FPF,OMDB,DXB,2026-07-30T07:49:40Z,30R,OSAP,ALP,OSAP,ALP,2026-07-30T10:42:58Z,,10398.0,2345.41,2112.23,Passenger,896687,2026-07-30T07:17:50Z,2026-07-30T10:42:58Z,True
40ec27fc,,UNO501H,IGC,IGC,CRJ2,YI-BAK,OSDI,DAM,2026-07-30T08:20:37Z,23L,OSAP,ALP,OSAP,ALP,,,,486.079,307.875,Business_jets,72882B,2026-07-30T08:16:13Z,2026-07-30T08:59:33Z,True
40ec28fa,TK845,THY845,THY,THY,B739,TC-JYB,OSAP,ALP,2026-07-30T08:28:59Z,,LTFM,IST,LTFM,IST,2026-07-30T09:59:02Z,35R,5403.0,1046.18,929.065,Passenger,4BAB22,2026-07-30T08:17:48Z,2026-07-30T10:04:40Z,True
40ec3d08,PC770,PGT770,PGT,PGT,B738,TC-CPC,LTFJ,SAW,2026-07-30T08:58:08Z,06L,OSAP,ALP,OSAP,ALP,2026-07-30T10:18:03Z,,4795.0,946.176,865.563,Passenger,4B8E03,2026-07-30T08:47:51Z,2026-07-30T10:19:35Z,True
40ec42d7,G9352,ABY352,ABY,ABY,A320,A6-AQH,OSAP,ALP,2026-07-30T09:06:45Z,,OMSJ,SHJ,OMSJ,SHJ,,,,2446.92,2124.72,Passenger,896668,2026-07-30T08:56:36Z,2026-07-30T12:06:23Z,True
40ec58d6,,UNO501H,IGC,IGC,CRJ2,YI-BAK,OSAP,ALP,2026-07-30T09:28:39Z,09L,OSDI,DAM,OSDI,DAM,2026-07-30T10:15:59Z,23R,2840.0,408.501,313.504,Business_jets,72882B,2026-07-30T09:29:20Z,2026-07-30T10:16:32Z,True
40ec5b66,J9176,JZR176,JZR,JZR,A20N,9K-CBH,OSAP,ALP,2026-07-30T09:40:02Z,,OKKK,KWI,OKKK,KWI,2026-07-30T12:04:25Z,34,8663.0,1767.53,1266.29,Passenger,70612F,2026-07-30T09:33:10Z,2026-07-30T12:14:08Z,True
40ec6074,3L457,ADY457,ADY,ADY,A320,A6-AUF,OSAP,ALP,2026-07-30T09:47:33Z,09L,OMAA,AUH,OMAA,AUH,2026-07-30T13:04:04Z,,11791.0,2724.19,2114.5,Passenger,8965F9,2026-07-30T09:40:25Z,2026-07-30T13:13:27Z,True
40ec93a0,RJ433,RJA433,RJA,RJA,E290,JY-REE,OJAI,AMM,2026-07-30T10:51:33Z,26R,OSAP,ALP,OSAP,ALP,2026-07-30T11:51:17Z,,3584.0,567.064,504.641,Passenger,7448A5,2026-07-30T10:50:02Z,2026-07-30T11:42:38Z,True
40ecb373,PC771,PGT771,PGT,PGT,B738,TC-CPC,OSAP,ALP,2026-07-30T11:47:02Z,,LTFJ,SAW,LTFJ,SAW,2026-07-30T13:10:36Z,06R,5014.0,958.564,865.853,Passenger,4B8E03,2026-07-30T11:28:14Z,2026-07-30T13:30:09Z,True
40ecc8db,FZ1192,FDB1192,FDB,FDB,B38M,A6-FPF,OSAP,ALP,2026-07-30T11:51:18Z,09L,OMDB,DXB,OMDB,DXB,2026-07-30T15:00:40Z,,11362.0,2404.08,2110.76,Passenger,896687,2026-07-30T11:51:57Z,2026-07-30T15:05:45Z,True
40ed17a2,RJ434,RJA434,RJA,RJA,E290,JY-REE,OSAP,ALP,2026-07-30T13:08:20Z,,OJAI,AMM,OJAI,AMM,2026-07-30T14:01:28Z,26L,3188.0,567.686,507.98,Passenger,7448A5,2026-07-30T13:08:31Z,2026-07-30T14:01:52Z,True
40ef9804,RJ431,RJA431,RJA,RJA,A20N,JY-RAC,OJAI,AMM,2026-07-31T01:21:30Z,08R,OSAP,ALP,OSAP,ALP,,,,546.291,495.123,Passenger,744823,2026-07-31T01:11:37Z,2026-07-31T02:06:06Z,True
40efab9a,FYC492,FYC492,FYC,FYC,A320,YK-BAA,LTFJ,SAW,2026-07-31T01:40:48Z,06L,OSAP,ALP,OSAP,ALP,,,,943.815,849.5,Passenger,778821,2026-07-31T01:41:33Z,2026-07-31T02:49:43Z,True
40efe090,VF340,TKJ340,TKJ,TKJ,B738,TC-JHE,LTFJ,SAW,2026-07-31T03:30:45Z,06L,OSAP,ALP,OSAP,ALP,,,,985.944,869.815,Passenger,4BA905,2026-07-31T03:10:25Z,2026-07-31T04:46:30Z,True
40efe9f2,RJ432,RJA432,RJA,RJA,A20N,JY-RAC,OSAP,ALP,2026-07-31T03:36:00Z,09L,OJAI,AMM,OJAI,AMM,2026-07-31T04:35:10Z,08L,3550.0,663.957,507.668,Passenger,744823,2026-07-31T03:27:30Z,2026-07-31T04:36:53Z,True
40f00ad5,G9351,ABY351,ABY,ABY,A320,A6-ANP,OMSJ,SHJ,2026-07-31T04:42:31Z,30,OSAP,ALP,OSAP,ALP,,,,2341.86,2102.46,Passenger,896371,2026-07-31T04:25:19Z,2026-07-31T07:25:47Z,True
40f01134,TK844,THY844,THY,THY,B739,TC-JYB,LTFM,IST,2026-07-31T05:00:31Z,34L,OSAP,ALP,OSAP,ALP,,,,1258.86,938.516,Passenger,4BAB22,2026-07-31T04:37:03Z,2026-07-31T06:31:44Z,True
40f01967,PC770,PGT770,PGT,PGT,B738,TC-CPK,LTFJ,SAW,2026-07-31T05:11:05Z,06L,OSAP,ALP,OSAP,ALP,2026-07-31T06:46:00Z,,5695.0,1003.85,865.643,Passenger,4B8E0B,2026-07-31T04:51:28Z,2026-07-31T06:46:00Z,True
40f039c1,FYC725,FYC725,FYC,FYC,A320,YK-BAA,OSAP,ALP,2026-07-31T06:27:54Z,09L,OMDB,DXB,OMDB,DXB,2026-07-31T09:30:35Z,30L,10961.0,2417.23,2109.9,Passenger,778821,2026-07-31T05:49:11Z,2026-07-31T09:44:31Z,True
40f043af,VF341,TKJ341,TKJ,TKJ,B738,TC-JHE,OSAP,ALP,2026-07-31T06:17:15Z,,LTFJ,SAW,LTFJ,SAW,2026-07-31T07:39:27Z,06R,4932.0,1137.47,865.904,Passenger,4BA905,2026-07-31T06:05:40Z,2026-07-31T07:51:31Z,True
40f080f9,PC771,PGT771,PGT,PGT,B738,TC-CPK,OSAP,ALP,2026-07-31T08:06:15Z,,LTFJ,SAW,LTFJ,SAW,2026-07-31T09:26:18Z,06R,4803.0,966.229,865.525,Passenger,4B8E0B,2026-07-31T07:46:50Z,2026-07-31T09:36:24Z,True
40f092be,TK845,THY845,THY,THY,B739,TC-JYB,OSAP,ALP,2026-07-31T08:31:53Z,,LTFM,IST,LTFM,IST,2026-07-31T10:01:24Z,35R,5371.0,1054.23,929.276,Passenger,4BAB22,2026-07-31T08:13:34Z,2026-07-31T10:06:18Z,True
40f0a17e,G9352,ABY352,ABY,ABY,A320,A6-ANP,OSAP,ALP,2026-07-31T08:42:42Z,09L,OMSJ,SHJ,OMSJ,SHJ,2026-07-31T11:51:34Z,30,11332.0,2589.04,2118.18,Passenger,896371,2026-07-31T08:35:56Z,2026-07-31T11:54:29Z,True
40f0a2ed,FZ1191,FDB1191,FDB,FDB,B738,A6-FEM,OMDB,DXB,2026-07-31T09:06:57Z,30R,OSAP,ALP,OSAP,ALP,2026-07-31T11:56:30Z,27R,10173.0,2287.83,2096.13,Passenger,8963AF,2026-07-31T08:38:19Z,2026-07-31T11:47:32Z,True
40f0ce84,FYC726,FYC726,FYC,FYC,A320,YK-BAA,OMDB,DXB,2026-07-31T12:28:47Z,30L,OSAP,ALP,OSAP,ALP,,,,2239.45,2059.78,Passenger,778821,2026-07-31T09:44:39Z,2026-07-31T15:02:18Z,True
40f0fae5,TK840,THY840,THY,THY,B739,TC-JYI,LTFM,IST,2026-07-31T11:02:11Z,36,OSAP,ALP,OSAP,ALP,2026-07-31T12:32:52Z,27R,5441.0,1041.05,930.615,Passenger,4BAB29,2026-07-31T10:44:21Z,2026-07-31T12:25:45Z,True
40f16cc0,FZ1192,FDB1192,FDB,FDB,B738,A6-FEM,OSAP,ALP,2026-07-31T12:50:12Z,,OMDB,DXB,OMDB,DXB,,,,2784.62,2132.74,Passenger,8963AF,2026-07-31T12:47:45Z,2026-07-31T15:56:39Z,True
40f1a752,RJ433,RJA433,RJA,RJA,E290,JY-REC,OJAI,AMM,2026-07-31T13:42:56Z,26L,OSAP,ALP,OSAP,ALP,,,,497.913,435.903,Passenger,7448A3,2026-07-31T13:41:58Z,2026-07-31T14:23:35Z,True
40f1bef8,TK841,THY841,THY,THY,B739,TC-JYI,OSAP,ALP,,,LTFM,IST,LTFM,IST,2026-07-31T15:38:14Z,35R,,1011.63,912.821,Passenger,4BAB29,2026-07-31T14:14:30Z,2026-07-31T15:55:49Z,True
40f22bcb,RJ434,RJA434,RJA,RJA,E290,JY-REC,OSAP,ALP,,,OJAI,AMM,OJAI,AMM,2026-07-31T16:33:19Z,26L,,574.819,489.402,Passenger,7448A3,2026-07-31T15:41:43Z,2026-07-31T16:35:31Z,True
40f25c67,FYC525,FYC525,FYC,FYC,A320,YK-BAA,OSAP,ALP,2026-07-31T16:36:05Z,,ORER,EBL,ORER,EBL,,,,1013.23,604.536,Passenger,778821,2026-07-31T16:28:12Z,2026-07-31T17:51:12Z,True
40f2b4fc,FYC526,FYC526,FYC,FYC,A320,YK-BAA,ORER,EBL,2026-07-31T18:57:26Z,,OSAP,ALP,OSAP,ALP,,,,695.47,526.082,Passenger,778821,2026-07-31T17:59:50Z,2026-07-31T19:55:34Z,True
40f3944b,FYC491,FYC491,FYC,FYC,A320,YK-BAA,OSAP,ALP,2026-07-31T22:41:09Z,27R,LTFJ,SAW,LTFJ,SAW,2026-07-31T23:56:48Z,06L,4539.0,930.958,866.765,Passenger,778821,2026-07-31T22:41:07Z,2026-08-01T00:01:38Z,True
40f3f7d2,RJ431,RJA431,RJA,RJA,A20N,JY-RAD,OJAI,AMM,2026-08-01T01:16:33Z,26L,OSAP,ALP,OSAP,ALP,,,,612.874,501.812,Passenger,744824,2026-08-01T01:04:56Z,2026-08-01T02:05:59Z,True
40f42b76,FYC762,FYC762,FYC,FYC,A320,YK-BAC,OMSJ,SHJ,2026-08-01T02:43:14Z,30,OSAP,ALP,OSAP,ALP,2026-08-01T05:37:29Z,27R,10455.0,2331.1,2117.78,Passenger,778823,2026-08-01T02:34:19Z,2026-08-01T05:30:41Z,True
40f4323e,VF340,TKJ340,TKJ,TKJ,B738,TC-JHE,LTFJ,SAW,2026-08-01T03:30:23Z,06L,OSAP,ALP,OSAP,ALP,2026-08-01T05:04:26Z,,5643.0,987.011,865.991,Passenger,4BA905,2026-08-01T02:48:44Z,2026-08-01T05:04:26Z,True
40f44f63,RJ432,RJA432,RJA,RJA,A20N,JY-RAD,OSAP,ALP,2026-08-01T03:44:03Z,,OJAI,AMM,OJAI,AMM,2026-08-01T04:33:45Z,26L,2982.0,662.279,507.308,Passenger,744824,2026-08-01T03:43:01Z,2026-08-01T04:37:44Z,True
40f464d5,TK844,THY844,THY,THY,B739,TC-JYB,LTFM,IST,2026-08-01T04:48:39Z,36,OSAP,ALP,OSAP,ALP,2026-08-01T06:26:46Z,,5887.0,1093.44,927.703,Passenger,4BAB22,2026-08-01T04:22:11Z,2026-08-01T06:26:46Z,True
40f47ae5,3L456,ADY456,ADY,ADY,A320,A6-AUB,OMAA,AUH,2026-08-01T05:28:46Z,13R,OSAP,ALP,OSAP,ALP,2026-08-01T08:24:03Z,,10517.0,2460.04,2115.35,Passenger,896586,2026-08-01T05:04:00Z,2026-08-01T08:24:03Z,True
40f47eaf,XQ206,SXS206,SXS,SXS,B738,TC-SNN,LTAI,AYT,2026-08-01T06:03:13Z,36R,OSAP,ALP,OSAP,ALP,2026-08-01T07:09:12Z,,3959.0,691.43,580.332,Passenger,4BCDCE,2026-08-01T05:10:56Z,2026-08-01T07:09:31Z,True
40f4914c,KK472,NGN472,NGN,NGN,A320,D-ANNE,EDDL,DUS,2026-08-01T05:55:28Z,05R,OSAP,ALP,OSAP,ALP,2026-08-01T09:42:38Z,,13630.0,3010.63,2937.97,Passenger,3C79C5,2026-08-01T05:48:22Z,2026-08-01T09:33:32Z,True
40f49be3,VF341,TKJ341,TKJ,TKJ,B738,TC-JHE,OSAP,ALP,2026-08-01T06:22:58Z,,LTFJ,SAW,LTFJ,SAW,2026-08-01T07:48:10Z,06R,5112.0,1018.67,865.888,Passenger,4BA905,2026-08-01T06:07:47Z,2026-08-01T08:01:16Z,True
40f4ae1b,FYC761,FYC761,FYC,FYC,A320,YK-BAC,OSAP,ALP,2026-08-01T06:47:59Z,09L,OMSJ,SHJ,OMSJ,SHJ,2026-08-01T09:54:46Z,30,11207.0,2424.6,2119.55,Passenger,778823,2026-08-01T06:42:39Z,2026-08-01T10:06:06Z,True
40f4b331,G9351,ABY351,ABY,ABY,A20N,A6-ARC,OMSJ,SHJ,2026-08-01T07:02:51Z,30,OSAP,ALP,OSAP,ALP,2026-08-01T09:54:15Z,,10284.0,2336.49,2120.46,Passenger,896719,2026-08-01T06:52:21Z,2026-08-01T09:54:15Z,True
40f4bd79,RJ433,RJA433,RJA,RJA,E290,JY-REE,OJAI,AMM,2026-08-01T07:12:27Z,26R,OSAP,ALP,OSAP,ALP,,,,585.271,506.593,Passenger,7448A5,2026-08-01T07:10:48Z,2026-08-01T08:05:21Z,True
40f4ea84,TK845,THY845,THY,THY,B739,TC-JYB,OSAP,ALP,2026-08-01T08:32:55Z,,LTFM,IST,LTFM,IST,2026-08-01T10:04:46Z,35R,5511.0,1069.08,928.827,Passenger,4BAB22,2026-08-01T08:23:40Z,2026-08-01T10:12:39Z,True
40f4f355,XQ207,SXS207,SXS,SXS,B738,TC-SNN,OSAP,ALP,2026-08-01T08:45:22Z,,LTAI,AYT,LTAI,AYT,2026-08-01T10:01:17Z,18C,4555.0,800.137,580.602,Passenger,4BCDCE,2026-08-01T08:37:21Z,2026-08-01T10:58:21Z,True
40f4f77f,FZ1191,FDB1191,FDB,FDB,B38M,A6-FMT,OMDB,DXB,2026-08-01T09:21:12Z,30R,OSAP,ALP,OSAP,ALP,2026-08-01T12:18:12Z,,10620.0,2679.4,2110.1,Passenger,89656A,2026-08-01T08:44:32Z,2026-08-01T12:09:47Z,True
40f505a4,XY229,KNE229,KNE,KNE,A20N,HZ-NS57,OERK,RUH,2026-08-01T09:16:28Z,33R,OSAP,ALP,OSAP,ALP,2026-08-01T11:25:25Z,,7737.0,1595.3,1538.78,Passenger,717CAA,2026-08-01T09:04:40Z,2026-08-01T11:25:25Z,True
40f50d2c,RJ434,RJA434,RJA,RJA,E290,JY-REE,OSAP,ALP,2026-08-01T09:15:09Z,,OJAI,AMM,OJAI,AMM,2026-08-01T10:10:29Z,26L,3320.0,565.699,508.211,Passenger,7448A5,2026-08-01T09:15:34Z,2026-08-01T10:10:50Z,True
40f51cc3,3L457,ADY457,ADY,ADY,A320,A6-AUB,OSAP,ALP,2026-08-01T09:49:16Z,,OMAA,AUH,OMAA,AUH,2026-08-01T12:56:42Z,31R,11246.0,3601.28,2114.47,Passenger,896586,2026-08-01T09:38:04Z,2026-08-01T13:03:30Z,True
40f5285d,KK473,NGN473,NGN,NGN,A320,D-ANNE,OSAP,ALP,2026-08-01T11:19:23Z,,EDDL,DUS,EDDL,DUS,2026-08-01T15:16:06Z,05R,14203.0,3016.27,2939.31,Passenger,3C79C5,2026-08-01T09:54:38Z,2026-08-01T15:22:24Z,True
40f557fb,G9352,ABY352,ABY,ABY,A20N,A6-ARC,OSAP,ALP,2026-08-01T11:15:37Z,,OMSJ,SHJ,OMSJ,SHJ,2026-08-01T14:19:38Z,30,11041.0,2392.63,2118.93,Passenger,896719,2026-08-01T10:59:11Z,2026-08-01T14:23:19Z,True
40f57ca2,PC770,PGT770,PGT,PGT,B738,TC-AIS,LTFJ,SAW,2026-08-01T11:58:59Z,06L,OSAP,ALP,OSAP,ALP,,,,918.617,859.556,Passenger,4B8533,2026-08-01T11:44:57Z,2026-08-01T13:10:08Z,True
40f5c290,XY230,KNE230,KNE,KNE,A20N,HZ-NS57,OSAP,ALP,2026-08-01T13:11:35Z,,OERK,RUH,OERK,RUH,2026-08-01T15:27:21Z,33R,8146.0,1702.37,1541.57,Passenger,717CAA,2026-08-01T13:02:19Z,2026-08-01T15:24:25Z,True
40f5d651,FZ1192,FDB1192,FDB,FDB,B38M,A6-FMT,OSAP,ALP,2026-08-01T13:22:50Z,,OMDB,DXB,OMDB,DXB,2026-08-01T16:32:00Z,30L,11350.0,2432.85,2108.61,Passenger,89656A,2026-08-01T13:22:33Z,2026-08-01T16:39:14Z,True
40f60477,PC771,PGT771,PGT,PGT,B738,TC-AIS,OSAP,ALP,2026-08-01T14:18:40Z,,LTFJ,SAW,LTFJ,SAW,2026-08-01T15:41:01Z,06R,4941.0,958.641,865.451,Passenger,4B8533,2026-08-01T14:10:16Z,2026-08-01T15:50:18Z,True
40f7dfb8,RJ431,RJA431,RJA,RJA,A20N,JY-RAE,OJAI,AMM,2026-08-02T01:36:44Z,26L,OSAP,ALP,OSAP,ALP,,,,538.871,448.956,Passenger,744825,2026-08-02T01:18:29Z,2026-08-02T02:21:30Z,True
40f80bbc,VF340,TKJ340,TKJ,TKJ,B738,TC-JHB,LTFJ,SAW,2026-08-02T03:38:56Z,06L,OSAP,ALP,OSAP,ALP,,,,926.198,860.972,Passenger,4BA902,2026-08-02T02:46:22Z,2026-08-02T04:50:47Z,True
40f82c48,XQ808,SXS808,SXS,SXS,B738,TC-SNR,LTBJ,ADB,2026-08-02T03:49:37Z,34L,OSAP,ALP,OSAP,ALP,,,,1013.19,921.86,Passenger,4BCDD2,2026-08-02T03:35:57Z,2026-08-02T05:05:23Z,True
40f82f07,RJ432,RJA432,RJA,RJA,A20N,JY-RAE,OSAP,ALP,2026-08-02T03:55:44Z,,OJAI,AMM,OJAI,AMM,2026-08-02T04:45:58Z,26L,3014.0,548.912,507.983,Passenger,744825,2026-08-02T03:42:01Z,2026-08-02T04:50:20Z,True
40f8424a,PC770,PGT770,PGT,PGT,B738,TC-AZP,LTFJ,SAW,2026-08-02T04:30:55Z,06L,OSAP,ALP,OSAP,ALP,,,,944.363,873.132,Passenger,4B8750,2026-08-02T04:16:25Z,2026-08-02T05:48:04Z,True
40f843db,TK844,THY844,THY,THY,B739,TC-JYH,LTFM,IST,2026-08-02T04:53:19Z,34L,OSAP,ALP,OSAP,ALP,,,,1099.99,922.208,Passenger,4BAB28,2026-08-02T04:19:33Z,2026-08-02T06:17:13Z,True
40f875a3,VF341,TKJ341,TKJ,TKJ,B738,TC-JHB,OSAP,ALP,2026-08-02T06:16:34Z,,LTFJ,SAW,LTFJ,SAW,2026-08-02T07:40:28Z,06R,5034.0,1018.53,865.984,Passenger,4BA902,2026-08-02T06:02:41Z,2026-08-02T07:57:48Z,True
40f87a14,G9351,ABY351,ABY,ABY,A320,A6-AOH,OMSJ,SHJ,2026-08-02T06:16:10Z,30,OSAP,ALP,OSAP,ALP,2026-08-02T09:37:27Z,27R,12077.0,2764.1,2114.93,Passenger,896413,2026-08-02T06:11:25Z,2026-08-02T09:30:09Z,True
40f888f2,XQ809,SXS809,SXS,SXS,B738,TC-SNR,OSAP,ALP,2026-08-02T06:50:42Z,,LTBJ,ADB,LTBJ,ADB,2026-08-02T08:19:28Z,34L,5326.0,1064.04,923.338,Passenger,4BCDD2,2026-08-02T06:41:53Z,2026-08-02T08:17:20Z,True
40f89ca7,PC771,PGT771,PGT,PGT,B738,TC-AZP,OSAP,ALP,2026-08-02T07:25:22Z,,LTFJ,SAW,LTFJ,SAW,2026-08-02T08:48:40Z,06R,4998.0,968.086,865.323,Passenger,4B8750,2026-08-02T07:19:06Z,2026-08-02T09:03:14Z,True
40f8ad0b,FZ1191,FDB1191,FDB,FDB,B38M,A6-FKT,OMDB,DXB,2026-08-02T08:12:28Z,30R,OSAP,ALP,OSAP,ALP,,,,2298.53,2112.31,Passenger,89660A,2026-08-02T07:48:13Z,2026-08-02T10:56:50Z,True
40f8bae8,TK845,THY845,THY,THY,B739,TC-JYH,OSAP,ALP,2026-08-02T08:13:27Z,27L,LTFM,IST,LTFM,IST,2026-08-02T09:48:40Z,35R,5713.0,1079.48,928.195,Passenger,4BAB28,2026-08-02T08:10:09Z,2026-08-02T10:00:52Z,True
40f8f507,DN551,DNA551,DNA,DNA,A320,YR-JUL,LROP,OTP,2026-08-02T09:51:11Z,08L,OSAP,ALP,OSAP,ALP,2026-08-02T11:52:25Z,,7274.0,1384.9,1325.09,Passenger,4A2AAC,2026-08-02T09:37:35Z,2026-08-02T11:52:25Z,True
40f90e3a,TK840,THY840,THY,THY,B739,TC-JYI,LTFM,IST,2026-08-02T10:36:47Z,35L,OSAP,ALP,OSAP,ALP,,,,1076.66,930.425,Passenger,4BAB29,2026-08-02T10:17:04Z,2026-08-02T12:00:26Z,True
40f919c2,G9352,ABY352,ABY,ABY,A320,A6-AOH,OSAP,ALP,2026-08-02T10:35:29Z,09L,OMSJ,SHJ,OMSJ,SHJ,2026-08-02T13:36:59Z,30,10890.0,2402.3,2118.07,Passenger,896413,2026-08-02T10:29:28Z,2026-08-02T13:40:25Z,True
40f96438,FZ1192,FDB1192,FDB,FDB,B38M,A6-FKT,OSAP,ALP,2026-08-02T12:07:34Z,,OMDB,DXB,OMDB,DXB,2026-08-02T15:15:46Z,30L,11292.0,2410.99,2108.3,Passenger,89660A,2026-08-02T12:08:40Z,2026-08-02T15:23:27Z,True
40f96635,RJ433,RJA433,RJA,RJA,A20N,JY-RAH,OJAI,AMM,2026-08-02T12:24:27Z,26L,OSAP,ALP,OSAP,ALP,2026-08-02T13:26:46Z,,3739.0,622.592,508.464,Passenger,744828,2026-08-02T12:11:18Z,2026-08-02T13:19:16Z,True
40f99881,DN552,DNA552,DNA,DNA,A320,YR-JUL,OSAP,ALP,2026-08-02T13:23:04Z,,LROP,OTP,LROP,OTP,2026-08-02T15:16:20Z,08R,6796.0,1378.41,1325.47,Passenger,4A2AAC,2026-08-02T13:10:33Z,2026-08-02T15:23:22Z,True
40f9ccbb,TK841,THY841,THY,THY,B739,TC-JYI,OSAP,ALP,2026-08-02T14:16:28Z,,LTFM,IST,LTFM,IST,2026-08-02T15:39:59Z,35R,5011.0,1030.46,927.966,Passenger,4BAB29,2026-08-02T14:09:31Z,2026-08-02T15:50:02Z,True
40f9d403,RJ434,RJA434,RJA,RJA,A20N,JY-RAH,OSAP,ALP,2026-08-02T14:26:27Z,,OJAI,AMM,OJAI,AMM,2026-08-02T15:19:55Z,26R,3208.0,629.637,507.704,Passenger,744828,2026-08-02T14:18:17Z,2026-08-02T15:24:46Z,True
40fba31a,RJ431,RJA431,RJA,RJA,A20N,JY-RAE,OJAI,AMM,2026-08-03T01:23:58Z,26L,OSAP,ALP,OSAP,ALP,2026-08-03T02:24:14Z,27R,3616.0,617.847,508.358,Passenger,744825,2026-08-03T01:13:20Z,2026-08-03T02:22:11Z,True
40fbae2f,FYC762,FYC762,FYC,FYC,A320,YK-BAC,OMSJ,SHJ,2026-08-03T01:40:08Z,30,OSAP,ALP,OSAP,ALP,2026-08-03T04:28:34Z,,10106.0,2975.16,2118.66,Passenger,778823,2026-08-03T01:32:35Z,2026-08-03T04:28:34Z,True
40fbc8b0,VF340,TKJ340,TKJ,TKJ,B738,TC-JHC,LTFJ,SAW,2026-08-03T03:08:24Z,06L,OSAP,ALP,OSAP,ALP,,,,993.953,875.268,Passenger,4BA903,2026-08-03T02:24:17Z,2026-08-03T04:29:15Z,True
40fbd3ed,RJ432,RJA432,RJA,RJA,A20N,JY-RAE,OSAP,ALP,2026-08-03T03:39:01Z,27R,OJAI,AMM,OJAI,AMM,2026-08-03T04:34:01Z,26L,3300.0,596.414,507.949,Passenger,744825,2026-08-03T02:46:00Z,2026-08-03T04:37:25Z,True
40fbf275,G9351,ABY351,ABY,ABY,A320,A6-ANL,OMSJ,SHJ,2026-08-03T04:18:18Z,12,OSAP,ALP,OSAP,ALP,2026-08-03T07:24:19Z,09R,11161.0,2857.29,2114.47,Passenger,89634A,2026-08-03T03:47:29Z,2026-08-03T07:15:25Z,True
40fbf429,PC770,PGT770,PGT,PGT,B738,TC-AZP,LTFJ,SAW,2026-08-03T04:16:39Z,06R,OSAP,ALP,OSAP,ALP,2026-08-03T05:36:12Z,,4773.0,951.146,865.067,Passenger,4B8750,2026-08-03T03:50:45Z,2026-08-03T05:38:47Z,True
40fc0c3c,TK844,THY844,THY,THY,B739,TC-JYB,LTFM,IST,2026-08-03T04:58:37Z,34L,OSAP,ALP,OSAP,ALP,2026-08-03T06:40:12Z,27R,6095.0,1111.61,928.69,Passenger,4BAB22,2026-08-03T04:33:01Z,2026-08-03T06:38:10Z,True
40fc3395,KK472,NGN472,NGN,NGN,A320,D-ANNE,EDDL,DUS,2026-08-03T05:48:32Z,05R,OSAP,ALP,OSAP,ALP,2026-08-03T09:34:59Z,09L,13587.0,3086.86,2939.45,Passenger,3C79C5,2026-08-03T05:43:36Z,2026-08-03T09:32:56Z,True
40fc39ba,RB444,SYR444,SYR,SYR,B735,YK-SYR,LTFM,IST,2026-08-03T06:18:40Z,35L,OSAP,ALP,OSAP,ALP,,,,1029.45,927.306,Passenger,77CF32,2026-08-03T05:54:48Z,2026-08-03T07:36:52Z,True
40fc3fd5,VF341,TKJ341,TKJ,TKJ,B738,TC-JHC,OSAP,ALP,2026-08-03T06:20:22Z,,LTFJ,SAW,LTFJ,SAW,2026-08-03T07:47:41Z,06R,5239.0,1011.72,865.892,Passenger,4BA903,2026-08-03T06:05:06Z,2026-08-03T08:09:23Z,True
40fc4953,FYC761,FYC761,FYC,FYC,A320,YK-BAC,OSAP,ALP,2026-08-03T06:34:25Z,09L,OMSJ,SHJ,OMSJ,SHJ,2026-08-03T09:36:00Z,30,10895.0,2404.06,2118.2,Passenger,778823,2026-08-03T06:21:33Z,2026-08-03T09:37:07Z,True
40fc549b,PC771,PGT771,PGT,PGT,B738,TC-AZP,OSAP,ALP,2026-08-03T06:57:54Z,,LTFJ,SAW,LTFJ,SAW,2026-08-03T08:22:50Z,06R,5096.0,999.47,865.87,Passenger,4B8750,2026-08-03T06:42:02Z,2026-08-03T08:31:05Z,True
40fc65fc,FZ1191,FDB1191,FDB,FDB,B38M,A6-FMB,OMDB,DXB,2026-08-03T07:35:29Z,,OSAP,ALP,OSAP,ALP,2026-08-03T10:30:33Z,,10504.0,2336.28,2109.45,Passenger,8964D1,2026-08-03T07:11:25Z,2026-08-03T10:31:27Z,True
40fc7fea,RJ433,RJA433,RJA,RJA,E295,JY-REH,OJAI,AMM,2026-08-03T07:56:56Z,26R,OSAP,ALP,OJAI,AMM,2026-08-03T08:58:19Z,26L,3683.0,688.781,2.04689,Passenger,7448A8,2026-08-03T07:55:11Z,2026-08-03T08:58:32Z,True
40fc8f26,G9352,ABY352,ABY,ABY,A320,A6-ANL,OSAP,ALP,2026-08-03T08:26:24Z,09L,OMSJ,SHJ,OMSJ,SHJ,2026-08-03T11:29:22Z,30,10978.0,2406.61,2118.36,Passenger,89634A,2026-08-03T08:19:55Z,2026-08-03T11:57:28Z,True
40fc8f4d,TK845,THY845,THY,THY,B739,TC-JYB,OSAP,ALP,2026-08-03T08:33:24Z,,LTFM,IST,LTFM,IST,2026-08-03T10:09:03Z,35R,5739.0,1073.73,927.862,Passenger,4BAB22,2026-08-03T08:20:08Z,2026-08-03T10:19:28Z,True
40fc94b5,,UNO501H,IGC,IGC,CRJ2,YI-BAK,OSDI,DAM,2026-08-03T08:32:34Z,23L,OSAP,ALP,OSAP,ALP,2026-08-03T09:21:03Z,,2909.0,434.795,311.792,Business_jets,72882B,2026-08-03T08:28:48Z,2026-08-03T09:12:35Z,True
40fcc0c8,,UNO501H,IGC,IGC,CRJ2,YI-BAK,OSAP,ALP,2026-08-03T09:40:02Z,,OSDI,DAM,OSDI,DAM,2026-08-03T10:24:42Z,23R,2680.0,432.426,313.448,Business_jets,72882B,2026-08-03T09:39:36Z,2026-08-03T10:25:01Z,True
40fcc316,KK473,NGN473,NGN,NGN,A320,D-ANNE,OSAP,ALP,2026-08-03T11:07:06Z,,EDDL,DUS,EDDL,DUS,2026-08-03T14:58:38Z,23L,13892.0,2996.08,2939.26,Passenger,3C79C5,2026-08-03T09:43:24Z,2026-08-03T15:01:38Z,True
40fd1759,FZ1192,FDB1192,FDB,FDB,B38M,A6-FMB,OSAP,ALP,2026-08-03T11:38:06Z,,OMDB,DXB,OMDB,DXB,2026-08-03T14:40:33Z,30L,10947.0,2428.37,2109.11,Passenger,8964D1,2026-08-03T11:39:07Z,2026-08-03T14:45:50Z,True
40fd4510,RJ433,RJA433,RJA,RJA,E295,JY-REH,OJAI,AMM,2026-08-03T12:32:35Z,26L,OSAP,ALP,OSAP,ALP,,,,554.522,455.416,Passenger,7448A8,2026-08-03T12:31:52Z,2026-08-03T13:18:38Z,True
40fdb498,RJ434,RJA434,RJA,RJA,E295,JY-REH,OSAP,ALP,2026-08-03T14:25:09Z,,OJAI,AMM,OJAI,AMM,2026-08-03T15:21:21Z,26L,3372.0,570.305,503.811,Passenger,7448A8,2026-08-03T14:29:15Z,2026-08-03T15:21:29Z,True
40fed2e8,RB445,SYR445,SYR,SYR,B735,YK-SYR,OSAP,ALP,2026-08-03T20:30:46Z,09L,LTFM,IST,LTFM,IST,2026-08-03T22:01:19Z,35R,5433.0,1025.45,928.263,Passenger,77CF32,2026-08-03T20:12:18Z,2026-08-03T22:10:14Z,True
40ff84fb,FYC762,FYC762,FYC,FYC,A320,YK-BAB,OMSJ,SHJ,2026-08-04T01:49:08Z,12,OSAP,ALP,OSAP,ALP,,,,2280.6,2036.8,Passenger,778822,2026-08-04T00:24:56Z,2026-08-04T04:27:42Z,True
40ffa560,RJ431,RJA431,RJA,RJA,A20N,JY-RAD,OJAI,AMM,2026-08-04T01:30:21Z,26R,OSAP,ALP,OSAP,ALP,2026-08-04T02:28:44Z,09R,3503.0,604.674,512.063,Passenger,744824,2026-08-04T01:16:38Z,2026-08-04T02:19:39Z,True
40ffa77f,FYC492,FYC492,FYC,FYC,A320,YK-BAA,LTFJ,SAW,2026-08-04T01:56:43Z,06L,OSAP,ALP,OSAP,ALP,2026-08-04T03:14:37Z,,4674.0,964.021,872.602,Passenger,778821,2026-08-04T01:20:10Z,2026-08-04T03:06:34Z,True
40ffdb8a,VF340,TKJ340,TKJ,TKJ,B738,TC-JHF,LTFJ,SAW,2026-08-04T03:48:30Z,06R,OSAP,ALP,OSAP,ALP,,,,933.029,866.413,Passenger,4BA906,2026-08-04T02:48:02Z,2026-08-04T04:59:01Z,True
40fff2b6,RJ432,RJA432,RJA,RJA,A20N,JY-RAD,OSAP,ALP,2026-08-04T03:37:53Z,,OJAI,AMM,OJAI,AMM,2026-08-04T04:30:15Z,26L,3142.0,565.572,507.718,Passenger,744824,2026-08-04T03:31:06Z,2026-08-04T04:34:48Z,True
41000f37,G9351,ABY351,ABY,ABY,A320,A6-AOK,OMSJ,SHJ,2026-08-04T04:48:25Z,12,OSAP,ALP,OSAP,ALP,,,,2415.67,2106.71,Passenger,896434,2026-08-04T04:21:25Z,2026-08-04T07:39:46Z,True
41001298,TK844,THY844,THY,THY,B739,TC-JYB,LTFM,IST,2026-08-04T05:01:54Z,36,OSAP,ALP,OSAP,ALP,2026-08-04T06:35:04Z,,5590.0,1093.88,932.387,Passenger,4BAB22,2026-08-04T04:27:23Z,2026-08-04T06:27:31Z,True
41002283,3L456,ADY456,ADY,ADY,A320,A6-AUB,OMAA,AUH,2026-08-04T05:15:10Z,13R,OSAP,ALP,OSAP,ALP,2026-08-04T08:11:26Z,,10576.0,2348.84,2112.67,Passenger,896586,2026-08-04T04:55:49Z,2026-08-04T08:03:12Z,True
41004a26,VF341,TKJ341,TKJ,TKJ,B738,TC-JHF,OSAP,ALP,2026-08-04T06:22:56Z,27R,LTFJ,SAW,LTFJ,SAW,2026-08-04T07:57:37Z,06R,5681.0,1246.23,865.928,Passenger,4BA906,2026-08-04T06:05:07Z,2026-08-04T08:09:11Z,True
41005f42,FYC761,FYC761,FYC,FYC,A320,YK-BAB,OSAP,ALP,,,OMSJ,SHJ,OMSJ,SHJ,2026-08-04T09:25:55Z,12,,2412.31,2091.21,Passenger,778822,2026-08-04T06:42:05Z,2026-08-04T09:48:17Z,True
4100724a,FZ1191,FDB1191,FDB,FDB,B738,A6-FGD,OMDB,DXB,2026-08-04T07:32:39Z,12R,OSAP,ALP,OSAP,ALP,,,,2162.73,2012.18,Passenger,89646B,2026-08-04T07:13:26Z,2026-08-04T10:10:46Z,True
41008290,RJ433,RJA433,RJA,RJA,E290,JY-RED,OJAI,AMM,2026-08-04T07:39:38Z,26L,OSAP,ALP,OSAP,ALP,,,,576.394,500.984,Passenger,7448A4,2026-08-04T07:39:35Z,2026-08-04T08:29:33Z,True
41009a83,TK845,THY845,THY,THY,B739,TC-JYB,OSAP,ALP,2026-08-04T08:29:25Z,,LTFM,IST,LTFM,IST,2026-08-04T09:59:26Z,35R,5401.0,1043.29,927.426,Passenger,4BAB22,2026-08-04T08:17:40Z,2026-08-04T10:12:01Z,True
4100a5a0,G9352,ABY352,ABY,ABY,A320,A6-AOK,OSAP,ALP,2026-08-04T08:44:45Z,,OMSJ,SHJ,OMSJ,SHJ,2026-08-04T12:02:22Z,,11857.0,2531.65,2187.38,Passenger,896434,2026-08-04T08:35:49Z,2026-08-04T11:49:05Z,True
4100b502,3L457,ADY457,ADY,ADY,A320,A6-AUB,OSAP,ALP,2026-08-04T09:05:36Z,,OMAA,AUH,OMAA,AUH,2026-08-04T12:20:31Z,31R,11695.0,3070.23,2115.11,Passenger,896586,2026-08-04T08:59:31Z,2026-08-04T12:28:29Z,True
4100e141,TK840,THY840,THY,THY,B739,TC-JYC,LTFM,IST,2026-08-04T10:52:00Z,,OSAP,ALP,OSAP,ALP,2026-08-04T12:18:45Z,,5205.0,1062.16,927.321,Passenger,4BAB23,2026-08-04T10:06:45Z,2026-08-04T12:18:45Z,True
4100e1fe,RJ434,RJA434,RJA,RJA,E290,JY-RED,OSAP,ALP,2026-08-04T10:07:01Z,,OJAI,AMM,OJAI,AMM,2026-08-04T11:01:50Z,08L,3289.0,699.449,508.194,Passenger,7448A4,2026-08-04T10:07:26Z,2026-08-04T10:58:49Z,True
41012166,FZ1192,FDB1192,FDB,FDB,B738,A6-FGD,OSAP,ALP,,,OMDB,DXB,OMDB,DXB,2026-08-04T14:26:41Z,12L,,2311.83,2079.28,Passenger,89646B,2026-08-04T11:30:32Z,2026-08-04T14:33:57Z,True
41014a53,FYC455,FYC455,FYC,FYC,A320,YK-BAA,OSAP,ALP,2026-08-04T13:20:34Z,,UDYZ,EVN,UDYZ,EVN,2026-08-04T14:28:39Z,08,4085.0,843.901,766.911,Passenger,778821,2026-08-04T12:15:17Z,2026-08-04T14:38:12Z,True
41015569,PC770,PGT770,PGT,PGT,B738,TC-CPC,LTFJ,SAW,2026-08-04T12:56:39Z,06L,OSAP,ALP,OSAP,ALP,2026-08-04T14:14:30Z,27R,4671.0,940.937,867.339,Passenger,4B8E03,2026-08-04T12:26:39Z,2026-08-04T14:12:28Z,True
41017b14,RB390,SYR390,SYR,SYR,A320,YK-AKG,OERK,RUH,2026-08-04T13:57:39Z,33R,OSAP,ALP,OSAP,ALP,,,,5219.3,1455.89,Passenger,778567,2026-08-04T13:03:30Z,2026-08-04T15:48:40Z,True
4101b74e,TK841,THY841,THY,THY,B739,TC-JYC,OSAP,ALP,2026-08-04T14:10:12Z,,LTFM,IST,LTFM,IST,2026-08-04T15:38:15Z,35R,5283.0,1017.87,927.127,Passenger,4BAB23,2026-08-04T13:59:48Z,2026-08-04T15:51:23Z,True
4101e026,FYC456,FYC456,FYC,FYC,A320,YK-BAA,UDYZ,EVN,2026-08-04T15:48:14Z,26,OSAP,ALP,OSAP,ALP,2026-08-04T16:59:43Z,,4289.0,848.866,768.248,Passenger,778821,2026-08-04T14:38:13Z,2026-08-04T16:59:43Z,True
4101ff74,PC771,PGT771,PGT,PGT,B738,TC-CPC,OSAP,ALP,2026-08-04T15:19:19Z,27R,LTFJ,SAW,LTFJ,SAW,2026-08-04T16:47:17Z,06R,5278.0,970.602,865.496,Passenger,4B8E03,2026-08-04T15:08:45Z,2026-08-04T16:55:04Z,True
410261be,RB381,SYR382,SYR,SYR,A320,YK-AKG,OSAP,ALP,2026-08-04T18:01:06Z,,OEJN,JED,OEJN,JED,,,,1665.46,1545.38,Passenger,778567,2026-08-04T16:49:45Z,2026-08-04T19:57:50Z,True
41028105,FYC525,FYC525,FYC,FYC,A320,YK-BAA,OSAP,ALP,2026-08-04T18:23:58Z,27R,ORER,EBL,ORER,EBL,2026-08-04T19:49:33Z,,5135.0,1033.03,604.476,Passenger,778821,2026-08-04T17:32:52Z,2026-08-04T19:45:17Z,True
41030a26,FYC526,FYC526,FYC,FYC,A320,YK-BAA,ORER,EBL,2026-08-04T20:53:09Z,,OSAP,ALP,OSAP,ALP,,,,735.009,526.144,Passenger,778821,2026-08-04T20:05:30Z,2026-08-04T21:52:41Z,True
4103429e,RB382,SYR382,SYR,SYR,A320,YK-AKG,OEJN,JED,2026-08-04T21:52:17Z,34C,OSAP,ALP,OSAP,ALP,,,,2386.43,1541.94,Passenger,778567,2026-08-04T21:18:22Z,2026-08-04T23:46:21Z,True
41039453,FYC491,FYC491,FYC,FYC,A320,YK-BAA,OSAP,ALP,2026-08-04T23:19:00Z,,LTFJ,SAW,LTFJ,SAW,2026-08-05T00:39:44Z,06L,4844.0,935.47,865.682,Passenger,778821,2026-08-04T23:06:28Z,2026-08-05T00:52:15Z,True
4103ecf2,RJ431,RJA431,RJA,RJA,A21N,JY-RAO,OJAI,AMM,2026-08-05T01:25:09Z,26L,OSAP,ALP,OSAP,ALP,2026-08-05T02:16:46Z,27R,3097.0,623.703,507.999,Passenger,74482F,2026-08-05T01:13:30Z,2026-08-05T02:16:46Z,True
4104103b,RB389,SYR389,SYR,SYR,A320,YK-AKG,OSAP,ALP,2026-08-05T02:57:01Z,27R,OERK,RUH,OERK,RUH,2026-08-05T05:07:24Z,33L,7823.0,1712.16,1541.15,Passenger,778567,2026-08-05T02:09:39Z,2026-08-05T05:20:49Z,True
41043574,VF340,TKJ340,TKJ,TKJ,B738,TC-JHB,LTFJ,SAW,2026-08-05T03:52:06Z,06L,OSAP,ALP,OSAP,ALP,,,,982.999,866.03,Passenger,4BA902,2026-08-05T03:14:41Z,2026-08-05T05:05:56Z,True
41044358,RJ432,RJA432,RJA,RJA,A21N,JY-RAO,OSAP,ALP,2026-08-05T03:52:50Z,27R,OJAI,AMM,OJAI,AMM,2026-08-05T04:44:13Z,26L,3083.0,594.188,508.026,Passenger,74482F,2026-08-05T03:41:06Z,2026-08-05T04:48:20Z,True
41044e85,G9351,ABY351,ABY,ABY,A320,A6-ANQ,OMSJ,SHJ,2026-08-05T04:17:00Z,12,OSAP,ALP,OSAP,ALP,2026-08-05T07:13:52Z,,10612.0,2408.25,2118.39,Passenger,896372,2026-08-05T04:01:08Z,2026-08-05T07:16:38Z,True
410456ff,PC770,PGT770,PGT,PGT,B738,TC-AZP,LTFJ,SAW,2026-08-05T04:33:28Z,06L,OSAP,ALP,OSAP,ALP,2026-08-05T05:57:32Z,27R,5044.0,952.513,869.006,Passenger,4B8750,2026-08-05T04:15:49Z,2026-08-05T05:50:18Z,True
41046174,TK844,THY844,THY,THY,B739,TC-JYC,LTFM,IST,2026-08-05T04:53:52Z,36,OSAP,ALP,OSAP,ALP,2026-08-05T06:25:52Z,27R,5520.0,1060.79,927.479,Passenger,4BAB23,2026-08-05T04:34:03Z,2026-08-05T06:25:52Z,True
410482cf,XQ206,SXS206,SXS,SXS,B738,TC-SEN,LTAI,AYT,2026-08-05T05:50:15Z,18L,OSAP,ALP,OSAP,ALP,,,,730.504,594.638,Passenger,4BCCAE,2026-08-05T05:33:12Z,2026-08-05T06:50:09Z,True
4104a0e8,VF341,TKJ341,TKJ,TKJ,B738,TC-JHB,OSAP,ALP,2026-08-05T06:37:32Z,,LTFJ,SAW,LTFJ,SAW,2026-08-05T08:06:25Z,06R,5333.0,1020.62,865.879,Passenger,4BA902,2026-08-05T06:26:17Z,2026-08-05T08:18:30Z,True
4104bb2c,PC771,PGT771,PGT,PGT,B738,TC-AZP,OSAP,ALP,2026-08-05T07:15:30Z,,LTFJ,SAW,LTFJ,SAW,2026-08-05T08:38:18Z,06R,4968.0,952.901,866.163,Passenger,4B8750,2026-08-05T07:10:23Z,2026-08-05T08:48:41Z,True
4104bdf7,FZ1191,FDB1191,FDB,FDB,B38M,A6-FPH,OMDB,DXB,2026-08-05T07:44:02Z,12R,OSAP,ALP,OSAP,ALP,,,,2238.44,2048.66,Passenger,896689,2026-08-05T07:15:23Z,2026-08-05T10:19:04Z,True
4104d672,RJ433,RJA433,RJA,RJA,E295,JY-REA,OJAI,AMM,2026-08-05T07:56:47Z,26R,OSAP,ALP,OSAP,ALP,2026-08-05T09:00:28Z,27R,3821.0,575.26,506.756,Passenger,7448A1,2026-08-05T07:54:21Z,2026-08-05T08:53:37Z,True
4104e0a4,XQ207,SXS207,SXS,SXS,B738,TC-SEN,OSAP,ALP,2026-08-05T08:20:12Z,,LTAI,AYT,LTAI,AYT,2026-08-05T09:32:33Z,18C,4341.0,795.159,581.279,Passenger,4BCCAE,2026-08-05T08:10:32Z,2026-08-05T09:35:00Z,True
4104e272,G9352,ABY352,ABY,ABY,A320,A6-ANQ,OSAP,ALP,2026-08-05T08:26:30Z,,OMSJ,SHJ,OMSJ,SHJ,2026-08-05T11:36:50Z,30,11420.0,2891.04,2119.57,Passenger,896372,2026-08-05T08:13:16Z,2026-08-05T11:41:47Z,True
4104e5d4,TK845,THY845,THY,THY,B739,TC-JYC,OSAP,ALP,2026-08-05T08:40:01Z,,LTFM,IST,LTFM,IST,2026-08-05T10:19:51Z,35R,5990.0,1113.48,926.992,Passenger,4BAB23,2026-08-05T08:18:52Z,2026-08-05T10:33:15Z,True
4104f370,XY229,KNE229,KNE,KNE,A20N,HZ-NS67,OERK,RUH,2026-08-05T09:10:08Z,33R,OSAP,ALP,OSAP,ALP,2026-08-05T11:16:32Z,,7584.0,1584.32,1529.51,Passenger,717C91,2026-08-05T08:40:20Z,2026-08-05T11:07:22Z,True
41051ed7,FYC762,FYC762,FYC,FYC,A320,YK-BAA,OMSJ,SHJ,2026-08-05T11:17:57Z,30,OSAP,ALP,OSAP,ALP,2026-08-05T14:09:07Z,,10270.0,2319.15,2092.34,Passenger,778821,2026-08-05T09:48:00Z,2026-08-05T13:56:13Z,True
41051ec6,DN551,DNA551,DNA,DNA,A320,YR-JUL,LROP,OTP,2026-08-05T09:58:12Z,08L,OSAP,ALP,OSAP,ALP,2026-08-05T11:54:01Z,,6949.0,1380.73,1334.9,Passenger,4A2AAC,2026-08-05T09:48:21Z,2026-08-05T11:45:40Z,True
41052a47,RJ434,RJA434,RJA,RJA,E295,JY-REA,OSAP,ALP,2026-08-05T10:03:37Z,09L,OJAI,AMM,OJAI,AMM,2026-08-05T10:57:02Z,26L,3205.0,556.008,508.131,Passenger,7448A1,2026-08-05T10:03:28Z,2026-08-05T10:57:19Z,True
41056eea,FZ1192,FDB1192,FDB,FDB,B38M,A6-FPH,OSAP,ALP,2026-08-05T11:31:13Z,,OMDB,DXB,OMDB,DXB,2026-08-05T14:33:20Z,30L,10927.0,2386.87,2108.44,Passenger,896689,2026-08-05T11:32:01Z,2026-08-05T14:39:27Z,True
4105a825,XY230,KNE230,KNE,KNE,A20N,HZ-NS67,OSAP,ALP,2026-08-05T12:43:34Z,09L,OERK,RUH,OERK,RUH,2026-08-05T14:56:57Z,33L,8003.0,1699.99,1538.07,Passenger,717C91,2026-08-05T12:34:00Z,2026-08-05T15:00:38Z,True
4105d47b,DN552,DNA552,DNA,DNA,A320,YR-JUL,OSAP,ALP,2026-08-05T13:25:59Z,,LROP,OTP,LROP,OTP,2026-08-05T15:19:12Z,08R,6793.0,1375.99,1325.63,Passenger,4A2AAC,2026-08-05T13:16:16Z,2026-08-05T15:25:00Z,True
41075e98,FYC761,FYC761,FYC,FYC,A320,YK-BAA,OSAP,ALP,2026-08-05T21:03:56Z,,OMSJ,SHJ,OMSJ,SHJ,2026-08-06T00:08:24Z,30,11068.0,2473.78,2118.83,Passenger,778821,2026-08-05T20:21:31Z,2026-08-06T00:20:02Z,True
4108420d,RJ431,RJA431,RJA,RJA,A20N,JY-RAN,OJAI,AMM,2026-08-06T01:58:23Z,26L,OSAP,ALP,OSAP,ALP,2026-08-06T02:56:21Z,,3478.0,973.885,502.633,Passenger,74482E,2026-08-06T01:35:41Z,2026-08-06T02:47:43Z,True
410860bd,VF340,TKJ340,TKJ,TKJ,B738,TC-JHD,LTFJ,SAW,2026-08-06T03:02:08Z,06L,OSAP,ALP,OSAP,ALP,,,,1003.13,865.29,Passenger,4BA904,2026-08-06T02:25:53Z,2026-08-06T04:20:41Z,True
4108a1b1,RJ432,RJA432,RJA,RJA,A20N,JY-RAN,OSAP,ALP,2026-08-06T04:23:55Z,,OJAI,AMM,OJAI,AMM,2026-08-06T05:17:03Z,26L,3188.0,594.87,507.487,Passenger,74482E,2026-08-06T04:21:12Z,2026-08-06T05:23:50Z,True
4108a278,G9351,ABY351,ABY,ABY,A320,A6-ANP,OMSJ,SHJ,2026-08-06T04:22:16Z,,OSAP,ALP,OSAP,ALP,2026-08-06T07:25:20Z,,10984.0,2362.0,2136.81,Passenger,896371,2026-08-06T04:24:41Z,2026-08-06T07:16:11Z,True
4108a61b,TK844,THY844,THY,THY,B739,TC-JYI,LTFM,IST,2026-08-06T04:58:14Z,34L,OSAP,ALP,OSAP,ALP,2026-08-06T06:33:49Z,,5735.0,1143.87,928.289,Passenger,4BAB29,2026-08-06T04:29:00Z,2026-08-06T06:33:49Z,True
4108b654,3L456,ADY456,ADY,ADY,A320,A6-AUF,OMAA,AUH,2026-08-06T05:22:25Z,13R,OSAP,ALP,OSAP,ALP,2026-08-06T08:26:06Z,27R,11021.0,2342.54,2103.81,Passenger,8965F9,2026-08-06T04:57:27Z,2026-08-06T08:17:34Z,True
4108d606,VF341,TKJ341,TKJ,TKJ,B738,TC-JHD,OSAP,ALP,2026-08-06T06:03:39Z,09L,LTFJ,SAW,LTFJ,SAW,2026-08-06T07:25:56Z,06R,4937.0,982.999,865.967,Passenger,4BA904,2026-08-06T05:52:43Z,2026-08-06T07:36:36Z,True
41090d61,FZ1191,FDB1191,FDB,FDB,B738,A6-FEQ,OMDB,DXB,2026-08-06T07:46:05Z,30R,OSAP,ALP,OSAP,ALP,2026-08-06T10:45:09Z,27R,10744.0,2299.98,2107.48,Passenger,8963B3,2026-08-06T07:24:18Z,2026-08-06T10:38:11Z,True
410933b0,,UNO501H,IGC,IGC,CRJ2,YI-BAK,OSDI,DAM,2026-08-06T08:25:54Z,23L,OSAP,ALP,OSAP,ALP,2026-08-06T09:13:49Z,,2875.0,384.509,307.938,Business_jets,72882B,2026-08-06T08:23:42Z,2026-08-06T09:05:13Z,True
41093451,G9352,ABY352,ABY,ABY,A320,A6-ANP,OSAP,ALP,2026-08-06T08:36:51Z,,OMSJ,SHJ,OMSJ,SHJ,2026-08-06T11:38:47Z,30,10916.0,2468.23,2117.91,Passenger,896371,2026-08-06T08:24:40Z,2026-08-06T11:39:24Z,True
410935c4,J9175,JZR175,JZR,JZR,A20N,9K-CBC,OKKK,KWI,2026-08-06T08:42:01Z,33L,OSAP,ALP,OSAP,ALP,2026-08-06T10:55:00Z,,7979.0,2088.33,1258.57,Passenger,706213,2026-08-06T08:26:55Z,2026-08-06T10:46:23Z,True
4109378b,TK845,THY845,THY,THY,B739,TC-JYI,OSAP,ALP,2026-08-06T08:40:55Z,,LTFM,IST,LTFM,IST,2026-08-06T10:23:42Z,35R,6167.0,1183.36,927.235,Passenger,4BAB29,2026-08-06T08:29:34Z,2026-08-06T10:37:45Z,True
41094642,PC770,PGT770,PGT,PGT,B738,TC-AIS,LTFJ,SAW,2026-08-06T09:27:00Z,06L,OSAP,ALP,OSAP,ALP,2026-08-06T10:48:53Z,,4913.0,926.3,875.208,Passenger,4B8533,2026-08-06T08:52:45Z,2026-08-06T10:40:20Z,True
4109586c,3L457,ADY457,ADY,ADY,A320,A6-AUF,OSAP,ALP,2026-08-06T09:30:24Z,,OMAA,AUH,OMAA,AUH,2026-08-06T12:32:19Z,31R,10915.0,2440.29,2114.19,Passenger,8965F9,2026-08-06T09:19:23Z,2026-08-06T12:35:18Z,True
41096309,,UNO501H,IGC,IGC,CRJ2,YI-BAK,OSAP,ALP,2026-08-06T09:33:17Z,09L,OSDI,DAM,OSDI,DAM,2026-08-06T10:19:10Z,23R,2753.0,412.095,313.334,Business_jets,72882B,2026-08-06T09:34:35Z,2026-08-06T10:19:33Z,True
4109a7db,RJ433,RJA433,RJA,RJA,E290,JY-REE,OJAI,AMM,2026-08-06T11:07:29Z,26R,OSAP,ALP,OSAP,ALP,,,,614.629,508.0,Passenger,7448A5,2026-08-06T11:06:36Z,2026-08-06T12:02:02Z,True
4109c757,PC771,PGT771,PGT,PGT,B738,TC-AIS,OSAP,ALP,2026-08-06T11:53:17Z,27R,LTFJ,SAW,LTFJ,SAW,2026-08-06T13:11:54Z,06R,4717.0,958.042,865.876,Passenger,4B8533,2026-08-06T11:43:26Z,2026-08-06T13:20:36Z,True
4109d20d,FZ1192,FDB1192,FDB,FDB,B738,A6-FEQ,OSAP,ALP,2026-08-06T11:49:37Z,09L,OMDB,DXB,OMDB,DXB,2026-08-06T14:52:05Z,30L,10948.0,2363.17,2088.15,Passenger,8963B3,2026-08-06T11:55:06Z,2026-08-06T14:54:57Z,True
410a1fb2,RJ434,RJA434,RJA,RJA,E290,JY-REE,OSAP,ALP,,,OJAI,AMM,OJAI,AMM,2026-08-06T14:00:14Z,26L,,556.999,456.501,Passenger,7448A5,2026-08-06T13:14:42Z,2026-08-06T14:00:33Z,True
410a3d61,J9176,JZR176,JZR,JZR,A20N,9K-CBC,OSAP,ALP,2026-08-06T13:44:33Z,,OKKK,KWI,OKKK,KWI,2026-08-06T15:58:45Z,34,8052.0,1619.45,1266.25,Passenger,706213,2026-08-06T13:41:04Z,2026-08-06T16:09:58Z,True
410c6767,FYC492,FYC492,FYC,FYC,A320,YK-BAA,LTFJ,SAW,2026-08-07T01:27:35Z,06L,OSAP,ALP,OSAP,ALP,,,,963.179,874.526,Passenger,778821,2026-08-07T00:21:40Z,2026-08-07T02:39:29Z,True
410c8bd2,RJ431,RJA431,RJA,RJA,A20N,JY-RAD,OJAI,AMM,2026-08-07T01:31:41Z,26R,OSAP,ALP,OSAP,ALP,2026-08-07T02:27:33Z,27R,3352.0,621.546,507.507,Passenger,744824,2026-08-07T01:16:27Z,2026-08-07T02:27:33Z,True
410cc157,RJ432,RJA432,RJA,RJA,A20N,JY-RAD,OSAP,ALP,2026-08-07T03:40:41Z,,OJAI,AMM,OJAI,AMM,2026-08-07T04:32:04Z,26L,3083.0,569.576,507.852,Passenger,744824,2026-08-07T02:42:41Z,2026-08-07T04:55:29Z,True
410cd384,VF340,TKJ340,TKJ,TKJ,B738,TC-JFC,LTFJ,SAW,2026-08-07T03:28:52Z,06L,OSAP,ALP,OSAP,ALP,2026-08-07T04:52:38Z,27R,5026.0,969.269,866.024,Passenger,4BA8C3,2026-08-07T03:14:12Z,2026-08-07T04:50:30Z,True
410cd853,XQ808,SXS808,SXS,SXS,B738,TC-SNR,LTBJ,ADB,2026-08-07T03:31:32Z,34L,OSAP,ALP,OSAP,ALP,2026-08-07T04:58:39Z,27R,5227.0,1081.68,924.471,Passenger,4BCDD2,2026-08-07T03:22:28Z,2026-08-07T04:56:33Z,True
410cfa79,TK844,THY844,THY,THY,B739,TC-JYI,LTFM,IST,2026-08-07T05:21:49Z,34L,OSAP,ALP,OSAP,ALP,2026-08-07T07:01:08Z,,5959.0,1097.51,938.561,Passenger,4BAB29,2026-08-07T04:21:52Z,2026-08-07T06:51:48Z,True
410cfc14,G9351,ABY351,ABY,ABY,A320,A6-AOK,OMSJ,SHJ,2026-08-07T04:32:12Z,30,OSAP,ALP,OSAP,ALP,2026-08-07T07:34:28Z,,10936.0,2324.96,2104.48,Passenger,896434,2026-08-07T04:24:24Z,2026-08-07T07:25:13Z,True
410d100b,PC770,PGT770,PGT,PGT,B738,TC-AIS,LTFJ,SAW,2026-08-07T05:18:51Z,06L,OSAP,ALP,OSAP,ALP,,,,956.288,865.927,Passenger,4B8533,2026-08-07T04:59:16Z,2026-08-07T06:37:42Z,True
410d347d,VF341,TKJ341,TKJ,TKJ,B738,TC-JFC,OSAP,ALP,2026-08-07T06:10:53Z,,LTFJ,SAW,LTFJ,SAW,2026-08-07T07:39:17Z,06R,5304.0,1021.29,865.881,Passenger,4BA8C3,2026-08-07T06:02:01Z,2026-08-07T07:48:29Z,True
410d3c22,XQ809,SXS809,SXS,SXS,B738,TC-SNR,OSAP,ALP,2026-08-07T06:22:10Z,,LTBJ,ADB,LTBJ,ADB,2026-08-07T07:58:59Z,34L,5809.0,1083.4,923.317,Passenger,4BCDD2,2026-08-07T06:15:04Z,2026-08-07T07:56:57Z,True
410d3c86,FYC725,FYC725,FYC,FYC,A320,YK-BAA,OSAP,ALP,2026-08-07T06:30:35Z,09L,OMDB,DXB,OMDB,DXB,2026-08-07T09:25:58Z,30L,10523.0,2419.03,2109.77,Passenger,778821,2026-08-07T06:15:40Z,2026-08-07T09:38:58Z,True
410d5b58,FZ1191,FDB1191,FDB,FDB,B38M,A6-FPG,OMDB,DXB,2026-08-07T07:29:49Z,30R,OSAP,ALP,OSAP,ALP,2026-08-07T10:24:13Z,,10464.0,2294.75,2111.31,Passenger,896688,2026-08-07T07:08:26Z,2026-08-07T10:30:23Z,True
410d7fbe,PC771,PGT771,PGT,PGT,B738,TC-AIS,OSAP,ALP,2026-08-07T08:11:37Z,,LTFJ,SAW,LTFJ,SAW,2026-08-07T09:35:59Z,06R,5062.0,1000.57,865.755,Passenger,4B8533,2026-08-07T08:05:24Z,2026-08-07T09:48:51Z,True
410d864c,TK845,THY845,THY,THY,B739,TC-JYI,OSAP,ALP,2026-08-07T08:24:23Z,,LTFM,IST,LTFM,IST,2026-08-07T09:56:17Z,35R,5514.0,1073.27,929.066,Passenger,4BAB29,2026-08-07T08:15:26Z,2026-08-07T10:03:17Z,True
410d8e51,G9352,ABY352,ABY,ABY,A320,A6-AOK,OSAP,ALP,2026-08-07T08:35:06Z,,OMSJ,SHJ,OMSJ,SHJ,2026-08-07T11:36:31Z,30,10885.0,2399.78,2117.82,Passenger,896434,2026-08-07T08:27:03Z,2026-08-07T11:37:16Z,True
410dd9b8,TK840,THY840,THY,THY,B739,TC-JYB,LTFM,IST,2026-08-07T10:52:11Z,36,OSAP,ALP,OSAP,ALP,2026-08-07T12:20:22Z,27R,5291.0,1034.14,934.234,Passenger,4BAB22,2026-08-07T10:15:48Z,2026-08-07T12:12:13Z,True
410e01f4,FYC726,FYC726,FYC,FYC,A320,YK-BAA,OMDB,DXB,2026-08-07T11:47:10Z,30L,OSAP,ALP,OSAP,ALP,2026-08-07T14:38:28Z,,10278.0,2301.71,2110.68,Passenger,778821,2026-08-07T11:07:58Z,2026-08-07T14:38:28Z,True
410e0e37,RJ433,RJA433,RJA,RJA,E290,JY-RED,OJAI,AMM,2026-08-07T11:27:32Z,26L,OSAP,ALP,OSAP,ALP,2026-08-07T12:28:01Z,27R,3629.0,592.972,508.51,Passenger,7448A4,2026-08-07T11:22:25Z,2026-08-07T12:19:07Z,True
410e2266,FZ1192,FDB1192,FDB,FDB,B38M,A6-FPG,OSAP,ALP,2026-08-07T11:48:33Z,,OMDB,DXB,OMDB,DXB,2026-08-07T14:50:41Z,30L,10928.0,2472.91,2112.46,Passenger,896688,2026-08-07T11:46:02Z,2026-08-07T14:51:00Z,True
410e85d9,RJ434,RJA434,RJA,RJA,E290,JY-RED,OSAP,ALP,2026-08-07T13:26:02Z,27L,OJAI,AMM,OJAI,AMM,2026-08-07T14:21:07Z,26R,3305.0,568.402,507.215,Passenger,7448A4,2026-08-07T13:23:38Z,2026-08-07T14:19:02Z,True
410ea318,TK841,THY841,THY,THY,B739,TC-JYB,OSAP,ALP,2026-08-07T14:13:45Z,,LTFM,IST,LTFM,IST,2026-08-07T15:47:12Z,35R,5607.0,1099.9,927.305,Passenger,4BAB22,2026-08-07T13:51:20Z,2026-08-07T16:02:19Z,True
41106a55,FYC491,FYC491,FYC,FYC,A320,YK-BAA,OSAP,ALP,2026-08-07T22:44:09Z,,LTFJ,SAW,LTFJ,SAW,2026-08-08T00:05:11Z,06R,4862.0,1278.98,865.681,Passenger,778821,2026-08-07T22:16:53Z,2026-08-08T00:20:12Z,True
4110e11b,RJ431,RJA431,RJA,RJA,E295,JY-REB,OJAI,AMM,2026-08-08T01:15:17Z,26L,OSAP,ALP,OSAP,ALP,2026-08-08T02:22:27Z,27R,4030.0,621.18,507.684,Passenger,7448A2,2026-08-08T01:14:24Z,2026-08-08T02:14:56Z,True
4110e6b0,FYC762,FYC762,FYC,FYC,A320,YK-BAC,OMSJ,SHJ,2026-08-08T01:33:31Z,30,OSAP,ALP,OSAP,ALP,,,,2262.62,2089.33,Passenger,778823,2026-08-08T01:24:00Z,2026-08-08T04:17:11Z,True
41111822,VF340,TKJ340,TKJ,TKJ,B738,TC-JFC,LTFJ,SAW,2026-08-08T03:29:50Z,06L,OSAP,ALP,OSAP,ALP,2026-08-08T04:50:40Z,,4850.0,954.19,865.233,Passenger,4BA8C3,2026-08-08T02:53:05Z,2026-08-08T04:50:40Z,True
41112a2e,RJ432,RJA432,RJA,RJA,E295,JY-REB,OSAP,ALP,2026-08-08T03:26:15Z,09L,OJAI,AMM,OJAI,AMM,2026-08-08T04:25:42Z,26R,3567.0,603.844,507.17,Passenger,7448A2,2026-08-08T03:27:59Z,2026-08-08T04:22:55Z,True
41113a3f,G9351,ABY351,ABY,ABY,A20N,A6-ARB,OMSJ,SHJ,2026-08-08T04:12:27Z,30,OSAP,ALP,OSAP,ALP,,,,2355.39,2119.32,Passenger,896718,2026-08-08T03:58:37Z,2026-08-08T07:16:23Z,True
411146b7,TK844,THY844,THY,THY,B739,TC-JYI,LTFM,IST,2026-08-08T05:04:52Z,34L,OSAP,ALP,OSAP,ALP,2026-08-08T06:34:47Z,,5395.0,1236.59,933.692,Passenger,4BAB29,2026-08-08T04:21:08Z,2026-08-08T06:26:56Z,True
41115a7b,3L456,ADY456,ADY,ADY,A320,A6-AUF,OMAA,AUH,2026-08-08T05:19:22Z,13R,OSAP,ALP,OSAP,ALP,,,,2288.15,2094.76,Passenger,8965F9,2026-08-08T04:59:11Z,2026-08-08T08:07:33Z,True
41116da0,XQ206,SXS206,SXS,SXS,B738,TC-SOG,LTAI,AYT,2026-08-08T05:52:17Z,36R,OSAP,ALP,OSAP,ALP,2026-08-08T06:54:16Z,,3719.0,695.311,581.98,Passenger,4BCDE7,2026-08-08T05:36:10Z,2026-08-08T06:52:11Z,True
41117bef,VF341,TKJ341,TKJ,TKJ,B738,TC-JFC,OSAP,ALP,2026-08-08T06:05:51Z,,LTFJ,SAW,LTFJ,SAW,2026-08-08T07:38:25Z,06R,5554.0,1032.88,866.611,Passenger,4BA8C3,2026-08-08T06:03:50Z,2026-08-08T07:47:11Z,True
4111888a,FYC761,FYC761,FYC,FYC,A320,YK-BAC,OSAP,ALP,2026-08-08T06:29:54Z,09L,OMSJ,SHJ,OMSJ,SHJ,2026-08-08T09:28:47Z,30,10733.0,2401.68,2118.1,Passenger,778823,2026-08-08T06:26:45Z,2026-08-08T09:30:29Z,True
41118f69,KK472,NGN472,NGN,NGN,A320,D-ANNE,EDDL,DUS,2026-08-08T06:54:51Z,05R,OSAP,ALP,OSAP,ALP,,,,2998.51,2932.49,Passenger,3C79C5,2026-08-08T06:39:47Z,2026-08-08T10:18:37Z,True
411190db,RJ433,RJA433,RJA,RJA,A20N,JY-RAA,OJAI,AMM,2026-08-08T06:56:59Z,26L,OSAP,ALP,OSAP,ALP,2026-08-08T07:57:40Z,,3641.0,586.001,508.003,Passenger,744821,2026-08-08T06:42:25Z,2026-08-08T07:57:40Z,True
4111a7f0,FZ1191,FDB1191,FDB,FDB,B738,A6-FEB,OMDB,DXB,2026-08-08T07:42:01Z,30R,OSAP,ALP,OSAP,ALP,2026-08-08T10:38:13Z,,10572.0,2305.45,2109.16,Passenger,896333,2026-08-08T07:22:10Z,2026-08-08T10:31:06Z,True
4111ab46,G9352,ABY352,ABY,ABY,A20N,A6-ARB,OSAP,ALP,2026-08-08T08:55:27Z,,OMSJ,SHJ,OMSJ,SHJ,2026-08-08T12:03:35Z,30,11288.0,2467.42,2118.06,Passenger,896718,2026-08-08T07:26:58Z,2026-08-08T12:04:26Z,True
4111c115,XQ207,SXS207,SXS,SXS,B738,TC-SOG,OSAP,ALP,2026-08-08T08:08:23Z,,LTAI,AYT,LTAI,AYT,2026-08-08T09:27:19Z,18C,4736.0,806.357,581.069,Passenger,4BCDE7,2026-08-08T08:01:07Z,2026-08-08T09:31:17Z,True
4111cbbc,TK845,THY845,THY,THY,B739,TC-JYI,OSAP,ALP,2026-08-08T08:25:09Z,,LTFM,IST,LTFM,IST,2026-08-08T10:01:37Z,35R,5788.0,1084.78,927.799,Passenger,4BAB29,2026-08-08T08:17:25Z,2026-08-08T10:12:15Z,True
4111e860,RJ434,RJA434,RJA,RJA,A20N,JY-RAA,OSAP,ALP,2026-08-08T09:09:35Z,,OJAI,AMM,OJAI,AMM,2026-08-08T09:59:52Z,26L,3017.0,539.833,508.207,Passenger,744821,2026-08-08T08:59:31Z,2026-08-08T10:02:45Z,True
4111f049,XY229,KNE229,KNE,KNE,A20N,HZ-NS55,OERK,RUH,2026-08-08T09:28:34Z,33R,OSAP,ALP,OSAP,ALP,,,,1557.09,1518.22,Passenger,717CC7,2026-08-08T09:10:17Z,2026-08-08T11:25:47Z,True
411207ab,3L457,ADY457,ADY,ADY,A320,A6-AUF,OSAP,ALP,2026-08-08T09:53:26Z,,OMAA,AUH,OMAA,AUH,2026-08-08T12:49:51Z,31R,10585.0,2410.54,2114.38,Passenger,8965F9,2026-08-08T09:43:48Z,2026-08-08T12:56:59Z,True
4112528a,PC770,PGT770,PGT,PGT,B738,TC-CPK,LTFJ,SAW,2026-08-08T11:35:22Z,24R,OSAP,ALP,LTAJ,GZT,2026-08-08T12:49:32Z,10,4450.0,921.29,832.018,Passenger,4B8E0B,2026-08-08T11:22:48Z,2026-08-08T12:49:32Z,True
41125fa3,KK473,NGN473,NGN,NGN,A320,D-ANNE,OSAP,ALP,2026-08-08T11:47:05Z,,EDDL,DUS,EDDL,DUS,2026-08-08T15:43:55Z,,14210.0,3038.54,2939.16,Passenger,3C79C5,2026-08-08T11:38:40Z,2026-08-08T15:49:21Z,True
41126757,FZ1192,FDB1192,FDB,FDB,B738,A6-FEB,OSAP,ALP,2026-08-08T11:49:37Z,09L,OMDB,DXB,OMDB,DXB,2026-08-08T14:54:28Z,30L,11091.0,2416.74,2110.62,Passenger,896333,2026-08-08T11:48:04Z,2026-08-08T15:00:47Z,True
4112adf9,XY230,KNE230,KNE,KNE,A20N,HZ-NS55,OSAP,ALP,2026-08-08T13:09:49Z,,OERK,RUH,OERK,RUH,2026-08-08T15:31:49Z,33R,8520.0,1753.76,1538.62,Passenger,717CC7,2026-08-08T13:02:03Z,2026-08-08T15:31:49Z,True
4112ea74,PC770,PGT770,PGT,PGT,B738,TC-CPK,LTAJ,GZT,,,OSAP,ALP,OSAP,ALP,2026-08-08T14:38:05Z,27R,,526.125,137.6,Passenger,4B8E0B,2026-08-08T14:07:29Z,2026-08-08T14:35:56Z,True
41135015,PC771,PGT771,PGT,PGT,B738,TC-CPK,OSAP,ALP,2026-08-08T15:38:02Z,,LTFJ,SAW,LTFJ,SAW,2026-08-08T17:04:44Z,06R,5202.0,954.664,852.11,Passenger,4B8E0B,2026-08-08T15:41:14Z,2026-08-08T17:18:15Z,True
4114cd11,RJ431,RJA431,RJA,RJA,A20N,JY-RAD,OJAI,AMM,2026-08-09T01:20:54Z,26L,OSAP,ALP,OSAP,ALP,2026-08-09T02:16:32Z,,3338.0,673.257,507.803,Passenger,744824,2026-08-09T00:53:55Z,2026-08-09T02:16:32Z,True
41150a51,VF340,TKJ340,TKJ,TKJ,B738,TC-JFH,LTFJ,SAW,2026-08-09T03:39:34Z,06L,OSAP,ALP,OSAP,ALP,2026-08-09T05:08:06Z,,5312.0,1018.12,868.015,Passenger,4BA8C8,2026-08-09T02:58:41Z,2026-08-09T05:01:04Z,True
4115147c,XQ808,SXS808,SXS,SXS,B738,TC-SNT,LTBJ,ADB,2026-08-09T03:35:04Z,34L,OSAP,ALP,OSAP,ALP,2026-08-09T05:14:15Z,09R,5951.0,1151.59,933.407,Passenger,4BCDD4,2026-08-09T03:23:19Z,2026-08-09T05:05:42Z,True
41151772,RJ432,RJA432,RJA,RJA,A20N,JY-RAD,OSAP,ALP,2026-08-09T03:38:25Z,,OJAI,AMM,OJAI,AMM,2026-08-09T04:28:55Z,26L,3030.0,563.248,507.695,Passenger,744824,2026-08-09T03:30:06Z,2026-08-09T04:33:04Z,True
4115261e,G9351,ABY351,ABY,ABY,A320,A6-ANY,OMSJ,SHJ,2026-08-09T04:11:56Z,12,OSAP,ALP,OSAP,ALP,2026-08-09T07:18:47Z,,11211.0,2388.87,2112.19,Passenger,8963C9,2026-08-09T04:00:44Z,2026-08-09T07:10:48Z,True
41152e15,PC770,PGT770,PGT,PGT,B738,TC-AIS,LTFJ,SAW,2026-08-09T04:35:40Z,06L,OSAP,ALP,OSAP,ALP,2026-08-09T05:54:10Z,,4710.0,984.138,875.96,Passenger,4B8533,2026-08-09T04:16:48Z,2026-08-09T05:45:15Z,True
41153343,TK844,THY844,THY,THY,B739,TC-JYC,LTFM,IST,2026-08-09T05:11:01Z,36,OSAP,ALP,OSAP,ALP,2026-08-09T06:38:57Z,,5276.0,1042.87,927.827,Passenger,4BAB23,2026-08-09T04:27:50Z,2026-08-09T06:38:57Z,True
411562fb,VF341,TKJ341,TKJ,TKJ,B738,TC-JFH,OSAP,ALP,2026-08-09T06:35:41Z,,LTFJ,SAW,LTFJ,SAW,2026-08-09T08:06:28Z,06R,5447.0,1006.68,866.004,Passenger,4BA8C8,2026-08-09T06:07:26Z,2026-08-09T08:17:49Z,True
41156563,XQ809,SXS809,SXS,SXS,B738,TC-SNT,OSAP,ALP,2026-08-09T06:23:16Z,,LTBJ,ADB,LTBJ,ADB,2026-08-09T08:05:58Z,34L,6162.0,1128.56,923.948,Passenger,4BCDD4,2026-08-09T06:12:20Z,2026-08-09T08:05:58Z,True
4115805a,FZ1191,FDB1191,FDB,FDB,B738,A6-FEC,OMDB,DXB,2026-08-09T07:29:50Z,12R,OSAP,ALP,OSAP,ALP,,,,2301.46,2096.4,Passenger,896334,2026-08-09T07:06:40Z,2026-08-09T10:21:39Z,True
41158155,PC771,PGT771,PGT,PGT,B738,TC-AIS,OSAP,ALP,2026-08-09T07:17:18Z,,LTFJ,SAW,LTFJ,SAW,2026-08-09T08:46:46Z,06R,5368.0,988.412,865.454,Passenger,4B8533,2026-08-09T07:08:30Z,2026-08-09T08:55:01Z,True
4115affb,,UNO501H,IGC,IGC,CRJ2,YI-BAK,OSDI,DAM,2026-08-09T08:30:17Z,23L,OSAP,ALP,OSAP,ALP,,,,353.976,315.01,Business_jets,72882B,2026-08-09T08:27:08Z,2026-08-09T09:00:28Z,True
4115b0fc,G9352,ABY352,ABY,ABY,A320,A6-ANY,OSAP,ALP,2026-08-09T08:46:00Z,,OMSJ,SHJ,OMSJ,SHJ,2026-08-09T11:48:09Z,30,10929.0,2381.09,2117.79,Passenger,8963C9,2026-08-09T08:28:42Z,2026-08-09T11:48:50Z,True
4115e2a7,DN551,DNA551,DNA,DNA,A320,YR-JUL,LROP,OTP,2026-08-09T10:01:08Z,08L,OSAP,ALP,OSAP,ALP,2026-08-09T11:51:39Z,,6631.0,1422.17,1325.58,Passenger,4A2AAC,2026-08-09T09:47:02Z,2026-08-09T12:08:50Z,True
4115f087,TK840,THY840,THY,THY,B739,TC-JYI,LTFM,IST,2026-08-09T10:47:05Z,36,OSAP,ALP,OSAP,ALP,2026-08-09T12:13:46Z,27L,5201.0,1034.95,932.662,Passenger,4BAB29,2026-08-09T10:08:50Z,2026-08-09T12:06:13Z,True
41162bdd,FZ1192,FDB1192,FDB,FDB,B738,A6-FEC,OSAP,ALP,2026-08-09T11:36:07Z,,OMDB,DXB,OMDB,DXB,2026-08-09T14:29:03Z,12L,10376.0,2339.13,2112.02,Passenger,896334,2026-08-09T11:32:52Z,2026-08-09T14:29:44Z,True
41162dcd,RJ433,RJA433,RJA,RJA,A20N,JY-RAA,OJAI,AMM,2026-08-09T11:49:21Z,26L,OSAP,ALP,OSAP,ALP,2026-08-09T12:49:34Z,,3613.0,601.875,509.247,Passenger,744821,2026-08-09T11:35:33Z,2026-08-09T12:40:54Z,True
4116523c,DN552,DNA552,DNA,DNA,A320,YR-JUL,OSAP,ALP,2026-08-09T13:34:40Z,,LROP,OTP,LROP,OTP,2026-08-09T15:41:14Z,08R,7594.0,1407.66,1325.57,Passenger,4A2AAC,2026-08-09T12:20:04Z,2026-08-09T15:53:41Z,True
4116a69e,RJ434,RJA434,RJA,RJA,A20N,JY-RAA,OSAP,ALP,2026-08-09T14:02:48Z,,OJAI,AMM,OJAI,AMM,2026-08-09T14:53:35Z,26L,3047.0,547.576,508.182,Passenger,744821,2026-08-09T13:53:45Z,2026-08-09T14:55:58Z,True
4116cb40,TK841,THY841,THY,THY,B739,TC-JYI,OSAP,ALP,2026-08-09T14:36:29Z,,LTFM,IST,LTFM,IST,2026-08-09T16:21:20Z,35R,6291.0,1113.16,926.28,Passenger,4BAB29,2026-08-09T14:32:52Z,2026-08-09T16:20:02Z,True
4118a267,RJ431,RJA431,RJA,RJA,A20N,JY-RAD,OJAI,AMM,2026-08-10T01:22:45Z,26R,OSAP,ALP,OSAP,ALP,2026-08-10T02:27:21Z,,3876.0,607.924,510.847,Passenger,744824,2026-08-10T01:06:57Z,2026-08-10T02:19:07Z,True
4118ce9e,VF340,TKJ340,TKJ,TKJ,B738,TC-JHF,LTFJ,SAW,2026-08-10T03:31:21Z,06L,OSAP,ALP,OSAP,ALP,2026-08-10T04:48:31Z,,4630.0,945.976,866.051,Passenger,4BA906,2026-08-10T02:29:58Z,2026-08-10T04:54:24Z,True
4118df12,PC770,PGT770,PGT,PGT,B738,TC-AIS,LTFJ,SAW,2026-08-10T03:55:55Z,06L,OSAP,ALP,OSAP,ALP,,,,907.801,846.958,Passenger,4B8533,2026-08-10T03:02:21Z,2026-08-10T04:59:21Z,True
4118ef99,RJ432,RJA432,RJA,RJA,A20N,JY-RAD,OSAP,ALP,2026-08-10T03:44:41Z,,OJAI,AMM,OJAI,AMM,2026-08-10T04:36:36Z,26L,3115.0,556.658,507.979,Passenger,744824,2026-08-10T03:36:58Z,2026-08-10T06:29:00Z,True
4118feaf,G9351,ABY351,ABY,ABY,A320,A6-AQH,OMSJ,SHJ,2026-08-10T04:20:21Z,12,OSAP,ALP,OSAP,ALP,,,,2283.2,2080.59,Passenger,896668,2026-08-10T04:06:09Z,2026-08-10T07:01:14Z,True
4119097e,TK844,THY844,THY,THY,B739,TC-JYI,LTFM,IST,2026-08-10T05:18:15Z,34L,OSAP,ALP,OSAP,ALP,2026-08-10T06:48:58Z,,5443.0,1090.37,928.297,Passenger,4BAB29,2026-08-10T04:27:48Z,2026-08-10T06:48:58Z,True
41191aa8,RB444,SYR444,SYR,SYR,B735,YK-SYR,LTFM,IST,2026-08-10T06:01:34Z,35L,OSAP,ALP,OSAP,ALP,,,,1052.62,946.016,Passenger,77CF32,2026-08-10T04:59:34Z,2026-08-10T07:27:16Z,True
411944c4,VF341,TKJ341,TKJ,TKJ,B738,TC-JHF,OSAP,ALP,2026-08-10T06:28:40Z,,LTFJ,SAW,LTFJ,SAW,2026-08-10T07:57:24Z,06R,5324.0,988.649,865.565,Passenger,4BA906,2026-08-10T06:16:33Z,2026-08-10T08:09:28Z,True
411948ee,KK472,NGN472,NGN,NGN,A320,D-ANNE,EDDL,DUS,2026-08-10T06:36:49Z,23L,OSAP,ALP,OSAP,ALP,,,,2999.24,2931.05,Passenger,3C79C5,2026-08-10T06:24:37Z,2026-08-10T10:00:11Z,True
41194c4f,PC771,PGT771,PGT,PGT,B738,TC-AIS,OSAP,ALP,2026-08-10T06:43:58Z,,LTFJ,SAW,LTFJ,SAW,2026-08-10T08:08:12Z,06R,5054.0,951.11,865.771,Passenger,4B8533,2026-08-10T06:30:33Z,2026-08-10T08:18:56Z,True
41197035,FZ1191,FDB1191,FDB,FDB,B38M,A6-FMF,OMDB,DXB,2026-08-10T08:14:17Z,30R,OSAP,ALP,OSAP,ALP,2026-08-10T11:15:01Z,,10844.0,2305.97,2107.8,Passenger,896513,2026-08-10T07:34:16Z,2026-08-10T11:06:03Z,True
41197678,RJ433,RJA433,RJA,RJA,E290,JY-REC,OJAI,AMM,2026-08-10T07:46:04Z,26L,OSAP,ALP,OSAP,ALP,,,,536.637,468.445,Passenger,7448A3,2026-08-10T07:45:04Z,2026-08-10T08:31:53Z,True
41198d81,TK845,THY845,THY,THY,B739,TC-JYI,OSAP,ALP,2026-08-10T08:24:04Z,09L,LTFM,IST,LTFM,IST,2026-08-10T10:04:03Z,35R,5999.0,1101.62,928.897,Passenger,4BAB29,2026-08-10T08:23:04Z,2026-08-10T10:12:25Z,True
41198df3,G9352,ABY352,ABY,ABY,A320,A6-AQH,OSAP,ALP,2026-08-10T08:33:14Z,,OMSJ,SHJ,OMSJ,SHJ,2026-08-10T11:38:32Z,30,11118.0,2411.77,2118.68,Passenger,896668,2026-08-10T08:23:52Z,2026-08-10T11:43:36Z,True
41198e37,,UNO501H,IGC,IGC,CRJ2,YI-BAK,OSDI,DAM,2026-08-10T08:31:31Z,23L,OSAP,ALP,OSAP,ALP,2026-08-10T09:18:57Z,27R,2846.0,431.976,315.106,Business_jets,72882B,2026-08-10T08:24:25Z,2026-08-10T09:11:38Z,True
4119ba33,,UNO501H,IGC,IGC,CRJ2,YI-BAK,OSAP,ALP,2026-08-10T09:34:44Z,,OSDI,DAM,OSDI,DAM,2026-08-10T10:17:37Z,23R,2573.0,425.406,313.252,Business_jets,72882B,2026-08-10T09:34:35Z,2026-08-10T10:18:02Z,True
4119cff0,RJ434,RJA434,RJA,RJA,E290,JY-REC,OSAP,ALP,2026-08-10T10:06:45Z,,OJAI,AMM,OJAI,AMM,2026-08-10T11:01:54Z,26R,3309.0,581.965,507.288,Passenger,7448A3,2026-08-10T10:06:23Z,2026-08-10T11:02:13Z,True
411a14d4,KK473,NGN473,NGN,NGN,A320,D-ANNE,OSAP,ALP,2026-08-10T11:49:15Z,,EDDL,DUS,EDDL,DUS,2026-08-10T15:54:14Z,23L,14699.0,2994.29,2939.3,Passenger,3C79C5,2026-08-10T11:37:42Z,2026-08-10T15:59:02Z,True
411a3372,FZ1192,FDB1192,FDB,FDB,B38M,A6-FMF,OSAP,ALP,2026-08-10T12:10:43Z,,OMDB,DXB,OMDB,DXB,2026-08-10T15:18:32Z,30L,11269.0,2460.77,2115.58,Passenger,896513,2026-08-10T12:12:01Z,2026-08-10T15:23:23Z,True
411be854,RB445,SYR445,SYR,SYR,B735,YK-SYR,OSAP,ALP,2026-08-10T20:28:14Z,09L,LTFM,IST,LTFM,IST,2026-08-10T22:02:21Z,35R,5647.0,1039.96,927.729,Passenger,77CF32,2026-08-10T20:08:58Z,2026-08-10T22:19:03Z,True
411cb6cc,RJ431,RJA431,RJA,RJA,A20N,JY-RAE,OJAI,AMM,2026-08-11T01:24:39Z,26L,OSAP,ALP,OSAP,ALP,,,,542.184,443.689,Passenger,744825,2026-08-11T01:08:05Z,2026-08-11T02:06:32Z,True
411cbb07,FYC762,FYC762,FYC,FYC,A320,YK-BAC,OMSJ,SHJ,2026-08-11T01:49:12Z,30,OSAP,ALP,OSAP,ALP,,,,2311.25,2114.95,Passenger,778823,2026-08-11T01:14:38Z,2026-08-11T04:42:15Z,True
411cca68,FYC492,FYC492,FYC,FYC,A320,YK-BAA,LTFJ,SAW,2026-08-11T02:09:24Z,06L,OSAP,ALP,OSAP,ALP,2026-08-11T03:27:06Z,27R,4662.0,948.085,872.624,Passenger,778821,2026-08-11T01:38:50Z,2026-08-11T03:19:18Z,True
411cebb2,RJ432,RJA432,RJA,RJA,A20N,JY-RAE,OSAP,ALP,2026-08-11T03:44:15Z,27R,OJAI,AMM,OJAI,AMM,2026-08-11T04:36:52Z,26R,3157.0,553.122,507.625,Passenger,744825,2026-08-11T02:34:42Z,2026-08-11T04:43:38Z,True
411cf379,VF340,TKJ340,TKJ,TKJ,B738,TC-JHB,LTFJ,SAW,2026-08-11T03:30:15Z,06L,OSAP,ALP,OSAP,ALP,2026-08-11T04:51:26Z,,4871.0,1012.09,875.786,Passenger,4BA902,2026-08-11T02:48:44Z,2026-08-11T04:46:47Z,True
411d252d,TK844,THY844,THY,THY,B739,TC-JYB,LTFM,IST,2026-08-11T05:05:39Z,34L,OSAP,ALP,OSAP,ALP,,,,1287.92,852.096,Passenger,4BAB22,2026-08-11T04:17:52Z,2026-08-11T06:23:33Z,True
411d4d64,G9351,ABY351,ABY,ABY,A320,A6-ANP,OMSJ,SHJ,2026-08-11T05:47:02Z,30,OSAP,ALP,OSAP,ALP,2026-08-11T08:47:00Z,,10798.0,2334.34,2118.12,Passenger,896371,2026-08-11T05:29:06Z,2026-08-11T08:56:07Z,True
411d4ff2,3L456,ADY456,ADY,ADY,A320,A6-AUB,OMAA,AUH,2026-08-11T05:42:05Z,13R,OSAP,ALP,OSAP,ALP,,,,2326.16,2098.89,Passenger,896586,2026-08-11T05:33:44Z,2026-08-11T08:34:03Z,True
411d619b,VF341,TKJ341,TKJ,TKJ,B738,TC-JHB,OSAP,ALP,2026-08-11T06:11:31Z,,LTFJ,SAW,LTFJ,SAW,2026-08-11T07:36:06Z,06R,5075.0,997.547,866.001,Passenger,4BA902,2026-08-11T06:04:31Z,2026-08-11T07:44:46Z,True
411d70a2,FYC761,FYC761,FYC,FYC,A320,YK-BAC,OSAP,ALP,2026-08-11T06:31:32Z,,OMSJ,SHJ,OMSJ,SHJ,2026-08-11T09:29:47Z,30,10695.0,2393.24,2119.32,Passenger,778823,2026-08-11T06:30:54Z,2026-08-11T09:27:41Z,True
411d7e7c,FZ1191,FDB1191,FDB,FDB,B38M,A6-FMU,OMDB,DXB,2026-08-11T07:39:59Z,30R,OSAP,ALP,OSAP,ALP,,,,2258.45,2053.53,Passenger,8965B1,2026-08-11T06:54:11Z,2026-08-11T10:20:16Z,True
411dc635,TK845,THY845,THY,THY,B739,TC-JYB,OSAP,ALP,2026-08-11T08:53:37Z,,LTFM,IST,LTFM,IST,2026-08-11T10:29:04Z,35R,5727.0,1054.81,928.177,Passenger,4BAB22,2026-08-11T08:47:18Z,2026-08-11T10:41:53Z,True
411dceb4,RJ433,RJA433,RJA,RJA,A20N,JY-RAN,OJAI,AMM,2026-08-11T09:15:59Z,26L,OSAP,ALP,OSAP,ALP,,,,559.762,470.987,Passenger,74482E,2026-08-11T09:00:11Z,2026-08-11T10:00:56Z,True
411dd1b6,G9352,ABY352,ABY,ABY,A320,A6-ANP,OSAP,ALP,2026-08-11T10:03:29Z,09L,OMSJ,SHJ,OMSJ,SHJ,2026-08-11T13:07:02Z,30,11013.0,2382.37,2118.04,Passenger,896371,2026-08-11T09:04:23Z,2026-08-11T13:04:53Z,True
411deb8d,3L457,ADY457,ADY,ADY,A320,A6-AUB,OSAP,ALP,2026-08-11T09:56:26Z,,OMAA,AUH,OMAA,AUH,2026-08-11T13:02:01Z,31R,11135.0,2394.12,2115.23,Passenger,896586,2026-08-11T09:44:17Z,2026-08-11T13:07:37Z,True
411e0333,TK840,THY840,THY,THY,B739,TC-JYH,LTFM,IST,2026-08-11T10:48:25Z,36,OSAP,ALP,OSAP,ALP,2026-08-11T12:22:43Z,27R,5658.0,1046.75,928.282,Passenger,4BAB28,2026-08-11T10:17:52Z,2026-08-11T12:22:43Z,True
411e1926,RJ434,RJA434,RJA,RJA,A20N,JY-RAN,OSAP,ALP,2026-08-11T10:58:21Z,,OJAI,AMM,OJAI,AMM,2026-08-11T11:53:32Z,26R,3311.0,575.574,507.79,Passenger,74482E,2026-08-11T10:48:42Z,2026-08-11T11:57:30Z,True
411e3ae3,FZ1192,FDB1192,FDB,FDB,B38M,A6-FMU,OSAP,ALP,2026-08-11T11:39:06Z,,OMDB,DXB,OMDB,DXB,2026-08-11T14:36:33Z,30L,10647.0,2432.48,2109.64,Passenger,8965B1,2026-08-11T11:30:11Z,2026-08-11T14:42:41Z,True
411e5af7,PC770,PGT770,PGT,PGT,B738,TC-CPK,LTFJ,SAW,2026-08-11T12:26:39Z,06L,OSAP,ALP,OSAP,ALP,2026-08-11T13:49:25Z,27R,4966.0,952.839,876.319,Passenger,4B8E0B,2026-08-11T12:06:49Z,2026-08-11T13:40:50Z,True
411e7921,FYC455,FYC455,FYC,FYC,A320,YK-BAA,OSAP,ALP,2026-08-11T12:59:19Z,,UDYZ,EVN,UDYZ,EVN,2026-08-11T14:10:04Z,08,4245.0,857.912,767.113,Passenger,778821,2026-08-11T12:37:23Z,2026-08-11T14:15:06Z,True
411e951d,RB390,SYR390,SYR,SYR,A320,YK-AKG,OERK,RUH,2026-08-11T13:59:59Z,33R,OSAP,ALP,OSAP,ALP,,,,1601.78,1472.22,Passenger,778567,2026-08-11T13:04:52Z,2026-08-11T15:56:13Z,True
411ed82f,TK841,THY841,THY,THY,B739,TC-JYH,OSAP,ALP,2026-08-11T14:12:08Z,,LTFM,IST,LTFM,IST,2026-08-11T15:45:24Z,35R,5596.0,1064.04,927.684,Passenger,4BAB28,2026-08-11T14:09:56Z,2026-08-11T15:57:35Z,True
411eddb2,FYC456,FYC456,FYC,FYC,A320,YK-BAA,UDYZ,EVN,2026-08-11T15:40:10Z,08,OSAP,ALP,OSAP,ALP,2026-08-11T16:56:11Z,,4561.0,853.532,767.717,Passenger,778821,2026-08-11T14:15:10Z,2026-08-11T16:56:11Z,True
411f0be7,PC771,PGT771,PGT,PGT,B738,TC-CPK,OSAP,ALP,2026-08-11T15:11:05Z,,LTFJ,SAW,LTFJ,SAW,2026-08-11T16:41:45Z,06R,5440.0,976.897,865.437,Passenger,4B8E0B,2026-08-11T15:00:04Z,2026-08-11T16:49:18Z,True
411f8a44,FYC525,FYC525,FYC,FYC,A320,YK-BAA,OSAP,ALP,2026-08-11T18:20:06Z,09R,ORER,EBL,ORER,EBL,,,,970.236,603.81,Passenger,778821,2026-08-11T17:13:19Z,2026-08-11T19:30:15Z,True
411f9861,RB381,SYR381,SYR,SYR,A320,YK-AKG,OSAP,ALP,2026-08-11T18:10:13Z,,OEJN,JED,OEJN,JED,2026-08-11T20:28:45Z,34L,8312.0,1764.05,1618.49,Passenger,778567,2026-08-11T17:28:51Z,2026-08-11T20:34:02Z,True
41201004,FYC526,FYC526,FYC,FYC,A320,YK-BAA,ORER,EBL,2026-08-11T20:44:16Z,,OSAP,ALP,OSAP,ALP,,,,785.234,589.029,Passenger,778821,2026-08-11T19:53:49Z,2026-08-11T21:51:14Z,True
4120375c,RB382,SYR382,SYR,SYR,A320,YK-AKG,OEJN,JED,2026-08-11T21:53:02Z,34C,OSAP,ALP,OSAP,ALP,2026-08-12T00:08:32Z,27R,8130.0,1658.07,1616.55,Passenger,778567,2026-08-11T20:44:59Z,2026-08-12T00:00:36Z,True
4120aa48,FYC491,FYC491,FYC,FYC,A320,YK-BAA,OSAP,ALP,2026-08-11T23:24:19Z,,LTFJ,SAW,LTFJ,SAW,2026-08-12T00:44:53Z,06R,4834.0,938.201,860.458,Passenger,778821,2026-08-11T23:25:32Z,2026-08-12T00:54:54Z,True
4120f72a,RJ431,RJA431,RJA,RJA,A20N,JY-RAA,OJAI,AMM,2026-08-12T01:33:54Z,26L,OSAP,ALP,OSAP,ALP,2026-08-12T02:29:33Z,27R,3339.0,611.079,508.133,Passenger,744821,2026-08-12T01:19:35Z,2026-08-12T02:27:26Z,True
41210e04,RB389,SYR389,SYR,SYR,A320,YK-AKG,OSAP,ALP,2026-08-12T02:58:59Z,,OERK,RUH,OERK,RUH,2026-08-12T05:13:25Z,33R,8066.0,1713.78,1541.53,Passenger,778567,2026-08-12T01:57:10Z,2026-08-12T05:10:42Z,True
412127f6,VF340,TKJ340,TKJ,TKJ,B738,TC-JHF,LTFJ,SAW,2026-08-12T03:31:32Z,06L,OSAP,ALP,OSAP,ALP,2026-08-12T04:49:38Z,,4686.0,967.072,865.067,Passenger,4BA906,2026-08-12T02:41:49Z,2026-08-12T04:49:38Z,True
41214311,RJ432,RJA432,RJA,RJA,A20N,JY-RAA,OSAP,ALP,2026-08-12T03:40:41Z,,OJAI,AMM,OJAI,AMM,2026-08-12T04:34:41Z,26R,3240.0,609.07,507.845,Passenger,744821,2026-08-12T03:31:11Z,2026-08-12T04:38:48Z,True
41215a21,G9351,ABY351,ABY,ABY,A320,A6-AOI,OMSJ,SHJ,2026-08-12T04:28:06Z,30,OSAP,ALP,OSAP,ALP,2026-08-12T07:32:03Z,,11037.0,2334.81,2107.1,Passenger,89642E,2026-08-12T04:12:11Z,2026-08-12T07:23:46Z,True
41215ef0,TK844,THY844,THY,THY,B739,TC-JYC,LTFM,IST,2026-08-12T05:09:30Z,34L,OSAP,ALP,OSAP,ALP,,,,1124.24,932.152,Passenger,4BAB23,2026-08-12T04:21:04Z,2026-08-12T06:32:57Z,True
4121617a,PC770,PGT770,PGT,PGT,B738,TC-AZP,LTFJ,SAW,2026-08-12T04:43:41Z,06L,OSAP,ALP,OSAP,ALP,,,,937.644,863.116,Passenger,4B8750,2026-08-12T04:25:22Z,2026-08-12T05:54:14Z,True
412189fe,XQ206,SXS206,SXS,SXS,B738,TC-SNT,LTAI,AYT,2026-08-12T05:48:28Z,36R,OSAP,ALP,OSAP,ALP,2026-08-12T06:49:24Z,27R,3656.0,1031.92,580.832,Passenger,4BCDD4,2026-08-12T05:37:10Z,2026-08-12T06:47:18Z,True
41219d6e,VF341,TKJ341,TKJ,TKJ,B738,TC-JHF,OSAP,ALP,2026-08-12T06:17:21Z,,LTFJ,SAW,LTFJ,SAW,2026-08-12T07:42:48Z,06R,5127.0,974.378,865.762,Passenger,4BA906,2026-08-12T06:09:37Z,2026-08-12T07:51:44Z,True
4121c05f,PC771,PGT771,PGT,PGT,B738,TC-AZP,OSAP,ALP,2026-08-12T07:15:49Z,,LTFJ,SAW,LTFJ,SAW,2026-08-12T08:46:30Z,06R,5441.0,1021.43,865.912,Passenger,4B8750,2026-08-12T07:07:31Z,2026-08-12T09:01:17Z,True
4121c1ca,FZ1191,FDB1191,FDB,FDB,B38M,A6-FPI,OMDB,DXB,2026-08-12T07:28:26Z,30R,OSAP,ALP,OSAP,ALP,2026-08-12T10:29:35Z,27R,10869.0,2297.04,2109.39,Passenger,89668A,2026-08-12T07:10:22Z,2026-08-12T10:22:41Z,True
4121d6bb,RJ433,RJA433,RJA,RJA,E295,JY-REB,OJAI,AMM,2026-08-12T07:43:35Z,26L,OSAP,ALP,OSAP,ALP,,,,615.039,506.698,Passenger,7448A2,2026-08-12T07:43:18Z,2026-08-12T08:36:44Z,True
4121eaa4,XQ207,SXS207,SXS,SXS,B738,TC-SNT,OSAP,ALP,2026-08-12T08:19:17Z,,LTAI,AYT,LTAI,AYT,2026-08-12T09:30:07Z,36C,4250.0,741.026,580.6,Passenger,4BCDD4,2026-08-12T08:13:10Z,2026-08-12T09:35:08Z,True
4121ef23,TK845,THY845,THY,THY,B739,TC-JYC,OSAP,ALP,2026-08-12T08:35:04Z,,LTFM,IST,LTFM,IST,2026-08-12T10:14:17Z,35R,5953.0,1150.69,927.375,Passenger,4BAB23,2026-08-12T08:20:00Z,2026-08-12T10:28:22Z,True
4121fd39,G9352,ABY352,ABY,ABY,A320,A6-AOI,OSAP,ALP,2026-08-12T08:53:02Z,,OMSJ,SHJ,OMSJ,SHJ,2026-08-12T12:08:33Z,,11731.0,2515.41,2191.47,Passenger,89642E,2026-08-12T08:41:20Z,2026-08-12T11:55:04Z,True
41220b3f,XY229,KNE229,KNE,KNE,A20N,HZ-NS66,OERK,RUH,2026-08-12T09:24:46Z,33R,OSAP,ALP,OSAP,ALP,2026-08-12T11:31:51Z,,7625.0,1590.28,1540.72,Passenger,717C98,2026-08-12T09:01:25Z,2026-08-12T11:31:51Z,True
4122372d,RJ434,RJA434,RJA,RJA,E295,JY-REB,OSAP,ALP,2026-08-12T10:07:50Z,27L,OJAI,AMM,OJAI,AMM,2026-08-12T11:02:52Z,26L,3302.0,574.467,507.918,Passenger,7448A2,2026-08-12T10:06:26Z,2026-08-12T11:04:55Z,True
41223a72,FYC762,FYC762,FYC,FYC,A320,YK-BAA,OMSJ,SHJ,2026-08-12T11:17:45Z,30,OSAP,ALP,OSAP,ALP,,,,2232.34,2063.61,Passenger,778821,2026-08-12T10:10:43Z,2026-08-12T13:56:53Z,True
412240a8,DN551,DNA551,DNA,DNA,A320,YR-JUL,LROP,OTP,2026-08-12T10:31:41Z,08L,OSAP,ALP,OSAP,ALP,2026-08-12T12:28:25Z,,7004.0,1388.66,1325.51,Passenger,4A2AAC,2026-08-12T10:19:26Z,2026-08-12T12:36:21Z,True
4122733f,FZ1192,FDB1192,FDB,FDB,B38M,A6-FPI,OSAP,ALP,2026-08-12T11:30:23Z,09L,OMDB,DXB,OMDB,DXB,2026-08-12T14:34:59Z,30L,11076.0,2391.62,2119.92,Passenger,89668A,2026-08-12T11:23:58Z,2026-08-12T14:33:35Z,True
4122c636,DN552,DNA552,DNA,DNA,A320,YR-JUL,OSAP,ALP,2026-08-12T13:41:07Z,,LROP,OTP,LROP,OTP,2026-08-12T15:42:33Z,08R,7286.0,1394.52,1325.56,Passenger,4A2AAC,2026-08-12T12:51:05Z,2026-08-12T15:48:43Z,True
4122e318,XY230,KNE230,KNE,KNE,A20N,HZ-NS66,OSAP,ALP,2026-08-12T13:14:11Z,09L,OERK,RUH,OERK,RUH,2026-08-12T15:25:35Z,33L,7884.0,1662.8,1522.08,Passenger,717C98,2026-08-12T13:19:00Z,2026-08-12T15:29:10Z,True
412480e1,FYC761,FYC761,FYC,FYC,A320,YK-BAA,OSAP,ALP,2026-08-12T21:17:29Z,27R,OMSJ,SHJ,OMSJ,SHJ,2026-08-13T00:20:16Z,30,10967.0,2400.19,2118.93,Passenger,778821,2026-08-12T20:37:52Z,2026-08-13T00:28:57Z,True
4125441d,RJ431,RJA431,RJA,RJA,A20N,JY-RAB,OJAI,AMM,2026-08-13T01:23:10Z,26L,OSAP,ALP,OSAP,ALP,,,,728.346,406.514,Passenger,744822,2026-08-13T01:11:11Z,2026-08-13T02:10:16Z,True
412584b9,VF340,TKJ340,TKJ,TKJ,B738,TC-JHF,LTFJ,SAW,2026-08-13T03:13:44Z,06L,OSAP,ALP,OSAP,ALP,2026-08-13T04:33:18Z,,4774.0,962.864,866.225,Passenger,4BA906,2026-08-13T03:00:45Z,2026-08-13T04:36:48Z,True
4125942c,RJ432,RJA432,RJA,RJA,A20N,JY-RAB,OSAP,ALP,2026-08-13T03:40:14Z,,OJAI,AMM,OJAI,AMM,2026-08-13T04:35:52Z,26L,3338.0,591.17,507.99,Passenger,744822,2026-08-13T03:30:06Z,2026-08-13T04:40:08Z,True
4125af07,G9351,ABY351,ABY,ABY,A320,A6-ANQ,OMSJ,SHJ,2026-08-13T04:41:12Z,12,OSAP,ALP,OSAP,ALP,,,,2353.56,2106.92,Passenger,896372,2026-08-13T04:19:10Z,2026-08-13T07:35:43Z,True
4125b093,TK844,THY844,THY,THY,B739,TC-JYC,LTFM,IST,2026-08-13T05:15:12Z,36,OSAP,ALP,OSAP,ALP,2026-08-13T06:53:55Z,,5923.0,1113.37,928.617,Passenger,4BAB23,2026-08-13T04:22:00Z,2026-08-13T06:53:55Z,True
4125ce7a,3L456,ADY456,ADY,ADY,A320,A6-AUB,OMAA,AUH,2026-08-13T06:06:07Z,13R,OSAP,ALP,OSAP,ALP,2026-08-13T09:08:14Z,,10927.0,2776.39,2107.15,Passenger,896586,2026-08-13T05:14:44Z,2026-08-13T09:00:19Z,True
4125eb02,VF341,TKJ341,TKJ,TKJ,B738,TC-JHF,OSAP,ALP,2026-08-13T06:16:50Z,,LTFJ,SAW,LTFJ,SAW,2026-08-13T07:45:38Z,06R,5328.0,1000.63,865.891,Passenger,4BA906,2026-08-13T06:04:04Z,2026-08-13T07:55:19Z,True
4126319c,FZ1191,FDB1191,FDB,FDB,B38M,A6-FMZ,OMDB,DXB,2026-08-13T08:15:54Z,12R,OSAP,ALP,OSAP,ALP,,,,2318.25,2111.46,Passenger,8965B6,2026-08-13T07:56:09Z,2026-08-13T11:07:05Z,True
41263eed,J9175,JZR175,JZR,JZR,A20N,9K-CBB,OKKK,KWI,2026-08-13T08:25:18Z,33L,OSAP,ALP,OSAP,ALP,,,,1572.49,1250.0,Passenger,706212,2026-08-13T08:15:44Z,2026-08-13T10:43:58Z,True
41264135,,UNO501H,IGC,IGC,CRJ2,YI-BAK,OSDI,DAM,2026-08-13T08:22:45Z,23L,OSAP,ALP,OSAP,ALP,,,,525.906,306.371,Business_jets,72882B,2026-08-13T08:18:57Z,2026-08-13T09:03:05Z,True
41264341,PC770,PGT770,PGT,PGT,B738,TC-AIS,LTFJ,SAW,2026-08-13T08:36:42Z,06L,OSAP,ALP,OSAP,ALP,2026-08-13T10:05:30Z,,5328.0,992.932,872.83,Passenger,4B8533,2026-08-13T08:22:03Z,2026-08-13T09:57:20Z,True
41264580,TK845,THY845,THY,THY,B739,TC-JYC,OSAP,ALP,2026-08-13T08:36:40Z,,LTFM,IST,LTFM,IST,2026-08-13T10:18:59Z,35R,6139.0,1102.88,927.614,Passenger,4BAB23,2026-08-13T08:25:02Z,2026-08-13T10:31:54Z,True
41265354,G9352,ABY352,ABY,ABY,A320,A6-ANQ,OSAP,ALP,2026-08-13T08:57:44Z,,OMSJ,SHJ,OMSJ,SHJ,2026-08-13T11:59:35Z,30,10911.0,2427.8,2117.95,Passenger,896372,2026-08-13T08:45:49Z,2026-08-13T11:59:35Z,True
4126767f,,UNO501H,IGC,IGC,CRJ2,YI-BAK,OSAP,ALP,2026-08-13T09:37:24Z,09L,OSDI,DAM,OSDI,DAM,2026-08-13T10:20:29Z,23R,2585.0,460.365,313.187,Business_jets,72882B,2026-08-13T09:36:44Z,2026-08-13T10:21:13Z,True
4126865d,3L457,ADY457,ADY,ADY,A320,A6-AUB,OSAP,ALP,2026-08-13T10:13:05Z,09L,OMAA,AUH,OMAA,AUH,2026-08-13T13:14:28Z,31R,10883.0,2364.99,2114.34,Passenger,896586,2026-08-13T09:59:07Z,2026-08-13T13:23:52Z,True
41268ba7,PC771,PGT771,PGT,PGT,B738,TC-AIS,OSAP,ALP,2026-08-13T11:20:45Z,,LTFJ,SAW,LTFJ,SAW,2026-08-13T12:42:34Z,06R,4909.0,937.827,865.725,Passenger,4B8533,2026-08-13T10:06:19Z,2026-08-13T12:50:23Z,True
4126b815,RJ433,RJA433,RJA,RJA,E290,JY-REE,OJAI,AMM,2026-08-13T11:09:55Z,26R,OSAP,ALP,OSAP,ALP,,,,651.884,506.053,Passenger,7448A5,2026-08-13T11:05:02Z,2026-08-13T12:01:52Z,True
41270220,FZ1192,FDB1192,FDB,FDB,B38M,A6-FMZ,OSAP,ALP,2026-08-13T12:27:04Z,,OMDB,DXB,OMDB,DXB,2026-08-13T15:34:35Z,30L,11251.0,2467.91,2108.75,Passenger,8965B6,2026-08-13T12:27:02Z,2026-08-13T15:42:30Z,True
412731eb,RJ434,RJA434,RJA,RJA,E290,JY-REE,OSAP,ALP,,,OJAI,AMM,OJAI,AMM,2026-08-13T14:15:53Z,26L,,539.682,476.925,Passenger,7448A5,2026-08-13T13:27:52Z,2026-08-13T14:16:05Z,True
41275fb3,J9176,JZR176,JZR,JZR,A20N,9K-CBB,OSAP,ALP,,,OKKK,KWI,OKKK,KWI,2026-08-13T16:16:53Z,16,,1637.11,1244.97,Passenger,706212,2026-08-13T14:02:48Z,2026-08-13T16:30:16Z,True
41298871,FYC492,FYC492,FYC,FYC,A320,YK-BAA,LTFJ,SAW,2026-08-14T01:44:40Z,06R,OSAP,ALP,OSAP,ALP,2026-08-14T02:59:11Z,,4471.0,890.433,848.047,Passenger,778821,2026-08-14T00:32:20Z,2026-08-14T02:45:31Z,True
4129af7f,RJ431,RJA431,RJA,RJA,A20N,JY-RAD,OJAI,AMM,2026-08-14T01:45:47Z,26L,OSAP,ALP,OSAP,ALP,2026-08-14T02:57:18Z,,4291.0,527.459,449.243,Passenger,744824,2026-08-14T01:31:57Z,2026-08-14T02:31:34Z,True
4129f614,XQ808,SXS808,SXS,SXS,B738,TC-SOV,LTBJ,ADB,2026-08-14T03:42:51Z,34L,OSAP,ALP,OSAP,ALP,,,,1024.5,921.952,Passenger,4BCDF6,2026-08-14T03:39:14Z,2026-08-14T04:58:43Z,True
412a0adc,VF340,TKJ340,TKJ,TKJ,B738,TC-JHB,LTFJ,SAW,2026-08-14T04:26:01Z,06L,OSAP,ALP,OSAP,ALP,2026-08-14T05:52:14Z,,5173.0,900.447,852.405,Passenger,4BA902,2026-08-14T04:10:58Z,2026-08-14T05:32:23Z,True
412a04f4,RJ432,RJA432,RJA,RJA,A20N,JY-RAD,OSAP,ALP,2026-08-14T04:10:07Z,09L,OJAI,AMM,OJAI,AMM,2026-08-14T05:04:48Z,26L,3281.0,554.436,485.133,Passenger,744824,2026-08-14T04:15:50Z,2026-08-14T05:08:57Z,True
412a1159,TK844,THY844,THY,THY,B739,TC-JYC,LTFM,IST,2026-08-14T05:05:26Z,36,OSAP,ALP,OSAP,ALP,2026-08-14T06:33:26Z,,5280.0,989.756,912.947,Passenger,4BAB23,2026-08-14T04:36:48Z,2026-08-14T06:17:19Z,True
412a140e,G9351,ABY351,ABY,ABY,A320,A6-ANE,OMSJ,SHJ,2026-08-14T04:39:45Z,12,OSAP,ALP,OSAP,ALP,2026-08-14T07:39:37Z,,10792.0,2309.38,2090.62,Passenger,896601,2026-08-14T04:40:11Z,2026-08-14T07:23:38Z,True
412a29f1,PC770,PGT770,PGT,PGT,B738,TC-CPK,LTFJ,SAW,2026-08-14T06:21:47Z,06L,OSAP,ALP,OSAP,ALP,2026-08-14T07:57:47Z,,5760.0,955.638,857.938,Passenger,4B8E0B,2026-08-14T05:05:32Z,2026-08-14T07:34:49Z,True
412a501f,XQ809,SXS809,SXS,SXS,B738,TC-SOV,OSAP,ALP,2026-08-14T06:20:33Z,09L,LTBJ,ADB,LTBJ,ADB,2026-08-14T07:53:22Z,34L,5569.0,1033.2,906.457,Passenger,4BCDF6,2026-08-14T06:26:21Z,2026-08-14T07:53:22Z,True
412a6311,VF341,TKJ341,TKJ,TKJ,B738,TC-JHB,OSAP,ALP,,,LTFJ,SAW,LTFJ,SAW,2026-08-14T08:22:49Z,06R,,987.514,851.777,Passenger,4BA902,2026-08-14T06:57:31Z,2026-08-14T08:37:49Z,True
412a7b31,FZ1191,FDB1191,FDB,FDB,B738,A6-FEC,OMDB,DXB,2026-08-14T07:36:12Z,12R,OSAP,ALP,OSAP,ALP,2026-08-14T10:41:35Z,,11123.0,2270.95,2082.31,Passenger,896334,2026-08-14T07:23:08Z,2026-08-14T10:18:45Z,True
412a9a38,TK845,THY845,THY,THY,B739,TC-JYC,OSAP,ALP,,,LTFM,IST,LTFM,IST,2026-08-14T10:01:46Z,35R,,1071.23,912.794,Passenger,4BAB23,2026-08-14T08:29:15Z,2026-08-14T10:14:38Z,True
412aaf95,G9352,ABY352,ABY,ABY,A320,A6-ANE,OSAP,ALP,,,OMSJ,SHJ,OMSJ,SHJ,2026-08-14T12:03:47Z,30,,2367.35,2111.4,Passenger,896601,2026-08-14T08:55:59Z,2026-08-14T12:00:56Z,True
412abd31,PC771,PGT771,PGT,PGT,B738,TC-CPK,OSAP,ALP,2026-08-14T09:14:28Z,,LTFJ,SAW,LTFJ,SAW,2026-08-14T10:40:17Z,06R,5149.0,948.199,838.843,Passenger,4B8E0B,2026-08-14T09:19:19Z,2026-08-14T10:50:29Z,True
412af2b1,TK840,THY840,THY,THY,B739,TC-JYB,LTFM,IST,2026-08-14T10:53:50Z,36,OSAP,ALP,OSAP,ALP,,,,1002.3,912.057,Passenger,4BAB22,2026-08-14T10:20:42Z,2026-08-14T12:08:16Z,True
412b23ce,RJ433,RJA433,RJA,RJA,E290,JY-REC,OJAI,AMM,2026-08-14T11:25:00Z,26L,OSAP,ALP,OSAP,ALP,,,,556.164,446.724,Passenger,7448A3,2026-08-14T11:24:53Z,2026-08-14T12:09:45Z,True
412b2fc3,FZ1192,FDB1192,FDB,FDB,B738,A6-FEC,OSAP,ALP,,,OMDB,DXB,OMDB,DXB,2026-08-14T14:49:27Z,30L,,2366.25,2100.68,Passenger,896334,2026-08-14T11:47:25Z,2026-08-14T14:56:51Z,True
412b97d3,RJ434,RJA434,RJA,RJA,E290,JY-REC,OSAP,ALP,2026-08-14T13:31:39Z,,OJAI,AMM,OJAI,AMM,2026-08-14T14:27:51Z,26L,3372.0,563.67,496.567,Passenger,7448A3,2026-08-14T13:36:08Z,2026-08-14T14:28:09Z,True
412bc1ee,TK841,THY841,THY,THY,B739,TC-JYB,OSAP,ALP,,,LTFM,IST,LTFM,IST,2026-08-14T15:48:42Z,35R,,1028.58,912.811,Passenger,4BAB22,2026-08-14T14:22:04Z,2026-08-14T16:07:27Z,True
412d7363,FYC491,FYC491,FYC,FYC,A320,YK-BAA,OSAP,ALP,2026-08-14T22:30:03Z,,LTFJ,SAW,LTFJ,SAW,2026-08-14T23:49:29Z,06R,4766.0,910.537,844.4,Passenger,778821,2026-08-14T22:34:31Z,2026-08-15T00:02:18Z,True
412dfc7e,RJ431,RJA431,RJA,RJA,A20N,JY-RAN,OJAI,AMM,2026-08-15T01:29:43Z,26L,OSAP,ALP,OSAP,ALP,,,,532.024,467.882,Passenger,74482E,2026-08-15T01:23:51Z,2026-08-15T02:11:45Z,True
412e208b,FYC762,FYC762,FYC,FYC,A320,YK-BAC,OMSJ,SHJ,2026-08-15T02:32:23Z,30,OSAP,ALP,OSAP,ALP,,,,2215.67,2047.42,Passenger,778823,2026-08-15T02:29:26Z,2026-08-15T05:08:29Z,True
412e39ec,VF340,TKJ340,TKJ,TKJ,B738,TC-JHF,LTFJ,SAW,2026-08-15T03:32:49Z,06L,OSAP,ALP,OSAP,ALP,2026-08-15T04:52:35Z,,4786.0,924.338,854.836,Passenger,4BA906,2026-08-15T03:16:54Z,2026-08-15T04:42:34Z,True
412e4084,RJ432,RJA432,RJA,RJA,A20N,JY-RAN,OSAP,ALP,2026-08-15T03:40:51Z,09L,OJAI,AMM,OJAI,AMM,2026-08-15T04:31:01Z,26L,3010.0,547.992,496.595,Passenger,74482E,2026-08-15T03:44:18Z,2026-08-15T04:34:16Z,True
412e4507,G9351,ABY351,ABY,ABY,A20N,A6-ARI,OMSJ,SHJ,2026-08-15T04:20:31Z,30,OSAP,ALP,OSAP,ALP,2026-08-15T07:37:39Z,,11828.0,2250.59,2075.32,Passenger,896745,2026-08-15T04:20:59Z,2026-08-15T07:04:56Z,True
412e5b9e,TK844,THY844,THY,THY,B739,TC-JYH,LTFM,IST,2026-08-15T05:03:19Z,34L,OSAP,ALP,OSAP,ALP,2026-08-15T06:37:25Z,,5646.0,1019.11,908.453,Passenger,4BAB28,2026-08-15T04:23:00Z,2026-08-15T06:19:39Z,True
412e8d19,3L456,ADY456,ADY,ADY,A320,A6-AUF,OMAA,AUH,2026-08-15T06:19:49Z,31L,OSAP,ALP,OSAP,ALP,2026-08-15T09:16:05Z,,10576.0,2238.24,2090.53,Passenger,8965F9,2026-08-15T05:59:29Z,2026-08-15T09:02:10Z,True
412e8d03,VF341,TKJ341,TKJ,TKJ,B738,TC-JHF,OSAP,ALP,2026-08-15T06:06:13Z,,LTFJ,SAW,LTFJ,SAW,2026-08-15T07:32:49Z,06R,5196.0,972.73,856.885,Passenger,4BA906,2026-08-15T06:11:21Z,2026-08-15T08:00:23Z,True
412ea51d,FYC761,FYC761,FYC,FYC,A320,YK-BAC,OSAP,ALP,2026-08-15T06:46:42Z,09L,OMSJ,SHJ,OMSJ,SHJ,2026-08-15T09:52:08Z,30,11126.0,2402.79,2109.28,Passenger,778823,2026-08-15T06:52:27Z,2026-08-15T09:50:06Z,True
412eb1e8,FZ1191,FDB1191,FDB,FDB,B738,A6-FEC,OMDB,DXB,2026-08-15T07:28:42Z,30R,OSAP,ALP,OSAP,ALP,2026-08-15T10:28:01Z,,10759.0,2257.25,2079.55,Passenger,896334,2026-08-15T07:05:20Z,2026-08-15T10:11:43Z,True
412ecc4f,RJ433,RJA433,RJA,RJA,E295,JY-REA,OJAI,AMM,2026-08-15T07:50:41Z,26L,OSAP,ALP,OSAP,ALP,,,,540.486,460.056,Passenger,7448A1,2026-08-15T07:49:21Z,2026-08-15T08:35:09Z,True
412ed4c0,TK845,THY845,THY,THY,B739,TC-JYH,OSAP,ALP,,,LTFM,IST,LTFM,IST,2026-08-15T09:49:44Z,35R,,1082.61,916.383,Passenger,4BAB28,2026-08-15T08:20:21Z,2026-08-15T10:00:51Z,True
412ef4ec,XQ206,SXS206,SXS,SXS,B738,TC-SNN,LTAI,AYT,2026-08-15T09:24:52Z,36R,OSAP,ALP,OSAP,ALP,,,,1056.21,418.659,Passenger,4BCDCE,2026-08-15T08:52:07Z,2026-08-15T10:20:29Z,True
412ec831,G9352,ABY352,ABY,ABY,A20N,A6-ARI,OSAP,ALP,2026-08-15T08:48:13Z,09L,OMSJ,SHJ,OMSJ,SHJ,2026-08-15T12:08:01Z,30,11988.0,2545.44,2110.23,Passenger,896745,2026-08-15T08:53:34Z,2026-08-15T12:14:08Z,True
412efcde,XY229,KNE229,KNE,KNE,A20N,HZ-NS26,OERK,RUH,2026-08-15T09:45:44Z,15L,OSAP,ALP,OSAP,ALP,2026-08-15T12:01:55Z,,8171.0,1619.95,1510.77,Passenger,7105A6,2026-08-15T09:46:14Z,2026-08-15T11:45:09Z,True
412f23aa,RJ434,RJA434,RJA,RJA,E295,JY-REA,OSAP,ALP,2026-08-15T10:02:20Z,,OJAI,AMM,OJAI,AMM,2026-08-15T10:56:22Z,26L,3242.0,564.784,501.703,Passenger,7448A1,2026-08-15T10:05:49Z,2026-08-15T10:56:22Z,True
412f2dcb,3L457,ADY457,ADY,ADY,A320,A6-AUF,OSAP,ALP,2026-08-15T10:27:31Z,09L,OMAA,AUH,OMAA,AUH,2026-08-15T13:29:06Z,31R,10895.0,2372.67,2106.69,Passenger,8965F9,2026-08-15T10:32:20Z,2026-08-15T13:35:42Z,True
412f4bb0,PC770,PGT770,PGT,PGT,B738,TC-CPC,LTFJ,SAW,2026-08-15T11:15:16Z,06L,OSAP,ALP,OSAP,ALP,2026-08-15T12:40:21Z,,5105.0,967.895,864.864,Passenger,4B8E03,2026-08-15T10:59:10Z,2026-08-15T12:31:40Z,True
412f6613,FZ1192,FDB1192,FDB,FDB,B738,A6-FEC,OSAP,ALP,2026-08-15T11:35:15Z,,OMDB,DXB,OMDB,DXB,2026-08-15T14:41:29Z,30L,11174.0,2738.66,2105.57,Passenger,896334,2026-08-15T11:39:14Z,2026-08-15T14:49:22Z,True
412f6695,XQ207,SXS207,SXS,SXS,B738,TC-SNN,OSAP,ALP,2026-08-15T11:44:31Z,,LTAI,AYT,LTAI,AYT,2026-08-15T13:01:19Z,18C,4608.0,815.227,580.261,Passenger,4BCDCE,2026-08-15T11:49:38Z,2026-08-15T13:06:37Z,True
412fb9a4,XY230,KNE230,KNE,KNE,A20N,HZ-NS26,OSAP,ALP,2026-08-15T13:13:51Z,09L,OERK,RUH,OERK,RUH,2026-08-15T15:38:25Z,33R,8674.0,1736.54,1523.48,Passenger,7105A6,2026-08-15T13:19:15Z,2026-08-15T15:35:42Z,True
412fe212,PC771,PGT771,PGT,PGT,B738,TC-CPC,OSAP,ALP,2026-08-15T13:59:02Z,,LTFJ,SAW,LTFJ,SAW,2026-08-15T15:35:20Z,06R,5778.0,1028.08,850.04,Passenger,4B8E03,2026-08-15T14:02:06Z,2026-08-15T15:42:10Z,True
4131d7e8,RJ431,RJA431,RJA,RJA,A20N,JY-RAE,OJAI,AMM,2026-08-16T01:17:19Z,26L,OSAP,ALP,OSAP,ALP,2026-08-16T02:12:21Z,,3302.0,649.515,494.559,Passenger,744825,2026-08-16T01:03:18Z,2026-08-16T02:05:59Z,True
41321579,VF340,TKJ340,TKJ,TKJ,B738,TC-JHA,LTFJ,SAW,2026-08-16T03:24:23Z,06L,OSAP,ALP,OSAP,ALP,2026-08-16T04:53:46Z,,5363.0,910.279,852.67,Passenger,4BA901,2026-08-16T03:10:34Z,2026-08-16T04:34:05Z,True
41321629,XQ808,SXS808,SXS,SXS,B738,TC-SOV,LTBJ,ADB,2026-08-16T03:29:50Z,34L,OSAP,ALP,OSAP,ALP,2026-08-16T04:55:29Z,,5139.0,979.202,922.104,Passenger,4BCDF6,2026-08-16T03:24:16Z,2026-08-16T04:38:37Z,True
41321f2a,RJ432,RJA432,RJA,RJA,A20N,JY-RAE,OSAP,ALP,,,OJAI,AMM,OJAI,AMM,2026-08-16T04:35:08Z,26R,,559.153,481.876,Passenger,744825,2026-08-16T03:45:49Z,2026-08-16T04:40:10Z,True
4132335d,G9351,ABY351,ABY,ABY,A320,A6-ANQ,OMSJ,SHJ,2026-08-16T04:14:16Z,30,OSAP,ALP,OSAP,ALP,,,,2269.87,2092.75,Passenger,896372,2026-08-16T04:12:37Z,2026-08-16T06:58:45Z,True
413239e5,TK844,THY844,THY,THY,B739,TC-JYC,LTFM,IST,2026-08-16T05:01:16Z,34L,OSAP,ALP,OSAP,ALP,2026-08-16T06:38:49Z,,5853.0,1003.01,904.44,Passenger,4BAB23,2026-08-16T04:35:57Z,2026-08-16T06:15:37Z,True
41323fa8,PC770,PGT770,PGT,PGT,B738,TC-AIS,LTFJ,SAW,2026-08-16T05:03:08Z,06L,OSAP,ALP,OSAP,ALP,2026-08-16T06:29:59Z,,5211.0,907.248,851.112,Passenger,4B8533,2026-08-16T04:37:37Z,2026-08-16T06:13:34Z,True
413274a4,VF341,TKJ341,TKJ,TKJ,B738,TC-JHA,OSAP,ALP,2026-08-16T06:30:42Z,,LTFJ,SAW,LTFJ,SAW,2026-08-16T07:53:58Z,06R,4996.0,953.992,855.029,Passenger,4BA901,2026-08-16T06:36:11Z,2026-08-16T08:03:14Z,True
41327938,XQ809,SXS809,SXS,SXS,B738,TC-SOV,OSAP,ALP,2026-08-16T06:36:26Z,,LTBJ,ADB,LTBJ,ADB,2026-08-16T08:15:07Z,34L,5921.0,1050.04,919.882,Passenger,4BCDF6,2026-08-16T06:41:56Z,2026-08-16T08:12:57Z,True
413298df,FZ1191,FDB1191,FDB,FDB,B38M,A6-FMC,OMDB,DXB,2026-08-16T07:51:59Z,30R,OSAP,ALP,OSAP,ALP,,,,2242.94,2076.36,Passenger,8964D2,2026-08-16T07:33:21Z,2026-08-16T10:33:08Z,True
413291f4,PC771,PGT771,PGT,PGT,B738,TC-AIS,OSAP,ALP,2026-08-16T07:29:22Z,,LTFJ,SAW,LTFJ,SAW,2026-08-16T08:51:05Z,06R,4903.0,937.55,843.491,Passenger,4B8533,2026-08-16T07:34:39Z,2026-08-16T08:59:25Z,True
4132b216,TK845,THY845,THY,THY,B739,TC-JYC,OSAP,ALP,2026-08-16T08:31:49Z,,LTFM,IST,LTFM,IST,2026-08-16T10:02:37Z,35R,5448.0,1017.44,915.094,Passenger,4BAB23,2026-08-16T08:37:05Z,2026-08-16T10:17:55Z,True
4132b73c,G9352,ABY352,ABY,ABY,A320,A6-ANQ,OSAP,ALP,2026-08-16T08:33:23Z,09L,OMSJ,SHJ,OMSJ,SHJ,2026-08-16T11:38:09Z,30,11086.0,2366.63,2110.66,Passenger,896372,2026-08-16T08:38:52Z,2026-08-16T11:36:05Z,True
4132ed24,DN551,DNA551,DNA,DNA,A320,YR-JUL,LROP,OTP,2026-08-16T09:49:48Z,08L,OSAP,ALP,OSAP,ALP,,,,1388.49,1301.13,Passenger,4A2AAC,2026-08-16T09:50:25Z,2026-08-16T11:34:39Z,True
4132fbe7,TK840,THY840,THY,THY,B739,TC-JYI,LTFM,IST,2026-08-16T10:52:52Z,36,OSAP,ALP,OSAP,ALP,,,,990.617,912.327,Passenger,4BAB29,2026-08-16T10:11:18Z,2026-08-16T12:07:51Z,True
41334d0a,RJ433,RJA433,RJA,RJA,E295,JY-REF,OJAI,AMM,2026-08-16T12:04:36Z,26L,OSAP,ALP,OSAP,ALP,,,,509.847,450.472,Passenger,7448A6,2026-08-16T12:03:42Z,2026-08-16T12:44:10Z,True
41334cc0,FZ1192,FDB1192,FDB,FDB,B38M,A6-FMC,OSAP,ALP,2026-08-16T12:05:00Z,09L,OMDB,DXB,OMDB,DXB,2026-08-16T15:09:59Z,,11099.0,2686.72,2121.26,Passenger,8964D2,2026-08-16T12:10:36Z,2026-08-16T15:06:31Z,True
4133a3d9,DN552,DNA552,DNA,DNA,A320,YR-JUL,OSAP,ALP,,,LROP,OTP,LROP,OTP,2026-08-16T15:34:56Z,08R,,1394.21,1281.4,Passenger,4A2AAC,2026-08-16T13:43:47Z,2026-08-16T15:33:53Z,True
4133b0fb,TK841,THY841,THY,THY,B739,TC-JYI,OSAP,ALP,,,LTFM,IST,LTFM,IST,2026-08-16T15:40:06Z,35R,,1046.64,915.892,Passenger,4BAB29,2026-08-16T14:10:56Z,2026-08-16T15:53:07Z,True
4133b995,RJ434,RJA434,RJA,RJA,E295,JY-REF,OSAP,ALP,2026-08-16T14:07:32Z,09L,OJAI,AMM,OJAI,AMM,2026-08-16T15:05:53Z,26L,3501.0,563.281,487.863,Passenger,7448A6,2026-08-16T14:13:14Z,2026-08-16T15:06:11Z,True
41357ed5,FYC762,FYC762,FYC,FYC,A320,YK-BAC,OMSJ,SHJ,2026-08-17T01:48:30Z,30,OSAP,ALP,OSAP,ALP,,,,2236.74,2062.32,Passenger,778823,2026-08-17T00:13:28Z,2026-08-17T04:28:04Z,True
4135a3d4,RJ431,RJA431,RJA,RJA,A20N,JY-RAL,OJAI,AMM,2026-08-17T01:27:09Z,26R,OSAP,ALP,OSAP,ALP,2026-08-17T02:24:16Z,,3427.0,505.931,443.549,Passenger,74482C,2026-08-17T01:25:01Z,2026-08-17T02:05:59Z,True
4135d144,VF340,TKJ340,TKJ,TKJ,B738,TC-JGY,LTFJ,SAW,2026-08-17T03:18:14Z,06L,OSAP,ALP,OSAP,ALP,2026-08-17T04:41:51Z,,5017.0,925.925,845.8,Passenger,4BA8F9,2026-08-17T02:41:40Z,2026-08-17T04:24:33Z,True
4135ea76,RJ432,RJA432,RJA,RJA,A20N,JY-RAL,OSAP,ALP,,,OJAI,AMM,OJAI,AMM,2026-08-17T04:34:58Z,26L,,594.321,485.444,Passenger,74482C,2026-08-17T03:44:23Z,2026-08-17T06:43:37Z,True
4135f23c,PC770,PGT770,PGT,PGT,B738,TC-CPC,LTFJ,SAW,2026-08-17T04:10:15Z,06L,OSAP,ALP,OSAP,ALP,,,,898.595,846.989,Passenger,4B8E03,2026-08-17T03:45:24Z,2026-08-17T05:16:45Z,True
4135e914,G9351,ABY351,ABY,ABY,A320,A6-ANP,OMSJ,SHJ,2026-08-17T04:21:51Z,30,OSAP,ALP,OSAP,ALP,2026-08-17T07:28:12Z,,11181.0,2273.32,2092.55,Passenger,896371,2026-08-17T04:22:21Z,2026-08-17T07:04:41Z,True
413607db,TK844,THY844,THY,THY,B739,TC-JYB,LTFM,IST,2026-08-17T05:08:16Z,34L,OSAP,ALP,OSAP,ALP,,,,1021.57,928.841,Passenger,4BAB22,2026-08-17T04:24:38Z,2026-08-17T06:20:27Z,True
413634a2,RB444,SYR444,SYR,SYR,B735,YK-SYR,LTFM,IST,2026-08-17T06:00:12Z,36,OSAP,ALP,OSAP,ALP,2026-08-17T07:59:33Z,,7161.0,1004.31,913.611,Passenger,77CF32,2026-08-17T05:48:24Z,2026-08-17T07:25:51Z,True
41364043,VF341,TKJ341,TKJ,TKJ,B738,TC-JGY,OSAP,ALP,,,LTFJ,SAW,LTFJ,SAW,2026-08-17T07:58:43Z,06R,,1049.12,854.615,Passenger,4BA8F9,2026-08-17T06:30:54Z,2026-08-17T08:10:26Z,True
41364333,FYC761,FYC761,FYC,FYC,A320,YK-BAC,OSAP,ALP,,,OMSJ,SHJ,OMSJ,SHJ,2026-08-17T09:48:45Z,30,,2395.76,2098.28,Passenger,778823,2026-08-17T06:48:56Z,2026-08-17T09:46:40Z,True
413654c3,PC771,PGT771,PGT,PGT,B738,TC-CPC,OSAP,ALP,2026-08-17T06:52:06Z,27R,LTFJ,SAW,LTFJ,SAW,2026-08-17T08:17:00Z,06R,5094.0,946.637,839.531,Passenger,4B8E03,2026-08-17T06:57:32Z,2026-08-17T08:27:46Z,True
41366132,KK472,NGN472,NGN,NGN,A320,D-ANNE,EDDK,CGN,2026-08-17T07:23:10Z,13L,OSAP,ALP,OSAP,ALP,2026-08-17T11:03:56Z,,13246.0,2900.09,2877.86,Passenger,3C79C5,2026-08-17T07:08:30Z,2026-08-17T10:40:32Z,True
413663ef,FZ1191,FDB1191,FDB,FDB,B738,A6-FGI,OMDB,DXB,2026-08-17T07:42:14Z,30R,OSAP,ALP,OSAP,ALP,,,,2214.46,2053.22,Passenger,89648E,2026-08-17T07:13:42Z,2026-08-17T10:15:12Z,True
4136777b,RJ433,RJA433,RJA,RJA,E290,JY-RED,OJAI,AMM,2026-08-17T07:48:49Z,26L,OSAP,ALP,OSAP,ALP,2026-08-17T08:47:42Z,,3533.0,525.618,448.524,Passenger,7448A4,2026-08-17T07:48:25Z,2026-08-17T08:29:21Z,True
41368a80,,UNO501H,IGC,IGC,CRJ2,YI-BAI,OSDI,DAM,2026-08-17T08:22:13Z,23L,OSAP,ALP,OSAP,ALP,,,,369.386,257.74,Business_jets,728829,2026-08-17T08:20:47Z,2026-08-17T08:53:48Z,True
413684bd,TK845,THY845,THY,THY,B739,TC-JYB,OSAP,ALP,,,LTFM,IST,LTFM,IST,2026-08-17T09:49:57Z,35R,,1057.67,915.773,Passenger,4BAB22,2026-08-17T08:28:29Z,2026-08-17T10:03:59Z,True
41368c96,G9352,ABY352,ABY,ABY,A320,A6-ANP,OSAP,ALP,,,OMSJ,SHJ,OMSJ,SHJ,2026-08-17T11:47:32Z,30,,2364.76,2101.4,Passenger,896371,2026-08-17T08:40:38Z,2026-08-17T11:45:15Z,True
4136b56a,,UNO501H,IGC,IGC,CRJ2,YI-BAI,OSAP,ALP,,,OSDI,DAM,OSDI,DAM,2026-08-17T10:16:19Z,23R,,372.667,278.358,Business_jets,728829,2026-08-17T09:40:14Z,2026-08-17T10:16:46Z,True
4136ca9a,RJ434,RJA434,RJA,RJA,E290,JY-RED,OSAP,ALP,,,OJAI,AMM,OJAI,AMM,2026-08-17T11:03:42Z,26L,,535.833,488.648,Passenger,7448A4,2026-08-17T10:13:15Z,2026-08-17T11:03:52Z,True
41370a05,FZ1192,FDB1192,FDB,FDB,B738,A6-FGI,OSAP,ALP,,,OMDB,DXB,OMDB,DXB,2026-08-17T14:41:57Z,30L,,2349.08,2091.63,Passenger,89648E,2026-08-17T11:45:24Z,2026-08-17T14:46:37Z,True
41372de2,KK473,NGN473,NGN,NGN,A320,D-ANNE,OSAP,ALP,,,EDDK,CGN,EDDK,CGN,2026-08-17T16:19:05Z,31R,,2915.1,2868.94,Passenger,3C79C5,2026-08-17T12:32:39Z,2026-08-17T16:22:42Z,True
4138d7cb,RB445,SYR445,SYR,SYR,B735,YK-SYR,OSAP,ALP,,,LTFM,IST,LTFM,IST,2026-08-17T21:48:50Z,35R,,993.701,913.086,Passenger,77CF32,2026-08-17T20:20:51Z,2026-08-17T22:00:16Z,True
41399fca,FYC492,FYC492,FYC,FYC,A320,YK-BAA,LTFJ,SAW,2026-08-18T01:39:50Z,06R,OSAP,ALP,OSAP,ALP,2026-08-18T03:04:45Z,,5095.0,921.979,851.735,Passenger,778821,2026-08-18T00:47:14Z,2026-08-18T02:47:37Z,True
4139aeef,RJ431,RJA431,RJA,RJA,A20N,JY-RAN,OJAI,AMM,2026-08-18T01:21:12Z,26R,OSAP,ALP,OSAP,ALP,2026-08-18T02:28:40Z,,4048.0,521.457,450.584,Passenger,74482E,2026-08-18T01:10:37Z,2026-08-18T01:59:53Z,True
4139bef1,FYC762,FYC762,FYC,FYC,A320,YK-BAC,OMSJ,SHJ,2026-08-18T01:39:46Z,12,OSAP,ALP,OSAP,ALP,,,,2244.42,2047.88,Passenger,778823,2026-08-18T01:40:23Z,2026-08-18T04:16:37Z,True
4139f838,VF340,TKJ340,TKJ,TKJ,B738,TC-JHF,LTFJ,SAW,2026-08-18T03:39:18Z,06L,OSAP,ALP,OSAP,ALP,2026-08-18T05:02:20Z,,4982.0,886.82,849.86,Passenger,4BA906,2026-08-18T03:17:29Z,2026-08-18T04:45:36Z,True
4139fb03,RJ432,RJA432,RJA,RJA,A20N,JY-RAN,OSAP,ALP,,,OJAI,AMM,OJAI,AMM,2026-08-18T04:23:22Z,26R,,557.714,486.427,Passenger,74482E,2026-08-18T03:33:09Z,2026-08-18T04:28:13Z,True
413a11fb,G9351,ABY351,ABY,ABY,A320,A6-AOK,OMSJ,SHJ,2026-08-18T04:16:27Z,12,OSAP,ALP,OSAP,ALP,2026-08-18T07:37:47Z,,12080.0,2702.93,2092.91,Passenger,896434,2026-08-18T04:16:47Z,2026-08-18T07:23:39Z,True
413a1b12,TK844,THY844,THY,THY,B739,TC-JYB,LTFM,IST,2026-08-18T04:54:49Z,36,OSAP,ALP,OSAP,ALP,2026-08-18T06:23:59Z,,5350.0,1022.24,919.568,Passenger,4BAB22,2026-08-18T04:21:05Z,2026-08-18T06:09:58Z,True
413a2ef1,3L456,ADY456,ABY,ADY,A320,A6-ANB,OMAA,AUH,2026-08-18T05:20:10Z,13R,OSAP,ALP,OSAP,ALP,,,,2279.23,2088.97,Passenger,8962D1,2026-08-18T04:56:53Z,2026-08-18T08:00:57Z,True
413a568d,VF341,TKJ341,TKJ,TKJ,B738,TC-JHF,OSAP,ALP,2026-08-18T06:15:45Z,27L,LTFJ,SAW,LTFJ,SAW,2026-08-18T07:39:35Z,06R,5030.0,942.38,841.553,Passenger,4BA906,2026-08-18T06:20:58Z,2026-08-18T07:51:31Z,True
413a67ee,FYC761,FYC761,FYC,FYC,A320,YK-BAC,OSAP,ALP,,,OMSJ,SHJ,OMSJ,SHJ,2026-08-18T09:55:38Z,30,,2452.76,2110.28,Passenger,778823,2026-08-18T06:52:23Z,2026-08-18T09:53:30Z,True
413a831f,FZ1191,FDB1191,FDB,FDB,B38M,A6-FMX,OMDB,DXB,2026-08-18T07:39:57Z,12R,OSAP,ALP,OSAP,ALP,2026-08-18T10:34:23Z,,10466.0,2284.86,2089.04,Passenger,8965B4,2026-08-18T07:25:40Z,2026-08-18T10:20:18Z,True
413a8eed,RJ433,RJA433,RJA,RJA,E290,JY-REE,OJAI,AMM,2026-08-18T07:44:43Z,26L,OSAP,ALP,OSAP,ALP,,,,550.264,457.506,Passenger,7448A5,2026-08-18T07:44:41Z,2026-08-18T08:29:29Z,True
413a9b5b,TK845,THY845,THY,THY,B739,TC-JYB,OSAP,ALP,,,LTFM,IST,LTFM,IST,2026-08-18T09:56:48Z,35R,,1561.67,917.455,Passenger,4BAB22,2026-08-18T08:21:18Z,2026-08-18T10:08:38Z,True
413a96ef,G9352,ABY352,ABY,ABY,A320,A6-AOK,OSAP,ALP,2026-08-18T08:49:04Z,09L,OMSJ,SHJ,OMSJ,SHJ,2026-08-18T12:07:49Z,30,11925.0,2400.08,2108.94,Passenger,896434,2026-08-18T08:54:45Z,2026-08-18T12:05:44Z,True
413ac651,3L457,ADY457,ABY,ADY,A320,A6-ANB,OSAP,ALP,,,OMAA,AUH,OMAA,AUH,2026-08-18T12:36:14Z,31R,,2365.89,2104.04,Passenger,8962D1,2026-08-18T09:29:12Z,2026-08-18T12:41:17Z,True
413ad5bf,RJ434,RJA434,RJA,RJA,E290,JY-REE,OSAP,ALP,,,OJAI,AMM,OJAI,AMM,2026-08-18T10:35:24Z,26L,,561.344,489.069,Passenger,7448A5,2026-08-18T09:45:19Z,2026-08-18T10:35:48Z,True
413ae9cf,TK840,THY840,THY,THY,B739,TC-JYC,LTFM,IST,2026-08-18T10:39:26Z,36,OSAP,ALP,OSAP,ALP,2026-08-18T12:24:14Z,,6288.0,1008.21,915.477,Passenger,4BAB23,2026-08-18T10:11:01Z,2026-08-18T11:57:50Z,True
413b25d7,FZ1192,FDB1192,FDB,FDB,B38M,A6-FMX,OSAP,ALP,,,OMDB,DXB,OMDB,DXB,2026-08-18T14:44:14Z,30L,,2363.35,2098.2,Passenger,8965B4,2026-08-18T11:37:59Z,2026-08-18T14:50:42Z,True
413b5059,PC770,PGT770,PGT,PGT,B738,TC-AIS,LTFJ,SAW,2026-08-18T12:33:57Z,24R,OSAP,ALP,OSAP,ALP,2026-08-18T14:00:40Z,,5203.0,930.099,849.593,Passenger,4B8533,2026-08-18T12:20:23Z,2026-08-18T13:44:08Z,True
413b7108,FYC455,FYC455,FYC,FYC,A320,YK-BAA,OSAP,ALP,,,UDYZ,EVN,UDYZ,EVN,2026-08-18T14:15:10Z,08,,855.17,739.976,Passenger,778821,2026-08-18T13:12:40Z,2026-08-18T14:22:43Z,True
413ba6fc,RB390,SYR390,SYR,SYR,A320,YK-AKG,OERK,RUH,2026-08-18T13:52:47Z,33R,OSAP,ALP,OSAP,ALP,,,,1615.73,1486.13,Passenger,778567,2026-08-18T13:52:01Z,2026-08-18T15:41:57Z,True
413ba17e,TK841,THY841,THY,THY,B739,TC-JYC,OSAP,ALP,,,LTFM,IST,LTFM,IST,2026-08-18T15:28:39Z,35L,,1004.89,911.693,Passenger,4BAB23,2026-08-18T14:01:47Z,2026-08-18T15:28:39Z,True
413bedea,PC771,PGT771,PGT,PGT,B738,TC-AIS,OSAP,ALP,2026-08-18T14:59:57Z,27L,LTFJ,SAW,LTFJ,SAW,2026-08-18T16:24:14Z,24L,5057.0,929.011,842.141,Passenger,4B8533,2026-08-18T15:04:42Z,2026-08-18T16:34:22Z,True
413bfa71,FYC456,FYC456,FYC,FYC,A320,YK-BAA,UDYZ,EVN,2026-08-18T15:36:47Z,26,OSAP,ALP,OSAP,ALP,2026-08-18T17:08:42Z,,5515.0,738.947,707.841,Passenger,778821,2026-08-18T15:07:44Z,2026-08-18T16:37:28Z,True
413c5f77,RB381,SYR381,SYR,SYR,A320,YK-AKG,OSAP,ALP,2026-08-18T17:51:48Z,,OEJN,JED,OEMA,MED,2026-08-18T20:45:54Z,17,10446.0,2069.5,1301.4,Passenger,778567,2026-08-18T17:55:01Z,2026-08-18T20:50:33Z,True
413c73a0,FYC525,FYC525,FYC,FYC,A320,YK-BAA,OSAP,ALP,2026-08-18T18:03:01Z,09L,ORER,EBL,ORER,EBL,2026-08-18T19:21:04Z,,4683.0,965.71,603.925,Passenger,778821,2026-08-18T18:06:33Z,2026-08-18T19:16:18Z,True
413cf6ae,FYC526,FYC526,FYC,FYC,A320,YK-BAA,ORER,EBL,2026-08-18T20:19:35Z,18,OSAP,ALP,OSAP,ALP,,,,891.197,578.723,Passenger,778821,2026-08-18T20:22:09Z,2026-08-18T21:26:46Z,True
413d6e8a,FYC491,FYC491,FYC,FYC,A320,YK-BAA,OSAP,ALP,,,LTFJ,SAW,LTFJ,SAW,2026-08-19T00:08:26Z,06R,,887.819,826.654,Passenger,778821,2026-08-18T22:56:21Z,2026-08-19T00:20:01Z,True
413dc309,RB382,SYR382,SYR,SYR,A320,YK-AKG,OEJN,JED,2026-08-19T00:28:40Z,34C,OSAP,ALP,OSAP,ALP,2026-08-19T02:45:43Z,,8223.0,1571.11,1533.28,Passenger,778567,2026-08-19T00:07:53Z,2026-08-19T02:17:26Z,True
413e303d,VF340,TKJ340,TKJ,TKJ,B738,TC-JHB,LTFJ,SAW,2026-08-19T03:28:29Z,06L,OSAP,ALP,OSAP,ALP,,,,907.427,847.635,Passenger,4BA902,2026-08-19T03:05:19Z,2026-08-19T04:35:45Z,True
413e3e84,RJ432,RJA432,RJA,RJA,A320,JY-AYR,OSAP,ALP,,,OJAI,AMM,OJAI,AMM,2026-08-19T04:38:07Z,26L,,540.961,484.661,Passenger,740732,2026-08-19T03:47:50Z,2026-08-19T04:40:49Z,True
413e5098,G9351,ABY351,ABY,ABY,A320,A6-AOW,OMSJ,SHJ,2026-08-19T04:27:44Z,12,OSAP,ALP,OSAP,ALP,2026-08-19T07:37:09Z,,11365.0,2318.42,2093.21,Passenger,896503,2026-08-19T04:16:06Z,2026-08-19T07:13:56Z,True
413e5b8a,PC770,PGT770,PGT,PGT,B738,TC-AZP,LTFJ,SAW,2026-08-19T04:47:03Z,06L,OSAP,ALP,OSAP,ALP,2026-08-19T06:07:01Z,,4798.0,894.019,850.467,Passenger,4B8750,2026-08-19T04:25:34Z,2026-08-19T05:54:35Z,True
413e5c83,TK844,THY844,THY,THY,B739,TC-JYH,LTFM,IST,2026-08-19T05:04:16Z,34L,OSAP,ALP,OSAP,ALP,,,,999.231,912.298,Passenger,4BAB28,2026-08-19T04:27:21Z,2026-08-19T06:18:30Z,True
413e400d,RB389,SYR389,SYR,SYR,A320,YK-AKG,OSAP,ALP,,,OERK,RUH,OERK,RUH,2026-08-19T07:07:58Z,33L,,1660.41,1506.61,Passenger,778567,2026-08-19T04:57:04Z,2026-08-19T07:10:08Z,True
413e6dcd,XQ206,SXS206,SXS,SXS,B738,TC-SNR,LTAI,AYT,2026-08-19T05:47:16Z,36R,OSAP,ALP,OSAP,ALP,2026-08-19T06:57:15Z,,4199.0,698.753,583.059,Passenger,4BCDD2,2026-08-19T04:58:54Z,2026-08-19T06:40:09Z,True
413e9350,VF341,TKJ341,TKJ,TKJ,B738,TC-JHB,OSAP,ALP,,,LTFJ,SAW,LTFJ,SAW,2026-08-19T07:45:45Z,06R,,988.926,849.909,Passenger,4BA902,2026-08-19T06:22:42Z,2026-08-19T07:58:56Z,True
413ebc55,PC771,PGT771,PGT,PGT,B738,TC-AZP,OSAP,ALP,2026-08-19T07:25:28Z,,LTFJ,SAW,LTFJ,SAW,2026-08-19T08:52:50Z,06R,5242.0,948.962,840.022,Passenger,4B8750,2026-08-19T07:30:45Z,2026-08-19T09:05:13Z,True
413ec6dc,FZ1191,FDB1191,FDB,FDB,B738,A6-FEW,OMDB,DXB,2026-08-19T07:58:09Z,30R,OSAP,ALP,OSAP,ALP,2026-08-19T10:55:28Z,,10639.0,2259.18,2086.0,Passenger,8963B9,2026-08-19T07:33:12Z,2026-08-19T10:35:11Z,True
413ed34b,RJ433,RJA433,RJA,RJA,E290,JY-REC,OJAI,AMM,2026-08-19T07:52:49Z,26L,OSAP,ALP,OSAP,ALP,,,,579.397,459.439,Passenger,7448A3,2026-08-19T07:52:45Z,2026-08-19T08:36:35Z,True
413ed5d5,XQ207,SXS207,SXS,SXS,B738,TC-SNR,OSAP,ALP,2026-08-19T07:58:35Z,,LTAI,AYT,LTAI,AYT,2026-08-19T09:11:19Z,18C,4364.0,724.23,580.581,Passenger,4BCDD2,2026-08-19T08:04:21Z,2026-08-19T09:14:43Z,True
413ede35,TK845,THY845,THY,THY,B739,TC-JYH,OSAP,ALP,,,LTFM,IST,LTFM,IST,2026-08-19T09:52:14Z,35R,,997.214,914.413,Passenger,4BAB28,2026-08-19T08:27:14Z,2026-08-19T10:07:45Z,True
413eecc0,G9352,ABY352,ABY,ABY,A320,A6-AOW,OSAP,ALP,2026-08-19T08:41:59Z,09L,OMSJ,SHJ,OMSJ,SHJ,,,,3140.47,2107.32,Passenger,896503,2026-08-19T08:47:41Z,2026-08-19T11:48:16Z,True
413ed9a3,XY229,KNE229,KNE,KNE,A20N,HZ-NS56,OERK,RUH,2026-08-19T09:16:20Z,15L,OSAP,ALP,OSAP,ALP,2026-08-19T11:27:05Z,,7845.0,1892.64,1497.46,Passenger,717CBF,2026-08-19T09:16:40Z,2026-08-19T11:09:22Z,True
413f1b62,DN551,DNA551,DNA,DNA,A320,YR-DSE,LROP,OTP,2026-08-19T10:02:05Z,08L,OSAP,ALP,OSAP,ALP,,,,1414.99,1314.79,Passenger,4A1265,2026-08-19T09:45:50Z,2026-08-19T11:40:29Z,True
413f1b54,RJ434,RJA434,RJA,RJA,E290,JY-REC,OSAP,ALP,2026-08-19T09:45:22Z,09L,OJAI,AMM,OJAI,AMM,,26L,,541.489,485.183,Passenger,7448A3,2026-08-19T09:50:52Z,2026-08-19T10:36:37Z,True
413f2079,,UNO501H,IGC,IGC,CRJ2,YI-BAI,OSDI,DAM,2026-08-19T09:53:29Z,23L,OSAP,ALP,OSAP,ALP,,,,356.49,293.502,Business_jets,728829,2026-08-19T09:53:02Z,2026-08-19T10:20:57Z,True
413f4a49,FYC762,FYC762,FYC,FYC,A320,YK-BAA,OMSJ,SHJ,2026-08-19T11:02:37Z,,OSAP,ALP,OSAP,ALP,2026-08-19T13:51:52Z,,10155.0,2596.27,2059.43,Passenger,778821,2026-08-19T11:03:57Z,2026-08-19T13:35:07Z,True
413f6fbc,FZ1192,FDB1192,FDB,FDB,B738,A6-FEW,OSAP,ALP,,,OMDB,DXB,OMDB,DXB,2026-08-19T14:43:20Z,,,2444.32,2099.52,Passenger,8963B9,2026-08-19T11:42:00Z,2026-08-19T14:53:18Z,True
413fbc88,XY230,KNE230,KNE,KNE,A20N,HZ-NS56,OSAP,ALP,,,OERK,RUH,OERK,RUH,2026-08-19T15:15:42Z,33L,,1699.55,1506.77,Passenger,717CBF,2026-08-19T12:56:40Z,2026-08-19T15:18:01Z,True
413fdf0d,DN552,DNA552,DNA,DNA,A320,YR-DSE,OSAP,ALP,,,LROP,OTP,LROP,OTP,2026-08-19T15:25:43Z,26L,,1331.72,1290.98,Passenger,4A1265,2026-08-19T13:34:49Z,2026-08-19T15:29:41Z,True
414171ea,FYC761,FYC761,FYC,FYC,A320,YK-BAA,OSAP,ALP,2026-08-19T21:17:46Z,,OMSJ,SHJ,OMSJ,SHJ,2026-08-20T00:24:22Z,30,11196.0,2401.56,2118.27,Passenger,778821,2026-08-19T21:21:15Z,2026-08-20T00:22:16Z,True
41423e69,RJ431,RJA431,RJA,RJA,A20N,JY-RAA,OJAI,AMM,2026-08-20T01:21:26Z,26L,OSAP,ALP,OSAP,ALP,2026-08-20T02:26:48Z,,3922.0,908.449,499.38,Passenger,744821,2026-08-20T01:09:13Z,2026-08-20T02:11:30Z,True
41427f86,VF340,TKJ340,TKJ,TKJ,B738,TC-JHD,LTFJ,SAW,2026-08-20T03:10:59Z,06L,OSAP,ALP,OSAP,ALP,2026-08-20T04:27:58Z,27R,4619.0,1008.75,869.112,Passenger,4BA904,2026-08-20T02:54:33Z,2026-08-20T04:25:49Z,True
41428dec,RJ432,RJA432,RJA,RJA,A20N,JY-RAA,OSAP,ALP,2026-08-20T03:31:19Z,,OJAI,AMM,OJAI,AMM,2026-08-20T04:23:39Z,26L,3140.0,559.899,507.393,Passenger,744821,2026-08-20T03:31:56Z,2026-08-20T04:31:10Z,True
4142a822,G9351,ABY351,ABY,ABY,A320,A6-ANP,OMSJ,SHJ,2026-08-20T04:24:59Z,30,OSAP,ALP,OSAP,ALP,,,,2284.7,2098.04,Passenger,896371,2026-08-20T04:22:49Z,2026-08-20T07:05:38Z,True
4142b155,TK844,THY844,THY,THY,B739,TC-JYB,LTFM,IST,2026-08-20T05:10:06Z,36,OSAP,ALP,OSAP,ALP,2026-08-20T06:33:59Z,27L,5033.0,1055.11,933.016,Passenger,4BAB22,2026-08-20T04:24:47Z,2026-08-20T06:31:18Z,True
4142c2f8,3L456,ADY456,ADY,ADY,A320,A6-AUG,OMAA,AUH,2026-08-20T05:17:49Z,31L,OSAP,ALP,OSAP,ALP,,,,2273.11,2091.25,Passenger,8965FA,2026-08-20T04:55:39Z,2026-08-20T07:59:02Z,True
4142e6e3,VF341,TKJ341,TKJ,TKJ,B738,TC-JHD,OSAP,ALP,2026-08-20T06:11:27Z,,LTFJ,SAW,LTFJ,SAW,2026-08-20T07:32:55Z,06R,4888.0,991.478,862.377,Passenger,4BA904,2026-08-20T06:12:24Z,2026-08-20T07:42:39Z,True
41430fd1,FZ1191,FDB1191,FDB,FDB,B38M,A6-FQA,OMDB,DXB,2026-08-20T07:34:51Z,30R,OSAP,ALP,OSAP,ALP,,,,2612.93,2054.27,Passenger,89660B,2026-08-20T07:08:55Z,2026-08-20T10:11:29Z,True
41433cbd,,UNO501H,IGC,IGC,CRJ2,YI-BAI,OSDI,DAM,2026-08-20T08:22:14Z,23L,OSAP,ALP,OSAP,ALP,,,,410.094,292.642,Business_jets,728829,2026-08-20T08:21:00Z,2026-08-20T08:58:36Z,True
41432e75,J9175,JZR175,JZR,JZR,A20N,9K-CBK,OKKK,KWI,2026-08-20T08:32:18Z,33L,OSAP,ALP,OSAP,ALP,2026-08-20T10:40:33Z,,7695.0,1440.82,1207.09,Passenger,706132,2026-08-20T08:23:53Z,2026-08-20T10:18:50Z,True
414343ba,TK845,THY845,THY,THY,B739,TC-JYB,OSAP,ALP,2026-08-20T08:41:55Z,,LTFM,IST,LTFM,IST,2026-08-20T10:15:09Z,35R,5594.0,1085.27,917.295,Passenger,4BAB22,2026-08-20T08:46:38Z,2026-08-20T10:28:45Z,True
4143498d,G9352,ABY352,ABY,ABY,A320,A6-ANP,OSAP,ALP,,,OMSJ,SHJ,OMSJ,SHJ,2026-08-20T12:05:25Z,30,,2343.43,2098.56,Passenger,896371,2026-08-20T09:00:12Z,2026-08-20T12:02:56Z,True
414358c1,PC770,PGT770,PGT,PGT,B738,TC-CPC,LTFJ,SAW,2026-08-20T09:16:18Z,06L,OSAP,ALP,OSAP,ALP,2026-08-20T10:39:42Z,,5004.0,940.947,867.134,Passenger,4B8E03,2026-08-20T09:05:35Z,2026-08-20T10:28:20Z,True
4143626c,3L457,ADY457,ADY,ADY,A320,A6-AUG,OSAP,ALP,2026-08-20T09:30:43Z,09L,OMAA,AUH,OMAA,AUH,2026-08-20T12:43:00Z,31R,11537.0,2372.43,2104.61,Passenger,8965FA,2026-08-20T09:36:02Z,2026-08-20T12:47:37Z,True
41436b68,,UNO501H,IGC,IGC,CRJ2,YI-BAI,OSAP,ALP,,,OSDI,DAM,OSDI,DAM,2026-08-20T10:18:19Z,23R,,381.692,266.084,Business_jets,728829,2026-08-20T09:41:46Z,2026-08-20T10:18:33Z,True
4143914d,RJ433,RJA433,RJA,RJA,A20N,JY-RAH,OJAI,AMM,2026-08-20T10:46:47Z,08R,OSAP,ALP,OSAP,ALP,2026-08-20T11:56:07Z,,4160.0,503.781,458.175,Passenger,744828,2026-08-20T10:32:05Z,2026-08-20T11:25:26Z,True
4143bec5,FZ1192,FDB1192,FDB,FDB,B38M,A6-FQA,OSAP,ALP,,,OMDB,DXB,OMDB,DXB,2026-08-20T14:39:36Z,30L,,2354.95,2088.01,Passenger,89660B,2026-08-20T11:38:08Z,2026-08-20T14:46:11Z,True
41439834,PC771,PGT771,PGT,PGT,B738,TC-CPC,OSAP,ALP,2026-08-20T11:58:28Z,,LTFJ,SAW,LTFJ,SAW,2026-08-20T13:21:52Z,06R,5004.0,940.136,845.39,Passenger,4B8E03,2026-08-20T12:03:23Z,2026-08-20T13:32:25Z,True
414408e2,J9176,JZR176,JZR,JZR,A20N,9K-CBK,OSAP,ALP,,,OKKK,KWI,OKKK,KWI,2026-08-20T15:13:16Z,34,,1717.81,1248.27,Passenger,706132,2026-08-20T12:57:29Z,2026-08-20T15:50:08Z,True
4143d49a,RJ434,RJA434,RJA,RJA,A20N,JY-RAH,OSAP,ALP,,,OJAI,AMM,OJAI,AMM,2026-08-20T13:51:55Z,26L,,508.439,474.285,Passenger,744828,2026-08-20T13:05:56Z,2026-08-20T14:03:21Z,True
414677de,FYC492,FYC492,FYC,FYC,A320,YK-BAA,LTFJ,SAW,2026-08-21T01:27:13Z,06R,OSAP,ALP,OSAP,ALP,2026-08-21T02:41:21Z,,4448.0,956.486,877.765,Passenger,778821,2026-08-21T00:41:06Z,2026-08-21T02:35:16Z,True
41468f4e,RJ431,RJA431,RJA,RJA,A20N,JY-RAL,OJAI,AMM,2026-08-21T01:32:51Z,26L,OSAP,ALP,OSAP,ALP,2026-08-21T02:32:59Z,,3608.0,577.631,484.073,Passenger,74482C,2026-08-21T01:15:47Z,2026-08-21T02:24:13Z,True
4146d64f,VF340,TKJ340,TKJ,TKJ,B738,TC-JHF,LTFJ,SAW,2026-08-21T03:29:47Z,06L,OSAP,ALP,OSAP,ALP,2026-08-21T04:51:54Z,,4927.0,956.701,858.707,Passenger,4BA906,2026-08-21T03:13:32Z,2026-08-21T04:38:51Z,True
4146d4ab,XQ808,SXS808,SXS,SXS,B738,TC-SOV,LTBJ,ADB,2026-08-21T03:25:12Z,34L,OSAP,ALP,OSAP,ALP,2026-08-21T04:53:13Z,,5281.0,1123.56,921.373,Passenger,4BCDF6,2026-08-21T03:20:24Z,2026-08-21T04:42:34Z,True
4146dd54,RJ432,RJA432,RJA,RJA,A20N,JY-RAL,OSAP,ALP,2026-08-21T03:43:29Z,09L,OJAI,AMM,OJAI,AMM,2026-08-21T04:37:09Z,26L,3220.0,548.015,485.903,Passenger,74482C,2026-08-21T03:48:51Z,2026-08-21T04:39:57Z,True
4146f229,G9351,ABY351,ABY,ABY,A320,A6-AOA,OMSJ,SHJ,2026-08-21T04:15:45Z,30,OSAP,ALP,OSAP,ALP,2026-08-21T07:09:38Z,,10433.0,2306.31,2102.26,Passenger,896727,2026-08-21T04:16:17Z,2026-08-21T07:00:35Z,True
4146fe78,TK844,THY844,THY,THY,B739,TC-JYI,LTFM,IST,2026-08-21T05:06:22Z,34L,OSAP,ALP,OSAP,ALP,2026-08-21T06:35:58Z,,5376.0,1113.33,920.805,Passenger,4BAB29,2026-08-21T04:25:09Z,2026-08-21T06:23:47Z,True
414716aa,PC770,PGT770,PGT,PGT,B738,TC-CPK,LTFJ,SAW,2026-08-21T05:26:41Z,06L,OSAP,ALP,OSAP,ALP,2026-08-21T06:58:03Z,,5482.0,960.676,872.214,Passenger,4B8E0B,2026-08-21T05:08:06Z,2026-08-21T06:39:23Z,True
41473740,VF341,TKJ341,TKJ,TKJ,B738,TC-JHF,OSAP,ALP,2026-08-21T06:22:03Z,09L,LTFJ,SAW,LTFJ,SAW,2026-08-21T07:44:20Z,06R,4937.0,974.855,855.244,Passenger,4BA906,2026-08-21T06:27:00Z,2026-08-21T07:53:27Z,True
41473f02,XQ809,SXS809,SXS,SXS,B738,TC-SOV,OSAP,ALP,2026-08-21T06:25:12Z,,LTBJ,ADB,LTBJ,ADB,2026-08-21T07:57:33Z,34L,5541.0,1053.25,920.457,Passenger,4BCDF6,2026-08-21T06:30:19Z,2026-08-21T07:57:05Z,True
414767e7,FZ1191,FDB1191,FDB,FDB,B738,A6-FEO,OMDB,DXB,2026-08-21T07:48:03Z,30R,OSAP,ALP,OSAP,ALP,2026-08-21T10:44:10Z,,10567.0,2395.57,2089.7,Passenger,8963B1,2026-08-21T07:32:35Z,2026-08-21T10:28:27Z,True
4147767c,PC771,PGT771,PGT,PGT,B738,TC-CPK,OSAP,ALP,2026-08-21T08:04:27Z,,LTFJ,SAW,LTFJ,SAW,2026-08-21T09:25:20Z,06R,4853.0,950.733,844.162,Passenger,4B8E0B,2026-08-21T08:09:55Z,2026-08-21T09:32:50Z,True
41477d2f,TK845,THY845,THY,THY,B739,TC-JYI,OSAP,ALP,2026-08-21T08:17:11Z,,LTFM,IST,LTFM,IST,2026-08-21T09:50:29Z,35R,5598.0,1062.14,919.16,Passenger,4BAB29,2026-08-21T08:22:01Z,2026-08-21T09:56:42Z,True
4147899b,G9352,ABY352,ABY,ABY,A320,A6-AOA,OSAP,ALP,2026-08-21T08:42:56Z,09L,OMSJ,SHJ,OMSJ,SHJ,2026-08-21T11:52:13Z,30,11357.0,2366.69,2110.05,Passenger,896727,2026-08-21T08:48:13Z,2026-08-21T11:51:27Z,True
4147ca19,TK840,THY840,THY,THY,B739,TC-JYH,LTFM,IST,2026-08-21T10:36:25Z,36,OSAP,ALP,OSAP,ALP,2026-08-21T12:05:47Z,,5362.0,1049.52,914.18,Passenger,4BAB28,2026-08-21T10:07:34Z,2026-08-21T11:50:11Z,True
41480625,RJ433,RJA433,RJA,RJA,E290,JY-RED,OJAI,AMM,2026-08-21T11:29:05Z,08R,OSAP,ALP,OSAP,ALP,2026-08-21T12:23:07Z,,3242.0,523.101,460.559,Passenger,7448A4,2026-08-21T11:28:13Z,2026-08-21T12:09:37Z,True
4148109a,FZ1192,FDB1192,FDB,FDB,B738,A6-FEO,OSAP,ALP,,,OMDB,DXB,OMDB,DXB,2026-08-21T14:50:26Z,30L,,2378.48,2094.23,Passenger,8963B1,2026-08-21T11:48:59Z,2026-08-21T14:57:53Z,True
41487d4c,RJ434,RJA434,RJA,RJA,E290,JY-RED,OSAP,ALP,,,OJAI,AMM,OJAI,AMM,2026-08-21T14:31:03Z,,,568.77,484.198,Passenger,7448A4,2026-08-21T13:36:51Z,2026-08-21T14:28:00Z,True
41488d98,TK841,THY841,THY,THY,B739,TC-JYH,OSAP,ALP,2026-08-21T14:01:45Z,09L,LTFM,IST,LTFM,IST,2026-08-21T15:25:51Z,35R,5046.0,1019.73,917.768,Passenger,4BAB28,2026-08-21T14:06:58Z,2026-08-21T15:35:33Z,True
414a5b67,FYC491,FYC491,FYC,FYC,A320,YK-BAA,OSAP,ALP,2026-08-21T22:46:20Z,,LTFJ,SAW,LTFJ,SAW,2026-08-22T00:03:54Z,06R,4654.0,945.379,862.613,Passenger,778821,2026-08-21T22:48:34Z,2026-08-22T00:18:24Z,True
414acf90,RJ431,RJA431,RJA,RJA,A20N,JY-RAN,OJAI,AMM,2026-08-22T01:24:26Z,26L,OSAP,ALP,OSAP,ALP,,,,567.797,456.471,Passenger,74482E,2026-08-22T01:13:56Z,2026-08-22T02:06:17Z,True
414aef0c,FYC762,FYC762,FYC,FYC,A320,YK-BAC,OMSJ,SHJ,2026-08-22T02:22:49Z,30,OSAP,ALP,OSAP,ALP,,,,2290.27,2108.28,Passenger,778823,2026-08-22T02:18:12Z,2026-08-22T05:05:01Z,True
414b1545,VF340,TKJ340,TKJ,TKJ,B738,TC-JHF,LTFJ,SAW,2026-08-22T03:25:24Z,,OSAP,ALP,OSAP,ALP,,,,952.768,851.62,Passenger,4BA906,2026-08-22T03:26:37Z,2026-08-22T04:35:48Z,True
414b14a9,RJ432,RJA432,RJA,RJA,A20N,JY-RAN,OSAP,ALP,2026-08-22T03:34:55Z,,OJAI,AMM,OJAI,AMM,2026-08-22T04:25:43Z,26L,3048.0,555.274,504.841,Passenger,74482E,2026-08-22T03:36:20Z,2026-08-22T04:30:46Z,True
414b2523,G9351,ABY351,ABY,ABY,A20N,A6-ARC,OMSJ,SHJ,2026-08-22T04:23:35Z,30,OSAP,ALP,OSAP,ALP,2026-08-22T07:20:03Z,,10588.0,2584.35,2104.96,Passenger,896719,2026-08-22T04:23:58Z,2026-08-22T07:14:07Z,True
414b36f8,TK844,THY844,THY,THY,B739,TC-JYB,LTFM,IST,2026-08-22T05:02:52Z,36,OSAP,ALP,OSAP,ALP,2026-08-22T06:28:54Z,27R,5162.0,1045.6,932.746,Passenger,4BAB22,2026-08-22T04:41:45Z,2026-08-22T06:25:51Z,True
414b455f,3L456,ADY456,ADY,ADY,A320,A6-AUF,OMAA,AUH,2026-08-22T05:17:50Z,13R,OSAP,ALP,OSAP,ALP,2026-08-22T08:17:09Z,,10759.0,2269.53,2088.88,Passenger,8965F9,2026-08-22T05:02:08Z,2026-08-22T08:03:58Z,True
414b4dc7,XQ206,SXS206,SXS,SXS,B738,TC-SOB,LTAI,AYT,2026-08-22T05:55:16Z,36R,OSAP,ALP,OSAP,ALP,2026-08-22T07:00:03Z,27R,3887.0,1027.71,588.746,Passenger,4BCDE2,2026-08-22T05:15:47Z,2026-08-22T06:56:56Z,True
414b6b4b,VF341,TKJ341,TKJ,TKJ,B738,TC-JHF,OSAP,ALP,2026-08-22T06:13:29Z,,LTFJ,SAW,LTFJ,SAW,2026-08-22T07:32:31Z,,4742.0,1363.1,838.266,Passenger,4BA906,2026-08-22T06:17:32Z,2026-08-22T07:31:15Z,True
414b776e,FYC761,FYC761,FYC,FYC,A320,YK-BAC,OSAP,ALP,2026-08-22T06:46:48Z,,OMSJ,SHJ,OMSJ,SHJ,2026-08-22T09:52:59Z,30,11171.0,2418.37,2122.68,Passenger,778823,2026-08-22T06:48:03Z,2026-08-22T09:52:59Z,True
414b82de,KK472,NGN472,NGN,NGN,A320,D-ANNE,EDDK,CGN,2026-08-22T07:07:51Z,31R,OSAP,ALP,OSAP,ALP,2026-08-22T10:48:43Z,,13252.0,2994.04,2900.76,Passenger,3C79C5,2026-08-22T07:01:26Z,2026-08-22T10:42:17Z,True
414b86cd,RJ433,RJA433,RJA,RJA,E295,JY-REG,OJAI,AMM,2026-08-22T07:10:14Z,26R,OSAP,ALP,OSAP,ALP,2026-08-22T08:19:34Z,,4160.0,548.826,461.393,Passenger,7448A7,2026-08-22T07:09:21Z,2026-08-22T07:56:55Z,True
414ba516,FZ1191,FDB1191,FDB,FDB,B38M,A6-FME,OMDB,DXB,2026-08-22T08:28:00Z,30R,OSAP,ALP,OSAP,ALP,,,,2179.28,2020.04,Passenger,8964D4,2026-08-22T08:02:50Z,2026-08-22T11:04:28Z,True
414ba9d9,XQ207,SXS207,SXS,SXS,B738,TC-SOB,OSAP,ALP,2026-08-22T08:18:47Z,,LTAI,AYT,LTAI,AYT,2026-08-22T09:24:32Z,18C,3945.0,712.801,579.064,Passenger,4BCDE2,2026-08-22T08:23:16Z,2026-08-22T09:28:51Z,True
414bb1c2,J9175,JZR175,JZR,JZR,A20N,9K-CBJ,OKKK,KWI,2026-08-22T08:34:22Z,33L,OSAP,ALP,OSAP,ALP,,,,1538.85,1249.71,Passenger,706131,2026-08-22T08:23:26Z,2026-08-22T10:40:31Z,True
414bb097,TK845,THY845,THY,THY,B739,TC-JYB,OSAP,ALP,2026-08-22T08:29:39Z,,LTFM,IST,LTFM,IST,2026-08-22T09:59:07Z,35R,5368.0,1062.05,917.373,Passenger,4BAB22,2026-08-22T08:34:18Z,2026-08-22T10:07:21Z,True
414b9c11,G9352,ABY352,ABY,ABY,A20N,A6-ARC,OSAP,ALP,2026-08-22T08:59:35Z,,OMSJ,SHJ,OMSJ,SHJ,2026-08-22T12:07:50Z,30,11295.0,2639.36,2127.26,Passenger,896719,2026-08-22T09:01:16Z,2026-08-22T12:05:25Z,True
414bc775,XY229,KNE229,KNE,KNE,A20N,HZ-NS87,OERK,RUH,2026-08-22T09:15:48Z,33R,OSAP,ALP,OSAP,ALP,2026-08-22T11:15:06Z,,7158.0,1535.3,1494.75,Passenger,7114D7,2026-08-22T09:08:38Z,2026-08-22T11:05:36Z,True
414bd775,RJ434,RJA434,RJA,RJA,E295,JY-REG,OSAP,ALP,2026-08-22T09:22:13Z,09L,OJAI,AMM,OJAI,AMM,2026-08-22T10:20:01Z,26R,3468.0,568.011,484.7,Passenger,7448A7,2026-08-22T09:27:22Z,2026-08-22T10:22:32Z,True
414bea28,3L457,ADY457,ADY,ADY,A320,A6-AUF,OSAP,ALP,2026-08-22T09:58:38Z,09L,OMAA,AUH,OMAA,AUH,2026-08-22T13:02:31Z,31R,11033.0,2349.57,2103.86,Passenger,8965F9,2026-08-22T10:03:35Z,2026-08-22T13:08:06Z,True
414c1d2a,PC770,PGT770,PGT,PGT,B738,TC-CPC,LTFJ,SAW,2026-08-22T11:18:44Z,06L,OSAP,ALP,OSAP,ALP,,,,1065.86,857.58,Passenger,4B8E03,2026-08-22T11:03:04Z,2026-08-22T12:29:36Z,True
414c5120,KK473,NGN473,NGN,NGN,A320,D-ANNE,OSAP,ALP,2026-08-22T12:17:54Z,,EDDK,CGN,EDDK,CGN,2026-08-22T16:07:17Z,24,13763.0,2917.4,2878.3,Passenger,3C79C5,2026-08-22T12:21:09Z,2026-08-22T16:13:41Z,True
414c69f6,J9176,JZR176,JZR,JZR,A20N,9K-CBJ,OSAP,ALP,2026-08-22T12:46:52Z,,OKKK,KWI,OKKK,KWI,2026-08-22T14:58:29Z,34,7897.0,1685.3,1270.4,Passenger,706131,2026-08-22T12:49:23Z,2026-08-22T15:07:32Z,True
414c72fe,FZ1192,FDB1192,FDB,FDB,B38M,A6-FME,OSAP,ALP,2026-08-22T12:50:31Z,,OMDB,DXB,OMDB,DXB,2026-08-22T15:56:41Z,30L,11170.0,2403.84,2115.59,Passenger,8964D4,2026-08-22T12:53:09Z,2026-08-22T16:05:00Z,True
414c7589,XY230,KNE230,KNE,KNE,A20N,HZ-NS87,OSAP,ALP,,,OERK,RUH,OERK,RUH,2026-08-22T15:23:09Z,33L,,1735.94,1512.57,Passenger,7114D7,2026-08-22T13:04:30Z,2026-08-22T15:24:25Z,True
414cba0f,PC771,PGT771,PGT,PGT,B738,TC-CPC,OSAP,ALP,2026-08-22T13:53:39Z,27L,LTFJ,SAW,LTFJ,SAW,2026-08-22T15:14:21Z,06R,4842.0,995.356,838.656,Passenger,4B8E03,2026-08-22T13:59:09Z,2026-08-22T15:12:59Z,True
414e95c8,RJ431,RJA431,RJA,RJA,A20N,JY-RAE,OJAI,AMM,2026-08-23T01:31:19Z,26R,OSAP,ALP,OSAP,ALP,,,,619.458,508.404,Passenger,744825,2026-08-23T01:14:51Z,2026-08-23T02:32:17Z,True
414ecb1c,VF340,TKJ340,TKJ,TKJ,B738,TC-JHC,LTFJ,SAW,2026-08-23T03:31:45Z,06L,OSAP,ALP,OSAP,ALP,2026-08-23T04:50:23Z,,4718.0,964.196,861.91,Passenger,4BA903,2026-08-23T03:07:08Z,2026-08-23T04:43:27Z,True
414ecf03,XQ808,SXS808,SXS,SXS,B738,TC-SOV,LTBJ,ADB,2026-08-23T03:32:15Z,34L,OSAP,ALP,OSAP,ALP,2026-08-23T04:58:30Z,,5175.0,1032.56,935.463,Passenger,4BCDF6,2026-08-23T03:27:40Z,2026-08-23T04:52:49Z,True
414ed51f,RJ432,RJA432,RJA,RJA,A20N,JY-RAE,OSAP,ALP,2026-08-23T03:43:31Z,,OJAI,AMM,OJAI,AMM,2026-08-23T04:40:10Z,26L,3399.0,579.962,507.328,Passenger,744825,2026-08-23T03:44:30Z,2026-08-23T04:44:52Z,True
414ee714,G9351,ABY351,ABY,ABY,A320,A6-ANL,OMSJ,SHJ,2026-08-23T04:21:41Z,30,OSAP,ALP,OSAP,ALP,,,,2317.37,2091.18,Passenger,89634A,2026-08-23T04:09:29Z,2026-08-23T07:03:03Z,True
414ee970,PC770,PGT770,PGT,PGT,B738,TC-AIS,LTFJ,SAW,2026-08-23T04:26:52Z,06L,OSAP,ALP,OSAP,ALP,,,,1097.02,955.881,Passenger,4B8533,2026-08-23T04:12:11Z,2026-08-23T05:41:44Z,True
414eed3e,TK844,THY844,THY,THY,B739,TC-JYI,LTFM,IST,2026-08-23T05:07:46Z,34L,OSAP,ALP,OSAP,ALP,2026-08-23T06:41:35Z,,5629.0,1139.22,938.758,Passenger,4BAB29,2026-08-23T04:20:04Z,2026-08-23T06:36:43Z,True
414f22fd,VF341,TKJ341,TKJ,TKJ,B738,TC-JHC,OSAP,ALP,2026-08-23T06:20:04Z,,LTFJ,SAW,LTFJ,SAW,2026-08-23T07:41:53Z,06R,4909.0,1006.44,856.073,Passenger,4BA903,2026-08-23T06:22:42Z,2026-08-23T07:55:02Z,True
414f3985,XQ809,SXS809,SXS,SXS,B738,TC-SOV,OSAP,ALP,2026-08-23T07:00:34Z,,LTBJ,ADB,LTBJ,ADB,2026-08-23T08:35:33Z,34L,5699.0,1076.07,917.124,Passenger,4BCDF6,2026-08-23T07:02:13Z,2026-08-23T08:33:32Z,True
414f4477,FZ1191,FDB1191,FDB,FDB,B738,A6-FET,OMDB,DXB,2026-08-23T07:33:06Z,30R,OSAP,ALP,OSAP,ALP,2026-08-23T10:24:24Z,,10278.0,2287.1,2110.72,Passenger,8963B6,2026-08-23T07:16:02Z,2026-08-23T10:17:43Z,True
414f4069,PC771,PGT771,PGT,PGT,B738,TC-AIS,OSAP,ALP,2026-08-23T07:16:11Z,,LTFJ,SAW,LTFJ,SAW,2026-08-23T08:38:29Z,06R,4938.0,951.449,857.042,Passenger,4B8533,2026-08-23T07:18:43Z,2026-08-23T08:46:34Z,True
414f7178,,UNO501H,IGC,IGC,CRJ2,YI-BAI,OSDI,DAM,2026-08-23T08:30:31Z,23L,OSAP,ALP,OSAP,ALP,,,,365.859,306.877,Business_jets,728829,2026-08-23T08:28:51Z,2026-08-23T09:01:41Z,True
414f6f8e,TK845,THY845,THY,THY,B739,TC-JYI,OSAP,ALP,2026-08-23T08:32:53Z,09L,LTFM,IST,LTFM,IST,2026-08-23T10:05:11Z,35R,5538.0,1051.4,917.464,Passenger,4BAB29,2026-08-23T08:37:51Z,2026-08-23T10:19:07Z,True
414f735d,G9352,ABY352,ABY,ABY,A320,A6-ANL,OSAP,ALP,2026-08-23T08:35:23Z,09L,OMSJ,SHJ,OMSJ,SHJ,2026-08-23T11:45:30Z,30,11407.0,2614.11,2129.09,Passenger,89634A,2026-08-23T08:38:22Z,2026-08-23T11:42:15Z,True
414f9fea,DN551,DNA551,DNA,DNA,A320,YR-JUL,LROP,OTP,2026-08-23T09:50:09Z,08L,OSAP,ALP,OSAP,ALP,2026-08-23T12:01:13Z,,7864.0,1404.29,1309.48,Passenger,4A2AAC,2026-08-23T09:35:54Z,2026-08-23T11:39:48Z,True
414fc037,TK840,THY840,THY,THY,B739,TC-JYB,LTFM,IST,2026-08-23T10:42:40Z,36,OSAP,ALP,OSAP,ALP,,,,1101.9,915.254,Passenger,4BAB22,2026-08-23T10:22:22Z,2026-08-23T12:05:15Z,True
414ff9c2,FZ1192,FDB1192,FDB,FDB,B738,A6-FET,OSAP,ALP,2026-08-23T11:37:39Z,,OMDB,DXB,OMDB,DXB,2026-08-23T14:49:13Z,30L,11494.0,2413.01,2111.09,Passenger,8963B6,2026-08-23T11:40:21Z,2026-08-23T14:58:53Z,True
41503cf2,RJ433,RJA433,RJA,RJA,A20N,JY-RAJ,OJAI,AMM,2026-08-23T13:11:47Z,26R,OSAP,ALP,OSAP,ALP,,,,593.029,448.224,Passenger,74482A,2026-08-23T12:56:40Z,2026-08-23T13:52:11Z,True
4150520a,DN552,DNA552,DNA,DNA,A320,YR-JUL,OSAP,ALP,2026-08-23T13:32:57Z,,LROP,OTP,LROP,OTP,2026-08-23T15:27:03Z,08R,6846.0,1368.07,1306.69,Passenger,4A2AAC,2026-08-23T13:36:45Z,2026-08-23T15:33:46Z,True
415073b2,TK841,THY841,THY,THY,B739,TC-JYB,OSAP,ALP,,,LTFM,IST,LTFM,IST,2026-08-23T15:35:47Z,35R,,1036.59,910.942,Passenger,4BAB22,2026-08-23T14:12:43Z,2026-08-23T15:35:10Z,True
4150b40e,RJ434,RJA434,RJA,RJA,A20N,JY-RAJ,OSAP,ALP,2026-08-23T15:12:24Z,,OJAI,AMM,OJAI,AMM,2026-08-23T16:06:17Z,26L,3233.0,563.39,503.296,Passenger,74482A,2026-08-23T15:14:31Z,2026-08-23T16:11:35Z,True
4152737c,RJ431,RJA431,RJA,RJA,A20N,JY-RAC,OJAI,AMM,2026-08-24T01:24:54Z,26L,OSAP,ALP,OSAP,ALP,2026-08-24T02:19:05Z,27R,3251.0,618.039,508.21,Passenger,744823,2026-08-24T01:09:12Z,2026-08-24T02:17:02Z,True
41528125,FYC762,FYC762,FYC,FYC,A320,YK-BAC,OMSJ,SHJ,2026-08-24T01:48:47Z,30,OSAP,ALP,OSAP,ALP,2026-08-24T04:39:44Z,,10257.0,2206.07,2037.21,Passenger,778823,2026-08-24T01:33:08Z,2026-08-24T04:19:27Z,True
415297bc,VF340,TKJ340,TKJ,TKJ,B738,TC-JHE,LTFJ,SAW,2026-08-24T02:55:08Z,06L,OSAP,ALP,OSAP,ALP,2026-08-24T04:13:58Z,,4730.0,942.077,853.838,Passenger,4BA905,2026-08-24T02:16:44Z,2026-08-24T04:04:06Z,True
4152bba1,RJ432,RJA432,RJA,RJA,A20N,JY-RAC,OSAP,ALP,2026-08-24T03:34:27Z,09L,OJAI,AMM,OJAI,AMM,2026-08-24T04:29:23Z,08R,3296.0,564.604,484.41,Passenger,744823,2026-08-24T03:40:02Z,2026-08-24T04:35:30Z,True
4152cb25,G9351,ABY351,ABY,ABY,A320,A6-AOA,OMSJ,SHJ,2026-08-24T04:10:46Z,30,OSAP,ALP,OSAP,ALP,2026-08-24T07:28:16Z,,11850.0,2305.56,2105.43,Passenger,896727,2026-08-24T03:56:52Z,2026-08-24T07:00:39Z,True
4152cf0f,PC770,PGT770,PGT,PGT,B738,TC-CPC,LTFJ,SAW,2026-08-24T04:21:11Z,06L,OSAP,ALP,OSAP,ALP,2026-08-24T05:43:20Z,,4929.0,932.528,856.2,Passenger,4B8E03,2026-08-24T04:04:03Z,2026-08-24T05:32:09Z,True
4152daa8,TK844,THY844,THY,THY,B739,TC-JYC,LTFM,IST,2026-08-24T05:01:45Z,34L,OSAP,ALP,OSAP,ALP,2026-08-24T06:30:36Z,,5331.0,1043.53,916.621,Passenger,4BAB23,2026-08-24T04:25:10Z,2026-08-24T06:20:23Z,True
4152e831,RB444,SYR444,SYR,SYR,B735,YK-SYR,LTFM,IST,2026-08-24T06:04:48Z,35L,OSAP,ALP,OSAP,ALP,,,,1015.77,918.788,Passenger,77CF32,2026-08-24T04:49:34Z,2026-08-24T07:30:58Z,True
41530f3e,KK472,NGN472,NGN,NGN,A320,D-ANNE,EDDK,CGN,2026-08-24T06:10:22Z,13L,OSAP,ALP,OSAP,ALP,2026-08-24T09:41:24Z,,12662.0,2928.24,2890.56,Passenger,3C79C5,2026-08-24T06:01:51Z,2026-08-24T09:29:53Z,True
41531563,VF341,TKJ341,TKJ,TKJ,B738,TC-JHE,OSAP,ALP,2026-08-24T06:21:59Z,,LTFJ,SAW,LTFJ,SAW,2026-08-24T07:48:53Z,06R,5214.0,997.053,849.017,Passenger,4BA905,2026-08-24T06:27:35Z,2026-08-24T08:01:41Z,True
415310d8,FYC761,FYC761,FYC,FYC,A320,YK-BAC,OSAP,ALP,2026-08-24T06:45:17Z,09L,OMSJ,SHJ,OMSJ,SHJ,2026-08-24T09:46:04Z,30,10847.0,2384.7,2109.7,Passenger,778823,2026-08-24T06:50:59Z,2026-08-24T09:43:42Z,True
41532479,PC771,PGT771,PGT,PGT,B738,TC-CPC,OSAP,ALP,2026-08-24T06:48:40Z,27L,LTFJ,SAW,LTFJ,SAW,2026-08-24T08:08:21Z,06R,4781.0,932.152,840.602,Passenger,4B8E03,2026-08-24T06:53:23Z,2026-08-24T08:16:49Z,True
41532e90,FZ1191,FDB1191,FDB,FDB,B738,A6-FED,OMDB,DXB,2026-08-24T07:20:23Z,30R,OSAP,ALP,OSAP,ALP,2026-08-24T10:32:20Z,,11517.0,2226.36,2043.6,Passenger,896335,2026-08-24T06:57:58Z,2026-08-24T10:01:31Z,True
41534a48,RJ433,RJA433,RJA,RJA,E290,JY-RED,OJAI,AMM,2026-08-24T07:46:15Z,26R,OSAP,ALP,OSAP,ALP,,,,548.901,489.644,Passenger,7448A4,2026-08-24T07:44:47Z,2026-08-24T08:28:12Z,True
41536111,,UNO501H,IGC,IGC,CRJ2,YI-BAI,OSDI,DAM,2026-08-24T08:24:41Z,23L,OSAP,ALP,OSAP,ALP,2026-08-24T09:13:14Z,,2913.0,376.678,258.288,Business_jets,728829,2026-08-24T08:21:02Z,2026-08-24T08:57:08Z,True
41535f14,TK845,THY845,THY,THY,B739,TC-JYC,OSAP,ALP,2026-08-24T08:21:49Z,09L,LTFM,IST,LTFM,IST,2026-08-24T09:52:44Z,35R,5455.0,1048.56,917.988,Passenger,4BAB23,2026-08-24T08:27:01Z,2026-08-24T09:52:20Z,True
41539357,,UNO501H,IGC,IGC,CRJ2,YI-BAI,OSAP,ALP,,,OSDI,DAM,OSDI,DAM,2026-08-24T10:31:26Z,23R,,413.526,295.348,Business_jets,728829,2026-08-24T09:47:27Z,2026-08-24T10:31:50Z,True
415394e0,RJ434,RJA434,RJA,RJA,E290,JY-RED,OSAP,ALP,2026-08-24T09:47:12Z,09L,OJAI,AMM,OJAI,AMM,2026-08-24T10:43:07Z,26L,3355.0,554.481,481.496,Passenger,7448A4,2026-08-24T09:52:08Z,2026-08-24T10:43:24Z,True
415340a0,G9352,ABY352,ABY,ABY,A320,A6-AOA,OSAP,ALP,2026-08-24T10:18:30Z,09L,OMSJ,SHJ,OMSJ,SHJ,2026-08-24T13:24:08Z,30,11138.0,2365.62,2109.41,Passenger,896727,2026-08-24T10:23:54Z,2026-08-24T13:22:06Z,True
4153d540,KK473,NGN473,NGN,NGN,A320,D-ANNE,OSAP,ALP,,,EDDK,CGN,EDDK,CGN,2026-08-24T15:19:04Z,13L,,2934.56,2862.41,Passenger,3C79C5,2026-08-24T11:28:02Z,2026-08-24T15:23:07Z,True
4153efed,FZ1192,FDB1192,FDB,FDB,B738,A6-FED,OSAP,ALP,,,OMDB,DXB,OMDB,DXB,2026-08-24T14:53:37Z,,,3244.53,2110.09,Passenger,896335,2026-08-24T11:58:34Z,2026-08-24T14:49:56Z,True
4155b8ad,RB445,SYR445,SYR,SYR,B735,YK-SYR,OSAP,ALP,2026-08-24T20:12:54Z,,LTFM,IST,LTFM,IST,2026-08-24T21:45:11Z,35R,5537.0,1091.04,921.788,Passenger,77CF32,2026-08-24T20:14:27Z,2026-08-24T21:59:41Z,True
4156974a,RJ431,RJA431,RJA,RJA,A20N,JY-RAN,OJAI,AMM,2026-08-25T01:30:53Z,26L,OSAP,ALP,OSAP,ALP,,,,593.288,491.128,Passenger,74482E,2026-08-25T01:16:33Z,2026-08-25T02:28:15Z,True
41569e85,FYC492,FYC492,FYC,FYC,A320,YK-BAA,LTFJ,SAW,2026-08-25T01:40:59Z,06L,OSAP,ALP,OSAP,ALP,,,,909.697,852.23,Passenger,778821,2026-08-25T01:28:44Z,2026-08-25T02:47:37Z,True
4156a01a,FYC762,FYC762,FYC,FYC,A320,YK-BAC,OMSJ,SHJ,2026-08-25T01:47:32Z,30,OSAP,ALP,OSAP,ALP,2026-08-25T04:40:09Z,,10357.0,2215.94,2053.24,Passenger,778823,2026-08-25T01:36:50Z,2026-08-25T04:20:33Z,True
4156d6a2,VF340,TKJ340,TKJ,TKJ,B738,TC-JFC,LTFJ,SAW,2026-08-25T03:23:19Z,06L,OSAP,ALP,OSAP,ALP,2026-08-25T04:48:26Z,,5107.0,974.731,869.713,Passenger,4BA8C3,2026-08-25T03:10:13Z,2026-08-25T04:37:40Z,True
4156eb81,RJ432,RJA432,RJA,RJA,A20N,JY-RAN,OSAP,ALP,2026-08-25T04:02:58Z,09L,OJAI,AMM,OJAI,AMM,2026-08-25T04:57:28Z,26R,3270.0,566.779,493.159,Passenger,74482E,2026-08-25T04:06:43Z,2026-08-25T05:02:06Z,True
4156fcb5,TK844,THY844,THY,THY,B739,TC-JYC,LTFM,IST,2026-08-25T04:56:46Z,34L,OSAP,ALP,OSAP,ALP,2026-08-25T06:38:50Z,,6124.0,1539.12,943.98,Passenger,4BAB23,2026-08-25T04:22:53Z,2026-08-25T06:20:53Z,True
4156f8ae,G9351,ABY351,ABY,ABY,A320,A6-ANL,OMSJ,SHJ,2026-08-25T04:36:54Z,30,OSAP,ALP,OSAP,ALP,2026-08-25T07:41:01Z,,11047.0,2279.34,2097.2,Passenger,89634A,2026-08-25T04:32:02Z,2026-08-25T07:23:09Z,True
41570fd4,3L456,ADY456,ABY,ADY,A320,A6-ANB,OMAA,AUH,2026-08-25T05:15:03Z,13R,OSAP,ALP,OSAP,ALP,,,,2970.94,2160.28,Passenger,8962D1,2026-08-25T04:58:01Z,2026-08-25T07:59:11Z,True
415734bf,VF341,TKJ341,TKJ,TKJ,B738,TC-JFC,OSAP,ALP,,,LTFJ,SAW,LTFJ,SAW,2026-08-25T07:36:12Z,06R,,996.197,854.272,Passenger,4BA8C3,2026-08-25T06:17:31Z,2026-08-25T07:46:26Z,True
41574503,FYC761,FYC761,FYC,FYC,A320,YK-BAC,OSAP,ALP,2026-08-25T06:43:32Z,09L,OMSJ,SHJ,OMSJ,SHJ,2026-08-25T09:45:25Z,30,10913.0,2385.63,2113.43,Passenger,778823,2026-08-25T06:47:31Z,2026-08-25T09:43:03Z,True
415753ee,FZ1191,FDB1191,FDB,FDB,B738,A6-FEK,OMDB,DXB,2026-08-25T07:29:39Z,30R,OSAP,ALP,OSAP,ALP,2026-08-25T10:20:54Z,,10275.0,2577.51,2073.37,Passenger,8963AD,2026-08-25T07:03:38Z,2026-08-25T10:14:24Z,True
41577c88,TK845,THY845,THY,THY,B739,TC-JYC,OSAP,ALP,2026-08-25T08:15:00Z,09L,LTFM,IST,LTFM,IST,2026-08-25T09:50:55Z,35R,5755.0,1064.21,916.181,Passenger,4BAB23,2026-08-25T08:20:30Z,2026-08-25T10:02:44Z,True
41579277,G9352,ABY352,ABY,ABY,A320,A6-ANL,OSAP,ALP,,,OMSJ,SHJ,OMSJ,SHJ,2026-08-25T11:59:20Z,30,,2402.18,2109.13,Passenger,89634A,2026-08-25T09:02:01Z,2026-08-25T11:56:21Z,True
4157a05e,RJ433,RJA433,RJA,RJA,E290,JY-REC,OJAI,AMM,2026-08-25T09:09:54Z,26R,OSAP,ALP,OSAP,ALP,,,,632.436,475.329,Passenger,7448A3,2026-08-25T09:09:02Z,2026-08-25T09:56:46Z,True
4157b8ef,3L457,ADY457,ABY,ADY,A320,A6-ANB,OSAP,ALP,,,OMAA,AUH,OMAA,AUH,2026-08-25T12:49:21Z,31R,,4013.57,2107.74,Passenger,8962D1,2026-08-25T09:48:28Z,2026-08-25T12:48:20Z,True
4157c8b7,TK840,THY840,THY,THY,B739,TC-JYF,LTFM,IST,2026-08-25T10:47:02Z,36,OSAP,ALP,OSAP,ALP,2026-08-25T12:12:36Z,,5134.0,1011.28,915.18,Passenger,4BAB26,2026-08-25T10:11:14Z,2026-08-25T12:02:46Z,True
4157f1e1,RJ434,RJA434,RJA,RJA,E290,JY-REC,OSAP,ALP,2026-08-25T11:08:49Z,,OJAI,AMM,OJAI,AMM,2026-08-25T12:08:43Z,26R,3594.0,586.779,503.984,Passenger,7448A3,2026-08-25T11:11:37Z,2026-08-25T12:05:57Z,True
4158152a,FZ1192,FDB1192,FDB,FDB,B738,A6-FEK,OSAP,ALP,2026-08-25T11:48:47Z,09L,OMDB,DXB,OMDB,DXB,2026-08-25T14:54:36Z,30L,11149.0,2379.92,2104.92,Passenger,8963AD,2026-08-25T11:54:05Z,2026-08-25T14:58:07Z,True
41582456,PC770,PGT770,PGT,PGT,B738,TC-AIS,LTFJ,SAW,2026-08-25T12:23:21Z,06L,OSAP,ALP,OSAP,ALP,2026-08-25T13:53:35Z,,5414.0,1056.08,854.631,Passenger,4B8533,2026-08-25T12:05:27Z,2026-08-25T13:32:31Z,True
41585b4b,FYC455,FYC455,FYC,FYC,A320,YK-BAA,OSAP,ALP,2026-08-25T13:10:31Z,,UDYZ,EVN,UDYZ,EVN,2026-08-25T14:16:57Z,08,3986.0,836.655,756.941,Passenger,778821,2026-08-25T13:15:24Z,2026-08-25T14:23:08Z,True
41585c1f,RB390,SYR390,SYR,SYR,A320,YK-AKG,OERK,RUH,2026-08-25T13:53:58Z,33R,OSAP,ALP,OSAP,ALP,2026-08-25T16:29:06Z,,9308.0,1619.81,1488.91,Passenger,778567,2026-08-25T13:44:36Z,2026-08-25T15:51:42Z,True
41589528,TK841,THY841,THY,THY,B739,TC-JYF,OSAP,ALP,2026-08-25T14:21:13Z,09L,LTFM,IST,LTFM,IST,2026-08-25T15:50:24Z,36,5351.0,1012.91,917.095,Passenger,4BAB26,2026-08-25T14:26:03Z,2026-08-25T16:11:07Z,True
4158c9a2,PC771,PGT771,PGT,PGT,B738,TC-AIS,OSAP,ALP,2026-08-25T14:54:08Z,,LTFJ,SAW,LTFJ,SAW,2026-08-25T16:16:58Z,,4970.0,956.211,844.644,Passenger,4B8533,2026-08-25T14:59:12Z,2026-08-25T16:37:14Z,True
4158f706,FYC456,FYC456,FYC,FYC,A320,YK-BAA,UDYZ,EVN,2026-08-25T15:34:36Z,08,OSAP,ALP,OSAP,ALP,2026-08-25T16:49:27Z,27R,4491.0,850.568,763.095,Passenger,778821,2026-08-25T15:26:18Z,2026-08-25T16:46:50Z,True
415977cb,RB381,SYR381,SYR,SYR,A320,YK-AKG,OSAP,ALP,2026-08-25T17:57:08Z,09L,OEJN,JED,OEJN,JED,2026-08-25T20:09:18Z,34L,7930.0,1721.16,1619.31,Passenger,778567,2026-08-25T17:58:15Z,2026-08-25T20:16:01Z,True
41599008,FYC525,FYC525,FYC,FYC,A320,YK-BAA,OSAP,ALP,2026-08-25T18:10:11Z,,ORER,EBL,ORER,EBL,,,,970.635,613.533,Passenger,778821,2026-08-25T18:12:13Z,2026-08-25T19:23:46Z,True
4159fccf,FYC526,FYC526,FYC,FYC,A320,YK-BAA,ORER,EBL,,,OSAP,ALP,OSAP,ALP,2026-08-25T21:34:52Z,27R,,727.776,594.56,Passenger,778821,2026-08-25T20:33:13Z,2026-08-25T21:32:56Z,True
415a244c,RB382,SYR382,SYR,SYR,A320,YK-AKG,OEJN,JED,2026-08-25T21:36:58Z,34C,OSAP,ALP,OSAP,ALP,2026-08-25T23:47:35Z,,7837.0,1598.2,1560.61,Passenger,778567,2026-08-25T21:18:34Z,2026-08-25T23:30:43Z,True
415a6a53,FYC491,FYC491,FYC,FYC,A320,YK-BAA,OSAP,ALP,2026-08-25T22:51:39Z,,LTFJ,SAW,LTFJ,SAW,2026-08-26T00:07:09Z,06L,4530.0,978.102,857.15,Passenger,778821,2026-08-25T22:53:19Z,2026-08-26T00:12:11Z,True
415acde8,RJ431,RJA431,RJA,RJA,A20N,JY-RAE,OJAI,AMM,2026-08-26T01:18:09Z,26L,OSAP,ALP,OSAP,ALP,,,,570.221,478.04,Passenger,744825,2026-08-26T01:06:50Z,2026-08-26T02:01:18Z,True
415ae6e9,RB389,SYR389,SYR,SYR,A320,YK-AKG,OSAP,ALP,2026-08-26T03:01:32Z,,OERK,RUH,OERK,RUH,2026-08-26T05:16:50Z,33L,8118.0,1691.66,1533.57,Passenger,778567,2026-08-26T03:04:44Z,2026-08-26T05:20:33Z,True
415b15d4,VF340,TKJ340,TKJ,TKJ,B738,TC-JHC,LTFJ,SAW,2026-08-26T03:23:37Z,06L,OSAP,ALP,OSAP,ALP,2026-08-26T04:43:35Z,,4798.0,949.174,860.528,Passenger,4BA903,2026-08-26T03:10:39Z,2026-08-26T04:36:20Z,True
415b2279,RJ432,RJA432,RJA,RJA,A20N,JY-RAE,OSAP,ALP,2026-08-26T03:44:31Z,,OJAI,AMM,OJAI,AMM,2026-08-26T04:36:32Z,26L,3121.0,546.859,502.771,Passenger,744825,2026-08-26T03:47:08Z,2026-08-26T04:39:04Z,True
415b38d5,PC770,PGT770,PGT,PGT,B738,TC-AIS,LTFJ,SAW,2026-08-26T04:31:16Z,06L,OSAP,ALP,OSAP,ALP,2026-08-26T05:51:40Z,,4824.0,940.81,862.085,Passenger,4B8533,2026-08-26T04:17:19Z,2026-08-26T05:42:50Z,True
415b3056,G9351,ABY351,ABY,ABY,A320,A6-AOA,OMSJ,SHJ,2026-08-26T04:22:22Z,30,OSAP,ALP,OSAP,ALP,2026-08-26T07:21:06Z,,10724.0,2326.32,2114.16,Passenger,896727,2026-08-26T04:22:54Z,2026-08-26T07:15:03Z,True
415b423e,TK844,THY844,THY,THY,B739,TC-JYI,LTFM,IST,2026-08-26T04:56:54Z,36,OSAP,ALP,OSAP,ALP,2026-08-26T06:26:19Z,,5365.0,1025.33,934.798,Passenger,4BAB29,2026-08-26T04:36:07Z,2026-08-26T06:14:31Z,True
415b5efa,XQ206,SXS206,SXS,SXS,B738,TC-SEK,LTAI,AYT,2026-08-26T05:40:12Z,36R,OSAP,ALP,OSAP,ALP,2026-08-26T06:46:17Z,,3965.0,714.946,583.016,Passenger,4BCCAB,2026-08-26T05:25:49Z,2026-08-26T06:38:55Z,True
415b7261,VF341,TKJ341,TKJ,TKJ,B738,TC-JHC,OSAP,ALP,2026-08-26T06:16:12Z,,LTFJ,SAW,LTFJ,SAW,2026-08-26T07:40:23Z,24L,5051.0,958.239,856.396,Passenger,4BA903,2026-08-26T06:21:11Z,2026-08-26T07:48:40Z,True
415b975c,PC771,PGT771,PGT,PGT,B738,TC-AIS,OSAP,ALP,2026-08-26T07:15:34Z,,LTFJ,SAW,LTFJ,SAW,2026-08-26T08:36:42Z,24L,4868.0,922.268,856.34,Passenger,4B8533,2026-08-26T07:20:01Z,2026-08-26T08:44:01Z,True
415bab1d,RJ433,RJA433,RJA,RJA,A20N,JY-RAE,OJAI,AMM,2026-08-26T07:52:45Z,26L,OSAP,ALP,OSAP,ALP,,,,542.034,464.412,Passenger,744825,2026-08-26T07:38:06Z,2026-08-26T08:34:40Z,True
415bc3e7,XQ207,SXS207,SXS,SXS,B738,TC-SEK,OSAP,ALP,2026-08-26T08:23:32Z,,LTAI,AYT,LTAI,AYT,2026-08-26T09:32:54Z,18C,4162.0,736.188,578.413,Passenger,4BCCAB,2026-08-26T08:26:20Z,2026-08-26T09:35:57Z,True
415bc29b,TK845,THY845,THY,THY,B739,TC-JYI,OSAP,ALP,2026-08-26T08:33:46Z,,LTFM,IST,LTFM,IST,2026-08-26T10:03:23Z,36,5377.0,1038.39,917.927,Passenger,4BAB29,2026-08-26T08:37:55Z,2026-08-26T10:22:29Z,True
415bd50b,G9352,ABY352,ABY,ABY,A320,A6-AOA,OSAP,ALP,2026-08-26T08:55:19Z,09L,OMSJ,SHJ,OMSJ,SHJ,2026-08-26T12:00:42Z,30,11123.0,2375.65,2118.38,Passenger,896727,2026-08-26T08:58:15Z,2026-08-26T11:58:35Z,True
415bd9df,XY229,KNE229,KNE,KNE,A20N,HZ-NS86,OERK,RUH,2026-08-26T09:02:10Z,33R,OSAP,ALP,OSAP,ALP,2026-08-26T11:05:22Z,,7392.0,1553.41,1508.97,Passenger,711540,2026-08-26T09:00:36Z,2026-08-26T10:55:25Z,True
415c01ae,RJ434,RJA434,RJA,RJA,A20N,JY-RAE,OSAP,ALP,2026-08-26T10:02:48Z,09L,OJAI,AMM,OJAI,AMM,2026-08-26T10:58:12Z,26R,3324.0,569.288,483.976,Passenger,744825,2026-08-26T10:07:58Z,2026-08-26T11:02:47Z,True
415c1747,DN551,DNA551,DNA,DNA,A320,YR-JUL,LROP,OTP,2026-08-26T10:34:03Z,08L,OSAP,ALP,OSAP,ALP,2026-08-26T12:31:44Z,,7061.0,1367.86,1329.84,Passenger,4A2AAC,2026-08-26T10:23:59Z,2026-08-26T12:25:09Z,True
415c3581,FYC762,FYC762,FYC,FYC,A320,YK-BAA,OMSJ,SHJ,2026-08-26T11:16:44Z,30,OSAP,ALP,OSAP,ALP,,,,2216.02,2044.51,Passenger,778821,2026-08-26T11:11:48Z,2026-08-26T13:56:28Z,True
415ca2fb,XY230,KNE230,KNE,KNE,A20N,HZ-NS86,OSAP,ALP,2026-08-26T13:11:17Z,09L,OERK,RUH,OERK,RUH,2026-08-26T15:28:18Z,33L,8221.0,1670.98,1517.43,Passenger,711540,2026-08-26T13:16:44Z,2026-08-26T15:32:07Z,True
415cbdda,DN552,DNA552,DNA,DNA,A320,YR-JUL,OSAP,ALP,2026-08-26T13:30:54Z,,LROP,OTP,LROP,OTP,2026-08-26T15:46:55Z,08R,8161.0,1442.91,1310.93,Passenger,4A2AAC,2026-08-26T13:34:29Z,2026-08-26T15:53:25Z,True
415e4159,FYC761,FYC761,FYC,FYC,A320,YK-BAA,OSAP,ALP,2026-08-26T21:06:05Z,,OMSJ,SHJ,OMSJ,SHJ,2026-08-27T00:04:33Z,12,10708.0,2390.49,2118.47,Passenger,778821,2026-08-26T21:06:18Z,2026-08-27T00:02:02Z,True
415f1d20,RJ431,RJA431,RJA,RJA,A20N,JY-RAE,OJAI,AMM,2026-08-27T01:19:36Z,26L,OSAP,ALP,OSAP,ALP,2026-08-27T02:15:25Z,,3349.0,582.614,485.381,Passenger,744825,2026-08-27T01:06:19Z,2026-08-27T02:04:48Z,True
415f5778,VF340,TKJ340,TKJ,TKJ,B738,TC-JHC,LTFJ,SAW,2026-08-27T02:57:59Z,06L,OSAP,ALP,OSAP,ALP,2026-08-27T04:16:34Z,,4715.0,946.311,870.989,Passenger,4BA903,2026-08-27T02:44:42Z,2026-08-27T04:09:12Z,True
415f5ed3,G9351,ABY351,ABY,ABY,A320,A6-ANE,OMSJ,SHJ,2026-08-27T04:16:24Z,12,OSAP,ALP,OSAP,ALP,2026-08-27T07:18:32Z,,10928.0,2394.43,2111.98,Passenger,896601,2026-08-27T02:57:40Z,2026-08-27T07:14:12Z,True
415f6ff7,RJ432,RJA432,RJA,RJA,A20N,JY-RAE,OSAP,ALP,2026-08-27T03:42:06Z,,OJAI,AMM,OJAI,AMM,2026-08-27T04:35:41Z,26L,3215.0,556.989,501.56,Passenger,744825,2026-08-27T03:44:53Z,2026-08-27T04:39:01Z,True
415f8cd8,TK844,THY844,THY,THY,B739,TC-JYC,LTFM,IST,2026-08-27T05:06:01Z,34L,OSAP,ALP,OSAP,ALP,,,,1076.25,921.337,Passenger,4BAB23,2026-08-27T04:22:50Z,2026-08-27T06:23:58Z,True
415f9d56,3L456,ADY456,ADY,ADY,A320,A6-AUE,OMAA,AUH,2026-08-27T05:10:23Z,13R,OSAP,ALP,OSAP,ALP,,,,2286.24,2094.01,Passenger,8965EE,2026-08-27T04:56:12Z,2026-08-27T07:53:59Z,True
415fc2d3,VF341,TKJ341,TKJ,TKJ,B738,TC-JHC,OSAP,ALP,2026-08-27T06:07:03Z,,LTFJ,SAW,LTFJ,SAW,2026-08-27T07:33:08Z,06R,5165.0,975.289,856.269,Passenger,4BA903,2026-08-27T06:12:05Z,2026-08-27T07:44:02Z,True
415fda1c,,,,,F2TH,,,,2026-08-27T06:45:09Z,,,,,,2026-08-27T07:29:20Z,,,,,Business_jets,,2026-08-27T06:41:24Z,2026-08-27T07:14:25Z,True
41600dd4,PC770,PGT770,PGT,PGT,B738,TC-CPC,LTFJ,SAW,2026-08-27T08:21:59Z,06L,OSAP,ALP,OSAP,ALP,2026-08-27T09:42:32Z,,4833.0,919.294,861.297,Passenger,4B8E03,2026-08-27T08:05:34Z,2026-08-27T09:32:53Z,True
41601377,J9175,JZR175,JZR,JZR,A320,9K-CAN,OKKK,KWI,2026-08-27T08:27:26Z,15R,OSAP,ALP,OSAP,ALP,2026-08-27T10:38:22Z,,7856.0,1475.23,1215.5,Passenger,70620F,2026-08-27T08:16:25Z,2026-08-27T10:22:22Z,True
416016f6,TK845,THY845,THY,THY,B739,TC-JYC,OSAP,ALP,2026-08-27T08:31:37Z,,LTFM,IST,LTFM,IST,2026-08-27T10:01:47Z,36,5410.0,1017.62,919.445,Passenger,4BAB23,2026-08-27T08:35:39Z,2026-08-27T10:16:35Z,True
41602a26,G9352,ABY352,ABY,ABY,A320,A6-ANE,OSAP,ALP,,,OMSJ,SHJ,OMSJ,SHJ,2026-08-27T11:58:34Z,30,,2352.55,2105.5,Passenger,896601,2026-08-27T09:05:40Z,2026-08-27T11:57:48Z,True
41603c72,FZ1191,FDB1191,FDB,FDB,B38M,A6-FPA,OMDB,DXB,2026-08-27T09:42:08Z,30R,OSAP,ALP,OSAP,ALP,2026-08-27T12:41:04Z,,10736.0,2223.61,2060.81,Passenger,8965C0,2026-08-27T09:20:54Z,2026-08-27T12:23:20Z,True
41604daa,3L457,ADY457,ADY,ADY,A320,A6-AUE,OSAP,ALP,,,OMAA,AUH,OMAA,AUH,2026-08-27T12:56:12Z,31R,,2353.68,2097.27,Passenger,8965EE,2026-08-27T10:02:15Z,2026-08-27T13:05:57Z,True
41607a25,RJ433,RJA433,RJA,RJA,E295,JY-REF,OJAI,AMM,2026-08-27T10:51:15Z,26L,OSAP,ALP,OSAP,ALP,2026-08-27T11:55:52Z,,3877.0,565.275,470.508,Passenger,7448A6,2026-08-27T10:50:42Z,2026-08-27T11:35:14Z,True
41607f5a,PC771,PGT771,PGT,PGT,B738,TC-CPC,OSAP,ALP,2026-08-27T11:07:24Z,,LTFJ,SAW,LTFJ,SAW,2026-08-27T12:32:51Z,06R,5127.0,959.148,856.24,Passenger,4B8E03,2026-08-27T11:11:03Z,2026-08-27T12:41:31Z,True
4160d41d,J9176,JZR176,JZR,JZR,A320,9K-CAN,OSAP,ALP,,,OKKK,KWI,OKKK,KWI,2026-08-27T14:55:47Z,34,,1592.04,1259.71,Passenger,70620F,2026-08-27T12:46:35Z,2026-08-27T15:09:53Z,True
4160e728,RJ434,RJA434,RJA,RJA,E295,JY-REF,OSAP,ALP,2026-08-27T12:54:21Z,09L,OJAI,AMM,OJAI,AMM,2026-08-27T13:45:14Z,26R,3053.0,527.918,487.637,Passenger,7448A6,2026-08-27T12:59:29Z,2026-08-27T13:45:14Z,True
416115bf,FZ1192,FDB1192,FDB,FDB,B38M,A6-FPA,OSAP,ALP,2026-08-27T13:46:22Z,09L,OMDB,DXB,OMDB,DXB,2026-08-27T16:45:56Z,30L,10774.0,2358.17,2097.89,Passenger,8965C0,2026-08-27T13:52:10Z,2026-08-27T16:51:58Z,True
416203d6,,,,,F2TH,,,,2026-08-27T17:40:47Z,,,,,,2026-08-27T17:55:47Z,,,,,Business_jets,,2026-08-27T17:41:32Z,2026-08-27T17:49:03Z,True
41633a16,FYC492,FYC492,FYC,FYC,A320,YK-BAA,LTFJ,SAW,2026-08-28T01:15:58Z,06L,OSAP,ALP,OSAP,ALP,2026-08-28T02:30:08Z,,4450.0,951.54,873.337,Passenger,778821,2026-08-28T00:24:13Z,2026-08-28T02:26:29Z,True
41635bcf,RJ431,RJA431,RJA,RJA,A20N,JY-RAF,OJAI,AMM,2026-08-28T01:30:27Z,26L,OSAP,ALP,OSAP,ALP,2026-08-28T02:27:07Z,27R,3400.0,611.173,508.255,Passenger,744826,2026-08-28T01:15:57Z,2026-08-28T02:24:51Z,True
41639fe2,XQ808,SXS808,SXS,SXS,B738,TC-SNR,LTBJ,ADB,2026-08-28T03:21:56Z,34L,OSAP,ALP,OSAP,ALP,2026-08-28T04:50:30Z,27R,5314.0,1144.89,926.288,Passenger,4BCDD2,2026-08-28T03:11:07Z,2026-08-28T04:48:19Z,True
4163a718,RJ432,RJA432,RJA,RJA,A20N,JY-RAF,OSAP,ALP,2026-08-28T03:33:22Z,,OJAI,AMM,OJAI,AMM,2026-08-28T04:28:03Z,26L,3281.0,567.726,507.643,Passenger,744826,2026-08-28T03:33:48Z,2026-08-28T04:31:08Z,True
4163bbc9,G9351,ABY351,ABY,ABY,A320,A6-ANQ,OMSJ,SHJ,2026-08-28T04:13:41Z,30,OSAP,ALP,OSAP,ALP,2026-08-28T07:35:56Z,,12135.0,2267.64,2088.07,Passenger,896372,2026-08-28T04:03:24Z,2026-08-28T07:00:18Z,True
4163c87e,TK844,THY844,THY,THY,B739,TC-JYH,LTFM,IST,2026-08-28T05:01:32Z,34L,OSAP,ALP,OSAP,ALP,2026-08-28T06:28:50Z,,5238.0,1064.88,933.317,Passenger,4BAB28,2026-08-28T04:25:33Z,2026-08-28T06:23:20Z,True
4163d4ad,VF340,TKJ340,TKJ,TKJ,B738,TC-JGY,LTFJ,SAW,2026-08-28T05:08:44Z,06L,OSAP,ALP,OSAP,ALP,,,,1014.61,867.504,Passenger,4BA8F9,2026-08-28T04:47:13Z,2026-08-28T06:27:51Z,True
4163d821,PC770,PGT770,PGT,PGT,B738,TC-CPK,LTFJ,SAW,2026-08-28T05:11:52Z,06L,OSAP,ALP,OSAP,ALP,2026-08-28T06:41:18Z,,5366.0,1005.68,869.902,Passenger,4B8E0B,2026-08-28T04:53:18Z,2026-08-28T06:34:02Z,True
41640537,XQ809,SXS809,SXS,SXS,B738,TC-SNR,OSAP,ALP,2026-08-28T06:35:42Z,,LTBJ,ADB,LTBJ,ADB,2026-08-28T08:13:54Z,34L,5892.0,1066.18,917.501,Passenger,4BCDD2,2026-08-28T06:37:24Z,2026-08-28T08:11:53Z,True
416427d9,FZ1191,FDB1191,FDB,FDB,B38M,A6-FPD,OMDB,DXB,2026-08-28T07:37:16Z,30R,OSAP,ALP,OSAP,ALP,2026-08-28T10:30:50Z,,10414.0,2288.99,2111.27,Passenger,8965C3,2026-08-28T07:18:29Z,2026-08-28T10:25:34Z,True
41642c7d,VF341,TKJ341,TKJ,TKJ,B738,TC-JGY,OSAP,ALP,2026-08-28T07:39:35Z,,LTFJ,SAW,LTFJ,SAW,2026-08-28T09:14:15Z,06R,5680.0,1072.29,860.923,Passenger,4BA8F9,2026-08-28T07:40:53Z,2026-08-28T09:24:50Z,True
416442aa,PC771,PGT771,PGT,PGT,B738,TC-CPK,OSAP,ALP,2026-08-28T08:14:56Z,,LTFJ,SAW,LTFJ,SAW,2026-08-28T09:39:16Z,06L,5060.0,974.639,857.048,Passenger,4B8E0B,2026-08-28T08:18:05Z,2026-08-28T09:45:09Z,True
41644c16,TK845,THY845,THY,THY,B739,TC-JYH,OSAP,ALP,2026-08-28T08:28:14Z,,LTFM,IST,LTFM,IST,2026-08-28T10:12:06Z,35R,6232.0,1168.1,919.143,Passenger,4BAB28,2026-08-28T08:31:26Z,2026-08-28T10:26:30Z,True
41643504,G9352,ABY352,ABY,ABY,A320,A6-ANQ,OSAP,ALP,2026-08-28T08:41:06Z,,OMSJ,SHJ,OMSJ,SHJ,2026-08-28T11:47:17Z,30,11171.0,2374.74,2120.65,Passenger,896372,2026-08-28T08:43:41Z,2026-08-28T11:44:57Z,True
41648d40,TK840,THY840,THY,THY,B739,TC-JYI,LTFM,IST,2026-08-28T10:54:39Z,36,OSAP,ALP,OSAP,ALP,2026-08-28T12:27:31Z,,5572.0,1136.76,924.67,Passenger,4BAB29,2026-08-28T10:08:36Z,2026-08-28T12:20:26Z,True
4164cfba,FZ1192,FDB1192,FDB,FDB,B38M,A6-FPD,OSAP,ALP,2026-08-28T11:47:26Z,,OMDB,DXB,OMDB,DXB,2026-08-28T14:56:28Z,30L,11342.0,2574.54,2218.38,Passenger,8965C3,2026-08-28T11:50:18Z,2026-08-28T15:05:25Z,True
4164e3b6,RJ433,RJA433,RJA,RJA,E295,JY-REA,OJAI,AMM,2026-08-28T12:06:08Z,26L,OSAP,ALP,OSAP,ALP,,,,521.803,463.988,Passenger,7448A1,2026-08-28T12:04:54Z,2026-08-28T12:46:53Z,True
416556c4,RJ434,RJA434,RJA,RJA,E295,JY-REA,OSAP,ALP,2026-08-28T14:01:48Z,,OJAI,AMM,OJAI,AMM,2026-08-28T15:00:32Z,26R,3524.0,569.592,506.047,Passenger,7448A1,2026-08-28T14:03:10Z,2026-08-28T14:57:48Z,True
4165535a,TK841,THY841,THY,THY,B739,TC-JYI,OSAP,ALP,2026-08-28T14:13:34Z,,LTFM,IST,LTFM,IST,2026-08-28T15:47:30Z,35R,5636.0,1061.0,928.299,Passenger,4BAB29,2026-08-28T14:15:16Z,2026-08-28T16:00:25Z,True
41670029,FYC491,FYC491,FYC,FYC,A320,YK-BAA,OSAP,ALP,,,LTFJ,SAW,LTFJ,SAW,2026-08-28T23:49:57Z,06L,,983.037,866.549,Passenger,778821,2026-08-28T22:31:03Z,2026-08-29T00:00:12Z,True
416773a6,FYC762,FYC762,FYC,FYC,A320,YK-BAB,OMSJ,SHJ,2026-08-29T01:48:06Z,30,OSAP,ALP,OSAP,ALP,2026-08-29T04:47:55Z,,10789.0,2224.65,2052.49,Passenger,778822,2026-08-29T00:46:34Z,2026-08-29T04:31:39Z,True
41678459,RJ431,RJA431,RJA,RJA,A20N,JY-RAH,OJAI,AMM,2026-08-29T01:20:38Z,26L,OSAP,ALP,OSAP,ALP,,,,526.117,448.283,Passenger,744828,2026-08-29T01:10:30Z,2026-08-29T02:01:18Z,True
4167c383,VF340,TKJ340,TKJ,TKJ,B738,TC-JHA,LTFJ,SAW,2026-08-29T03:33:22Z,06L,OSAP,ALP,OSAP,ALP,2026-08-29T04:57:05Z,,5023.0,916.206,853.371,Passenger,4BA901,2026-08-29T03:08:33Z,2026-08-29T04:47:19Z,True
4167caa6,RJ432,RJA432,RJA,RJA,A20N,JY-RAH,OSAP,ALP,,,OJAI,AMM,OJAI,AMM,2026-08-29T04:26:23Z,26R,,550.726,484.863,Passenger,744828,2026-08-29T03:35:15Z,2026-08-29T04:29:35Z,True
4167e0a9,G9351,ABY351,ABY,ABY,A20N,A6-ARM,OMSJ,SHJ,2026-08-29T04:20:32Z,30,OSAP,ALP,OSAP,ALP,2026-08-29T07:23:42Z,,10990.0,2301.99,2095.76,Passenger,896749,2026-08-29T04:19:12Z,2026-08-29T07:11:56Z,True
4167eaee,TK844,THY844,THY,THY,B739,TC-JYF,LTFM,IST,2026-08-29T05:08:44Z,34L,OSAP,ALP,OSAP,ALP,2026-08-29T06:48:27Z,,5983.0,1099.46,918.131,Passenger,4BAB26,2026-08-29T04:26:04Z,2026-08-29T06:37:46Z,True
4167fccc,XQ206,SXS206,SXS,SXS,B738,TC-SRG,LTAI,AYT,2026-08-29T05:52:18Z,36R,OSAP,ALP,OSAP,ALP,,,,655.919,580.831,Passenger,4BCE47,2026-08-29T05:01:21Z,2026-08-29T06:45:54Z,True
4167fffa,3L456,ADY456,ABY,ADY,A320,A6-ANB,OMAA,AUH,2026-08-29T05:30:21Z,13R,OSAP,ALP,OSAP,ALP,2026-08-29T08:35:36Z,,11115.0,2321.33,2080.39,Passenger,8962D1,2026-08-29T05:16:32Z,2026-08-29T08:17:51Z,True
416817e3,VF341,TKJ341,TKJ,TKJ,B738,TC-JHA,OSAP,ALP,,,LTFJ,SAW,LTFJ,SAW,2026-08-29T07:37:14Z,06R,,1044.87,853.167,Passenger,4BA901,2026-08-29T06:13:57Z,2026-08-29T07:46:59Z,True
41681dcb,FYC761,FYC761,FYC,FYC,A320,YK-BAB,OSAP,ALP,,,OMSJ,SHJ,OMSJ,SHJ,2026-08-29T09:54:59Z,30,,2369.3,2097.49,Passenger,778822,2026-08-29T07:00:03Z,2026-08-29T09:54:59Z,True
41683e7e,FZ1191,FDB1191,FDB,FDB,B38M,A6-FKC,OMDB,DXB,2026-08-29T07:31:15Z,30R,OSAP,ALP,OSAP,ALP,2026-08-29T10:41:33Z,,11418.0,2260.13,2082.94,Passenger,8965CE,2026-08-29T07:11:26Z,2026-08-29T10:16:22Z,True
41685ef9,J9175,JZR175,JZR,JZR,A320,9K-CAI,OKKK,KWI,2026-08-29T08:34:53Z,33L,OSAP,ALP,OSAP,ALP,,,,1486.6,1182.28,Passenger,70620A,2026-08-29T08:19:53Z,2026-08-29T10:30:56Z,True
416861de,XQ207,SXS207,SXS,SXS,B738,TC-SRG,OSAP,ALP,2026-08-29T08:22:57Z,,LTAI,AYT,LTAI,AYT,2026-08-29T09:31:39Z,36C,4122.0,770.042,579.663,Passenger,4BCE47,2026-08-29T08:28:23Z,2026-08-29T09:41:53Z,True
41686281,TK845,THY845,THY,THY,B739,TC-JYF,OSAP,ALP,,,LTFM,IST,LTFM,IST,2026-08-29T10:09:34Z,35R,,1125.4,905.139,Passenger,4BAB26,2026-08-29T08:34:28Z,2026-08-29T10:20:49Z,True
41687777,G9352,ABY352,ABY,ABY,A20N,A6-ARM,OSAP,ALP,,,OMSJ,SHJ,OMSJ,SHJ,2026-08-29T12:03:39Z,30,,2353.86,2099.88,Passenger,896749,2026-08-29T09:04:52Z,2026-08-29T12:01:08Z,True
41687973,XY229,KNE229,KNE,KNE,A20N,HZ-NS26,OERK,RUH,2026-08-29T09:09:58Z,15L,OSAP,ALP,OSAP,ALP,,,,1645.6,1444.7,Passenger,7105A6,2026-08-29T09:10:27Z,2026-08-29T11:07:49Z,True
41689b14,3L457,ADY457,ABY,ADY,A320,A6-ANB,OSAP,ALP,,,OMAA,AUH,OMAA,AUH,2026-08-29T13:03:42Z,31R,,2375.9,2104.11,Passenger,8962D1,2026-08-29T10:02:48Z,2026-08-29T13:14:48Z,True
4168ef6d,PC770,PGT770,PGT,PGT,B738,TC-CPK,LTFJ,SAW,2026-08-29T12:12:15Z,06L,OSAP,ALP,OSAP,ALP,,,,923.307,855.85,Passenger,4B8E0B,2026-08-29T11:52:01Z,2026-08-29T13:24:34Z,True
4168f3be,FZ1192,FDB1192,FDB,FDB,B38M,A6-FKC,OSAP,ALP,,,OMDB,DXB,OMDB,DXB,2026-08-29T15:03:56Z,30L,,2380.48,2095.82,Passenger,8965CE,2026-08-29T12:08:34Z,2026-08-29T15:12:30Z,True
41691571,J9176,JZR176,JZR,JZR,A320,9K-CAI,OSAP,ALP,,,OKKK,KWI,OKKK,KWI,2026-08-29T14:58:58Z,34,,1595.06,1245.66,Passenger,70620A,2026-08-29T12:51:18Z,2026-08-29T15:09:54Z,True
41692e2c,XY230,KNE230,KNE,KNE,A20N,HZ-NS26,OSAP,ALP,,,OERK,RUH,OERK,RUH,2026-08-29T15:20:08Z,15R,,1681.45,1511.31,Passenger,7105A6,2026-08-29T13:04:54Z,2026-08-29T15:21:09Z,True
4169a0a2,PC771,PGT771,PGT,PGT,B738,TC-CPK,OSAP,ALP,,,LTFJ,SAW,LTFJ,SAW,2026-08-29T16:23:53Z,06R,,988.739,843.107,Passenger,4B8E0B,2026-08-29T14:58:56Z,2026-08-29T16:38:19Z,True
416b5abb,RJ431,RJA431,RJA,RJA,A20N,JY-RAE,OJAI,AMM,2026-08-30T01:43:33Z,26R,OSAP,ALP,OSAP,ALP,2026-08-30T02:45:01Z,,3688.0,514.516,433.591,Passenger,744825,2026-08-30T01:34:12Z,2026-08-30T02:22:48Z,True
416ba226,XQ808,SXS808,SXS,SXS,B738,TC-SNR,LTBJ,ADB,2026-08-30T04:17:35Z,34L,OSAP,ALP,OSAP,ALP,2026-08-30T05:53:42Z,,5767.0,1020.49,922.002,Passenger,4BCDD2,2026-08-30T04:13:31Z,2026-08-30T05:32:46Z,True
416ba62d,PC770,PGT770,PGT,PGT,B738,TC-AIS,LTFJ,SAW,2026-08-30T04:31:16Z,06L,OSAP,ALP,OSAP,ALP,2026-08-30T05:56:17Z,,5101.0,925.196,859.284,Passenger,4B8533,2026-08-30T04:15:21Z,2026-08-30T05:42:36Z,True
416ba023,RJ432,RJA432,RJA,RJA,A20N,JY-RAE,OSAP,ALP,,,OJAI,AMM,OJAI,AMM,2026-08-30T05:04:57Z,26L,,557.308,484.361,Passenger,744825,2026-08-30T04:15:44Z,2026-08-30T05:08:17Z,True
416b9ecb,G9351,ABY351,ABY,ABY,A20N,A6-ARB,OMSJ,SHJ,2026-08-30T04:22:21Z,,OSAP,ALP,OSAP,ALP,,,,2739.24,2046.49,Passenger,896718,2026-08-30T04:22:42Z,2026-08-30T07:12:11Z,True
416baa28,TK844,THY844,THY,THY,B739,TC-JYI,LTFM,IST,2026-08-30T04:57:30Z,34L,OSAP,ALP,OSAP,ALP,2026-08-30T06:25:16Z,,5266.0,1032.08,916.434,Passenger,4BAB29,2026-08-30T04:24:32Z,2026-08-30T06:15:20Z,True
416bab5c,VF340,TKJ340,TKJ,TKJ,B738,TC-JHA,LTFJ,SAW,2026-08-30T04:38:17Z,06L,OSAP,ALP,OSAP,ALP,,,,922.91,850.26,Passenger,4BA901,2026-08-30T04:26:31Z,2026-08-30T05:46:47Z,True
416bedbe,XQ809,SXS809,SXS,SXS,B738,TC-SNR,OSAP,ALP,,,LTBJ,ADB,LTBJ,ADB,2026-08-30T08:31:38Z,34L,,1114.98,919.906,Passenger,4BCDD2,2026-08-30T06:59:04Z,2026-08-30T08:29:33Z,True
416bf146,VF341,TKJ341,TKJ,TKJ,B738,TC-JHA,OSAP,ALP,2026-08-30T07:00:11Z,09L,LTFJ,SAW,LTFJ,SAW,2026-08-30T08:29:32Z,06R,5361.0,989.885,855.837,Passenger,4BA901,2026-08-30T07:04:59Z,2026-08-30T08:42:33Z,True
416bfc13,PC771,PGT771,PGT,PGT,B738,TC-AIS,OSAP,ALP,2026-08-30T07:19:54Z,,LTFJ,SAW,LTFJ,SAW,2026-08-30T08:48:29Z,06R,5315.0,1122.9,855.733,Passenger,4B8533,2026-08-30T07:25:33Z,2026-08-30T09:04:39Z,True
416c1be3,TK845,THY845,THY,THY,B739,TC-JYI,OSAP,ALP,2026-08-30T08:17:38Z,09L,LTFM,IST,LTFM,IST,2026-08-30T09:48:02Z,35R,5424.0,1020.47,916.625,Passenger,4BAB29,2026-08-30T08:22:51Z,2026-08-30T09:58:26Z,True
416c27ee,,UNO501H,IGC,IGC,CRJ2,YI-BAI,OSDI,DAM,2026-08-30T08:29:47Z,23L,OSAP,ALP,OSAP,ALP,,,,348.015,300.728,Business_jets,728829,2026-08-30T08:28:37Z,2026-08-30T08:58:53Z,True
416c2b07,G9352,ABY352,ABY,ABY,A20N,A6-ARB,OSAP,ALP,,,OMSJ,SHJ,OMSJ,SHJ,2026-08-30T11:30:27Z,30,,2374.99,2107.79,Passenger,896718,2026-08-30T08:35:33Z,2026-08-30T11:31:34Z,True
416c57e2,DN551,DNA551,DNA,DNA,A320,YR-DSE,LROP,OTP,2026-08-30T09:57:18Z,08L,OSAP,ALP,OSAP,ALP,,,,1348.27,1314.64,Passenger,4A1265,2026-08-30T09:46:45Z,2026-08-30T11:39:38Z,True
416c8e1f,RJ433,RJA433,RJA,RJA,A20N,JY-RAN,OJAI,AMM,2026-08-30T12:00:41Z,26L,OSAP,ALP,OSAP,ALP,2026-08-30T13:12:28Z,,4307.0,541.966,458.005,Passenger,74482E,2026-08-30T11:08:59Z,2026-08-30T12:45:20Z,True
416ce6af,DN552,DNA552,DNA,DNA,A320,YR-DSE,OSAP,ALP,2026-08-30T13:11:02Z,,LROP,OTP,LROP,OTP,2026-08-30T15:14:23Z,08R,7401.0,1411.89,1311.08,Passenger,4A1265,2026-08-30T13:16:45Z,2026-08-30T15:20:56Z,True
416d0f0c,RJ434,RJA434,RJA,RJA,A20N,JY-RAN,OSAP,ALP,,,OJAI,AMM,OJAI,AMM,2026-08-30T14:52:55Z,26L,,540.752,486.183,Passenger,74482E,2026-08-30T14:05:48Z,2026-08-30T14:55:29Z,True
416f0794,FYC762,FYC762,FYC,FYC,A320,YK-BAC,OMSJ,SHJ,2026-08-31T01:38:36Z,30,OSAP,ALP,OSAP,ALP,,,,2764.46,2052.99,Passenger,778823,2026-08-31T01:36:11Z,2026-08-31T04:21:27Z,True
416f0cbc,RJ431,RJA431,RJA,RJA,A20N,JY-RAN,OJAI,AMM,2026-08-31T01:49:44Z,26L,OSAP,ALP,OSAP,ALP,,,,512.906,459.846,Passenger,74482E,2026-08-31T01:38:36Z,2026-08-31T02:33:17Z,True
416f328e,VF340,TKJ340,TKJ,TKJ,B738,TC-JFC,LTFJ,SAW,2026-08-31T03:18:15Z,06L,OSAP,ALP,OSAP,ALP,2026-08-31T04:58:05Z,,5990.0,945.967,853.347,Passenger,4BA8C3,2026-08-31T02:54:12Z,2026-08-31T04:28:02Z,True
416f4e44,PC770,PGT770,PGT,PGT,B738,TC-CPC,LTFJ,SAW,2026-08-31T04:05:51Z,06L,OSAP,ALP,OSAP,ALP,,,,908.976,857.862,Passenger,4B8E03,2026-08-31T03:52:20Z,2026-08-31T05:15:08Z,True
416f531f,RJ432,RJA432,RJA,RJA,A20N,JY-RAN,OSAP,ALP,2026-08-31T04:09:05Z,09L,OJAI,AMM,OJAI,AMM,2026-08-31T05:04:25Z,26L,3320.0,550.741,484.886,Passenger,74482E,2026-08-31T04:14:50Z,2026-08-31T05:07:03Z,True
416f5d5d,TK844,THY844,THY,THY,B739,TC-JYH,LTFM,IST,2026-08-31T05:11:05Z,34L,OSAP,ALP,OSAP,ALP,,,,1102.29,915.117,Passenger,4BAB28,2026-08-31T04:22:34Z,2026-08-31T06:32:24Z,True
416f5f8c,G9351,ABY351,ABY,ABY,A320,A6-AOK,OMSJ,SHJ,2026-08-31T04:39:26Z,,OSAP,ALP,OSAP,ALP,,,,4563.83,1883.83,Passenger,896434,2026-08-31T04:39:09Z,2026-08-31T07:29:25Z,True
416f8fb8,RB444,SYR444,SYR,SYR,B735,YK-SYR,LTFM,IST,2026-08-31T06:28:57Z,35L,OSAP,ALP,OSAP,ALP,2026-08-31T08:12:09Z,,6192.0,1088.69,921.294,Passenger,77CF32,2026-08-31T05:57:24Z,2026-08-31T08:00:13Z,True
416f9c4f,TK6892,THY6892,THY,THY,B739,TC-JYI,LTFM,IST,2026-08-31T06:51:26Z,36,OSAP,ALP,OSAP,ALP,,,,1075.95,915.958,Passenger,4BAB29,2026-08-31T06:20:54Z,2026-08-31T08:15:05Z,True
416f9524,VF341,TKJ341,TKJ,TKJ,B738,TC-JFC,OSAP,ALP,2026-08-31T06:17:23Z,09L,LTFJ,SAW,LTFJ,SAW,2026-08-31T07:46:38Z,06R,5355.0,984.265,855.733,Passenger,4BA8C3,2026-08-31T06:22:54Z,2026-08-31T07:57:32Z,True
416fa12b,PC771,PGT771,PGT,PGT,B738,TC-CPC,OSAP,ALP,2026-08-31T06:42:56Z,09L,LTFJ,SAW,LTFJ,SAW,2026-08-31T08:08:13Z,06R,5117.0,980.991,854.778,Passenger,4B8E03,2026-08-31T06:48:18Z,2026-08-31T08:15:47Z,True
416faaa6,FYC761,FYC761,FYC,FYC,A320,YK-BAC,OSAP,ALP,,,OMSJ,SHJ,OMSJ,SHJ,2026-08-31T09:48:52Z,,,2507.58,2109.1,Passenger,778823,2026-08-31T06:54:27Z,2026-08-31T09:46:48Z,True
416fb83f,KK472,NGN472,NGN,NGN,A320,D-ANDI,EDDK,CGN,2026-08-31T07:26:56Z,13L,OSAP,ALP,OSAP,ALP,2026-08-31T11:01:11Z,,12855.0,2912.4,2885.09,Passenger,3C7889,2026-08-31T07:13:11Z,2026-08-31T10:41:21Z,True
416fc3f1,RJ433,RJA433,RJA,RJA,E295,JY-REH,OJAI,AMM,2026-08-31T07:34:07Z,26L,OSAP,ALP,OSAP,ALP,,,,530.772,445.47,Passenger,7448A8,2026-08-31T07:33:59Z,2026-08-31T08:17:20Z,True
416fde84,,UNO501H,IGC,IGC,CRJ2,YI-BAI,OSDI,DAM,2026-08-31T08:25:47Z,23L,OSAP,ALP,OSAP,ALP,2026-08-31T09:18:22Z,,3155.0,413.105,294.082,Business_jets,728829,2026-08-31T08:21:35Z,2026-08-31T09:04:34Z,True
416fdad5,TK845,THY845,THY,THY,B739,TC-JYH,OSAP,ALP,2026-08-31T08:25:11Z,09L,LTFM,IST,LTFM,IST,2026-08-31T09:58:41Z,35R,5610.0,1046.5,918.064,Passenger,4BAB28,2026-08-31T08:30:21Z,2026-08-31T10:07:27Z,True
416fedcd,G9352,ABY352,ABY,ABY,A320,A6-AOK,OSAP,ALP,2026-08-31T08:57:55Z,09L,OMSJ,SHJ,OMSJ,SHJ,2026-08-31T12:02:58Z,,11103.0,3265.35,2108.7,Passenger,896434,2026-08-31T09:03:39Z,2026-08-31T12:00:57Z,True
41701813,RJ434,RJA434,RJA,RJA,E295,JY-REH,OSAP,ALP,,,OJAI,AMM,OJAI,AMM,2026-08-31T10:56:12Z,26L,,542.106,495.556,Passenger,7448A8,2026-08-31T10:05:03Z,2026-08-31T10:56:15Z,True
41701c6b,TK6893,THY6893,THY,THY,B739,TC-JYI,OSAP,ALP,2026-08-31T10:18:25Z,09L,LTFM,IST,LTFM,IST,2026-08-31T11:45:41Z,35R,5236.0,1307.83,917.482,Passenger,4BAB29,2026-08-31T10:23:24Z,2026-08-31T12:00:03Z,True
41707d4c,KK473,NGN473,NGN,NGN,A320,D-ANDI,OSAP,ALP,2026-08-31T12:27:04Z,,EDDK,CGN,EDDK,CGN,2026-08-31T16:29:56Z,31R,14572.0,2995.58,2884.94,Passenger,3C7889,2026-08-31T12:32:08Z,2026-08-31T16:33:29Z,True
417228db,RB445,SYR445,SYR,SYR,B735,YK-SYR,OSAP,ALP,2026-08-31T20:27:12Z,09L,LTFM,IST,LTFM,IST,2026-08-31T21:59:40Z,35R,5548.0,1142.15,918.105,Passenger,77CF32,2026-08-31T20:31:37Z,2026-08-31T22:12:35Z,True
417301af,FYC492,FYC492,FYC,FYC,A320,YK-BAA,LTFJ,SAW,2026-09-01T01:53:47Z,06L,OSAP,ALP,OSAP,ALP,2026-09-01T03:10:03Z,,4576.0,953.337,866.848,Passenger,778821,2026-09-01T01:39:54Z,2026-09-01T03:02:24Z,True
417301f1,RJ431,RJA431,RJA,RJA,A20N,JY-RAE,OJAI,AMM,2026-09-01T01:51:39Z,26L,OSAP,ALP,OSAP,ALP,2026-09-01T02:58:21Z,,4002.0,558.472,454.465,Passenger,744825,2026-09-01T01:40:32Z,2026-09-01T02:32:30Z,True
417310f3,FYC762,FYC762,FYC,FYC,A320,YK-BAC,OMSJ,SHJ,2026-09-01T02:20:16Z,12,OSAP,ALP,OSAP,ALP,2026-09-01T05:33:02Z,,11566.0,3757.47,2027.38,Passenger,778823,2026-09-01T02:12:06Z,2026-09-01T05:01:27Z,True
41732677,VF340,TKJ340,TKJ,TKJ,B738,TC-JFC,LTFJ,SAW,2026-09-01T03:37:01Z,06L,OSAP,ALP,OSAP,ALP,2026-09-01T04:57:23Z,,4822.0,959.464,863.465,Passenger,4BA8C3,2026-09-01T02:48:33Z,2026-09-01T04:49:31Z,True
417347c2,RJ432,RJA432,RJA,RJA,A20N,JY-RAE,OSAP,ALP,2026-09-01T04:04:46Z,,OJAI,AMM,OJAI,AMM,2026-09-01T05:00:00Z,26R,3314.0,593.861,500.487,Passenger,744825,2026-09-01T04:07:26Z,2026-09-01T05:03:54Z,True
41734d0d,G9351,ABY351,ABY,ABY,A320,A6-ANY,OMSJ,SHJ,2026-09-01T04:23:52Z,12,OSAP,ALP,OSAP,ALP,2026-09-01T07:39:56Z,,11764.0,9658.93,2100.63,Passenger,8963C9,2026-09-01T04:12:21Z,2026-09-01T07:17:30Z,True
4173547d,TK844,THY844,THY,THY,B739,TC-JYI,LTFM,IST,2026-09-01T04:57:43Z,34L,OSAP,ALP,OSAP,ALP,2026-09-01T06:25:08Z,,5245.0,1128.33,916.225,Passenger,4BAB29,2026-09-01T04:18:59Z,2026-09-01T06:10:41Z,True
41736bc9,3L456,ADY456,ADY,ADY,A320,A6-AUB,OMAA,AUH,2026-09-01T05:23:20Z,31L,OSAP,ALP,OSAP,ALP,,,,6355.77,2101.52,Passenger,896586,2026-09-01T05:03:06Z,2026-09-01T08:15:48Z,True
4173927b,VF341,TKJ341,TKJ,TKJ,B738,TC-JFC,OSAP,ALP,2026-09-01T06:22:37Z,,LTFJ,SAW,LTFJ,SAW,2026-09-01T07:55:47Z,06R,5590.0,1033.7,855.275,Passenger,4BA8C3,2026-09-01T06:27:38Z,2026-09-01T08:05:52Z,True
41739dd5,FYC761,FYC761,FYC,FYC,A320,YK-BAC,OSAP,ALP,2026-09-01T06:47:57Z,09L,OMSJ,SHJ,OMSJ,SHJ,2026-09-01T09:46:38Z,,10721.0,5434.69,2110.38,Passenger,778823,2026-09-01T06:53:27Z,2026-09-01T09:45:59Z,True
4173c864,RJ433,RJA433,RJA,RJA,E295,JY-REB,OJAI,AMM,2026-09-01T07:51:25Z,26R,OSAP,ALP,OSAP,ALP,,,,560.405,467.147,Passenger,7448A2,2026-09-01T07:51:00Z,2026-09-01T08:38:55Z,True
4173c1ea,FZ1191,FDB1191,FDB,FDB,B738,A6-FEP,OMDB,DXB,2026-09-01T08:01:40Z,30R,OSAP,ALP,OSAP,ALP,,,,4195.48,2013.52,Passenger,8963B2,2026-09-01T07:53:46Z,2026-09-01T10:39:41Z,True
4173d967,J9175,JZR175,JZR,JZR,A20N,9K-CBB,OKKK,KWI,2026-09-01T08:39:43Z,33L,OSAP,ALP,OSAP,ALP,,,,1454.8,1195.08,Passenger,706212,2026-09-01T08:19:01Z,2026-09-01T10:38:33Z,True
4173d5ee,TK845,THY845,THY,THY,B739,TC-JYI,OSAP,ALP,2026-09-01T08:20:11Z,,LTFM,IST,LTFM,IST,2026-09-01T09:54:04Z,35R,5633.0,1036.53,917.827,Passenger,4BAB29,2026-09-01T08:25:05Z,2026-09-01T10:09:39Z,True
4173e627,G9352,ABY352,ABY,ABY,A320,A6-ANY,OSAP,ALP,2026-09-01T08:53:32Z,,OMSJ,SHJ,OMSJ,SHJ,2026-09-01T11:51:08Z,30,10656.0,3009.65,2117.42,Passenger,8963C9,2026-09-01T08:57:16Z,2026-09-01T11:49:00Z,True
41740c24,3L457,ADY457,ADY,ADY,A320,A6-AUB,OSAP,ALP,,,OMAA,AUH,OMAA,AUH,2026-09-01T12:52:28Z,31R,,2341.57,2090.81,Passenger,896586,2026-09-01T10:02:31Z,2026-09-01T13:02:50Z,True
41741945,RJ434,RJA434,RJA,RJA,E295,JY-REB,OSAP,ALP,2026-09-01T10:02:51Z,,OJAI,AMM,OJAI,AMM,2026-09-01T11:00:45Z,26R,3474.0,584.108,501.164,Passenger,7448A2,2026-09-01T10:06:51Z,2026-09-01T11:00:50Z,True
4174717d,PC770,PGT770,PGT,PGT,B738,TC-AIS,LTFJ,SAW,2026-09-01T12:21:47Z,06L,OSAP,ALP,OSAP,ALP,,,,921.166,857.258,Passenger,4B8533,2026-09-01T12:00:05Z,2026-09-01T13:29:49Z,True
41747cf3,FZ1192,FDB1192,FDB,FDB,B738,A6-FEP,OSAP,ALP,,,OMDB,DXB,OMDB,DXB,2026-09-01T15:16:51Z,30L,,4667.87,2093.16,Passenger,8963B2,2026-09-01T12:26:19Z,2026-09-01T15:16:10Z,True
41748ef8,TK840,THY840,THY,THY,B739,TC-JYC,LTFM,IST,2026-09-01T13:07:04Z,36,OSAP,ALP,OSAP,ALP,2026-09-01T14:31:05Z,,5041.0,1040.86,921.456,Passenger,4BAB23,2026-09-01T12:31:43Z,2026-09-01T14:21:04Z,True
41749faa,J9176,JZR176,JZR,JZR,A20N,9K-CBB,OSAP,ALP,,,OKKK,KWI,OKKK,KWI,2026-09-01T15:03:44Z,34,,1589.45,1244.74,Passenger,706212,2026-09-01T12:57:37Z,2026-09-01T15:14:36Z,True
4174aac0,RB390,SYR390,SYR,SYR,A320,YK-AKI,OERK,RUH,2026-09-01T14:25:49Z,33R,OSAP,ALP,OSAP,ALP,2026-09-01T16:46:46Z,,8457.0,1597.14,1469.21,Passenger,778569,2026-09-01T14:26:13Z,2026-09-01T16:19:13Z,True
41752164,PC771,PGT771,PGT,PGT,B738,TC-AIS,OSAP,ALP,2026-09-01T15:11:25Z,,LTFJ,SAW,LTFJ,SAW,2026-09-01T16:39:36Z,06R,5291.0,976.802,856.64,Passenger,4B8533,2026-09-01T15:15:33Z,2026-09-01T16:47:46Z,True
417540b2,TK841,THY841,THY,THY,B739,TC-JYC,OSAP,ALP,2026-09-01T15:43:24Z,,LTFM,IST,LTFM,IST,2026-09-01T17:12:35Z,35R,5351.0,1015.11,916.043,Passenger,4BAB23,2026-09-01T15:47:13Z,2026-09-01T17:23:58Z,True
4175350d,FYC455,FYC455,FYC,FYC,A320,YK-BAA,OSAP,ALP,2026-09-01T16:10:25Z,,UDYZ,EVN,UDYZ,EVN,2026-09-01T17:22:35Z,08,4330.0,874.217,762.632,Passenger,778821,2026-09-01T16:14:07Z,2026-09-01T17:27:07Z,True
41759b61,RB381,SYR381,SYR,SYR,A320,YK-AKI,OSAP,ALP,2026-09-01T18:19:35Z,09L,OEJN,JED,OEJN,JED,2026-09-01T20:37:30Z,34L,8275.0,1712.76,1595.13,Passenger,778569,2026-09-01T18:25:04Z,2026-09-01T20:55:47Z,True
4175eeb9,FYC456,FYC456,FYC,FYC,A320,YK-BAA,UDYZ,EVN,2026-09-01T19:05:16Z,08,OSAP,ALP,OSAP,ALP,2026-09-01T20:26:31Z,,4875.0,933.784,749.449,Passenger,778821,2026-09-01T18:49:48Z,2026-09-01T20:17:26Z,True
41765029,RB382,SYR382,SYR,SYR,A320,YK-AKI,OEJN,JED,2026-09-01T22:04:16Z,34C,OSAP,ALP,OSAP,ALP,,,,1573.19,1534.22,Passenger,778569,2026-09-01T20:57:00Z,2026-09-01T23:56:12Z,True
4176524a,FYC525,FYC525,FYC,FYC,A320,YK-BAA,OSAP,ALP,,,ORER,EBL,OSAP,ALP,2026-09-01T23:33:05Z,,,1076.78,106.424,Passenger,778821,2026-09-01T21:52:35Z,2026-09-01T23:11:05Z,True
4177122c,RJ431,RJA431,RJA,RJA,A320,JY-AYR,OJAI,AMM,2026-09-02T01:47:42Z,26L,OSAP,ALP,OSAP,ALP,2026-09-02T02:47:58Z,,3616.0,743.972,450.823,Passenger,740732,2026-09-02T01:44:10Z,2026-09-02T02:29:37Z,True
41772b07,FYC491,FYC491,FYC,FYC,A320,YK-BAA,OSAP,ALP,2026-09-02T02:30:20Z,,LTFJ,SAW,LTFJ,SAW,2026-09-02T03:54:37Z,06R,5057.0,968.026,856.959,Passenger,778821,2026-09-02T02:34:35Z,2026-09-02T04:06:34Z,True
4177347b,VF340,TKJ340,TKJ,TKJ,B738,TC-JHC,LTFJ,SAW,2026-09-02T03:23:58Z,06L,OSAP,ALP,OSAP,ALP,2026-09-02T04:41:21Z,,4643.0,962.539,874.509,Passenger,4BA903,2026-09-02T02:45:28Z,2026-09-02T04:35:20Z,True
41771c56,RB389,SYR389,SYR,SYR,A320,YK-AKI,OSAP,ALP,2026-09-02T02:53:37Z,09R,OERK,RUH,OERK,RUH,2026-09-02T05:01:54Z,33R,7697.0,1676.28,1539.41,Passenger,778569,2026-09-02T02:55:09Z,2026-09-02T04:59:19Z,True
41775476,RJ432,RJA432,RJA,RJA,A320,JY-AYR,OSAP,ALP,,,OJAI,AMM,OJAI,AMM,,,,482.146,442.837,Passenger,740732,2026-09-02T04:04:26Z,2026-09-02T04:39:33Z,True
4177696c,TK844,THY844,THY,THY,B739,TC-JYI,LTFM,IST,2026-09-02T05:05:56Z,36,OSAP,ALP,OSAP,ALP,2026-09-02T06:36:02Z,,5406.0,1081.44,920.137,Passenger,4BAB29,2026-09-02T04:25:18Z,2026-09-02T06:25:10Z,True
41776a9f,G9351,ABY351,ABY,ABY,A320,A6-AOK,OMSJ,SHJ,2026-09-02T04:28:46Z,30,OSAP,ALP,OSAP,ALP,,,,2320.39,2108.76,Passenger,896434,2026-09-02T04:27:47Z,2026-09-02T07:28:13Z,True
41778af7,XQ206,SXS206,SXS,SXS,B738,TC-SNT,LTAI,AYT,2026-09-02T05:42:19Z,36R,OSAP,ALP,OSAP,ALP,,,,667.041,588.62,Passenger,4BCDD4,2026-09-02T05:27:32Z,2026-09-02T06:36:10Z,True
4177a2fa,PC770,PGT770,PGT,PGT,B738,TC-AZP,LTFJ,SAW,2026-09-02T06:25:49Z,06L,OSAP,ALP,OSAP,ALP,2026-09-02T07:47:38Z,,4909.0,945.008,871.005,Passenger,4B8750,2026-09-02T06:11:26Z,2026-09-02T07:38:14Z,True
41779ee9,VF341,TKJ341,TKJ,TKJ,B738,TC-JHC,OSAP,ALP,2026-09-02T06:13:30Z,,LTFJ,SAW,LTFJ,SAW,2026-09-02T07:41:59Z,06R,5309.0,1002.61,856.513,Passenger,4BA903,2026-09-02T06:17:41Z,2026-09-02T07:51:21Z,True
4177e1d1,RJ433,RJA433,RJA,RJA,E295,JY-REH,OJAI,AMM,2026-09-02T07:58:37Z,26R,OSAP,ALP,OSAP,ALP,2026-09-02T09:07:49Z,,4152.0,509.163,443.792,Passenger,7448A8,2026-09-02T07:58:12Z,2026-09-02T08:41:18Z,True
4177f342,XQ207,SXS207,SXS,SXS,B738,TC-SNT,OSAP,ALP,2026-09-02T08:30:56Z,,LTAI,AYT,LTAI,AYT,2026-09-02T09:38:52Z,18C,4076.0,750.897,576.42,Passenger,4BCDD4,2026-09-02T08:32:58Z,2026-09-02T09:45:58Z,True
4177fa0d,TK845,THY845,THY,THY,B739,TC-JYI,OSAP,ALP,2026-09-02T08:45:29Z,,LTFM,IST,LTFM,IST,2026-09-02T10:28:08Z,35R,6159.0,1162.0,922.946,Passenger,4BAB29,2026-09-02T08:47:10Z,2026-09-02T10:38:24Z,True
417808da,PC771,PGT771,PGT,PGT,B738,TC-AZP,OSAP,ALP,2026-09-02T09:06:58Z,,LTFJ,SAW,LTFJ,SAW,2026-09-02T10:31:51Z,06R,5093.0,963.842,855.27,Passenger,4B8750,2026-09-02T09:11:46Z,2026-09-02T10:44:18Z,True
4178090a,XY229,KNE229,KNE,KNE,A20N,HZ-NS26,OERK,RUH,2026-09-02T09:20:08Z,33R,OSAP,ALP,OSAP,ALP,2026-09-02T11:37:08Z,,8220.0,1538.11,1493.52,Passenger,7105A6,2026-09-02T09:15:22Z,2026-09-02T11:14:47Z,True
41780c49,G9352,ABY352,ABY,ABY,A320,A6-AOK,OSAP,ALP,2026-09-02T09:17:51Z,,OMSJ,SHJ,OMSJ,SHJ,2026-09-02T12:18:01Z,30,10810.0,2391.34,2119.93,Passenger,896434,2026-09-02T09:21:01Z,2026-09-02T12:15:52Z,True
41782707,DN551,DNA551,DNA,DNA,A320,YR-DSE,LROP,OTP,2026-09-02T09:54:58Z,08L,OSAP,ALP,OSAP,ALP,2026-09-02T11:43:56Z,,6538.0,1359.75,1320.33,Passenger,4A1265,2026-09-02T09:49:27Z,2026-09-02T11:32:28Z,True
417829ed,RJ434,RJA434,RJA,RJA,E295,JY-REH,OSAP,ALP,2026-09-02T09:50:25Z,,OJAI,AMM,OJAI,AMM,2026-09-02T10:44:42Z,26L,3257.0,560.589,502.673,Passenger,7448A8,2026-09-02T09:53:36Z,2026-09-02T10:44:49Z,True
41782a65,,UNO501H,IGC,IGC,CRJ2,YI-BAI,OSDI,DAM,2026-09-02T10:02:33Z,23L,OSAP,ALP,OSAP,ALP,,,,367.448,309.563,Business_jets,728829,2026-09-02T09:54:22Z,2026-09-02T10:33:00Z,True
41784ad7,XY559,KNE559,KNE,KNE,A20N,HZ-NS47,OEJN,JED,2026-09-02T10:52:39Z,34C,OSAP,ALP,OSAP,ALP,2026-09-02T13:06:14Z,,8015.0,1616.97,1578.01,Passenger,717CCC,2026-09-02T10:43:17Z,2026-09-02T12:51:38Z,True
41785cd4,FYC762,FYC762,FYC,FYC,A320,YK-BAA,OMSJ,SHJ,2026-09-02T12:09:18Z,30,OSAP,ALP,OSAP,ALP,,,,2197.02,2031.12,Passenger,778821,2026-09-02T12:07:51Z,2026-09-02T14:48:52Z,True
4178793f,XY230,KNE230,KNE,KNE,A20N,HZ-NS26,OSAP,ALP,2026-09-02T13:01:35Z,,OERK,RUH,OERK,RUH,2026-09-02T15:08:52Z,33L,7637.0,1692.39,1542.03,Passenger,7105A6,2026-09-02T13:04:45Z,2026-09-02T15:11:06Z,True
4178f00d,DN552,DNA552,DNA,DNA,A320,YR-DSE,OSAP,ALP,2026-09-02T13:41:01Z,,LROP,OTP,LROP,OTP,2026-09-02T15:42:31Z,08L,7290.0,1420.82,1311.28,Passenger,4A1265,2026-09-02T13:45:39Z,2026-09-02T15:52:11Z,True
41792868,XY560,KNE560,KNE,KNE,A20N,HZ-NS47,OSAP,ALP,2026-09-02T14:55:21Z,,OEJN,JED,OEJN,JED,2026-09-02T17:08:55Z,,8014.0,1680.49,1621.67,Passenger,717CCC,2026-09-02T14:59:52Z,2026-09-02T17:06:52Z,True
41799d3c,FYC525,FYC525,FYC,FYC,A320,YK-BAA,OSAP,ALP,2026-09-02T17:15:25Z,,,,,,,,,1057.29,611.902,Passenger,778821,2026-09-02T17:17:47Z,2026-09-02T18:35:20Z,True
417a0d35,FYC526,FYC526,FYC,FYC,A320,YK-BAA,ORER,EBL,2026-09-02T19:41:48Z,,OSAP,ALP,OSAP,ALP,2026-09-02T21:09:25Z,,5257.0,685.258,488.089,Passenger,778821,2026-09-02T19:44:17Z,2026-09-02T20:36:41Z,True
417a85a4,FYC761,FYC761,FYC,FYC,A320,YK-BAA,OSAP,ALP,2026-09-02T22:47:58Z,09L,OMSJ,SHJ,OMSJ,SHJ,2026-09-03T01:41:59Z,,10441.0,2406.25,2111.08,Passenger,778821,2026-09-02T22:50:29Z,2026-09-03T01:40:29Z,True
417b2cd9,RJ431,RJA431,RJA,RJA,A20N,JY-RAD,OJAI,AMM,2026-09-03T02:05:31Z,26R,OSAP,ALP,OSAP,ALP,,,,574.686,478.767,Passenger,744824,2026-09-03T01:55:10Z,2026-09-03T03:00:30Z,True
417b4aaf,VF340,TKJ340,TKJ,TKJ,B738,TC-JHB,LTFJ,SAW,2026-09-03T03:28:14Z,06L,OSAP,ALP,OSAP,ALP,,,,955.039,866.942,Passenger,4BA902,2026-09-03T02:42:00Z,2026-09-03T04:41:37Z,True
417b749a,G9351,ABY351,ABY,ABY,A320,A6-AOT,OMSJ,SHJ,2026-09-03T04:18:08Z,12,OSAP,ALP,OSAP,ALP,2026-09-03T07:21:50Z,,11022.0,2364.89,2111.67,Passenger,8964DA,2026-09-03T04:18:30Z,2026-09-03T07:18:35Z,True
417b82ac,TK844,THY844,THY,THY,B739,TC-JYF,LTFM,IST,2026-09-03T04:57:31Z,36,OSAP,ALP,OSAP,ALP,2026-09-03T06:29:15Z,,5504.0,1041.62,922.358,Passenger,4BAB26,2026-09-03T04:28:32Z,2026-09-03T06:18:47Z,True
417b7bd4,RJ432,RJA432,RJA,RJA,A20N,JY-RAD,OSAP,ALP,2026-09-03T04:26:48Z,09L,OJAI,AMM,OJAI,AMM,2026-09-03T05:18:47Z,26R,3119.0,532.842,491.408,Passenger,744824,2026-09-03T04:30:40Z,2026-09-03T05:24:38Z,True
417b93f0,3L456,ADY456,ADY,ADY,A320,A6-AUB,OMAA,AUH,2026-09-03T05:19:08Z,13R,OSAP,ALP,OSAP,ALP,2026-09-03T08:22:13Z,,10985.0,2321.81,2097.9,Passenger,896586,2026-09-03T04:59:29Z,2026-09-03T08:12:21Z,True
417baa34,FZ1191,FDB1191,FDB,FDB,B738,A6-FEK,OMDB,DXB,2026-09-03T07:30:56Z,12R,OSAP,ALP,OSAP,ALP,2026-09-03T10:33:36Z,,10960.0,2216.66,2040.37,Passenger,8963AD,2026-09-03T05:40:15Z,2026-09-03T10:13:21Z,True
417bb776,VF341,TKJ341,TKJ,TKJ,B738,TC-JHB,OSAP,ALP,2026-09-03T06:12:38Z,09L,LTFJ,SAW,LTFJ,SAW,2026-09-03T07:42:18Z,06R,5380.0,1021.05,855.19,Passenger,4BA902,2026-09-03T06:16:20Z,2026-09-03T07:55:51Z,True
417c02a9,J9175,JZR175,JZR,JZR,A20N,9K-CBC,OKKK,KWI,2026-09-03T08:22:05Z,33L,OSAP,ALP,OSAP,ALP,,,,1523.38,1208.24,Passenger,706213,2026-09-03T08:12:05Z,2026-09-03T10:25:33Z,True
417c0dd5,TK845,THY845,THY,THY,B739,TC-JYF,OSAP,ALP,2026-09-03T08:37:10Z,,LTFM,IST,LTFM,IST,2026-09-03T10:09:01Z,35R,5511.0,1054.49,921.868,Passenger,4BAB26,2026-09-03T08:38:48Z,2026-09-03T10:20:22Z,True
417c158a,,UNO501H,IGC,IGC,CRJ2,YI-BAI,OSDI,DAM,2026-09-03T08:37:08Z,05R,OSAP,ALP,OSAP,ALP,2026-09-03T09:26:32Z,,2964.0,348.176,269.46,Business_jets,728829,2026-09-03T08:41:49Z,2026-09-03T09:11:50Z,True
417c18c9,PC770,PGT770,PGT,PGT,B738,TC-CPC,LTFJ,SAW,2026-09-03T09:07:53Z,06L,OSAP,ALP,OSAP,ALP,2026-09-03T10:24:37Z,,4604.0,922.274,876.365,Passenger,4B8E03,2026-09-03T08:47:10Z,2026-09-03T10:18:54Z,True
417c104d,G9352,ABY352,ABY,ABY,A320,A6-AOT,OSAP,ALP,2026-09-03T08:45:41Z,09L,OMSJ,SHJ,OMSJ,SHJ,2026-09-03T11:46:43Z,30,10862.0,2364.13,2119.72,Passenger,8964DA,2026-09-03T08:47:29Z,2026-09-03T11:44:07Z,True
417c36cd,3L457,ADY457,ADY,ADY,A320,A6-AUB,OSAP,ALP,2026-09-03T09:45:54Z,,OMAA,AUH,OMAA,AUH,2026-09-03T12:45:45Z,31R,10791.0,2388.04,2118.74,Passenger,896586,2026-09-03T09:47:33Z,2026-09-03T12:52:52Z,True
417c43d7,,UNO501H,IGC,IGC,CRJ2,YI-BAI,OSAP,ALP,2026-09-03T09:54:25Z,,OSDI,DAM,OSDI,DAM,2026-09-03T10:38:41Z,23R,2656.0,413.912,310.342,Business_jets,728829,2026-09-03T09:56:31Z,2026-09-03T10:38:58Z,True
417c7e7a,RJ433,RJA433,RJA,RJA,E290,JY-REE,OJAI,AMM,2026-09-03T11:17:49Z,26L,OSAP,ALP,OSAP,ALP,,,,572.453,498.372,Passenger,7448A5,2026-09-03T11:17:21Z,2026-09-03T12:04:29Z,True
417c83e3,PC771,PGT771,PGT,PGT,B738,TC-CPC,OSAP,ALP,2026-09-03T11:29:24Z,,LTFJ,SAW,LTFJ,SAW,2026-09-03T12:55:28Z,06R,5164.0,964.532,856.955,Passenger,4B8E03,2026-09-03T11:33:27Z,2026-09-03T13:04:27Z,True
417cad79,FZ1192,FDB1192,FDB,FDB,B738,A6-FEK,OSAP,ALP,,,OMDB,DXB,OMDB,DXB,2026-09-03T15:07:00Z,30L,,2372.77,2105.03,Passenger,8963AD,2026-09-03T12:12:50Z,2026-09-03T15:06:23Z,True
417cc494,J9176,JZR176,JZR,JZR,A20N,9K-CBC,OSAP,ALP,2026-09-03T12:44:02Z,,OKKK,KWI,OKKK,KWI,2026-09-03T14:46:56Z,,7374.0,1603.64,1273.71,Passenger,706213,2026-09-03T12:46:47Z,2026-09-03T15:03:35Z,True
417cf30f,RJ434,RJA434,RJA,RJA,E290,JY-REE,OSAP,ALP,,,OJAI,AMM,OJAI,AMM,2026-09-03T14:19:26Z,26L,,551.554,491.225,Passenger,7448A5,2026-09-03T13:30:52Z,2026-09-03T14:19:47Z,True
417f473f,RJ431,RJA431,RJA,RJA,A20N,JY-RAL,OJAI,AMM,2026-09-04T01:56:37Z,26L,OSAP,ALP,OSAP,ALP,2026-09-04T02:58:20Z,,3703.0,573.784,485.026,Passenger,74482C,2026-09-04T01:44:39Z,2026-09-04T02:47:04Z,True
417f7bd6,XQ808,SXS808,SXS,SXS,B738,TC-SOZ,LTBJ,ADB,2026-09-04T03:34:02Z,34L,OSAP,ALP,OSAP,ALP,,,,1055.6,921.509,Passenger,4BCDFA,2026-09-04T03:28:53Z,2026-09-04T04:51:10Z,True
417f801b,VF340,TKJ340,TKJ,TKJ,B738,TC-JHC,LTFJ,SAW,2026-09-04T03:52:50Z,06L,OSAP,ALP,OSAP,ALP,2026-09-04T05:17:23Z,,5073.0,950.596,859.618,Passenger,4BA903,2026-09-04T03:29:56Z,2026-09-04T05:05:44Z,True
417f9096,RJ432,RJA432,RJA,RJA,A20N,JY-RAL,OSAP,ALP,,,OJAI,AMM,OJAI,AMM,2026-09-04T05:06:38Z,26L,,547.772,485.181,Passenger,74482C,2026-09-04T04:14:54Z,2026-09-04T05:09:47Z,True
417f93ab,G9351,ABY351,ABY,ABY,A320,A6-AQH,OMSJ,SHJ,2026-09-04T04:27:21Z,30,OSAP,ALP,OSAP,ALP,2026-09-04T07:37:01Z,,11380.0,2531.2,2106.62,Passenger,896668,2026-09-04T04:25:32Z,2026-09-04T07:18:48Z,True
417f9e85,TK844,THY844,THY,THY,B739,TC-JYC,LTFM,IST,2026-09-04T05:05:00Z,36,OSAP,ALP,OSAP,ALP,2026-09-04T06:39:40Z,,5680.0,1046.29,932.329,Passenger,4BAB23,2026-09-04T04:26:31Z,2026-09-04T06:24:22Z,True
417faf35,PC770,PGT770,PGT,PGT,B738,TC-AIS,LTFJ,SAW,2026-09-04T05:08:43Z,06L,OSAP,ALP,OSAP,ALP,2026-09-04T06:34:07Z,09R,5124.0,941.167,873.193,Passenger,4B8533,2026-09-04T04:58:09Z,2026-09-04T06:20:41Z,True
417fd2cd,XQ809,SXS809,SXS,SXS,B738,TC-SOZ,OSAP,ALP,,,LTBJ,ADB,LTBJ,ADB,2026-09-04T07:59:24Z,34L,,1017.1,921.686,Passenger,4BCDFA,2026-09-04T06:25:48Z,2026-09-04T07:57:15Z,True
417fde46,VF341,TKJ341,TKJ,TKJ,B738,TC-JHC,OSAP,ALP,,,LTFJ,SAW,LTFJ,SAW,2026-09-04T08:08:49Z,06R,,973.673,850.974,Passenger,4BA903,2026-09-04T06:45:25Z,2026-09-04T08:19:09Z,True
417ff9bd,FZ1191,FDB1191,FDB,FDB,B38M,A6-FPJ,OMDB,DXB,2026-09-04T07:35:15Z,30R,OSAP,ALP,OSAP,ALP,2026-09-04T10:40:04Z,,11089.0,2585.04,2070.81,Passenger,89671F,2026-09-04T07:12:19Z,2026-09-04T10:17:39Z,True
41801217,PC771,PGT771,PGT,PGT,B738,TC-AIS,OSAP,ALP,2026-09-04T07:57:30Z,,LTFJ,SAW,LTFJ,SAW,2026-09-04T09:27:29Z,06R,5399.0,990.852,855.43,Passenger,4B8533,2026-09-04T08:02:37Z,2026-09-04T09:40:06Z,True
4180205b,TK845,THY845,THY,THY,B739,TC-JYC,OSAP,ALP,2026-09-04T08:33:07Z,,LTFM,IST,LTFM,IST,2026-09-04T10:15:09Z,35R,6122.0,1086.97,916.776,Passenger,4BAB23,2026-09-04T08:37:51Z,2026-09-04T10:31:07Z,True
41802adb,G9352,ABY352,ABY,ABY,A320,A6-AQH,OSAP,ALP,2026-09-04T08:43:32Z,09L,OMSJ,SHJ,OMSJ,SHJ,2026-09-04T11:52:50Z,,11358.0,2381.46,2110.08,Passenger,896668,2026-09-04T08:49:12Z,2026-09-04T11:50:27Z,True
418067d3,TK840,THY840,THY,THY,B739,TC-JYI,LTFM,IST,2026-09-04T10:51:12Z,36,OSAP,ALP,OSAP,ALP,2026-09-04T12:21:09Z,,5397.0,1039.2,916.859,Passenger,4BAB29,2026-09-04T10:14:06Z,2026-09-04T12:11:58Z,True
41808f28,RJ433,RJA433,RJA,RJA,E295,JY-REF,OJAI,AMM,2026-09-04T11:10:15Z,26R,OSAP,ALP,OSAP,ALP,,,,786.279,453.902,Passenger,7448A6,2026-09-04T11:08:49Z,2026-09-04T11:52:03Z,True
4180c806,FZ1192,FDB1192,FDB,FDB,B38M,A6-FPJ,OSAP,ALP,2026-09-04T12:19:37Z,09L,OMDB,DXB,OMDB,DXB,2026-09-04T15:22:47Z,30L,10990.0,2419.08,2112.2,Passenger,89671F,2026-09-04T12:21:40Z,2026-09-04T15:22:47Z,True
418103b9,RJ434,RJA434,RJA,RJA,E295,JY-REF,OSAP,ALP,2026-09-04T13:18:12Z,,OJAI,AMM,OJAI,AMM,2026-09-04T14:13:52Z,26L,3340.0,577.837,499.296,Passenger,7448A6,2026-09-04T13:21:26Z,2026-09-04T14:14:11Z,True
41813b9b,TK841,THY841,THY,THY,B739,TC-JYI,OSAP,ALP,2026-09-04T14:09:17Z,,LTFM,IST,LTFM,IST,2026-09-04T15:42:51Z,35R,5614.0,1049.2,914.582,Passenger,4BAB29,2026-09-04T14:13:48Z,2026-09-04T15:58:13Z,True
418365e0,RJ431,RJA431,RJA,RJA,A320,JY-AYR,OJAI,AMM,2026-09-05T01:53:26Z,,OSAP,ALP,OSAP,ALP,,,,487.496,406.822,Passenger,740732,2026-09-05T01:55:50Z,2026-09-05T02:31:19Z,True
41837a76,FYC762,FYC762,FYC,FYC,A320,YK-BAC,OMSJ,SHJ,2026-09-05T02:49:38Z,30,OSAP,ALP,OSAP,ALP,2026-09-05T05:48:15Z,,10717.0,2265.71,2045.9,Passenger,778823,2026-09-05T02:42:39Z,2026-09-05T05:23:51Z,True
418380ca,KK472,NGN472,NGN,NGN,A320,D-ADDY,EDDK,CGN,2026-09-05T03:05:18Z,31R,OSAP,ALP,OSAP,ALP,,,,2941.53,2883.14,Passenger,3C5099,2026-09-05T02:49:40Z,2026-09-05T06:22:20Z,True
41838405,VF340,TKJ340,TKJ,TKJ,B738,TC-JHF,LTFJ,SAW,2026-09-05T03:30:45Z,06L,OSAP,ALP,OSAP,ALP,2026-09-05T04:49:56Z,,4751.0,911.699,856.845,Passenger,4BA906,2026-09-05T02:56:02Z,2026-09-05T04:40:11Z,True
4183a84c,RJ432,RJA432,RJA,RJA,A320,JY-AYR,OSAP,ALP,,,OJAI,AMM,OJAI,AMM,,,,543.93,434.59,Passenger,740732,2026-09-05T04:11:00Z,2026-09-05T04:49:40Z,True
4183a5ab,G9351,ABY351,ABY,ABY,A320,A6-AOI,OMSJ,SHJ,2026-09-05T04:15:30Z,30,OSAP,ALP,OSAP,ALP,2026-09-05T07:31:28Z,,11758.0,2273.96,2093.01,Passenger,89642E,2026-09-05T04:12:27Z,2026-09-05T07:04:41Z,True
4183b0eb,TK844,THY844,THY,THY,B739,TC-JYH,LTFM,IST,2026-09-05T04:55:38Z,36,OSAP,ALP,OSAP,ALP,2026-09-05T06:27:56Z,,5538.0,1016.43,918.181,Passenger,4BAB28,2026-09-05T04:36:17Z,2026-09-05T06:13:59Z,True
4183c034,3L456,ADY456,ADY,ADY,A320,A6-AUB,OMAA,AUH,2026-09-05T05:15:15Z,13R,OSAP,ALP,OSAP,ALP,2026-09-05T08:26:53Z,,11498.0,2296.54,2088.01,Passenger,896586,2026-09-05T05:00:35Z,2026-09-05T08:02:23Z,True
4183dc5c,XQ206,SXS206,SXS,SXS,B738,TC-SNT,LTAI,AYT,2026-09-05T06:23:01Z,36R,OSAP,ALP,OSAP,ALP,,,,718.5,590.412,Passenger,4BCDD4,2026-09-05T05:59:04Z,2026-09-05T07:20:59Z,True
4183ed71,VF341,TKJ341,TKJ,TKJ,B738,TC-JHF,OSAP,ALP,2026-09-05T06:36:38Z,,LTFJ,SAW,LTFJ,SAW,2026-09-05T08:02:46Z,06R,5168.0,960.619,856.123,Passenger,4BA906,2026-09-05T06:40:48Z,2026-09-05T08:12:30Z,True
4183fee0,FZ1191,FDB1191,FDB,FDB,B738,A6-FEW,OMDB,DXB,2026-09-05T07:31:59Z,30R,OSAP,ALP,OSAP,ALP,,,,2209.48,2052.69,Passenger,8963B9,2026-09-05T07:32:28Z,2026-09-05T10:12:44Z,True
41840bb5,FYC761,FYC761,FYC,FYC,A320,YK-BAC,OSAP,ALP,,,OMSJ,SHJ,OMSJ,SHJ,2026-09-05T10:32:23Z,,,2362.31,2107.71,Passenger,778823,2026-09-05T07:38:26Z,2026-09-05T10:31:55Z,True
4184184b,RJ433,RJA433,RJA,RJA,E290,JY-REE,OJAI,AMM,2026-09-05T07:55:29Z,26L,OSAP,ALP,OSAP,ALP,,,,545.178,455.813,Passenger,7448A5,2026-09-05T07:53:07Z,2026-09-05T08:39:57Z,True
41842b76,J9175,JZR175,JZR,JZR,A20N,9K-CBH,OKKK,KWI,2026-09-05T08:43:34Z,16,OSAP,ALP,OSAP,ALP,2026-09-05T11:02:06Z,,8312.0,1443.97,1199.28,Passenger,70612F,2026-09-05T08:24:51Z,2026-09-05T10:36:24Z,True
41841481,KK473,NGN473,NGN,NGN,A320,D-ADDY,OSAP,ALP,2026-09-05T08:36:42Z,09L,EDDK,CGN,EDDK,CGN,2026-09-05T12:38:06Z,31R,14484.0,2935.56,2886.8,Passenger,3C5099,2026-09-05T08:41:11Z,2026-09-05T12:40:34Z,True
418433c7,TK845,THY845,THY,THY,B739,TC-JYH,OSAP,ALP,2026-09-05T08:56:01Z,09L,LTFM,IST,LTFM,IST,2026-09-05T10:28:57Z,35R,5576.0,1045.58,918.875,Passenger,4BAB28,2026-09-05T09:00:09Z,2026-09-05T10:36:27Z,True
41844137,XQ207,SXS207,SXS,SXS,B738,TC-SNT,OSAP,ALP,2026-09-05T09:06:44Z,,LTAI,AYT,LTAI,AYT,2026-09-05T10:26:26Z,18C,4782.0,798.547,576.753,Passenger,4BCDD4,2026-09-05T09:11:09Z,2026-09-05T10:33:48Z,True
41844dd7,G9352,ABY352,ABY,ABY,A320,A6-AOI,OSAP,ALP,2026-09-05T09:19:14Z,,OMSJ,SHJ,OMSJ,SHJ,,30,,2406.99,2115.78,Passenger,89642E,2026-09-05T09:24:29Z,2026-09-05T12:19:44Z,True
41845101,XY229,KNE229,KNE,KNE,A20N,HZ-NS36,OERK,RUH,2026-09-05T09:51:58Z,33R,OSAP,ALP,OSAP,ALP,,,,1524.31,1480.56,Passenger,717CFC,2026-09-05T09:39:49Z,2026-09-05T11:43:52Z,True
41846328,RJ434,RJA434,RJA,RJA,E290,JY-REE,OSAP,ALP,,,OJAI,AMM,OJAI,AMM,2026-09-05T10:49:57Z,26L,,565.802,489.681,Passenger,7448A5,2026-09-05T09:59:14Z,2026-09-05T10:50:01Z,True
41846b68,3L457,ADY457,ADY,ADY,A320,A6-AUB,OSAP,ALP,,,OMAA,AUH,OMAA,AUH,2026-09-05T13:15:11Z,31R,,2390.04,2094.9,Passenger,896586,2026-09-05T10:16:31Z,2026-09-05T13:21:43Z,True
4184936d,PC770,PGT770,PGT,PGT,B738,TC-CPC,LTFJ,SAW,2026-09-05T11:15:01Z,06L,OSAP,ALP,OSAP,ALP,2026-09-05T12:37:31Z,,4950.0,942.333,862.469,Passenger,4B8E03,2026-09-05T11:04:49Z,2026-09-05T12:29:20Z,True
4184ba98,FZ1192,FDB1192,FDB,FDB,B738,A6-FEW,OSAP,ALP,2026-09-05T11:56:11Z,,OMDB,DXB,OMDB,DXB,2026-09-05T15:01:11Z,30L,11100.0,2421.73,2107.09,Passenger,8963B9,2026-09-05T12:01:50Z,2026-09-05T15:08:23Z,True
4184e91a,J9176,JZR176,JZR,JZR,A20N,9K-CBH,OSAP,ALP,2026-09-05T13:01:18Z,,OKKK,KWI,OKKK,KWI,2026-09-05T15:14:27Z,,7989.0,1599.67,1267.84,Passenger,70612F,2026-09-05T13:04:48Z,2026-09-05T15:27:32Z,True
41850bd3,XY230,KNE230,KNE,KNE,A20N,HZ-NS36,OSAP,ALP,2026-09-05T13:36:00Z,09L,OERK,RUH,OERK,RUH,2026-09-05T15:49:42Z,,8022.0,1677.56,1523.36,Passenger,717CFC,2026-09-05T13:40:12Z,2026-09-05T15:49:52Z,True
41851a39,PC771,PGT771,PGT,PGT,B738,TC-CPC,OSAP,ALP,2026-09-05T13:50:47Z,,LTFJ,SAW,LTFJ,SAW,2026-09-05T15:20:14Z,06R,5367.0,990.143,854.88,Passenger,4B8E03,2026-09-05T13:54:55Z,2026-09-05T15:30:26Z,True
41870800,RJ431,RJA431,RJA,RJA,A20N,JY-RAE,OJAI,AMM,2026-09-06T01:45:18Z,26L,OSAP,ALP,OSAP,ALP,,,,595.699,447.113,Passenger,744825,2026-09-06T01:34:39Z,2026-09-06T02:21:41Z,True
41872a30,VF340,TKJ340,TKJ,TKJ,B738,TC-JHD,LTFJ,SAW,2026-09-06T03:29:04Z,06L,OSAP,ALP,OSAP,ALP,,,,1027.55,855.94,Passenger,4BA904,2026-09-06T02:52:17Z,2026-09-06T04:52:39Z,True
418731e6,XQ808,SXS808,SXS,SXS,B738,TC-SNR,LTBJ,ADB,2026-09-06T03:23:51Z,34L,OSAP,ALP,OSAP,ALP,2026-09-06T04:52:10Z,,5299.0,1084.64,921.769,Passenger,4BCDD2,2026-09-06T03:20:19Z,2026-09-06T04:44:09Z,True
41874802,RJ432,RJA432,RJA,RJA,A20N,JY-RAE,OSAP,ALP,,,OJAI,AMM,OJAI,AMM,2026-09-06T05:00:42Z,26L,,539.952,486.15,Passenger,744825,2026-09-06T04:13:08Z,2026-09-06T05:02:27Z,True
41874f35,PC770,PGT770,PGT,PGT,B738,TC-CPK,LTFJ,SAW,2026-09-06T04:33:05Z,06L,OSAP,ALP,OSAP,ALP,2026-09-06T05:57:15Z,,5050.0,951.728,860.956,Passenger,4B8E0B,2026-09-06T04:15:21Z,2026-09-06T05:47:15Z,True
4187497b,G9351,ABY351,ABY,ABY,A320,A6-AOK,OMSJ,SHJ,2026-09-06T04:22:09Z,12,OSAP,ALP,OSAP,ALP,,,,2307.28,2090.51,Passenger,896434,2026-09-06T04:22:26Z,2026-09-06T07:11:46Z,True
41875366,TK844,THY844,THY,THY,B739,TC-JYI,LTFM,IST,2026-09-06T05:02:47Z,36,OSAP,ALP,OSAP,ALP,2026-09-06T06:41:35Z,,5928.0,1005.3,926.002,Passenger,4BAB29,2026-09-06T04:24:06Z,2026-09-06T06:16:46Z,True
41877e69,XQ809,SXS809,SXS,SXS,B738,TC-SNR,OSAP,ALP,2026-09-06T06:05:07Z,,LTBJ,ADB,LTBJ,ADB,2026-09-06T07:38:25Z,34L,5598.0,1052.27,919.432,Passenger,4BCDD2,2026-09-06T06:09:33Z,2026-09-06T07:36:15Z,True
4187825f,VF341,TKJ341,TKJ,TKJ,B738,TC-JHD,OSAP,ALP,2026-09-06T06:36:55Z,,LTFJ,SAW,LTFJ,SAW,2026-09-06T08:02:24Z,06R,5129.0,980.508,857.291,Passenger,4BA904,2026-09-06T06:41:47Z,2026-09-06T08:15:52Z,True
4187a86d,PC771,PGT771,PGT,PGT,B738,TC-CPK,OSAP,ALP,2026-09-06T07:28:55Z,,LTFJ,SAW,LTFJ,SAW,2026-09-06T08:59:18Z,06R,5423.0,1009.34,854.708,Passenger,4B8E0B,2026-09-06T07:33:27Z,2026-09-06T09:15:37Z,True
4187ca21,,UNO501H,IGC,IGC,CRJ2,YI-BAI,OSDI,DAM,2026-09-06T08:16:35Z,23L,OSAP,ALP,OSAP,ALP,,,,332.927,292.774,Business_jets,728829,2026-09-06T08:15:43Z,2026-09-06T08:43:48Z,True
4187c3c6,TK845,THY845,THY,THY,B739,TC-JYI,OSAP,ALP,2026-09-06T08:16:06Z,09L,LTFM,IST,LTFM,IST,2026-09-06T09:50:10Z,35R,5644.0,1015.57,919.097,Passenger,4BAB29,2026-09-06T08:21:13Z,2026-09-06T09:58:14Z,True
4187d972,G9352,ABY352,ABY,ABY,A320,A6-AOK,OSAP,ALP,2026-09-06T08:48:27Z,09L,OMSJ,SHJ,OMSJ,SHJ,2026-09-06T11:59:16Z,30,11449.0,2386.68,2109.97,Passenger,896434,2026-09-06T08:54:10Z,2026-09-06T11:56:59Z,True
4187fda6,DN551,DNA551,DNA,DNA,A320,YR-DSE,LROP,OTP,2026-09-06T09:51:40Z,26R,OSAP,ALP,OSAP,ALP,2026-09-06T11:37:51Z,,6371.0,1373.42,1311.57,Passenger,4A1265,2026-09-06T09:36:04Z,2026-09-06T11:28:31Z,True
418813ef,TK840,THY840,THY,THY,B739,TC-JYH,LTFM,IST,2026-09-06T10:35:33Z,35L,OSAP,ALP,OSAP,ALP,2026-09-06T12:06:01Z,,5428.0,1068.77,918.971,Passenger,4BAB28,2026-09-06T10:08:43Z,2026-09-06T11:57:03Z,True
41883210,XY559,KNE559,KNE,KNE,A20N,HZ-NS93,OEJN,JED,2026-09-06T11:00:21Z,34R,OSAP,ALP,OSAP,ALP,2026-09-06T13:18:10Z,,8269.0,1538.18,1503.93,Passenger,7114D5,2026-09-06T10:53:30Z,2026-09-06T12:53:52Z,True
41885a6e,RJ433,RJA433,RJA,RJA,A20N,JY-RAA,OJAI,AMM,2026-09-06T12:01:42Z,26L,OSAP,ALP,OSAP,ALP,2026-09-06T13:03:10Z,,3688.0,629.74,450.388,Passenger,744821,2026-09-06T11:49:26Z,2026-09-06T12:43:53Z,True
41885cf9,DN552,DNA552,DNA,DNA,A320,YR-DSE,OSAP,ALP,2026-09-06T13:33:31Z,,LROP,OTP,LROP,OTP,2026-09-06T15:43:30Z,26L,7799.0,1452.01,1312.63,Passenger,4A1265,2026-09-06T13:38:03Z,2026-09-06T15:48:30Z,True
4188b7bc,TK841,THY841,THY,THY,B739,TC-JYH,OSAP,ALP,2026-09-06T13:53:22Z,,LTFM,IST,LTFM,IST,2026-09-06T15:36:02Z,35R,6160.0,1082.3,918.775,Passenger,4BAB28,2026-09-06T13:57:53Z,2026-09-06T15:48:08Z,True
41889b70,RJ434,RJA434,RJA,RJA,A20N,JY-RAA,OSAP,ALP,2026-09-06T14:00:24Z,09L,OJAI,AMM,OJAI,AMM,2026-09-06T14:51:16Z,26L,3052.0,554.884,501.863,Passenger,744821,2026-09-06T14:02:56Z,2026-09-06T14:55:41Z,True
4188f439,XY560,KNE560,KNE,KNE,A20N,HZ-NS93,OSAP,ALP,2026-09-06T14:58:11Z,,OEJN,JED,OEJN,JED,2026-09-06T17:14:34Z,34R,8183.0,1708.46,1612.69,Passenger,7114D5,2026-09-06T15:01:28Z,2026-09-06T17:22:42Z,True
418a7ca9,FYC762,FYC762,FYC,FYC,A320,YK-BAB,OMSJ,SHJ,2026-09-07T01:30:21Z,30,OSAP,ALP,OSAP,ALP,2026-09-07T04:24:55Z,27R,10474.0,2486.62,2118.45,Passenger,778822,2026-09-07T01:25:26Z,2026-09-07T04:22:59Z,True
418aa803,RJ431,RJA431,RJA,RJA,A20N,JY-RAR,OJAI,AMM,2026-09-07T01:53:28Z,26L,OSAP,ALP,OSAP,ALP,2026-09-07T02:46:24Z,,3176.0,556.708,506.097,Passenger,744832,2026-09-07T01:42:03Z,2026-09-07T02:42:01Z,True
418ac5a0,VF340,TKJ340,TKJ,TKJ,B738,TC-JFC,LTFJ,SAW,2026-09-07T03:12:17Z,06L,OSAP,ALP,OSAP,ALP,2026-09-07T04:31:32Z,,4755.0,961.026,876.267,Passenger,4BA8C3,2026-09-07T02:59:50Z,2026-09-07T04:27:32Z,True
418ad792,PC770,PGT770,PGT,PGT,B738,TC-CPK,LTFJ,SAW,2026-09-07T03:47:18Z,06L,OSAP,ALP,OSAP,ALP,2026-09-07T05:03:49Z,27R,4591.0,945.983,868.254,Passenger,4B8E0B,2026-09-07T03:24:11Z,2026-09-07T05:01:53Z,True
418ae4cc,RJ432,RJA432,RJA,RJA,A20N,JY-RAR,OSAP,ALP,2026-09-07T04:03:27Z,,OJAI,AMM,OJAI,AMM,2026-09-07T04:55:47Z,26L,3140.0,570.593,499.224,Passenger,744832,2026-09-07T04:06:19Z,2026-09-07T04:59:27Z,True
418af336,TK844,THY844,THY,THY,B739,TC-JYC,LTFM,IST,2026-09-07T05:04:13Z,35L,OSAP,ALP,OSAP,ALP,2026-09-07T06:27:11Z,27R,4978.0,1104.57,931.06,Passenger,4BAB23,2026-09-07T04:20:43Z,2026-09-07T06:25:00Z,True
418af0ec,G9351,ABY351,ABY,ABY,A320,A6-AQH,OMSJ,SHJ,2026-09-07T04:35:15Z,30,OSAP,ALP,OSAP,ALP,2026-09-07T07:40:42Z,,11127.0,2557.48,2109.29,Passenger,896668,2026-09-07T04:25:08Z,2026-09-07T07:31:05Z,True
418afa1f,KK472,NGN472,NGN,NGN,A320,D-ADDY,EDDK,CGN,2026-09-07T04:43:45Z,13L,OSAP,ALP,OSAP,ALP,,,,2953.96,2908.49,Passenger,3C5099,2026-09-07T04:34:17Z,2026-09-07T08:05:17Z,True
418b2429,RB444,SYR444,SYR,SYR,B735,YK-SYR,LTFM,IST,2026-09-07T06:15:09Z,35L,OSAP,ALP,OSAP,ALP,2026-09-07T07:46:54Z,,5505.0,1058.64,939.423,Passenger,77CF32,2026-09-07T05:55:05Z,2026-09-07T07:42:49Z,True
418b30e2,VF341,TKJ341,TKJ,TKJ,B738,TC-JFC,OSAP,ALP,2026-09-07T06:22:36Z,27L,LTFJ,SAW,LTFJ,SAW,2026-09-07T07:53:26Z,06R,5450.0,1008.22,861.552,Passenger,4BA8C3,2026-09-07T06:23:21Z,2026-09-07T07:56:53Z,True
418b32aa,PC771,PGT771,PGT,PGT,B738,TC-CPK,OSAP,ALP,2026-09-07T06:37:51Z,,LTFJ,SAW,LTFJ,SAW,2026-09-07T08:13:35Z,06R,5744.0,1025.32,862.829,Passenger,4B8E0B,2026-09-07T06:38:31Z,2026-09-07T08:21:43Z,True
418b3d3c,FYC761,FYC761,FYC,FYC,A320,YK-BAB,OSAP,ALP,2026-09-07T06:50:40Z,27L,OMSJ,SHJ,OMSJ,SHJ,2026-09-07T09:45:39Z,30,10499.0,2470.3,2124.33,Passenger,778822,2026-09-07T06:51:36Z,2026-09-07T09:43:36Z,True
418b6cc6,RJ433,RJA433,RJA,RJA,E295,JY-REF,OJAI,AMM,2026-09-07T08:05:19Z,26L,OSAP,ALP,OSAP,ALP,,,,574.421,498.321,Passenger,7448A6,2026-09-07T08:04:47Z,2026-09-07T08:54:06Z,True
418b7545,,UNO501H,IGC,IGC,CRJ2,YI-BAI,OSDI,DAM,2026-09-07T08:23:15Z,23L,OSAP,ALP,OSAP,ALP,,,,352.001,285.717,Business_jets,728829,2026-09-07T08:19:52Z,2026-09-07T08:57:02Z,True
418b737b,TK845,THY845,THY,THY,B739,TC-JYC,OSAP,ALP,2026-09-07T08:24:28Z,,LTFM,IST,LTFM,IST,2026-09-07T10:00:55Z,35R,5787.0,1029.22,917.849,Passenger,4BAB23,2026-09-07T08:29:21Z,2026-09-07T10:10:37Z,True
418b943b,G9352,ABY352,ABY,ABY,A320,A6-AQH,OSAP,ALP,2026-09-07T09:14:34Z,09L,OMSJ,SHJ,OMSJ,SHJ,2026-09-07T12:17:36Z,30,10982.0,2361.47,2109.71,Passenger,896668,2026-09-07T09:19:37Z,2026-09-07T12:15:31Z,True
418b988f,,UNO501H,IGC,IGC,CRJ2,YI-BAI,OSAP,ALP,2026-09-07T09:18:46Z,09L,OSDI,DAM,OSDI,DAM,2026-09-07T10:01:49Z,23R,2583.0,751.256,303.729,Business_jets,728829,2026-09-07T09:23:32Z,2026-09-07T10:02:25Z,True
418bacb4,KK473,NGN473,NGN,NGN,A320,D-ADDY,OSAP,ALP,2026-09-07T09:56:32Z,,EDDK,CGN,EDDM,MUC,2026-09-07T13:27:58Z,26R,12686.0,2530.69,2468.11,Passenger,3C5099,2026-09-07T10:01:10Z,2026-09-07T13:37:14Z,True
418bb56d,RJ434,RJA434,RJA,RJA,E295,JY-REF,OSAP,ALP,2026-09-07T10:06:26Z,09L,OJAI,AMM,OJAI,AMM,2026-09-07T10:56:04Z,26L,2978.0,544.213,488.898,Passenger,7448A6,2026-09-07T10:10:47Z,2026-09-07T10:56:30Z,True
418db1cb,RB445,SYR445,SYR,SYR,B735,YK-SYR,OSAP,ALP,2026-09-07T20:17:21Z,09L,LTFM,IST,LTFM,IST,,,,358.282,325.633,Passenger,77CF32,2026-09-07T20:22:23Z,2026-09-07T20:52:32Z,False
